theta_B_deg,kdf,residual_norm,radius_residual,length_residual,mass_residual,performance_residual,rao_exit_residual,D_M_pre,D_M_post,D_M_jump,D_theta_pre_deg,D_theta_post_deg,D_theta_jump_deg,fan_turn_deg,exit_angle_deg,exit_mach,success,failure_code,failure_reason
18.0,0.05,0.7761214942940762,-0.590813372678533,-0.904370655256313,3.811886781258267e-10,-0.8000918686571518,0.6599388347345547,1.7825520253076994,2.218852370956153,0.43630034564845355,19.308159285525846,31.308159285525846,11.999999999999998,12.0,25.91587281009672,2.193137447261307,True,0,ok
18.0,0.09,0.6880700231089559,-0.5303075713475924,-0.8386122904555737,9.587460479323918e-10,-0.6601699600646426,0.5671254206263452,1.870218600646558,2.318318750053751,0.4481001494071932,19.204108204774467,31.204108204774467,12.000000000000002,12.0,23.17384154431595,2.28471356291139,True,0,ok
18.0,0.13,0.6068026543929281,-0.4732333651001238,-0.7677711704858576,8.26251511715428e-09,-0.5396350582214793,0.5093263988619243,1.9694037289848998,2.432676684881833,0.46327295589693307,18.808112028486487,30.808112028486494,12.000000000000004,12.0,20.871072877270404,2.3921313076161423,True,0,ok
18.0,0.16999999999999998,0.5294207032449543,-0.4167436192023867,-0.6902365455940235,1.0505327783277411e-09,-0.43675749570404804,0.47711705205145766,2.0775325898976407,2.559346181719174,0.4818135918215334,18.178794555824766,30.178794555824762,11.999999999999998,12.0,18.839657671314153,2.512822686635801,True,0,ok
18.0,0.20999999999999996,0.45211914242186807,-0.35766434066609964,-0.6023407931417903,5.204214961976615e-10,-0.3499956359243061,0.469187103635172,2.197956793405021,2.702680774383444,0.5047239809784232,17.21613307281125,29.216133072811246,11.999999999999998,12.0,16.90710427571947,2.6521700054254547,True,0,ok
18.0,0.24999999999999994,0.3712281409357414,-0.292590591642653,-0.5002731701310027,4.0188660498317217e-10,-0.2784753109291724,0.5058127813247711,2.32818942570476,2.8602021360532897,0.5320127103485297,15.972878387729871,27.97287838772987,12.000000000000002,12.0,15.108299268089974,2.813530743054052,True,0,ok
18.0,0.29,0.29780118503982417,-0.23699658101948878,-0.40133377840329465,8.01392705427712e-10,-0.2209535162222563,0.5619169454155056,2.4366517699832526,2.993293617348285,0.5566418473650323,15.268702733150844,27.268702733150846,12.000000000000002,12.0,13.790771080660623,2.9407136867044072,True,0,ok
18.0,0.32999999999999996,0.217954171517873,-0.17739440612389187,-0.28481885386442835,9.5087170506311e-10,-0.1729783449031477,0.6707342430184962,2.561645822462615,3.067675520683462,0.5060296982208472,14.187481847387101,24.6874818473871,10.5,10.5,12.326575451228726,3.0869306482966143,True,0,ok
18.0,0.36999999999999994,0.12998022814034216,-0.10403897241293393,-0.14688437117493602,8.78580568969355e-11,-0.13522371406691427,0.995898671848632,2.690243899842899,3.2247312444978427,0.5344873446549436,13.01710231589654,23.51710231589654,10.5,10.5,11.07941679317401,3.258390435381702,True,0,ok
18.0,0.4099999999999999,0.06340311073794787,-0.026060666977395532,0.008515372618961691,2.8898420859207067e-10,-0.10633998974797282,1.850655187587879,2.817951178496942,3.3825908850132578,0.5646397065163158,11.866374776003532,22.366374776003532,10.500000000000002,10.5,9.956213661934944,3.434190795719797,True,0,ok
18.0,0.4499999999999999,0.08115643553262183,-0.0904872342113768,0.07503332428406936,1.0930907305299432e-10,-0.0770789321198662,0.8163948414063531,2.9443107585506443,3.1833076905971827,0.23899693204653838,10.746122763629101,15.246122763629101,4.5,4.5,7.530179239403721,3.3803893111904624,True,0,ok
18.0,0.48999999999999994,0.12141550518360203,-0.13361168685440186,0.15228905665749842,1.5618047439968475e-09,-0.05640155188696825,0.22253004969067317,3.0687499436789603,3.149856070220049,0.08110612654108884,9.668178584363945,11.168178584363947,1.5000000000000004,1.5,5.511275086752407,3.3497486982809703,True,0,ok
18.0,0.5299999999999999,0.17180743958751624,-0.1424952758416344,0.2580222810818372,8.345999048622173e-10,-0.04090217257061081,-0.01467856685787117,3.1908741418465953,3.190874141846596,4.440892098500626e-16,8.639820011479138,8.639820011479138,0.0,0.0,4.1154971158218325,3.377779237474554,True,0,ok
18.0,0.57,0.24910646401045625,-0.10048817521263503,0.41862933772625494,8.524353420574972e-10,-0.02852534789779348,0.2947707500259359,3.310483699945069,3.31048369994507,8.881784197001252e-16,7.663412586858192,7.663412586858192,0.0,0.0,3.4355435162938073,3.5007185661842457,True,0,ok
18.0,0.61,0.3420467594881973,-0.05958706587551578,0.5891239893975293,1.5074088492410023e-09,-0.019242238066732902,1.6383321708108038,3.4274742922961865,3.427474292296185,-1.3322676295501878e-15,6.739249046603533,6.739249046603533,0.0,0.0,2.830958576248293,3.618395088763465,True,0,ok
18.0,0.6499999999999999,0.44415165629120784,-0.01997327553217426,0.768932423693245,1.672124870282242e-09,-0.012493094749403239,5.080380154682633,3.5418113109567266,3.5418113109567253,-1.3322676295501878e-15,5.866144499085606,5.866144499085606,0.0,0.0,2.296104446524712,3.7304472090018543,True,0,ok
18.0,0.69,0.5527737817975192,0.01819924510447511,0.9572273652273158,6.622547374639556e-09,-0.007817945113161435,1.811485164863253,3.6535205388058305,3.65352053880583,-4.440892098500626e-16,5.04180201040362,5.04180201040362,0.0,0.0,1.8258400747312855,3.8365960309294653,True,0,ok
18.0,0.73,0.6666593245133764,0.054773692136343706,1.1533779600349032,8.668332610714171e-10,-0.0048050845332811756,1.3548816323730466,3.76268182691847,3.7626818269184694,-4.440892098500626e-16,4.263087597489528,4.263087597489528,0.0,0.0,1.4131283346309156,3.93657364296942,True,0,ok
18.0,0.7699999999999999,0.7840954139560351,0.08971243238231039,1.355122973662583,1.102738225956448e-08,-0.0032031685229179764,1.184022132918808,3.8693706893879685,3.8693706893879685,0.0,3.5271657996141346,3.5271657996141346,0.0,0.0,1.0585011471444128,4.030297261171419,True,0,ok
18.0,0.8099999999999999,0.9040678252057405,0.12295306566102433,1.5610544878463681,1.2583357787949625e-09,-0.002706905240539566,1.100214633835901,3.9736138101749625,3.9736138101749625,0.0,2.8318815426009745,2.8318815426009745,0.0,0.0,0.7564256845987519,4.117537574411313,True,0,ok
18.0,0.85,1.0252156376978605,0.154481300667913,1.768990458534641,1.0409942959861194e-10,-0.0030978537800223113,1.0538551148275015,4.075510014036366,4.075510014036366,0.0,2.1742478782421144,2.1742478782421144,0.0,0.0,0.503913110538383,4.1981736126821,True,0,ok
18.6,0.05,0.7687012489738863,-0.5834999835048664,-0.8978804776024839,1.0390049072363486e-09,-0.7912289477213241,0.6776630780577202,1.8136709640994937,2.25397609968464,0.44030513558514617,19.87958638180634,31.87958638180634,12.000000000000002,12.0,25.885434874942785,2.213379850120182,True,0,ok
18.6,0.09,0.6761099579820128,-0.5190662838613324,-0.8269250399913587,5.029973760387906e-09,-0.6466368355120159,0.5798290698059255,1.9112556551183797,2.3654097214547156,0.4541540663363359,19.71289668645734,31.71289668645734,12.000000000000002,12.0,22.97467622112647,2.3120639922261863,True,0,ok
18.6,0.13,0.5906649791488123,-0.4583576575061488,-0.7502308913505502,2.3185090920534824e-10,-0.5231799119303375,0.5221669197706333,2.0203588438939355,2.492119941566753,0.4717610976728177,19.249521895474366,31.249521895474366,12.000000000000002,12.0,20.570234549548914,2.4274478724406414,True,0,ok
18.6,0.16999999999999998,0.5088310492119927,-0.39767739672822205,-0.6654685909666772,9.50967548166709e-10,-0.41920323531053727,0.4949347352026445,2.140306051126786,2.6337751820426134,0.4934691309158272,18.496853410175802,30.496853410175806,12.000000000000002,12.0,18.445018698394897,2.5594993429581647,True,0,ok
18.6,0.20999999999999996,0.4267880847853772,-0.33550919081761305,-0.5685028254792994,2.498309274622582e-10,-0.33268953732162165,0.4864745542119339,2.275970087367133,2.7967362473089623,0.5207661599418292,17.315169358292735,29.31516935829273,11.999999999999998,12.0,16.33384048829114,2.7095829928148842,True,0,ok
18.6,0.24999999999999994,0.3442145078060051,-0.2706948663871232,-0.4615672349275699,8.448111797437872e-09,-0.2629274787947545,0.5346115102854884,2.4073129249142737,2.881761807919835,0.4744488830055613,16.20707165311234,26.707071653112337,10.499999999999998,10.5,14.624510274223448,2.8673086339657403,True,0,ok
18.6,0.29,0.263343608280545,-0.20694650487220526,-0.35002594959853184,3.4590739753995265e-10,-0.20665078464761685,0.6368758997772673,2.527705331191965,3.026546880244023,0.49884154905205813,15.380971807460003,25.880971807460003,10.499999999999998,10.5,13.29926489386253,3.0127424094059214,True,0,ok
18.6,0.32999999999999996,0.17253887506290833,-0.13281695889406983,-0.21367962963464884,1.631852398953679e-09,-0.1612751113261186,0.8753161635603482,2.6665946613026397,3.195704431493225,0.5291097701905851,14.122393045697553,24.622393045697553,10.499999999999998,10.5,11.865956332579435,3.1872984925211774,True,0,ok
18.6,0.36999999999999994,0.08565549297709707,-0.051100823611430514,-0.05838134151346564,1.4233833040889104e-09,-0.12645519056476145,1.5035022636467537,2.803584765863996,3.3647390461313043,0.5611542802673082,12.903279387173319,23.40327938717332,10.5,10.5,10.639301845079805,3.3716463565856896,True,0,ok
18.6,0.4099999999999999,0.0690991960278437,-0.0393527073629282,0.05786865846705235,4.347592736263676e-09,-0.0970910884969084,1.5696670639046404,2.9389407822011204,3.6311079486559406,0.6921671664548201,11.7184865850493,23.7184865850493,12.0,12.0,8.961466618163781,3.434612109337516,True,0,ok
18.6,0.4499999999999999,0.10684851907760204,-0.12520230753088601,0.11743852244994141,9.68723854452388e-09,-0.06915485319878946,0.3630632902780845,3.072367874528502,3.1535893936615413,0.08122151913303943,10.57487491326336,12.07487491326336,1.5000000000000004,1.5,6.167708185298819,3.3483148063736277,True,0,ok
18.6,0.48999999999999994,0.1563854891681219,-0.12743234045229154,0.23354648596000854,1.5273025039507808e-10,-0.05085568964866258,0.17053242478064543,3.203141665515312,3.203141665515312,0.0,9.48631700780566,9.48631700780566,0.0,0.0,4.69575495126253,3.391578676839277,True,0,ok
18.6,0.5299999999999999,0.23803598276964621,-0.07993297897522493,0.4027941139366764,1.560344851081009e-09,-0.0367560597649956,0.6950852564407839,3.3309710182456986,3.3309710182456986,0.0,8.456979432330588,8.456979432330588,0.0,0.0,3.9527521308129523,3.5254484082596944,True,0,ok
18.6,0.57,0.33780017212288005,-0.03349412837535015,0.5835353940859351,3.3016168442158257e-09,-0.026295552325252426,4.775370091097517,3.4558222164837704,3.4558222164837713,8.881784197001252e-16,7.485540274722807,7.485540274722807,0.0,0.0,3.2921675558848924,3.6538643720382984,True,0,ok
18.6,0.61,0.44778659399046167,0.011645343426582279,0.7752737221016782,1.1815063611659343e-09,-0.01880274096568133,3.122133451656853,3.5776426281810396,3.5776426281810405,8.881784197001252e-16,6.570921222820212,6.570921222820212,0.0,0.0,2.7072293501271214,3.7764160153219977,True,0,ok
18.6,0.6499999999999999,0.5651970020084744,0.05529778157464033,0.9772906046699519,2.824325522943954e-09,-0.013717966863418762,1.683802859280234,3.696450822367025,3.696450822367025,0.0,5.710709695559736,5.710709695559736,0.0,0.0,2.1917053244814917,3.8927980402517783,True,0,ok
18.6,0.69,0.6887680069066797,0.09727870895789453,1.1889615004455392,1.3331584676463653e-09,-0.0105596049347082,1.3332404879075783,3.8123272737859115,3.8123272737859115,0.0,4.901513454368941,4.901513454368941,0.0,0.0,1.738053320197115,4.002743488421789,True,0,ok
18.6,0.73,0.8169381193789441,0.13746069277588002,1.4082566458337775,2.3149361196299764e-10,-0.009024970348474218,1.1841069627143257,3.9253926523470533,3.9253926523470524,-8.881784197001252e-16,4.139510391255118,4.139510391255118,0.0,0.0,1.3449262844811618,4.106171778589382,True,0,ok
18.6,0.7699999999999999,0.9488053736848429,0.17577958867083673,1.6339277092687572,1.0314869368006244e-09,-0.008757196478648586,1.1062586665655563,4.035771704480419,4.035771704480418,-8.881784197001252e-16,3.420836181912013,3.420836181912013,0.0,0.0,1.006032434395356,4.20289887548529,True,0,ok
18.6,0.8099999999999999,0.6571247436376743,0.03942564136687123,1.137467500006132,1.2019357018678495e-09,-0.007217432732495573,1.012721797314966,4.143463172603806,5.3041413607278045,1.160678188123999,2.7440013431055212,14.744001343105522,12.000000000000002,12.0,0.05830072077126967,3.9692971313582994,True,0,ok
18.6,0.85,0.8401057017953336,0.13227143953016854,1.4490593255577244,1.447008698529283e-10,-0.008006738780563514,1.0016110206683633,4.248619135278831,5.460303179047356,1.2116840437685248,2.105210504827259,14.10521050482726,12.000000000000002,12.0,0.014135089703045597,4.172939314266978,True,0,ok
19.2,0.05,0.7606288941055241,-0.5757811758418089,-0.8907853710977044,3.666773978659718e-10,-0.7814386756675964,0.6902992636956756,1.8460864393703078,2.2907804783843395,0.4446940390140317,20.449904727621508,32.44990472762151,11.999999999999998,12.0,25.789474845422696,2.232452144676426,True,0,ok
19.2,0.09,0.6631322537328821,-0.5072592728722417,-0.8140589713869351,9.596012860880857e-10,-0.6318458506725549,0.5884646945784561,1.9547736281574128,2.4156942091493177,0.4609205809919048,20.212444976615878,32.21244497661588,12.000000000000002,12.0,22.71385458948646,2.3392813467807914,True,0,ok
19.2,0.13,0.5734479440716254,-0.44330110300401093,-0.7309369531688945,1.95707778934945e-09,-0.5057103283971195,0.528583593636228,2.0758347825175014,2.557342015148023,0.48150723263052164,19.649530805395234,31.649530805395237,12.000000000000004,12.0,20.177990461148564,2.4626790578896625,True,0,ok
19.2,0.16999999999999998,0.48745846871309506,-0.3803645495803457,-0.6385177150978135,1.3365803716247719e-09,-0.40058109427325034,0.49776657469117663,2.209808267816116,2.648093413274302,0.438285145458186,18.735195664325328,29.235195664325328,10.499999999999998,10.5,17.88707201174784,2.603775991862993,True,0,ok
19.2,0.20999999999999996,0.39725394299049904,-0.3076113679423599,-0.5287744243195608,4.566627546851466e-09,-0.3149681573788739,0.5302816006261011,2.3589236707670587,2.824061827736065,0.4651381569690063,17.39901312660626,27.89901312660626,10.499999999999998,10.5,15.819730846781164,2.780647250246806,True,0,ok
19.2,0.24999999999999994,0.3115110268232804,-0.23962578387519176,-0.4153676326047734,1.6212755211301066e-08,-0.24731876795744706,0.6078690633372504,2.491419931485431,2.9827273436736386,0.4913074121882075,16.443651653628358,26.943651653628358,10.499999999999998,10.5,14.256879153973985,2.9368221485236212,True,0,ok
19.2,0.29,0.22387967460082234,-0.17269992065610867,-0.28888592335704855,3.3952193890059383e-09,-0.19257722292532292,0.7352435045759249,2.6323173181238673,3.1537478219508817,0.5214305038270144,15.30847692406867,25.80847692406867,10.500000000000002,10.5,12.680342314325502,3.09380548855774,True,0,ok
19.2,0.32999999999999996,0.127039968641265,-0.08784092650904933,-0.13480720906073612,1.4135350422870397e-09,-0.15009479975138232,1.1689747800640091,2.780024965275253,3.3355145913205626,0.5554896260453095,14.007869194291878,24.507869194291878,10.5,10.5,11.330515270345513,3.287560406393766,True,0,ok
19.2,0.36999999999999994,0.07005908567177964,-0.028957693422399358,0.01997163943484602,1.6120896076629285e-10,-0.11613531790732787,1.8615413389733393,2.925662657420417,3.3340026721482956,0.4083400147278784,12.747944900163395,20.247944900163393,7.499999999999999,7.5,9.820617892125027,3.4390980452696023,True,0,ok
19.2,0.4099999999999999,0.09154904737753111,-0.07198582008620254,0.1126897717929704,4.652750933385494e-09,-0.08522171828216936,1.0563443243100075,3.069235341489727,3.2341049207125923,0.16486957922286516,11.529910880815367,14.529910880815368,3.000000000000001,3.0,7.4529102386497765,3.4234822159046723,True,0,ok
19.2,0.4499999999999999,0.13903248153517267,-0.11547275573873439,0.20188165695936863,7.74350551542119e-10,-0.06244943579350235,0.34891483505305754,3.209800807951881,3.209800807951879,-1.7763568394002505e-15,10.372396699446242,10.372396699446242,0.0,0.0,5.319872974017081,3.3972115790288657,True,0,ok
19.2,0.48999999999999994,0.22385499205167234,-0.06184836276938947,0.3799534448707367,7.177304556766265e-10,-0.04629613539993314,1.1477222158103595,3.3470375603779647,3.347037560377965,4.440892098500626e-16,9.280179048772656,9.280179048772656,0.0,0.0,4.505650998359392,3.5431901869660196,True,0,ok
19.2,0.5299999999999999,0.3305138753739889,-0.009141414214290869,0.5713572607586882,6.39769546123908e-10,-0.034432260580582845,25.89173828010921,3.480790458930281,3.4807904589302807,-4.440892098500626e-16,8.254076436928594,8.254076436928594,0.0,0.0,3.7831621530531137,3.68341970232403,True,0,ok
19.2,0.57,0.33856024411836544,-0.03610979787008612,0.5844268705974961,3.5518096395591874e-10,-0.03178729484968258,2.4721524246295665,3.6110687385982287,4.539040031067057,0.9279712924688286,7.291503163259325,19.291503163259325,12.000000000000002,12.0,3.1968228831178704,3.6292334730873126,True,0,ok
19.2,0.61,0.5753774539120833,0.09218544365947516,0.992096839510859,5.052265173910669e-10,-0.020575432460226296,1.6238305727162883,3.7378795551348047,3.737879555134806,1.3322676295501878e-15,6.389967422583681,6.389967422583681,0.0,0.0,2.580333042122878,3.94507076677841,True,0,ok
19.2,0.6499999999999999,0.709027883101564,0.14034569144279077,1.2199030433298734,1.1647232036166576e-08,-0.017357096946578058,1.3224616293162004,3.86133272298957,3.8613327229895686,-1.3322676295501878e-15,5.545295926961588,5.545295926961588,0.0,0.0,2.0853110327851554,4.0659219096482895,True,0,ok
19.2,0.69,0.8487889379053598,0.18658526152073546,1.4581699317385561,9.100814511367037e-10,-0.01594909678757965,1.1849020878327428,3.9815219127896135,3.981521912789614,4.440892098500626e-16,4.753823934148712,4.753823934148712,0.0,0.0,1.6514454004374943,4.179825271854826,True,0,ok
19.2,0.73,0.9932738350059136,0.23078549135271925,1.7047754473948464,1.7687301919880562e-09,-0.016045711665435336,1.1105675490650067,4.098698303095094,4.098698303095094,0.0,4.009554314046662,4.009554314046662,0.0,0.0,1.2759312530731484,4.286782187726588,True,0,ok
19.2,0.7699999999999999,1.141447474863889,0.27287851599995216,1.9580462735926498,2.1019444201999123e-09,-0.017295074300114566,1.0666696852789421,4.212860975790098,4.212860975790096,-1.7763568394002505e-15,3.310712318540299,3.310712318540299,0.0,0.0,0.9533650839818806,4.386592303955365,True,0,ok
19.2,0.8099999999999999,1.291914095741818,0.31282166706379627,2.215601571952159,1.84559222773276e-09,-0.019451768756278638,1.03946682228682,4.324162973694319,4.324162973694319,0.0,2.6534458466299946,2.6534458466299946,0.0,0.0,0.679954189162382,4.479206552539365,True,0,ok
19.2,0.85,1.445362180659651,0.34931526854944356,2.4788515878958792,1.6373192984382866e-08,-0.022116694779609373,1.021649277672896,4.4327530467850025,4.4327530467850025,0.0,2.034256617537265,2.034256617537265,0.0,0.0,0.43948636856284673,4.5632064681083415,True,0,ok
19.8,0.05,0.7518418573488875,-0.5676892577118277,-0.8830104946232742,4.793170393193451e-10,-0.770597111627879,0.6974944484583324,1.8800018755548549,2.329515731466849,0.4495138559119942,21.018890939370763,33.01889093937076,12.000000000000002,12.0,25.626264175209375,2.2503085036289927,True,0,ok
19.8,0.09,0.6491080326014359,-0.4951186029249044,-0.7999159855564518,5.072118505677871e-09,-0.6156425091333945,0.5916477219692755,2.0011198376766384,2.4696229036164254,0.4685030659397871,20.702353792247987,32.70235379224798,11.999999999999998,12.0,22.383163258615685,2.3657746091678296,True,0,ok
19.8,0.13,0.5550981079255741,-0.4285127286035392,-0.7098109807281948,1.8334619327457455e-09,-0.48677196029566516,0.5284328798830151,2.1354927615262898,2.5614713638382502,0.4259786023119605,20.02910446762791,30.529104467627914,10.500000000000002,10.5,19.703538468379907,2.497430626187084,True,0,ok
19.8,0.16999999999999998,0.46123432959667815,-0.3551927179481771,-0.6055492032599809,2.6499150922642487e-09,-0.3812605617465313,0.5293521386060878,2.285810164460214,2.737429750603981,0.45161958614376685,18.91626887476108,29.41626887476108,10.500000000000002,10.5,17.411942355387847,2.665767238355855,True,0,ok
19.8,0.20999999999999996,0.365152036689307,-0.27753255861527687,-0.48447299901746443,6.301053016618067e-10,-0.2971020394183265,0.5821243773647083,2.447710934778928,2.930151092253734,0.48244015747480606,17.46471337066198,27.964713370661975,10.499999999999998,10.5,15.283239096022406,2.853482910524912,True,0,ok
19.8,0.24999999999999994,0.2772698777443136,-0.21030958728516266,-0.3646464464852182,5.444369786063868e-10,-0.2311679084014201,0.6736427376763974,2.5853557193262344,3.096487210800497,0.5111314914742624,16.584232306728357,27.084232306728353,10.499999999999998,10.5,13.741198516528447,3.004097874836636,True,0,ok
19.8,0.29,0.17608727297944754,-0.12521881086991485,-0.2129855199838565,1.6704576343488382e-09,-0.17882281956603352,0.971549461786558,2.7449286963279653,3.2064857798989785,0.4615570835710132,15.200328521733605,24.200328521733606,9.0,9.0,12.161683915705925,3.2020595883303566,True,0,ok
19.8,0.32999999999999996,0.08588683841822517,-0.03213313561029694,-0.03940597069396278,8.174673463168156e-10,-0.1398008516066757,1.8334637780201273,2.9025558251674553,3.396012769501282,0.4934569443338268,13.84903827710646,22.84903827710646,9.0,9.0,10.81783060908149,3.4076189963333134,True,0,ok
19.8,0.36999999999999994,0.08098643694768635,-0.0758557588124675,0.05789452666273922,3.5683943242884424e-11,-0.10281311465920516,1.0701375613820665,3.0576308961348015,3.2217386583615384,0.16410776222673684,12.54658126721823,15.546581267218231,3.000000000000001,3.0,8.211596342182576,3.3953139922880826,True,0,ok
19.8,0.4099999999999999,0.1205048482211547,-0.10751502324765191,0.16195862890086246,2.975918865968217e-11,-0.07598800981089177,0.5013900149660121,3.20945527282232,3.2094552728223196,-4.440892098500626e-16,11.307425730874906,11.307425730874906,0.0,0.0,5.995486126849632,3.39310461545202,True,0,ok
19.8,0.4499999999999999,0.20599491461976044,-0.047011032011468154,0.3490162153336553,8.233012170509094e-09,-0.05726568650592991,1.583720290798624,3.3574182889195283,3.357418288919527,-1.3322676295501878e-15,10.142152466148303,10.142152466148303,0.0,0.0,5.099592051644999,3.552514038849316,True,0,ok
19.8,0.48999999999999994,0.3194414527219246,0.012739962168441863,0.5514123688913057,1.48894516888844e-09,-0.04371061597490979,23.446510779335224,3.5013552038373983,3.5013552038373983,0.0,9.051518307790941,9.051518307790941,0.0,0.0,4.307325173734357,3.705866971223415,True,0,ok
19.8,0.5299999999999999,0.2940150836136862,-0.09399043816412046,0.4996186507876104,5.180515012157183e-10,-0.02969190960469065,0.3070988586649229,3.6412328287158644,4.581277500994865,0.9400446722790008,8.033404361271584,20.033404361271586,12.000000000000002,12.0,3.232286813791319,3.5146552923312857,True,0,ok
19.8,0.57,0.5278822615350898,0.11589219931657957,0.906478215349963,8.138474047206024e-11,-0.02907386048867686,1.9077290989843354,3.777100587402433,4.773157980196935,0.9960573927945018,7.084166397925613,19.084166397925614,12.000000000000002,12.0,3.557212960744244,3.9330764873225688,True,0,ok
19.8,0.61,0.5078645909134685,0.002733739371979269,0.8794606168160899,1.212763408397326e-10,-0.017913074823231,2.7657793280144323,3.9090970722809284,4.962156638860069,1.0530595665791407,6.198799041718038,18.19879904171804,12.000000000000002,12.0,2.158638466753322,3.77304184207574,True,0,ok
19.8,0.6499999999999999,0.8792005210534611,0.23677986185721878,1.5041081029591825,4.727868865644128e-09,-0.023974575980362563,1.186024975566788,4.037411316394819,4.037411316394818,-8.881784197001252e-16,5.371828168433932,5.371828168433932,0.0,0.0,1.9768123393439447,4.250813254809971,True,0,ok
19.8,0.69,1.0371944806895255,0.28778536718359876,1.7731023189782467,1.589681310405182e-09,-0.024595145606556287,1.113480348419553,4.162180946719501,4.162180946719501,0.0,4.598854920821243,4.598854920821243,0.0,0.0,1.5641548495218986,4.368888875417745,True,0,ok
19.8,0.73,1.200255788036662,0.3364828667797206,2.051320519243596,8.997234232025744e-10,-0.02655706761690995,1.0700378784511049,4.283522543821326,4.283522543821325,-8.881784197001252e-16,3.875897638605837,3.875897638605837,0.0,0.0,1.2072008665815033,4.479439191866046,True,0,ok
19.8,0.7699999999999999,1.3671051335608422,0.38279460929406134,2.336562310632287,4.13025057085174e-09,-0.02956677617430245,1.042756135806112,4.401671081991862,4.401671081991858,-3.552713678800501e-15,3.1978686510726035,3.1978686510726035,0.0,0.0,0.9011506728428776,4.582463346222262,True,0,ok
19.8,0.8099999999999999,0.4619182947365012,-0.07408347121186316,0.7966272698511112,8.407290555316161e-10,-0.0014714821091540724,1.0567058955529849,4.516770161695169,5.866357081955279,1.3495869202601094,2.5611967329313807,14.561196732931382,12.000000000000002,12.0,0.027758295064264374,3.725631823272075,True,0,ok
19.8,0.85,0.8650132043445089,0.10735169564485463,1.4943926740019715,2.008356781066022e-09,-0.0031113345170604477,1.0218194971663277,4.62897888038507,6.039689728291809,1.4107108479067394,1.9623140571789992,13.962314057179,12.000000000000002,12.0,0.1669575768790606,4.122349840213163,True,0,ok
20.4,0.05,0.7422901811825621,-0.5593626409335991,-0.8744814888617384,3.5781659195081947e-09,-0.7585378703835883,0.697833414492276,1.915672414872447,2.3704972159136783,0.45482480104123124,21.586270069974,33.586270069974006,12.000000000000004,12.0,25.385795175969296,2.266397484516604,True,0,ok
20.4,0.09,0.6344924750383086,-0.4839819517196188,-0.784641506150331,9.34601151090191e-09,-0.5981983616464733,0.5826797392596931,2.051608108104397,2.4646038391520277,0.4129957310476309,21.158046016598842,31.658046016598842,10.500000000000002,10.5,21.925351523653337,2.389297057538408,True,0,ok
20.4,0.13,0.4969426794146617,0.4177673536728114,-0.442671570057984,7.048784141963338e-10,-0.6085789999162681,3.202885066460311,2.201861998433828,2.707367022630967,0.5055050241971388,20.33406862790181,32.334068627901814,12.000000000000004,12.0,40.981266827255105,4.518385521162175,True,0,ok
20.4,0.16999999999999998,0.4334865034463333,-0.3316183126105371,-0.5687471078300431,1.3605669971847237e-09,-0.3609538309627497,0.5446901312132261,2.371689083363855,2.7671913725682646,0.3955022892044098,18.969817669237873,27.969817669237873,9.0,9.0,16.730444503811785,2.726866750070177,True,0,ok
20.4,0.20999999999999996,0.3331495201921297,-0.2494353242164752,-0.4391895714197786,4.400928479560905e-10,-0.27903467132575427,0.6361225614946497,2.5355505733255597,2.958377843959473,0.42282727063391334,17.68746128347844,26.68746128347844,9.0,9.0,14.804593575645239,2.9179259436159266,True,0,ok
20.4,0.24999999999999994,0.23116760332271052,-0.16427498986140912,-0.29520057965366475,1.2519405666965529e-09,-0.21490865025883069,0.8464737087160411,2.6964706291558636,3.1486913670807137,0.4522207379248502,16.482797993579393,25.482797993579393,9.0,9.0,13.193609801722637,3.10956564759623,True,0,ok
20.4,0.29,0.1269517259273743,-0.07124950702229312,-0.125038228569486,1.4042176751524643e-11,-0.16625032719697927,1.383212715979718,2.867392320238907,3.353531204913164,0.4861388846742569,15.037375322384186,24.037375322384186,9.0,9.0,11.626586062842263,3.3178434910878143,True,0,ok
20.4,0.32999999999999996,0.07821968549967677,-0.04635932111838578,0.020733495266935787,8.90894933981341e-10,-0.12560212226894646,1.5920226358744038,3.035627828185412,3.283638567172208,0.24801073898679604,13.63819414431864,18.13819414431864,4.5,4.5,9.51550621118522,3.419666820201701,True,0,ok
20.4,0.36999999999999994,0.10243016393169145,-0.042152367805211005,0.14253680820110243,1.2462897421094513e-09,-0.09686202375273759,1.4763195476548783,3.2003903562709968,3.866472678120394,0.6660823218493972,12.303780939841717,22.80378093984172,10.500000000000002,10.5,7.790504301195694,3.4620185867329023,True,0,ok
20.4,0.4099999999999999,0.183979582962679,-0.03643042445859261,0.3087556275553853,2.6022330308163265e-10,-0.06991600294647003,1.895506749797066,3.3607292574823515,3.3607292574823506,-8.881784197001252e-16,11.051837546091125,11.051837546091125,0.0,0.0,5.741550412154185,3.5518267812024407,True,0,ok
20.4,0.4499999999999999,0.30378726088158453,0.03125077644401028,0.522438567978937,3.2165145761548387e-09,-0.05423496364497638,13.117857701310541,3.516356970311648,3.516356970311648,0.0,9.88532874329127,9.88532874329127,0.0,0.0,4.869144583081724,3.7198392309132418,True,0,ok
20.4,0.48999999999999994,0.43937097561741406,0.09786401111599899,0.7534314324708942,8.163198616471651e-10,-0.043637994203892284,2.3684747063862264,3.667223438058071,3.6672234380580693,-1.7763568394002505e-15,8.802060179999561,8.802060179999561,0.0,0.0,4.102667911126156,3.880834275364135,True,0,ok
20.4,0.5299999999999999,0.5861350811669256,0.16302245346840039,1.0013539945302155,1.170491324671224e-11,-0.037106029526209804,1.5878352279832324,3.8134373248546,3.8134373248546,0.0,7.796882503257341,7.796882503257341,0.0,0.0,3.4294740225510325,4.034448679113042,True,0,ok
20.4,0.57,0.7424785262176203,0.22637364864887508,1.2654779806373795,1.8755027138085234e-09,-0.03381622986385153,1.3173879068926369,3.9551363271959543,3.9551363271959548,4.440892098500626e-16,6.864376738178666,6.864376738178666,0.0,0.0,2.839021656492275,4.18041324341231,True,0,ok
20.4,0.61,0.9076091741177833,0.2876649577003366,1.5451272117706094,8.263890839519868e-08,-0.03307582781336684,1.1874621895217126,4.0925585948724725,4.0925585948724725,0.0,5.997873707591618,5.997873707591618,0.0,0.0,2.3208972700343553,4.318565508113172,True,0,ok
20.4,0.6499999999999999,1.0802436533867532,0.34656086912202627,1.838339021306399,4.182246461183876e-09,-0.034413061222393335,1.115230542260067,4.2259418942648,4.225941894264801,8.881784197001252e-16,5.191180891278094,5.191180891278094,0.0,0.0,1.8694550325435704,4.448875413402232,True,0,ok
20.4,0.69,1.2594823276864562,0.40295126529766045,2.14362396582679,2.818165570794067e-10,-0.037333258517324025,1.071650713063974,4.355412948372673,4.355412948372674,8.881784197001252e-16,4.439884787918781,4.439884787918781,0.0,0.0,1.4773348558354207,4.571195185771284,True,0,ok
20.4,0.73,1.4440789644613812,0.4567054314218059,2.4588191630312934,1.487546769539784e-10,-0.04148058846590151,1.043992679020234,4.4812158290753645,4.4812158290753645,0.0,3.7385631008959805,3.7385631008959805,0.0,0.0,1.1389149715486675,4.685537536475066,True,0,ok
20.4,0.7699999999999999,1.6326041027202924,0.5077723859482093,2.78140042615846,1.3771331698100285e-09,-0.046554721472589544,1.025688893326796,4.603579055462133,4.603579055462132,-1.7763568394002505e-15,3.082293716328034,3.082293716328034,0.0,0.0,0.8493711870434624,4.791930434491776,True,0,ok
20.4,0.8099999999999999,1.2530419687564265,0.3171651808086167,2.1468826083815813,1.8957764395979717e-09,-0.02537400847871755,1.0122907004710475,4.722689874358394,5.963640788618622,1.2409509142602282,2.4670467709129507,12.967046770912951,10.5,10.5,0.2248911868793413,4.509898693889672,True,0,ok
20.4,0.85,1.5857067150244364,0.47102167716003035,2.7055093115098225,3.309877505973338e-10,-0.041896338739392996,1.0074820664624806,4.83875191425528,6.135479940975768,1.296728026720488,1.888866103956169,12.388866103956168,10.499999999999998,10.5,0.23862318247556757,4.778170396547157,True,0,ok
21.0,0.05,0.7324361071357112,-0.5522711317394718,-0.8654158687689187,7.865809327405442e-11,-0.7452784206177482,0.6811884894695182,1.9543757844350116,2.3536021936678635,0.3992264092328519,22.125637512708114,32.62563751270811,10.499999999999998,10.5,24.97700975818591,2.276991434052596,True,0,ok
21.0,0.09,0.5285666728259061,-0.02671574649884007,-0.6494949717857411,6.006740269760238e-10,-0.6446632713136328,12.34911040201221,2.106193888202,2.5932503451693876,0.4870564569673874,21.593690801969434,33.59369080196944,12.000000000000002,12.0,41.06945014788795,3.9163136365377564,True,0,ok
21.0,0.13,0.4878447756530743,0.4588239025865776,-0.3941079707599288,8.839574222768036e-10,-0.5900314476319961,2.9573262734406107,2.2743055778500287,2.7947198928284096,0.5204143149783809,20.601100319965976,32.60110031996598,12.000000000000002,12.0,39.87369989336042,4.565005700261511,True,0,ok
21.0,0.16999999999999998,0.39997930756103567,-0.2987930874022558,-0.5241910876209013,4.150150197301986e-10,-0.3404360938714655,0.6005249391418068,2.4640832194445386,2.8746635797332925,0.4105803602887539,18.99912926805252,27.99912926805252,9.0,9.0,16.16844176701626,2.8061400999469845,True,0,ok
21.0,0.20999999999999996,0.2957365777571878,-0.21413185757712838,-0.38543465568748625,7.585235928262643e-09,-0.26070681624429554,0.7277279688189247,2.632471067708849,3.072703480627284,0.44023241291843496,17.851272938932023,26.851272938932023,9.0,9.0,14.341112050471128,2.994953296720952,True,0,ok
21.0,0.24999999999999994,0.18572799669958204,-0.12321374121987788,-0.2208340279820628,8.891499307215587e-11,-0.19883503799365523,1.036566817429823,2.8167760501562986,3.206956100897965,0.3901800507416664,16.343370541401487,23.84337054140149,7.500000000000001,7.5,12.502746678287048,3.204785252371065,True,0,ok
21.0,0.29,0.090717158823894,-0.016394796515443413,-0.0254538283882065,2.3221985689408103e-09,-0.15418210655857498,2.178189541662371,3.0005853325902345,3.4219326635926586,0.42134733100242405,14.824900734382608,22.324900734382606,7.499999999999998,7.5,11.004399554579653,3.436629748854145,True,0,ok
21.0,0.32999999999999996,0.0894057567903414,-0.0595652051393587,0.08818599633113448,1.3044499086743055e-09,-0.11249615295445567,1.3143718906697741,3.180389846862108,3.265130542541433,0.0847406956793253,13.377408977186276,14.877408977186276,1.499999999999999,1.5,8.153067984060819,3.4317429430070745,True,0,ok
21.0,0.36999999999999994,0.15766024939941753,-0.03133149553285217,0.2577425978467524,6.89247105778345e-11,-0.0846011428110858,1.9918489913319022,3.3550757739185477,3.355075773918546,-1.7763568394002505e-15,12.022670705563602,12.022670705563602,0.0,0.0,6.442150785651317,3.5390126000446527,True,0,ok
21.0,0.4099999999999999,0.28257543732505996,0.045211948151598756,0.482827366603707,8.791443898411767e-11,-0.066183435550093,12.957315738555252,3.5242534848534937,3.5242534848534937,0.0,10.765716055631035,10.765716055631035,0.0,0.0,5.475699934019678,3.723549165727113,True,0,ok
21.0,0.4499999999999999,0.42729893595480056,0.12103482224343438,0.7281417978017353,2.7866287326113652e-08,-0.05397440229285959,2.386496614358103,3.6878369040429733,3.687836904042974,8.881784197001252e-16,9.604621446759024,9.604621446759024,0.0,0.0,4.631097099277361,3.9005257635274027,True,0,ok
21.0,0.48999999999999994,0.5850362895361295,0.19548000166561633,0.9931793473303662,2.747046918232935e-10,-0.04674112972366635,1.5952527578145812,3.8459419722868016,3.845941972286801,-4.440892098500626e-16,8.533558920258688,8.533558920258688,0.0,0.0,3.893001977007907,4.069502880834133,True,0,ok
21.0,0.5299999999999999,0.486831848279469,0.02527499093603893,0.8421214026984543,2.860201117874238e-10,-0.034762960863291045,2.6838077706353163,3.9987498422261036,4.931103471440257,0.9323536292141532,7.545809439446248,18.04580943944625,10.5,10.5,2.4693278324956034,3.788436757323063,True,0,ok
21.0,0.57,0.9333909239943424,0.33874566265210215,1.5802022422758342,9.820028945401613e-10,-0.043221528499704016,1.1892210422615288,4.146580765311437,4.146580765311436,-8.881784197001252e-16,6.632926166625181,6.632926166625181,0.0,0.0,2.6828610705289204,4.382469275495766,True,0,ok
21.0,0.61,1.1219477587549176,0.4067870333321198,1.8996723211127957,4.4455923095010375e-09,-0.04549397802264056,1.1159564926885361,4.2896892797411335,4.289689279741137,3.552713678800501e-15,5.7880365500445174,5.7880365500445174,0.0,0.0,2.1906919862150263,4.526287340612795,True,0,ok
21.0,0.6499999999999999,1.3188965854262724,0.47214821798394124,2.2345187088358744,4.100715944961787e-09,-0.0496669836439458,1.07148731388183,4.428357942840546,4.428357942840547,8.881784197001252e-16,5.004207721706374,5.004207721706374,0.0,0.0,1.7621675089579847,4.661589430329608,True,0,ok
21.0,0.69,1.5229431402318419,0.5346128743735651,2.582479073651018,1.3544214584230145e-09,-0.055302204714503,1.0424761896053818,4.562785816990253,4.562785816990253,0.0,4.276310122643102,4.276310122643102,0.0,0.0,1.3910022620686588,4.788351840292936,True,0,ok
21.0,0.73,1.732744535516667,0.5940948620273334,2.941158563558396,7.986737760834889e-10,-0.06203607828065808,nan,4.693294560730837,4.693294560730836,-8.881784197001252e-16,3.5979950246942654,3.5979950246942654,0.0,0.0,1.0712443848390847,4.906664509389676,True,0,ok
21.0,0.7699999999999999,1.947955162371729,0.6498617839438628,3.310052835928998,6.07426749832083e-09,-0.06941058247637598,nan,4.8201265453196225,4.82012654531962,-2.6645352591003757e-15,2.9643967851935225,2.9643967851935225,0.0,0.0,0.7918552082551984,5.015963231592209,True,0,ok
21.0,0.8099999999999999,2.1640973777083303,0.703126580864426,3.68097298301898,1.1241861713158406e-09,-0.07748090202410826,nan,4.943508096741929,4.943508096741929,0.0,2.371173222709079,2.371173222709079,0.0,0.0,0.5614202213044182,5.117503201368881,True,0,ok
21.0,0.85,0.40055583494744335,-0.6625572090519568,0.07342010357230401,2.0186781063389807e-11,-0.1922559852281436,-1.8429498092296037,5.063671359162923,6.730984401798053,1.6673130426351301,1.8142422517213992,13.8142422517214,12.000000000000002,12.0,-17.043262704898023,1.210382545310031,True,0,ok
21.6,0.05,0.6724980315580166,-0.35424312413188197,-0.8118714406077004,5.210492246597463e-10,-0.7563976337080137,7.870206351496134,1.9958319202029942,2.463450726596612,0.46761880639361797,22.653422024299743,34.65342202429974,12.000000000000002,12.0,41.359993030970045,3.3364963792660376,True,0,ok
21.6,0.09,0.5085186333767313,0.03767668865067574,-0.6119659920562759,5.623767960096717e-09,-0.6323382743223072,8.486594539923303,2.165971701322361,2.6643873364772475,0.4984156351548865,21.994862678957002,33.994862678957,11.999999999999998,12.0,40.7573711052581,4.01456495385023,True,0,ok
21.6,0.13,0.48207470990032875,-0.3624903072503657,-0.6219230444600836,2.1523462989888374e-09,-0.4230846034725145,0.5794811157739159,2.3565606122508185,2.749676622889168,0.39311601063834933,20.75006401525861,29.75006401525861,9.0,9.0,18.12137748161074,2.6560317058122687,True,0,ok
21.6,0.16999999999999998,0.3655043942106267,-0.268604999993342,-0.47615736478176746,1.5426268909728257e-07,-0.31922704225126536,0.6462697472311754,2.5630438157945927,2.9143819202141676,0.3513381044195749,19.0277517842183,26.527751784218296,7.499999999999998,7.5,15.497391088047182,2.879597565506667,True,0,ok
21.6,0.20999999999999996,0.2515447194632044,-0.17271477984164724,-0.31872761013943135,3.5305704157865313e-09,-0.2416744774040581,0.8647588349574084,2.7475198417679856,3.1266115506936765,0.3790917089256909,17.780195653541895,25.280195653541895,7.500000000000001,7.5,13.700572662387557,3.089944191716069,True,0,ok
21.6,0.24999999999999994,0.13366438269139483,-0.062292471931941436,-0.12543915822379673,8.068462301292396e-10,-0.18434523895541358,1.5379045549890087,2.9492353854097653,3.3616230236361857,0.41238763822642044,16.12883592650894,23.62883592650894,7.500000000000001,7.5,11.942068490186347,3.332821843725445,True,0,ok
21.6,0.29,0.08491525455308918,-0.03237681450850692,0.040159098478043505,4.920734165421798e-09,-0.13773449117472478,1.8828770803053514,3.1464290431548108,3.3164541045404934,0.17002506138568263,14.550957866439251,17.55095786643925,3.000000000000001,3.0,9.56305450835832,3.44833655510865,True,0,ok
21.6,0.32999999999999996,0.1281044636931563,-0.03326119891076299,0.19427493850783023,1.9655882226451317e-09,-0.1018979968847821,1.8677812211942655,3.3379246754571303,3.3379246754571303,0.0,13.072572898324152,13.072572898324152,0.0,0.0,7.217050227381761,3.5112916274853494,True,0,ok
21.6,0.36999999999999994,0.2548403446551525,0.05328474624617759,0.430841156093148,3.7231255433558756e-09,-0.07979622688868729,19.972679090354813,3.522977275458282,3.522977275458282,0.0,11.706113306948687,11.706113306948687,0.0,0.0,6.136734905216743,3.7146409971131495,True,0,ok
21.6,0.4099999999999999,0.40864259006430714,0.13946689785893782,0.6908184560598268,2.7669375292259156e-09,-0.06546101444461377,2.48470879584283,3.701382684544968,3.701382684544967,-8.881784197001252e-16,10.451477668675492,10.451477668675492,0.0,0.0,5.200217865445415,3.909753970100972,True,0,ok
21.6,0.4499999999999999,0.5779934805349508,0.22454343383480568,0.9739251880476782,2.3188710599152566e-09,-0.05726574046224049,1.6185887748228713,3.873270610174012,3.873270610174011,-8.881784197001252e-16,9.301926894961658,9.301926894961658,0.0,0.0,4.387208434837901,4.096104207513137,True,0,ok
21.6,0.48999999999999994,0.7605133784251592,0.3079278884162312,1.279615395266192,1.7965004640801472e-07,-0.05391337518850645,1.328753930272927,4.038885842633164,4.038885842633166,2.6645352591003757e-15,8.248928458551596,8.248928458551596,0.0,0.0,3.6803508030186944,4.273374914454951,True,0,ok
21.6,0.5299999999999999,0.9554294922627253,0.38927001933826977,1.60749875613824,4.619267166108301e-09,-0.05434284787000257,1.1916600488151479,4.198646613517712,4.198646613517714,1.7763568394002505e-15,7.2818948536455075,7.2818948536455075,0.0,0.0,3.0637846034743417,4.441472255139235,True,0,ok
21.6,0.57,1.1614542520424853,0.46794406676409195,1.9556623193680682,1.4450402110091615e-07,-0.05780295621243751,1.1157965028287875,4.352890401708592,4.352890401708591,-8.881784197001252e-16,6.3921898992244,6.3921898992244,0.0,0.0,2.5276112211898436,4.600384878012954,True,0,ok
21.6,0.61,1.3778588295882686,0.543766346160525,2.3228777277199115,1.4794603777889097e-11,-0.0635773990429855,1.0691744685569788,4.501950810480737,4.501950810480736,-8.881784197001252e-16,5.571726483373813,5.571726483373813,0.0,0.0,2.061020769428544,4.750074934644399,True,0,ok
21.6,0.6499999999999999,1.6034492898229,0.6164538364259962,2.707041498657706,3.0965454372863223e-09,-0.07113274352503186,nan,4.646202225719828,4.646202225719826,-2.6645352591003757e-15,4.812684464810451,4.812684464810451,0.0,0.0,1.6558989275205211,4.89061564410729,True,0,ok
21.6,0.69,1.8367971783357193,0.6858392398987931,3.105590712755056,1.602617883752435e-11,-0.08001552906009499,nan,4.7858893572122305,4.78588935721223,-8.881784197001252e-16,4.109453545041342,4.109453545041342,0.0,0.0,1.305756688993675,5.0220542229005405,True,0,ok
21.6,0.73,2.07744493319302,0.7513378907808324,3.5177796924251394,3.8447674170746297e-10,-0.08972045912923286,nan,4.921400837811316,4.921400837811314,-1.7763568394002505e-15,3.455171762306304,3.455171762306304,0.0,0.0,0.9996358971600119,5.144075453063046,True,0,ok
21.6,0.7699999999999999,2.3212974101413124,0.8137976736871773,3.93610901683369,1.172420030934383e-08,-0.10022052129255152,nan,5.052989513279144,5.052989513279144,0.0,2.8450452309525613,2.8450452309525613,0.0,0.0,0.7430131905632473,5.257701260351245,True,0,ok
21.6,0.8099999999999999,2.567202676844325,0.8728319980839117,4.3586009850591285,4.770851036382519e-09,-0.111132840116884,nan,5.180939103488527,5.180939103488524,-2.6645352591003757e-15,2.274314720780067,2.274314720780067,0.0,0.0,0.5266867450599111,5.3626140765785,True,0,ok
21.6,0.85,2.812485447598764,0.9284834209172929,4.780501549644512,2.5556865896656803e-09,-0.12225649182190258,nan,5.305389388912972,5.305389388912969,-2.6645352591003757e-15,1.7400386266569314,1.7400386266569314,0.0,0.0,0.3476024678488474,5.458908986747999,True,0,ok
22.2,0.05,0.6544941662033564,-0.32086176383385046,-0.7934650355516941,1.1181670610835923e-09,-0.743336267545893,9.758305515851545,2.0403464986143294,2.5155594836587025,0.47521298504437315,23.173633814529236,35.17363381452924,12.000000000000002,12.0,41.30226248699257,3.4058698268054455,True,0,ok
22.2,0.09,0.48992962194196377,0.11400584891417062,-0.5673589338884886,5.48294715955948e-10,-0.620644511712513,6.212171418564254,2.232236535332917,2.6743791960360674,0.44214266070315045,22.34585553056889,32.84585553056889,10.500000000000002,10.5,40.42339552252849,4.127143550788456,True,0,ok
22.2,0.13,0.45128216878079264,-0.3352374009582665,-0.582408845152334,1.441994387547181e-09,-0.3992275161678594,0.6028900187798801,2.4490466481091984,2.784561113933274,0.3355144658240756,20.80100370160874,28.30100370160874,7.500000000000001,7.5,17.410786689874694,2.723446339334588,True,0,ok
22.2,0.16999999999999998,0.3260986680843875,-0.22983029934876545,-0.4210877665706056,1.750055321691869e-08,-0.2981344500809501,0.7447633926423716,2.6638370949878447,3.030015268834715,0.36617817384687035,19.18386414550059,26.683864145500586,7.499999999999998,7.5,15.030362652415512,2.962876193629667,True,0,ok
22.2,0.20999999999999996,0.1987058310960241,-0.11660715863695872,-0.2343263096490585,2.8055372271661525e-09,-0.22348595726701417,1.1552601630818762,2.877514594953861,3.2777154890613827,0.4002008941075217,17.575801211823826,25.075801211823826,7.500000000000001,7.5,13.08220634021057,3.2111751640671997,True,0,ok
22.2,0.24999999999999994,0.09891180201712331,-0.005200328622347891,-0.019440287497460247,7.122123139670953e-13,-0.17013425739415175,2.483800682696043,3.0947566454357567,3.4392923618046183,0.3445357163688616,15.852402031907976,21.852402031907975,5.999999999999999,6.0,11.223215105761561,3.4559959549980017,True,0,ok
22.2,0.29,0.10104342046571892,-0.043998543537310884,0.11677683208214586,9.970196283847117e-09,-0.12270541191687456,1.6055585541212647,3.306182711939634,3.3061827119396345,4.440892098500626e-16,14.223357120645465,14.223357120645465,0.0,0.0,8.087456656583194,3.4653629836532494,True,0,ok
22.2,0.32999999999999996,0.2197735531370941,0.05373359951109154,0.36453876478725183,1.3707667040401958e-09,-0.09552713345681259,173.74905976147414,3.5100147325482602,3.510014732548259,-1.3322676295501878e-15,12.72314897528107,12.72314897528107,0.0,0.0,6.8661058198502625,3.690303896929879,True,0,ok
22.2,0.36999999999999994,0.3821319308736423,0.1516683429265975,0.6394922730845755,2.757375719603536e-09,-0.07823544080963013,2.691402554490788,3.7058773255220046,3.7058773255220037,-8.881784197001252e-16,11.354743070248531,11.354743070248531,0.0,0.0,5.818335365717338,3.906206736824897,True,0,ok
22.2,0.4099999999999999,0.5636129642746784,0.24884186043021525,0.9414567671429654,2.2289386268511e-09,-0.06867025989331392,1.6611731289314102,3.893872465755587,3.893872465755587,0.0,10.111005090528613,10.111005090528613,0.0,0.0,4.917209301515555,4.112362362002863,True,0,ok
22.2,0.4499999999999999,0.7607873003811554,0.34458707252422754,1.2701996215423377,2.4856662623610253e-10,-0.06515074939418324,1.341750699624795,4.074431969920777,4.074431969920779,1.7763568394002505e-15,8.979510918489245,8.979510918489245,0.0,0.0,4.139025813348731,4.308518450782979,True,0,ok
22.2,0.48999999999999994,0.9724480408701955,0.43826253706031804,1.6249574069949815,2.118286191875983e-09,-0.06636980215763601,1.195162476693698,4.247991041438319,4.247991041438316,-3.552713678800501e-15,7.948533764600127,7.948533764600127,0.0,0.0,3.465233850429325,4.49453852935692,True,0,ok
22.2,0.5299999999999999,1.197947987001016,0.5294353328338969,2.0049580106433202,6.541860935018182e-11,-0.07127231288234599,1.1147493180963752,4.415064788972312,4.415064788972308,-3.552713678800501e-15,7.0061618846450555,7.0061618846450555,0.0,0.0,2.8798810173218024,4.6704329780927,True,0,ok
22.2,0.57,1.4359934162656913,0.6175094393766439,2.4080408800294517,3.3014461705522284e-09,-0.07907266950697762,1.0621800389722287,4.576078752468666,4.576078752468664,-1.7763568394002505e-15,6.142489080411576,6.142489080411576,0.0,0.0,2.37227675421999,4.8362817464776535,True,0,ok
22.2,0.61,1.6855746070680813,0.7022040068328913,2.832394807125546,3.3128853276043714e-09,-0.08907557091719082,nan,4.731474980661836,4.731474980661835,-8.881784197001252e-16,5.348342103626892,5.348342103626892,0.0,0.0,1.9318192986627984,4.992165157271498,True,0,ok
22.2,0.6499999999999999,1.9452862226799996,0.7832783928516673,3.2754763756054803,5.228690614147836e-10,-0.10072207597125594,nan,4.881598334987088,4.88159833498709,1.7763568394002505e-15,4.6164872916336614,4.6164872916336614,0.0,0.0,1.5505501111382929,5.138191884226411,True,0,ok
22.2,0.69,2.214542832882827,0.8602339929444364,3.736272141100495,1.9696969749843543e-10,-0.11343650663381075,nan,5.026928616295049,5.0269286162950495,8.881784197001252e-16,3.938778658974157,3.938778658974157,0.0,0.0,1.2173660632732144,5.274218367198873,True,0,ok
22.2,0.73,2.489511833947817,0.9336053604350314,4.207759006110843,3.7621609674464667e-11,-0.1270932396264043,nan,5.167777006695513,5.167777006695508,-4.440892098500626e-15,3.309572185550873,3.309572185550873,0.0,0.0,0.9350408016899242,5.401130698197962,True,0,ok
22.2,0.7699999999999999,2.7689549472347026,1.003104861921031,4.687767185654676,2.3399662343126037e-10,-0.14125844589345252,nan,5.304460401817797,5.3044604018177965,-8.881784197001252e-16,2.723608055347083,2.723608055347083,0.0,0.0,0.694567433216672,5.518742019178114,True,0,ok
22.2,0.8099999999999999,3.050182253824475,1.0687351520832602,5.1714989954865445,2.268992432294856e-09,-0.1556876970749318,nan,5.437299051106365,5.437299051106363,-1.7763568394002505e-15,2.176017422804569,2.176017422804569,0.0,0.0,0.49221684003549077,5.627235790574245,True,0,ok
22.2,0.85,3.3300968723421,1.1305750577128215,5.653448133844192,4.324411914116363e-09,-0.17017571612656454,nan,5.566396811986306,5.566396811986306,0.0,1.6643212362300066,1.6643212362300066,0.0,0.0,0.3250820053377685,5.726740640914754,True,0,ok
22.8,0.05,0.6336931799407439,-0.2782144912807419,-0.7710660584835254,4.3979766957402404e-10,-0.7299006570803419,14.005952466509598,2.089165427290425,2.5730908127613037,0.4839253854708785,23.665493490288355,35.665493490288355,11.999999999999998,12.0,41.292219196238044,3.493072846599491,True,0,ok
22.8,0.09,0.4750716462776309,0.20613040571126354,-0.512544798406104,1.8310397263906027e-09,-0.6098256248789251,4.71504980532835,2.306113845533349,2.761420464414822,0.45530661888147295,22.63990634960962,33.13990634960962,10.499999999999998,10.5,39.99058110608355,4.256343018283682,True,0,ok
22.8,0.13,0.4146040859833351,-0.2998470789499951,-0.5341646075958014,7.949988792211493e-10,-0.3747659877569054,0.6568537333774533,2.55235628874831,2.9021671796559727,0.3498108909076625,20.761476927872657,28.261476927872657,7.500000000000001,7.5,16.716621939928956,2.8074960936968414,True,0,ok
22.8,0.16999999999999998,0.28363717033422375,-0.19099807845882003,-0.35859190166517096,4.5442524792759967e-10,-0.27619144677344953,0.8502035879616145,2.7779505021112434,3.1618698466907222,0.38391934457947885,19.2366847810228,26.7366847810228,7.499999999999998,7.5,14.405807169619663,3.046672897230992,True,0,ok
22.8,0.20999999999999996,0.147894051779882,-0.06217971484987631,-0.13953959625588555,2.504901956640492e-09,-0.205621827133074,1.598362893331821,3.020186500991888,3.3543019719236793,0.3341154709317915,17.319452107692815,23.319452107692815,5.999999999999999,6.0,12.327844285855516,3.3294590990226873,True,0,ok
22.8,0.24999999999999994,0.09330460908685795,-0.021362483190237553,0.05324971136256565,1.1884461466358207e-09,-0.15108064992680031,2.1582303933738642,3.255385709462368,3.342653051298001,0.0872673418356329,15.50721398775947,17.00721398775947,1.499999999999999,1.5,9.631685561571553,3.4696614068484535,True,0,ok
22.8,0.29,0.17715604501872,0.044273966574145444,0.281355917300035,1.0867570139815718e-09,-0.11415540523370575,10.364359015777364,3.481595884514644,3.481595884514644,0.0,13.843016931231766,13.843016931231766,0.0,0.0,7.686557498271208,3.646442404267586,True,0,ok
22.8,0.32999999999999996,0.3458538302694808,0.15539666981876465,0.5710654152723501,1.5900580918436116e-09,-0.09263251170765369,3.10077690559484,3.6982602586835007,3.698260258683502,1.3322676295501878e-15,12.333973404568503,12.333973404568503,0.0,0.0,6.5004485527237765,3.8864116255645356,True,0,ok
22.8,0.36999999999999994,0.5399159838871639,0.2664926082596704,0.8927199095774732,1.1054701741718873e-09,-0.08099791205629232,1.7317931556799484,3.9054044804569683,3.9054044804569683,0.0,10.973590802589767,10.973590802589767,0.0,0.0,5.4915639760637855,4.115498002695139,True,0,ok
22.8,0.4099999999999999,0.31163953498950286,-0.15550404186992559,0.514839693858794,8.563200943403751e-10,-0.04600197707621333,-0.5273225635477797,4.103492474804065,4.916316147135738,0.8128236723316737,9.747624521335942,18.747624521335943,9.000000000000002,9.0,1.8665667964521233,3.3967881768212296,True,0,ok
22.8,0.4499999999999999,0.9829027218070594,0.48453845476420826,1.6301107329193554,1.0286395306829272e-10,-0.0790870778510116,1.2004895693622863,4.293184816381777,4.293184816381778,8.881784197001252e-16,8.639765093943156,8.639765093943156,0.0,0.0,3.8886375843327836,4.539786509841117,True,0,ok
22.8,0.48999999999999994,1.2296721185003605,0.5901818925575104,2.0446541224727075,9.242530199640548e-10,-0.08576368814417688,1.1128717833972317,4.4751019121346225,4.475101912134625,2.6645352591003757e-15,7.635585005532651,7.635585005532651,0.0,0.0,3.249211963339946,4.734974729359998,True,0,ok
22.8,0.5299999999999999,1.4918653803778212,0.6926402637712707,2.4875698253187597,7.063072773607278e-09,-0.09608729716274901,nan,4.649935291059586,4.6499352910595855,-8.881784197001252e-16,6.72093120482859,6.72093120482859,0.0,0.0,2.6965572584099538,4.919126809637352,True,0,ok
22.8,0.57,1.7683201717413193,0.7914760217104874,2.956774284645458,2.729940383234663e-08,-0.10917978786581817,nan,4.818083647028394,4.818083647028396,1.7763568394002505e-15,5.886486382399528,5.886486382399528,0.0,0.0,2.2185065898799525,5.0922521668054666,True,0,ok
22.8,0.61,2.0577964399272215,0.8863961079734172,3.44998772003753,4.009906147071017e-10,-0.12435930158722443,nan,4.980172441818255,4.980172441818255,0.0,5.121222319149602,5.121222319149602,0.0,0.0,1.8046143396217322,5.254656947727074,True,0,ok
22.8,0.6499999999999999,2.359482777968594,0.9769131326625623,3.965759985359173,2.058949692727973e-09,-0.14094469960452843,nan,5.136673694188984,5.136673694188985,8.881784197001252e-16,4.416793681989452,4.416793681989452,0.0,0.0,1.443607736819224,5.406264555203759,True,0,ok
22.8,0.69,2.6697489258295626,1.0632820006487276,4.497435482691015,1.202898919206014e-10,-0.15869293315263872,nan,5.288028528685022,5.288028528685019,-2.6645352591003757e-15,3.7658865839667635,3.7658865839667635,0.0,0.0,1.1356220574593336,5.54793161076949,True,0,ok
22.8,0.73,2.9872184859482367,1.1452762379943517,5.042558946626683,7.08086579474431e-10,-0.1771001322792495,nan,5.43459179512099,5.434591795120992,2.6645352591003757e-15,3.1626618224559544,3.1626618224559544,0.0,0.0,0.8716333964094846,5.679566989758358,True,0,ok
22.8,0.7699999999999999,3.3091643171326965,1.2228523087220047,5.59624680902194,3.972496528932559e-10,-0.1958553469219985,nan,5.576751768878785,5.5767517688787835,-1.7763568394002505e-15,2.601444442981309,2.601444442981309,0.0,0.0,0.6472125788685495,5.80142674824249,True,0,ok
22.8,0.8099999999999999,3.632600252472646,1.2960848945258996,6.153163540877636,8.113036079701292e-09,-0.21470018208880987,nan,5.7147983013070895,5.714798301307091,1.7763568394002505e-15,2.0779217697832175,2.0779217697832175,0.0,0.0,0.45865485336216816,5.913738859501409,True,0,ok
22.8,0.85,3.706453136825153,1.7351046210891414,6.170927957985435,6.036208648641361e-10,-0.34992093059985463,nan,5.849007945300415,5.849007945300417,1.7763568394002505e-15,1.5881996638595137,1.5881996638595137,0.0,0.0,1.776817098359399,6.242350346288694,True,0,ok
23.4,0.05,0.6100997349561222,-0.22538438908355707,-0.7438744113682013,7.03274846945239e-10,-0.7159034830545494,29.013926968378286,2.1428382246454927,2.6367907632070384,0.49395253856154575,24.13220016752685,36.132200167526854,12.000000000000002,12.0,41.290900049789244,3.5965973489217857,True,0,ok
23.4,0.09,0.4690404319207252,0.31598764329593226,-0.4458087467404098,4.341905104011425e-10,-0.6011681552969761,3.6638784005848324,2.3895582410007257,2.7879092917201493,0.39835105071942367,22.853420729466674,31.853420729466674,9.0,9.0,39.4896310793526,4.4041326659187305,True,0,ok
23.4,0.13,0.37382471080723395,-0.2616041432118241,-0.47826430548023074,2.4523803061520308e-09,-0.34937268008282546,0.7278931657424482,2.66615848404454,2.9551231562831273,0.28896467223858746,20.677772819566368,26.677772819566368,6.000000000000002,6.0,15.961183201069762,2.8981626290870435,True,0,ok
23.4,0.16999999999999998,0.22845901913020347,-0.13269727769055858,-0.2726852959796938,7.878029456736155e-11,-0.25419428025780905,1.1197416017763442,2.916099772015357,3.2361951860463765,0.3200954140310195,18.996386639393865,24.99638663939387,6.000000000000002,6.0,13.71193366103345,3.174081541569708,True,0,ok
23.4,0.20999999999999996,0.10999561106614046,-0.001289375000349669,-0.026518590621336418,5.4957325942934505e-09,-0.18865896539790353,2.6308700832264207,3.179586795268065,3.442490579802467,0.262903784534402,16.968669422444254,21.468669422444254,4.5,4.5,11.50996938106246,3.4601053845817704,True,0,ok
23.4,0.24999999999999994,0.10590157941721548,-0.038535452913027894,0.11521705837717405,1.7062814796558335e-09,-0.1374244588742523,1.5258405157327375,3.43285398344343,3.9373182516105145,0.5044642681670846,15.100024247111213,22.60002424711121,7.499999999999998,7.5,8.312974301660308,3.4504239448985725,True,0,ok
23.4,0.29,0.2982496765081024,0.14818071818030662,0.48267585449225314,7.700206918180994e-10,-0.10920211930775418,4.018170770001367,3.6746355449274097,3.67463554492741,4.440892098500626e-16,13.414356787620651,13.414356787620651,0.0,0.0,7.266639053216363,3.8460574027292056,True,0,ok
23.4,0.32999999999999996,0.5045737911294248,0.2750431082787202,0.8241522669862545,2.918598547194704e-12,-0.09438464649485549,1.8486815618913153,3.904767686924274,3.9047676869242736,-4.440892098500626e-16,11.908321257284923,11.908321257284923,0.0,0.0,6.123279704172185,4.101923293299114,True,0,ok
23.4,0.36999999999999994,0.7340893758717969,0.40142111058762087,1.2031252804559212,1.702080376476086e-10,-0.08951137808119884,1.393655050398673,4.123785679113721,4.12378567911372,-8.881784197001252e-16,10.56499993721412,10.56499993721412,0.0,0.0,5.158646043562753,4.34494496225727,True,0,ok
23.4,0.4099999999999999,0.9843961854582312,0.5262691851589317,1.6191435301537664,1.7470581955971693e-09,-0.09231751376365029,1.2088633526154877,4.332508544647915,4.332508544647916,8.881784197001252e-16,9.363960303334844,9.363960303334844,0.0,0.0,4.3389000007533705,4.5750462626456105,True,0,ok
23.4,0.4499999999999999,1.2547414311336245,0.6488527876268136,2.071690695600936,3.35125033333451e-09,-0.10107372932265905,1.1098600710594142,4.531855790794675,4.531855790794676,8.881784197001252e-16,8.28516847810799,8.28516847810799,0.0,0.0,3.6371596392044325,4.792414910831409,True,0,ok
23.4,0.48999999999999994,1.543900422429362,0.7682195050073204,2.5588311877602665,1.0827243263279195e-09,-0.11448706391718276,nan,4.722703474188301,4.722703474188303,1.7763568394002505e-15,7.311041256629793,7.311041256629793,0.0,0.0,3.0344541178526923,4.997412699587264,True,0,ok
23.4,0.5299999999999999,1.850761305347247,0.883800581787198,3.07856584966939,3.481102320765146e-06,-0.13145747979454614,nan,4.905673596721124,4.905673596721124,0.0,6.428619367433378,6.428619367433378,0.0,0.0,2.5151778666853852,5.190175665992379,True,0,ok
23.4,0.57,2.1740353324506265,0.9951619606580829,3.6285121526314343,5.818408265279432e-10,-0.15113275785305744,nan,5.0815158023440405,5.0815158023440405,0.0,5.6248798642698645,5.6248798642698645,0.0,0.0,2.066707293833277,5.371088108256514,True,0,ok
23.4,0.61,2.51279019982933,1.1018085804887796,4.206963286435212,4.441542388194963e-08,-0.1726890952623112,nan,5.250816543754219,5.250816543754222,2.6645352591003757e-15,4.8897606979730694,4.8897606979730694,0.0,0.0,1.6766747544478446,5.540200505623203,True,0,ok
23.4,0.6499999999999999,2.863528646673288,1.2037334295144178,4.807504659501445,1.9934131649431573e-08,-0.1957388834570448,nan,5.414176175798101,5.414176175798102,8.881784197001252e-16,4.213994016659239,4.213994016659239,0.0,0.0,1.3426633444448792,5.6984068627055136,True,0,ok
23.4,0.69,3.224686404142952,1.300722052153377,5.427307743064868,4.503491039512476e-10,-0.21968163396889076,nan,5.571993276693695,5.571993276693693,-1.7763568394002505e-15,3.591065459192346,3.591065459192346,0.0,0.0,1.055371897596226,5.845688710351724,True,0,ok
23.4,0.73,3.5934040310829407,1.3926653808657303,6.061233323058962,1.8622404698041327e-09,-0.24411335929664896,nan,5.7247054274256906,5.72470542742569,-8.881784197001252e-16,3.0146436010304174,3.0146436010304174,0.0,0.0,0.8096500269762428,5.982368791599616,True,0,ok
23.4,0.7699999999999999,3.9667681363401344,1.4796280594874955,6.704047015142528,6.12635304428707e-10,-0.26870572525716835,nan,5.8727851718873545,5.8727851718873545,0.0,2.4786561024540106,2.4786561024540106,0.0,0.0,0.6009201525795749,6.108793854010818,True,0,ok
23.4,0.8099999999999999,4.345513769744631,1.5567708922269945,7.358118422236725,9.064443661208813e-10,-0.2915946545736072,nan,6.0164793149183025,6.016479314918302,-8.881784197001252e-16,1.979420716929388,1.979420716929388,0.0,0.0,0.41288631757830835,6.221180920971706,True,0,ok
23.4,0.85,4.470615943731008,2.0790245222462116,7.443894285805224,5.469005474718626e-10,-0.4746742532315149,nan,6.15620191956669,6.156201919566691,8.881784197001252e-16,1.5121809855576331,1.5121809855576331,0.0,0.0,1.7331012293452948,6.581758043291321,True,0,ok
24.0,0.05,0.5836846386593458,-0.15927996996213306,-0.710384279516105,3.2983916437869864e-09,-0.7014608604946677,107.29987108104099,2.20224747476957,2.707829721514805,0.5055822467452349,24.57262053448003,36.57262053448003,12.000000000000002,12.0,41.28855542990379,3.7189518525639387,True,0,ok
24.0,0.09,0.48287090067581934,0.4621768033406809,-0.3575495809780574,7.214273551962265e-09,-0.5983676292670219,2.816897954374856,2.4857157812622246,2.8999499807986577,0.41423419953643315,22.940354148031265,31.940354148031265,9.0,9.0,38.896980456388974,4.590465607351717,True,0,ok
24.0,0.13,0.3289996150762759,-0.21732326388133294,-0.41539686259687825,3.9688067624630015e-09,-0.3239417936630713,0.8442838878926743,2.7820567553889295,3.0850069781520584,0.3029502227631289,20.76156875248889,26.761568752488895,6.000000000000002,6.0,15.382267475434627,2.9908934489200436,True,0,ok
24.0,0.16999999999999998,0.17040341112481092,-0.06465738897623066,-0.16881925853460236,1.165044039072737e-09,-0.2333054812204752,1.6439338493363376,3.070867713047542,3.412031217353965,0.3411635043064227,18.664123566197233,24.664123566197233,6.000000000000002,6.0,12.976713056436665,3.3152707635168563,True,0,ok
24.0,0.20999999999999996,0.10157676289179302,-0.015819264273683378,0.05454599481679712,4.641078373971773e-09,-0.16651727119434764,2.312626262037974,3.3570719887955587,3.3570719887955587,0.0,16.54253917986727,16.54253917986727,0.0,0.0,9.75173485753801,3.478023095403677,True,0,ok
24.0,0.24999999999999994,0.2382149130944541,0.12667620090547344,0.37085911366685376,1.7834617875042297e-10,-0.12905693470785193,7.162837600891006,3.6296048452406895,3.6296048452406895,0.0,14.631869149573438,14.631869149573438,0.0,0.0,8.148966943464009,3.779360353531387,True,0,ok
24.0,0.29,0.17988088604164854,-0.17663671625182964,0.24161415868266561,4.4450268579857767e-10,-0.0865648212914689,-0.3447600104439782,3.8877168923540726,4.4945002314480735,0.606783339094001,12.940899455514236,20.440899455514234,7.499999999999999,7.5,3.6148748441531997,3.2614632556223304,True,0,ok
24.0,0.32999999999999996,0.7018560305101216,0.4167236569160815,1.1373882786753708,5.3431539859106266e-09,-0.10244491197047789,1.4429756432622711,4.132012209662781,4.132012209662782,8.881784197001252e-16,11.450045893283102,11.450045893283102,0.0,0.0,5.738508384973469,4.339550841960276,True,0,ok
24.0,0.36999999999999994,0.9740606045022867,0.5610960312004744,1.587564677788545,1.2249389294392823e-09,-0.10579140484609396,1.2222348555556384,4.363594032526657,4.363594032526658,8.881784197001252e-16,10.132427428647528,10.132427428647528,0.0,0.0,4.822309614192246,4.597361148282129,True,0,ok
24.0,0.4099999999999999,1.2705420690960725,0.7035734780379748,2.0818628708677793,5.506453799887369e-07,-0.11688796316346012,1.1041396444181952,4.583634508250795,4.583634508250796,8.881784197001252e-16,8.962436684768978,8.962436684768978,0.0,0.0,4.046967025489498,4.840517236533754,True,0,ok
24.0,0.4499999999999999,1.5634498977676532,0.8629734431465635,2.5627698026450516,7.450938651896809e-09,-0.1435775872602146,nan,4.793351985633315,5.650413319966048,0.8570613343327329,7.916533178112352,15.416533178112351,7.499999999999999,7.5,3.7197554398621215,5.049796288849308,True,0,ok
24.0,0.48999999999999994,1.931359541182478,0.9783670496458161,3.1951463266572135,1.5250381509549647e-09,-0.15584254671312334,nan,4.993607101317433,4.993607101317435,2.6645352591003757e-15,6.977620295559859,6.977620295559859,0.0,0.0,2.8217968602930688,5.284877093277839,True,0,ok
24.0,0.5299999999999999,2.2932931386296915,1.1093470370156215,3.809736614368146,8.238165889463122e-10,-0.18120800110774238,nan,5.185385848057126,5.185385848057124,-1.7763568394002505e-15,6.129187736208933,6.129187736208933,0.0,0.0,2.335974907354292,5.486894023964827,True,0,ok
24.0,0.57,2.6747569838618355,1.235274462628218,4.460194029933135,1.954124338835908e-10,-0.2091434566998804,nan,5.369466722997145,5.369466722997146,8.881784197001252e-16,5.358536340566195,5.358536340566195,0.0,0.0,1.9151619855724988,5.675866976056923,True,0,ok
24.0,0.61,3.0722317367212657,1.3558811254891894,5.140064159209445,1.8915428554949638e-08,-0.23906138354983011,nan,5.546552600823257,5.546552600823254,-2.6645352591003757e-15,4.654943765572321,4.654943765572321,0.0,0.0,1.5545711007349965,5.85272900509948,True,0,ok
24.0,0.6499999999999999,3.484084913184223,1.4709509136652172,5.8463506604420425,1.3196301163480103e-09,-0.27024139499732497,nan,5.717230243289718,5.71723024328972,1.7763568394002505e-15,4.009785829273832,4.009785829273832,0.0,0.0,1.2439215847957426,6.0176155351548966,True,0,ok
24.0,0.69,3.907416677557831,1.5803048273405789,6.5738156729831925,1.4601993265768354e-09,-0.3021579495823926,nan,5.8821087886895445,5.882108788689545,8.881784197001252e-16,3.4150604602248555,3.4150604602248555,0.0,0.0,0.9770256632850096,6.170966920196903,True,0,ok
24.0,0.73,4.342678745628544,1.6804707855156595,7.3240434635638385,3.5073474703833814e-10,-0.33313862888880286,nan,6.041522275845578,6.041522275845584,6.217248937900877e-15,2.8657387149705063,2.8657387149705063,0.0,0.0,0.738268203056492,6.310324241660918,True,0,ok
24.0,0.7699999999999999,4.778611428422393,1.7779796715335456,8.075323768616151,3.273266392735611e-09,-0.36512445985421854,nan,6.196035491885529,6.1960354918855245,-4.440892098500626e-15,2.3553841963694406,2.3553841963694406,0.0,0.0,0.545548668001498,6.441513868818328,True,0,ok
24.0,0.8099999999999999,5.214920280898268,1.8697849509995503,8.8279511091404,6.721648310647368e-10,-0.3966913914047196,nan,6.345893354401506,6.34589335440151,4.440892098500626e-15,1.8805524728225032,1.8805524728225032,0.0,0.0,0.3838430930435233,6.562094656242046,True,0,ok
24.0,0.85,5.647041123248466,1.95598924232513,9.573844452739044,4.925325667566154e-10,-0.4275848706912974,nan,6.49153362008325,6.491533620083248,-1.7763568394002505e-15,1.4366345997653904,1.4366345997653904,0.0,0.0,0.25022474076049256,6.672383650070245,True,0,ok
24.6,0.05,0.5552972623030822,-0.07590681996775951,-0.6684694354330203,1.6697951409629855e-09,-0.6873513782179645,16.2290482146955,2.2692613932110706,2.7886119891935324,0.5193505959824618,24.96069102020276,36.96069102020276,11.999999999999998,12.0,41.25683481052232,3.8639442148993517,True,0,ok
24.6,0.09,0.45222493466421076,-0.3192822716172029,-0.5723407612320964,3.1518317481715986e-11,-0.42896043950389195,0.6998333752703488,2.597246173304803,2.87827093525261,0.281024761947807,22.88036281206538,28.880362812065375,5.999999999999999,6.0,17.7996127988027,2.766138499011709,True,0,ok
24.6,0.13,0.2783400186913913,-0.16869039982246628,-0.3399712704278905,5.420450758121621e-10,-0.2972920824824549,1.0057477808337785,2.9165704066446168,3.1528963363624567,0.23632592971783994,20.69828408197958,25.19828408197958,4.5,4.5,14.64195548718563,3.094539548288284,True,0,ok
24.6,0.16999999999999998,0.12607932847757006,0.009221678894713979,-0.04472330991655857,1.125735743948984e-09,-0.21354806811707583,2.9172466778328605,3.2443766569592514,3.51425361899311,0.2698769620338588,18.246096142100075,22.746096142100075,4.5,4.5,12.135994790179149,3.465825897309599,True,0,ok
24.6,0.20999999999999996,0.16843773006418156,0.08668810660788961,0.23192118215473911,9.52873789140206e-10,-0.1543098965335981,41.476377649236895,3.5553256788299388,3.555325678829941,2.220446049250313e-15,16.041553714165875,16.041553714165875,0.0,0.0,9.200051093670638,3.6782418534283288,True,0,ok
24.6,0.24999999999999994,0.3881185440832451,0.2515418644584792,0.6105136153566381,1.2650028490488829e-09,-0.12612624101594672,2.4611885096264117,3.8482073458805557,3.8482073458805552,-4.440892098500626e-16,14.108558049878237,14.108558049878237,0.0,0.0,7.647388411762133,4.003683090988127,True,0,ok
24.6,0.29,0.6523242340368466,0.4185900878786621,1.0430373270127073,5.762200566989772e-10,-0.11591458805170511,1.5235208464146646,4.123579828433357,4.123579828433355,-1.7763568394002505e-15,12.427373353884715,12.427373353884715,0.0,0.0,6.386696816159129,4.311824522113628,True,0,ok
24.6,0.32999999999999996,0.9479376082771122,0.5856949291200017,1.5292209917274286,1.0716243659546226e-09,-0.11917103684071645,1.2441095915977118,4.382864068918723,4.382864068918722,-8.881784197001252e-16,10.963141313785785,10.963141313785785,0.0,0.0,5.349708724931227,4.602417845659194,True,0,ok
24.6,0.36999999999999994,1.2732415218305038,0.7515702744421225,2.069047046496455,4.383012609195178e-11,-0.13273417306428714,nan,4.627795113687267,4.627795113687266,-8.881784197001252e-16,9.679576498880357,9.679576498880357,0.0,0.0,4.4848350410118085,4.875935111948122,True,0,ok
24.6,0.4099999999999999,1.6267653263162138,0.9145901925355274,2.660603601179376,6.7196922345827996e-09,-0.15430339537176485,nan,4.85996710910849,4.859967109108491,8.881784197001252e-16,8.546097828607168,8.546097828607168,0.0,0.0,3.7571621028003652,5.133153605016797,True,0,ok
24.6,0.4499999999999999,2.0074170370067836,1.0737530521263778,3.301980113033354,1.0187063247042815e-07,-0.18207470328634306,nan,5.08067038944042,5.080670389440418,-1.7763568394002505e-15,7.538788857021504,7.538788857021504,0.0,0.0,3.1397230021603035,5.374590399471038,True,0,ok
24.6,0.48999999999999994,2.413808391051037,1.2282353615975832,3.99058696488092,2.07264842135442e-09,-0.21463088866453411,nan,5.291125812062147,5.291125812062149,1.7763568394002505e-15,6.637379021845617,6.637379021845617,0.0,0.0,2.612513726982931,5.600947094216423,True,0,ok
24.6,0.5299999999999999,2.8448252399286487,1.3773536349485171,4.724311067076411,6.158158026631438e-10,-0.2507465712601567,nan,5.492412480650909,5.492412480650903,-6.217248937900877e-15,5.825222172649375,5.825222172649375,0.0,0.0,2.158424734005147,5.812680852028084,True,0,ok
24.6,0.57,3.2967592854305314,1.5205147404887909,5.4963666352102765,9.85175281610451e-10,-0.28957571293334405,nan,5.685364883797259,5.685364883797257,-2.6645352591003757e-15,5.0896945472837,5.0896945472837,0.0,0.0,1.7700860698841838,6.010806684359189,True,0,ok
24.6,0.61,3.768058416978686,1.6575139161447823,6.303838292093654,6.986016189984186e-10,-0.33024703815767753,nan,5.870885127696011,5.8708851276960115,8.881784197001252e-16,4.418929762656707,4.418929762656707,0.0,0.0,1.4355550956880552,6.195706852598459,True,0,ok
24.6,0.6499999999999999,4.255413652989515,1.788011104270217,7.140744442348109,1.0851900391116732e-09,-0.37204996200736395,nan,6.049589385072913,6.049589385072916,2.6645352591003757e-15,3.804625030340517,3.804625030340517,0.0,0.0,1.147876834172425,6.367850893022424,True,0,ok
24.6,0.69,4.758782079321531,1.9091927530470325,8.007632134718703,4.250102779460631e-10,-0.4133173866998054,nan,6.222094626358422,6.222094626358421,-8.881784197001252e-16,3.239249377191335,3.239249377191335,0.0,0.0,0.8923500264705111,6.525609161898018,True,0,ok
24.6,0.73,5.267451648598107,2.0262424624415267,8.883968568891198,9.566873229730151e-10,-0.45561448759770207,nan,6.3888925569269865,6.388892556926984,-2.6645352591003757e-15,2.716907703786733,2.716907703786733,0.0,0.0,0.6824440971239784,6.673654199495088,True,0,ok
24.6,0.7699999999999999,5.78054601508441,2.1367108826929533,9.768882675939679,7.778886964516344e-10,-0.497528456504639,nan,6.550434215224874,6.5504342152248745,8.881784197001252e-16,2.2324828023904946,2.2324828023904946,0.0,0.0,0.5044810964392974,6.810236234949428,True,0,ok
24.6,0.8099999999999999,6.293174501086099,2.2407099616755684,10.653691266724609,1.372466395440832e-09,-0.5387180749933308,nan,6.707056187079467,6.707056187079467,0.0,1.782078524732816,1.782078524732816,0.0,0.0,0.35529086672849763,6.935736839144782,True,0,ok
24.6,0.85,6.3015411873119795,2.8333412474317874,10.509656609045766,8.619829374293301e-10,-0.8047107192713213,nan,6.859215413436851,7.452868337156041,0.5936529237191905,1.3613052462289237,4.361305246228924,3.0000000000000004,3.0,1.4509754846020912,7.275558577760058,True,0,ok
25.2,0.05,0.5272173155688507,0.030933583640351182,-0.614979765900293,1.1614509979133398e-10,-0.6743272902999412,8.020139242769803,2.345314401877157,2.8811026073847477,0.5357882055075907,25.29739790643093,37.29739790643093,12.000000000000002,12.0,41.187023044895554,4.036109205784588,True,0,ok
25.2,0.09,0.40732831390468344,-0.27677705214467885,-0.5127334527955885,2.107890377514389e-08,-0.3978038910263609,0.7676530755857629,2.7246656157939815,2.943384346454274,0.21871873066029268,22.70434693938499,27.20434693938499,4.5,4.5,16.88324095962017,2.86503533427079,True,0,ok
25.2,0.13,0.2147050508016139,-0.09630681630948416,-0.23549654758678848,8.7713995995065e-10,-0.27122158786904405,1.4280074279007269,3.0817825573484576,3.33447752119403,0.2526949638455722,20.30188760451848,24.80188760451848,4.5,4.5,13.8275770844968,3.245409173207121,True,0,ok
25.2,0.16999999999999998,0.11580796198259061,0.02323493395841716,0.06285071436981463,9.07399981244694e-10,-0.18906183571211677,3.6761567542175606,3.4407465238018236,3.4407465238018236,0.0,17.72518730290949,17.72518730290949,0.0,0.0,10.507955092916122,3.531899022917448,True,0,ok
25.2,0.20999999999999996,0.13376313259810801,-0.11055846363417202,0.15592711526904005,2.1946666481347394e-08,-0.13092474086323042,0.2808663106633524,3.777777581350924,4.23218724966291,0.4544096683119858,15.467332298178441,21.467332298178444,6.000000000000002,6.0,5.975052260755972,3.3363198278366113,True,0,ok
25.2,0.24999999999999994,0.5814048992749252,0.4022767032869756,0.9139453958628863,3.019772043659831e-09,-0.13027754248623394,1.664988310003206,4.0921341590562115,4.092134159056209,-2.6645352591003757e-15,13.534061660041967,13.534061660041967,0.0,0.0,7.130766546562899,4.254689056701503,True,0,ok
25.2,0.29,0.9016525315057227,0.595901653012374,1.4374868753746344,2.5024224266705604e-09,-0.1321535689068763,1.2802707922407959,4.385835192159207,4.385835192159206,-8.881784197001252e-16,11.877857415476345,11.877857415476345,0.0,0.0,5.935455617217772,4.584914110869403,True,0,ok
25.2,0.32999999999999996,1.2095271288127865,0.7603213918573845,1.9465389922634573,8.197392712492905e-09,-0.14752951801020517,1.1365666558096892,4.661207638031568,5.296530963615254,0.6353233255836859,10.449783170481023,16.44978317048102,5.999999999999999,6.0,5.048078385911073,4.82813519121252,True,0,ok
25.2,0.36999999999999994,1.6503662000880057,0.9805635400837157,2.6793863509923836,8.846046626739292e-10,-0.17467028697800863,nan,4.920480771818524,4.920480771818523,-8.881784197001252e-16,9.207575261394119,9.207575261394119,0.0,0.0,4.148810274841613,5.185222792511777,True,0,ok
25.2,0.4099999999999999,2.075936679971912,1.168133310458518,3.3941149576708187,4.702162099130002e-10,-0.2097320215676577,nan,5.165590217807859,5.16559021780786,8.881784197001252e-16,8.11727517691236,8.11727517691236,0.0,0.0,3.47020987809651,5.457362337199886,True,0,ok
25.2,0.4499999999999999,2.5339405396435506,1.3509867243898894,4.168239031614178,4.502332941506196e-09,-0.25136073917284407,nan,5.398255331771953,5.398255331771958,5.329070518200751e-15,7.151606252956265,7.151606252956265,0.0,0.0,2.895838208508446,5.712185208833523,True,0,ok
25.2,0.48999999999999994,3.0229313575245715,1.5281631184877433,4.999026715222252,5.540786291583232e-10,-0.2979787923730132,nan,5.619769877955801,5.619769877955802,8.881784197001252e-16,6.2905673057180715,6.2905673057180715,0.0,0.0,2.405135151050734,5.9502803356824865,True,0,ok
25.2,0.5299999999999999,3.5392955977636222,1.6988435920369689,5.879826819980777,5.902798643002751e-10,-0.34843507555431125,nan,5.83133643899334,5.831336438993338,-1.7763568394002505e-15,5.517243134609713,5.517243134609713,0.0,0.0,1.9869917870035798,6.1729650768265385,True,0,ok
25.2,0.57,4.08104232233779,1.8625505416179933,6.80693272912338,1.0630923539245301e-09,-0.40161126882115655,nan,6.034162975591914,6.034162975591912,-1.7763568394002505e-15,4.816665605549477,4.816665605549477,0.0,0.0,1.6277177954301083,6.38085273173304,True,0,ok
25.2,0.61,4.644708632355647,2.018934112028636,7.774021188225717,5.23723686694018e-10,-0.4565681271638907,nan,6.228904080165282,6.228904080165282,0.0,4.179823425681224,4.179823425681224,0.0,0.0,1.3190946949608706,6.574462013315643,True,0,ok
25.2,0.6499999999999999,5.229492072186683,2.165597580042571,8.780162476352432,1.2990395562156166e-10,-0.5115623220650551,nan,6.416402815990581,6.41640281599058,-8.881784197001252e-16,3.5971677399642927,3.5971677399642927,0.0,0.0,1.0470143075436575,6.7528132308409585,True,0,ok
25.2,0.69,5.825134027873245,2.306611615958806,9.80580198609446,3.034804962773953e-10,-0.5677583911226496,nan,6.597216998104304,6.5972169981043,-3.552713678800501e-15,3.062103432172187,3.062103432172187,0.0,0.0,0.8207870150159404,6.9198313321658995,True,0,ok
25.2,0.73,6.43036845402417,2.4400220584134,10.849248398077842,2.0231631690214166e-10,-0.6237122050986479,nan,6.772126886535835,6.772126886535837,1.7763568394002505e-15,2.5671907880298175,2.5671907880298175,0.0,0.0,0.6275508226913683,7.074377331674342,True,0,ok
25.2,0.7699999999999999,7.039626716948475,2.565881168145933,11.900602416144084,5.2624233749325684e-11,-0.6789321805187819,nan,6.941398604217982,6.941398604217985,3.552713678800501e-15,2.1089684362527854,2.1089684362527854,0.0,0.0,0.4639677949896482,7.216847022964762,True,0,ok
25.2,0.8099999999999999,7.646920532120455,2.684330801887759,12.94925541060043,9.495107364181033e-09,-0.7330302386452197,nan,7.105505538420196,7.105505538420192,-4.440892098500626e-15,1.6829423634600875,1.6829423634600875,0.0,0.0,0.3270650316923664,7.347720306974984,True,0,ok
25.2,0.85,8.246051103457107,2.7955957252499934,13.984255660423647,7.858297565933392e-11,-0.7856936854472385,nan,7.264911396612799,7.2649113966128,8.881784197001252e-16,1.2850572383618242,1.2850572383618242,0.0,0.0,0.2142253693177759,7.467424872535368,True,0,ok
25.8,0.05,0.4982651535975549,0.04904472819276392,-0.5757672841508349,4.893398198917668e-10,-0.6410079086929072,7.586607949494398,2.433141621684593,2.7665310809575185,0.3333894592729254,25.551851260172135,33.051851260172135,7.500000000000001,7.5,39.65570036219586,4.043828937308725,True,0,ok
25.8,0.09,0.35552456598388255,-0.22515687740998044,-0.4410506360904497,6.718480851848242e-11,-0.36602167697184396,0.892271043740036,2.863402395038309,3.094697197247446,0.231294802209137,22.56841793369659,27.06841793369659,4.5,4.5,16.061530263623812,2.975854179065455,True,0,ok
25.8,0.13,0.1555247784294397,-0.014646644218443864,-0.10790364104443387,1.1902536734197978e-09,-0.24638618098235796,2.402545100175924,3.269206715273739,3.5418003439152894,0.27259362864155046,19.808140575717495,24.308140575717495,4.5,4.5,12.92252249154712,3.4092642583962784,True,0,ok
25.8,0.16999999999999998,0.19973545810765955,0.1415729591665035,0.262494884275363,6.432499609468763e-10,-0.17531769060346758,11.792440777264268,3.663185270602094,3.6631852706020926,-1.3322676295501878e-15,17.1105787788834,17.1105787788834,0.0,0.0,9.836332135474454,3.7531376661350917,True,0,ok
25.8,0.20999999999999996,0.48424028255005275,0.36135142880350296,0.7425433004193421,1.7378427162357934e-09,-0.14669882629551698,1.9513602099510303,4.027866888187246,4.027866888187248,1.7763568394002505e-15,14.82889963568611,14.82889963568611,0.0,0.0,8.0180573008401,4.157627300505535,True,0,ok
25.8,0.24999999999999994,0.8288975959313807,0.5856157711895082,1.302831126588423,1.2450864327430251e-09,-0.14456451068268858,1.3428008589945701,4.365144941048642,4.365144941048641,-8.881784197001252e-16,12.915044865725616,12.915044865725616,0.0,0.0,6.606201416685183,4.536480096713092,True,0,ok
25.8,0.29,1.2195798252819634,0.8113802983742671,1.943597822746865,8.241078775182157e-10,-0.1619085097457348,nan,4.678455534783782,4.678455534783781,-8.881784197001252e-16,11.297863967583186,11.297863967583186,0.0,0.0,5.482687259442144,4.890439628735591,True,0,ok
25.8,0.32999999999999996,1.6543467428731997,1.036367691572387,2.6643653124541036,3.531806053691611e-09,-0.19413636089553435,nan,4.9710980684539825,4.971098068453983,8.881784197001252e-16,9.915998258305256,9.915998258305256,0.0,0.0,4.569792630235495,5.220975892836854,True,0,ok
25.8,0.36999999999999994,1.9361562684632674,1.1117713490008683,3.1572557319922234,9.081353533083567e-10,-0.20446026037314297,nan,5.245904634904566,6.025758286437882,0.7798536515333163,8.72134729257572,14.721347292575722,6.000000000000002,6.0,3.7340072911490694,5.350194092043696,True,0,ok
25.8,0.4099999999999999,2.649191434323666,1.4754337112621725,4.335100451847829,5.215369919922778e-10,-0.2909384868688426,nan,5.50505166214415,5.505051662144152,1.7763568394002505e-15,7.678902170663852,7.678902170663852,0.0,0.0,3.1881560574610575,5.818073508137727,True,0,ok
25.8,0.4499999999999999,3.0528805597756494,1.6139452998695607,5.024303695102654,6.146713632698515e-10,-0.3343532341327207,nan,5.750657327453902,6.671782201109329,0.921124873655427,6.758940639556917,12.758940639556917,6.0,6.0,2.746921929802988,5.9727889253903985,True,0,ok
25.8,0.48999999999999994,3.7993408191501086,1.8911550126606738,6.289266529432653,5.926454748906446e-10,-0.4166907966672833,nan,5.984305013965851,5.984305013965851,0.0,5.9401474046196086,5.9401474046196086,0.0,0.0,2.205096428152774,6.338513252929019,True,0,ok
25.8,0.5299999999999999,4.4250735864515915,2.0876760414236157,7.358591055037076,1.1283443462139304e-10,-0.4863899334164015,nan,6.207181227907262,6.207181227907268,5.329070518200751e-15,5.206856043812289,5.206856043812289,0.0,0.0,1.820194108489219,6.572860056614829,True,0,ok
25.8,0.57,5.080583594955887,2.275986533724861,8.482006703144227,3.1908218680392575e-09,-0.5589602688243058,nan,6.420667079863581,6.420667079863585,3.552713678800501e-15,4.543811120629102,4.543811120629102,0.0,0.0,1.4899976921277633,6.791267950825183,True,0,ok
25.8,0.61,5.763890614962574,2.4539120942577184,9.656377877377226,7.710978763093146e-11,-0.6324450859294629,nan,6.625582209831926,6.625582209831925,-8.881784197001252e-16,3.941439104942849,3.941439104942849,0.0,0.0,1.201092393698578,6.993077439628995,True,0,ok
25.8,0.6499999999999999,6.4654361436366905,2.6246717455986732,10.863517128089777,2.610797527735766e-09,-0.7075926920814826,nan,6.822810446149172,6.822810446149172,0.0,3.390705954322686,3.390705954322686,0.0,0.0,0.9586916557234774,7.181872307271168,True,0,ok
25.8,0.69,7.182589198930728,2.786547088487964,12.099221676936926,4.932922663318264e-09,-0.782785371457545,nan,7.012966144389401,7.012966144389401,0.0,2.8851923055604782,2.8851923055604782,0.0,0.0,0.7511441024707938,7.356761142636665,True,0,ok
25.8,0.73,7.909533767703098,2.9395437236731228,13.353134812195412,6.302425419171195e-10,-0.8573486171071955,nan,7.196824688944451,7.196824688944452,8.881784197001252e-16,2.4181013299636476,2.4181013299636476,0.0,0.0,0.5741885861255128,7.518445388991227,True,0,ok
25.8,0.7699999999999999,8.639577965435794,3.0838175117896522,14.613375943391308,8.66449097707672e-09,-0.9307176551579808,nan,7.374645634915527,7.374645634915526,-1.7763568394002505e-15,1.9862364251161073,1.9862364251161073,0.0,0.0,0.4246758271470054,7.667390241889821,True,0,ok
25.8,0.8099999999999999,9.366089024061711,3.2196139739801204,15.868208542659552,5.050067623233305e-11,-1.002454151154132,nan,7.547085756570987,7.547085756570989,1.7763568394002505e-15,1.5844372257444488,1.5844372257444488,0.0,0.0,0.29956248044625694,7.804205054837264,True,0,ok
25.8,0.85,10.0812506985183,3.3471889923731473,17.103847446538094,3.114926397690202e-08,-1.072182500330739,nan,7.714455657222044,7.714455657222045,8.881784197001252e-16,1.2098338625507632,1.2098338625507632,0.0,0.0,0.19664113310321327,7.929324853832284,True,0,ok
26.4,0.05,0.4735106905580346,0.18680946583830552,-0.4957059159495654,9.114855655842856e-12,-0.6261110050015489,4.732466593844857,2.5367281655425753,2.8843220001367205,0.34759383459414517,25.67758497368791,33.17758497368791,7.499999999999998,7.5,39.17804666664646,4.245565252281822,True,0,ok
26.4,0.09,0.2969714128872569,-0.1660233433708432,-0.3551545002095191,1.7652539610595862e-10,-0.3329828684086535,1.0952163176543206,3.0168563788496483,3.1783148454958594,0.1614584666462111,22.454707221308215,25.454707221308215,3.000000000000001,3.0,15.249383034984666,3.0966639515890306,True,0,ok
26.4,0.13,0.1293196784707613,0.03703038020172545,0.026949506494876926,4.624022963466231e-08,-0.21925604384176392,4.166341584656712,3.484773292733428,3.484773292733429,1.3322676295501878e-15,19.184394561274438,19.184394561274438,0.0,0.0,11.46270598979405,3.534054699744607,True,0,ok
26.4,0.16999999999999998,0.3459719457974026,0.2769439149763404,0.5041418499848878,2.8848157085907296e-10,-0.16802626249463226,2.9153155258449375,3.9160366607407777,4.26797337508546,0.3519367143446823,16.408644477133784,20.908644477133784,4.5,4.5,9.176313229902608,3.980418553730199,True,0,ok
26.4,0.20999999999999996,0.7226486486262558,0.5469267270540217,1.1148736026513173,1.9968214968834243e-10,-0.1568158583476473,1.459389143341688,4.310282351521229,4.310282351521228,-8.881784197001252e-16,14.132055410052537,14.132055410052537,0.0,0.0,7.404597749217916,4.445613151688927,True,0,ok
26.4,0.24999999999999994,1.1489076671055782,0.8109505639826236,1.8089221189473226,7.033275056439616e-10,-0.17356967753999866,1.1438497237731045,4.672125529903073,4.672125529903077,4.440892098500626e-15,12.257578754385811,12.257578754385811,0.0,0.0,6.078869345126608,4.854344626603255,True,0,ok
26.4,0.29,1.6308764766995,1.0761623219878997,2.6031685089029657,8.653476585835131e-10,-0.211335320627781,nan,5.006573392915363,5.006573392915364,8.881784197001252e-16,10.692623319936065,10.692623319936065,0.0,0.0,5.031613179708608,5.2339091171850205,True,0,ok
26.4,0.32999999999999996,2.1666541446994434,1.3395299531796945,3.4954770513702464,2.689153189476338e-09,-0.2654623063792664,nan,5.318023070991996,5.318023070991994,-1.7763568394002505e-15,9.36488299295042,9.36488299295042,0.0,0.0,4.185963633725536,5.587109121225946,True,0,ok
26.4,0.36999999999999994,2.75413212962483,1.598595183596507,4.482148949109463,4.7926170495047746e-11,-0.3325140587620183,nan,5.609587028731888,5.60958702873189,1.7763568394002505e-15,8.225343373482872,8.225343373482872,0.0,0.0,3.4914125765832087,5.915645447048236,True,0,ok
26.4,0.4099999999999999,3.3921044194672465,1.8518916381968462,5.560719819906479,9.6198040036687e-10,-0.40988976882027134,nan,5.884231567495397,5.8842315674954,2.6645352591003757e-15,7.233601503001353,7.233601503001353,0.0,0.0,2.9111303562659643,6.221438770798927,True,0,ok
26.4,0.4499999999999999,4.076368386724258,2.097696050858791,6.7234340846133405,5.112142227362519e-10,-0.4954221037920967,nan,6.144067467741532,6.144067467741528,-4.440892098500626e-15,6.361966802143048,6.361966802143048,0.0,0.0,2.4242227013647524,6.506566365432158,True,0,ok
26.4,0.48999999999999994,3.821391133353312,1.8873903203311173,6.330133505993823,7.58703360882568e-09,-0.4198311055992469,nan,6.3911032671563275,7.514333899165487,1.1232306320091592,5.587248787879536,11.587248787879535,6.0,6.0,2.1818904628596534,6.311189360440268,True,0,ok
26.4,0.5299999999999999,5.573683013366482,2.561634209942409,9.282763127371508,2.7656564345693736e-09,-0.6827634261110327,nan,6.626527722845769,6.626527722845768,-8.881784197001252e-16,4.894931925968918,4.894931925968918,0.0,0.0,1.652968937214516,7.0181006336018195,True,0,ok
26.4,0.57,5.497619379705419,3.181894958157958,8.91950304279615,5.806811720764167e-09,-0.9947192956492729,nan,6.851872516265993,8.136912841711567,1.285040325445574,4.269936950344019,10.269936950344018,6.0,6.0,3.116221736020456,7.225373994878397,True,0,ok
26.4,0.61,7.207224980264827,2.9876616985254656,12.088248681849239,4.496894251140863e-10,-0.8834008882687561,nan,7.068181873780688,7.0681818737806905,2.6645352591003757e-15,3.7020392552628825,3.7020392552628825,0.0,0.0,1.0940865768184938,7.462243311382268,True,0,ok
26.4,0.6499999999999999,8.062302105752115,3.185151168679641,13.560464841844341,4.093423326722442e-09,-0.9852669886925081,nan,7.276065200603134,7.276065200603138,3.552713678800501e-15,3.184606095271529,3.184606095271529,0.0,0.0,0.8729822801113296,7.6604962728730746,True,0,ok
26.4,0.69,8.934861863354724,3.3722366503263155,15.064595677845881,2.637199434442382e-11,-1.0868516867149305,nan,7.4766824603302835,7.476682460330287,3.552713678800501e-15,2.708565287740754,2.708565287740754,0.0,0.0,0.6836698767556688,7.844120576164871,True,0,ok
26.4,0.73,9.817111447632941,3.548954060438973,16.586810956469673,7.590015785473943e-10,-1.1872905697294978,nan,7.6703786118183235,7.670378611818325,1.7763568394002505e-15,2.2701516927721825,2.2701516927721825,0.0,0.0,0.5226488252141614,8.013660069581912,True,0,ok
26.4,0.7699999999999999,10.701616653281,3.7155826343811875,18.113933841485782,3.8825990698041633e-10,-1.2859406886418816,nan,7.857815913972031,7.857815913972027,-3.552713678800501e-15,1.8642496811299485,1.8642496811299485,0.0,0.0,0.3865967148674752,8.169829132822102,True,0,ok
26.4,0.8099999999999999,11.579909683369902,3.872407686082439,19.63101542022034,1.285020423608813e-09,-1.3822507402251325,nan,8.039468954521233,8.039468954521238,5.329070518200751e-15,1.487125501991202,1.487125501991202,0.0,0.0,0.2729228185886942,8.313223707058517,True,0,ok
26.4,0.85,12.442689088891054,4.0197644146372635,21.121674038319846,4.827581217764503e-10,-1.4757761206249325,nan,8.21569005259251,8.215690052592517,7.105427357601002e-15,1.1359036104799412,1.1359036104799412,0.0,0.0,0.17954341505378074,8.444364189244105,True,0,ok
27.0,0.05,0.4634659901675324,0.3390546694250132,-0.39559010229723,3.4619583171781455e-10,-0.6106984314958374,3.3428451666478325,2.6610660350505464,2.94943429660313,0.28836826155258377,25.62858934148934,31.62858934148934,5.999999999999999,6.0,38.279135703849576,4.452425180403731,True,0,ok
27.0,0.09,0.2249664916340283,-0.08176512194061293,-0.23488172135385404,8.530767694104614e-10,-0.2999580118654228,1.6181836182435423,3.2115134065550723,3.3860032048719324,0.17448979831686007,21.92803529082456,24.928035290824564,3.000000000000001,3.0,14.260249361122753,3.267755490207354,True,0,ok
27.0,0.13,0.2074737203450118,0.1702153750402221,0.24377674033038169,4.2062784605672745e-09,-0.20183077286482032,9.360213303504896,3.7334626117931475,3.7334626117931498,2.220446049250313e-15,18.437420583404425,18.437420583404425,0.0,0.0,10.637559663143552,3.7762065608198827,True,0,ok
27.0,0.16999999999999998,0.5751744597176233,0.4691910164383019,0.8620578256972435,4.1421910185152367e-10,-0.17085980388058888,1.7153918153502132,4.204712202751343,4.2047122027513435,8.881784197001252e-16,15.627252461416827,15.627252461416827,0.0,0.0,8.408695751976337,4.29499609642442,True,0,ok
27.0,0.20999999999999996,1.0362314107976218,0.7780000675539228,1.6071026847310592,3.956989460344621e-10,-0.18238274531106938,1.2151963194892113,4.630754975033715,4.630754975033716,8.881784197001252e-16,13.384747045630826,13.384747045630826,0.0,0.0,6.785641990092993,4.773661668565435,True,0,ok
27.0,0.24999999999999994,1.5694749923078575,1.0914849028272051,2.4795166616323283,1.2520489488800282e-09,-0.22452858621389502,nan,5.019293171930878,5.0192931719308795,1.7763568394002505e-15,11.566921744101887,11.566921744101887,0.0,0.0,5.552299569535599,5.21490570153923,True,0,ok
27.0,0.29,2.1715608691853583,1.4051481423086358,3.476837404702071,2.197760110044775e-09,-0.29015544999596576,nan,5.37691527657169,5.3769152765716886,-1.7763568394002505e-15,10.064578457346578,10.064578457346578,0.0,0.0,4.58612655285194,5.622816446627079,True,0,ok
27.0,0.32999999999999996,2.8311006086831214,1.7394973023591975,4.568335180871445,1.189545120520813e-09,-0.387110810692695,nan,5.708794292297041,6.3677908795413085,0.6589965872442676,8.800367327590797,13.300367327590797,4.5,4.5,3.9581022523462237,5.983614251781268,True,0,ok
27.0,0.36999999999999994,3.574496332621195,2.020830945506366,5.832896886500578,3.975548212684716e-09,-0.4739496776059872,nan,6.018940875482828,6.018940875482829,8.881784197001252e-16,7.719879719839422,7.719879719839422,0.0,0.0,3.17184858620388,6.350566447670377,True,0,ok
27.0,0.4099999999999999,4.3692397851685225,2.3182540376900365,7.180076842903645,3.3745003937504616e-10,-0.5856309824719758,nan,6.310572562085874,6.310572562085873,-1.7763568394002505e-15,6.783431201953717,6.783431201953717,0.0,0.0,2.6434458855104097,6.676093820493501,True,0,ok
27.0,0.4499999999999999,5.221471359169029,2.6064899654200793,8.631205678151744,7.923286846257706e-10,-0.7069569049616219,nan,6.586284689306523,6.586284689306522,-8.881784197001252e-16,5.961730975949465,5.961730975949465,0.0,0.0,2.1992108558074115,6.978714474973874,True,0,ok
27.0,0.48999999999999994,6.128781705074623,2.883258311896133,10.182116865339042,1.1441903911605588e-09,-0.8349929417859173,nan,6.848208633627782,6.848208633627783,8.881784197001252e-16,5.2327275192097575,5.2327275192097575,0.0,0.0,1.8180763630699788,7.258954272865063,True,0,ok
27.0,0.5299999999999999,7.080909067270611,3.149836507783318,11.813440441193611,4.148626502545811e-10,-0.9690070038302766,nan,7.097672850148715,7.097672850148713,-1.7763568394002505e-15,4.582156486599906,4.582156486599906,0.0,0.0,1.4985619813649154,7.520695819031029,True,0,ok
27.0,0.57,8.075188844204021,3.404768292647616,13.52068815895669,1.1416590593869383e-10,-1.1066025439610172,nan,7.336391432797064,7.336391432797056,-7.993605777301127e-15,3.995215211808582,3.995215211808582,0.0,0.0,1.2248583127102537,7.763865237400231,True,0,ok
27.0,0.61,9.103038254945035,3.647290815697467,15.288583460719606,1.7074309578507415e-09,-1.245954205947454,nan,7.5651022237739145,7.565102223773918,3.552713678800501e-15,3.4642118315142505,3.4642118315142505,0.0,0.0,0.9907926238528241,7.989284631530612,True,0,ok
27.0,0.6499999999999999,8.659974766671365,5.505725711456362,13.711556979031569,1.4982351009383155e-09,-2.581797528686808,nan,7.785338748220383,9.442349598812498,1.6570108505921155,2.978117630354223,8.978117630354223,6.0,6.0,4.440108603072614,8.431452391304248,True,0,ok
27.0,0.69,11.232764307410923,4.095548298279893,18.958539466529118,3.05242266919139e-09,-1.5248761884326667,nan,7.99739158469404,7.997391584694045,4.440892098500626e-15,2.5332789548565784,2.5332789548565784,0.0,0.0,0.6186277839849441,8.391537619102476,True,0,ok
27.0,0.73,12.31687744250088,4.301411394538032,20.82910353993893,5.079631694507878e-10,-1.662141852611563,nan,8.20223598700015,8.202235987000154,3.552713678800501e-15,2.1230560022643234,2.1230560022643234,0.0,0.0,0.4728780923967964,8.569907843391894,True,0,ok
27.0,0.7699999999999999,13.401734946706803,4.4954896616296605,22.70201881240472,4.1055039451292617e-10,-1.796778586456932,nan,8.40053791009728,8.400537910097288,8.881784197001252e-15,1.7428904017568247,1.7428904017568247,0.0,0.0,0.3497552746642366,8.734179598319606,True,0,ok
27.0,0.8099999999999999,14.47624386872657,4.67811696761297,24.55774165670484,4.4656765795356634e-10,-1.9280705382340622,nan,8.592482017414266,8.592482017414264,-1.7763568394002505e-15,1.3906746251643098,1.3906746251643098,0.0,0.0,0.247126457554335,8.884925308648159,True,0,ok
27.0,0.85,15.530099371060343,4.849766257119564,26.37814690102933,5.050367983841412e-09,-2.0555030391726503,nan,8.7788499018061,8.778849901806101,1.7763568394002505e-15,1.0619374609040295,1.0619374609040295,0.0,0.0,0.1627882769992843,9.022848798793571,True,0,ok
27.6,0.05,0.44445669980048996,-0.2899028167533094,-0.5476098582016443,6.124734747281647e-10,-0.4568425046244062,0.833569404340732,2.8148825543395604,2.9638568406421784,0.148974286302618,25.320462457943417,28.320462457943417,3.000000000000001,3.0,18.003711622756867,2.836522205490368,True,0,ok
27.6,0.09,0.16156638204190316,0.019405712916082573,-0.07765762647763066,1.1346523117654118e-09,-0.26814883698127423,3.257302903446633,3.44327453675049,3.537168211705355,0.09389367495486489,21.207693411546483,22.707693411546483,1.499999999999999,1.5,13.115058589487242,3.4672135277982936,True,0,ok
27.6,0.13,0.3830637460453046,0.3399428087318284,0.5361957140785667,4.089452019787854e-10,-0.19273438613303104,2.5377158588333275,4.023692230241606,4.023692230241605,-8.881784197001252e-16,17.570159312708185,17.570159312708185,0.0,0.0,9.76810366054075,4.060297490721624,True,0,ok
27.6,0.16999999999999998,0.8719277259531808,0.7007588996257201,1.3243696171428403,2.674554154827687e-09,-0.18909246320763876,1.3305017223609654,4.538558847744643,4.538558847744645,2.6645352591003757e-15,14.769449681665007,14.769449681665007,0.0,0.0,7.668027047422653,4.631344756478115,True,0,ok
27.6,0.20999999999999996,1.459079389953803,1.0721903980374603,2.276683012267556,1.9054649096240997e-09,-0.23207802690579513,nan,4.999479403156063,4.999479403156061,-1.7763568394002505e-15,12.588187897175429,12.588187897175429,0.0,0.0,6.161509668801735,5.1523653169107675,True,0,ok
27.6,0.24999999999999994,2.136424658595823,1.4477234442058022,3.391319381873846,1.2116172849580423e-08,-0.3098074317903299,nan,5.417461722300385,5.417461722300386,8.881784197001252e-16,10.8443256886497,10.8443256886497,0.0,0.0,5.029665437593814,5.630031219592811,True,0,ok
27.6,0.29,2.4150110368179987,1.4037186859564432,3.9300769657111227,1.2617327963936514e-09,-0.2844359649232261,nan,5.80062536074815,6.478897193249514,0.6782718325013644,9.417063623135077,13.917063623135077,4.5,4.5,3.613933009995905,5.679939050932806,True,0,ok
27.6,0.32999999999999996,3.751780020555432,2.1927540202533677,6.092984401679361,1.489950547944224e-09,-0.543075368131769,nan,6.155456915064402,6.155456915064402,0.0,8.222219132029498,8.222219132029498,0.0,0.0,3.4384345625854698,6.4738314553952705,True,0,ok
27.6,0.36999999999999994,4.68304986592747,2.5556681747959207,7.667187286098802,3.4039031467643746e-09,-0.6896864798660698,nan,6.4864879209784565,6.486487920978451,-5.329070518200751e-15,7.2052088047962775,7.2052088047962775,0.0,0.0,2.8611312380873906,6.848736532448871,True,0,ok
27.6,0.4099999999999999,5.690740420675213,2.9086474618434917,9.379154071512238,1.0878586750774662e-08,-0.8513627030043791,nan,6.797418492876089,6.797418492876094,5.329070518200751e-15,6.326066416862763,6.326066416862763,0.0,0.0,2.3821069087162496,7.196131455229049,True,0,ok
27.6,0.4499999999999999,6.771194756930024,3.2491296540807233,11.222347265022268,1.641627063247325e-09,-1.0243601237115891,nan,7.091025811050368,7.091025811050368,0.0,5.556817168192144,5.556817168192144,0.0,0.0,1.9764933320098543,7.517181801777783,True,0,ok
27.6,0.48999999999999994,7.9151724233501675,3.5780321008222287,13.179153068918941,8.337121651909988e-10,-1.2072589389103965,nan,7.36971740272657,7.369717402726569,-8.881784197001252e-16,4.875640716431018,4.875640716431018,0.0,0.0,1.6372614723017895,7.816670990194119,True,0,ok
27.6,0.5299999999999999,9.117182096509532,3.893299379987752,15.240094025021538,3.900920151352087e-10,-1.3967040448970207,nan,7.635193184136184,7.635193184136183,-8.881784197001252e-16,4.267524361351724,4.267524361351724,0.0,0.0,1.348329706698854,8.094515922891032,True,0,ok
27.6,0.57,10.367970160120727,4.194030166144148,17.388672252361474,7.19812588561434e-09,-1.5901584791738113,nan,7.888801527976367,7.888801527976371,4.440892098500626e-15,3.7210266701054917,3.7210266701054917,0.0,0.0,1.101742746766366,8.352081116397626,True,0,ok
27.6,0.61,11.660193836036619,4.4802221401124696,19.61171231901312,1.2696385436604556e-08,-1.7856960473031693,nan,8.132174844544341,8.132174844544329,-1.2434497875801753e-14,3.2246966672300985,3.2246966672300985,0.0,0.0,0.8904645772584052,8.590918560940217,True,0,ok
27.6,0.6499999999999999,12.982798822677882,4.7515907460357125,21.88963097800827,2.2156897882613786e-10,-1.9813219928086014,nan,8.365957478928822,8.365957478928816,-5.329070518200751e-15,2.7729243404440505,2.7729243404440505,0.0,0.0,0.7099338382960225,8.811881376589549,True,0,ok
27.6,0.69,14.326343737427466,5.008381907150054,24.205692011827672,6.490836645550771e-10,-2.1755366118398447,nan,8.591315543760446,8.591315543760453,7.105427357601002e-15,2.3583273610127273,2.3583273610127273,0.0,0.0,0.5557652469784499,9.016150987003638,True,0,ok
27.6,0.73,15.679578036609579,5.250848032952131,26.54003522345553,2.5763388085362668e-09,-2.3669870069290653,nan,8.808973575238245,8.808973575238246,1.7763568394002505e-15,1.9761420895097268,1.9761420895097268,0.0,0.0,0.42473749887806744,9.204609052542029,True,0,ok
27.6,0.7699999999999999,17.03095099852508,5.479396570954058,28.8723084224991,9.930697777308771e-09,-2.554583198252028,nan,9.019703889000908,9.019703889000898,-1.0658141036401503e-14,1.621864482275101,1.621864482275101,0.0,0.0,0.3141156598933485,9.378118059169989,True,0,ok
27.6,0.8099999999999999,18.366095286110923,5.694433995916718,31.177244354581763,4.3150746489544977e-10,-2.7373754028932877,nan,9.223472266056584,9.223472266056584,0.0,1.294394243168489,1.294394243168489,0.0,0.0,0.2220968889167208,9.537268557159129,True,0,ok
27.6,0.85,19.673589684258857,5.896603104113153,33.434782682597124,4.126585177228204e-09,-2.914750760150275,nan,9.421565172595264,9.421565172595258,-5.329070518200751e-15,0.9878629980296113,0.9878629980296113,0.0,0.0,0.14642026084878768,9.682956257577375,True,0,ok
28.2,0.05,0.37818582083436725,-0.22298346748775685,-0.45726775552998145,1.2142740582406889e-09,-0.41262345815549806,0.9896836033660675,2.9977632624959023,3.0766380091137413,0.078874746617839,24.866732702654566,26.366732702654563,1.499999999999999,1.5,16.774695134303716,2.9816909118927755,True,0,ok
28.2,0.09,0.17742934327536153,0.14134832448462237,0.13041791823117577,2.6067618516972005e-09,-0.2396984216364691,206.37890313566248,3.718950438015758,3.718950438015758,0.0,20.309164676112353,20.309164676112353,0.0,0.0,11.835149045515024,3.6968508329625065,True,0,ok
28.2,0.13,0.6416949134323867,0.5595576442082785,0.9397754569489976,3.231567833393725e-10,-0.19757130130507172,1.6095686623875298,4.363756409990761,4.363756409990763,1.7763568394002505e-15,16.5919311974484,16.5919311974484,0.0,0.0,8.867965807063102,4.394947049492814,True,0,ok
28.2,0.16999999999999998,1.2797947893784387,0.9998012221234929,1.964727851779836,8.460361734236413e-11,-0.23209070089421177,nan,4.9263963187914745,4.926396318791476,1.7763568394002505e-15,13.846351973377322,13.846351973377322,0.0,0.0,6.922440652359716,5.024041130957439,True,0,ok
28.2,0.20999999999999996,2.039935887302874,1.4514757374227891,3.2054250988171207,3.127611761588144e-09,-0.32013027420835666,nan,5.425933172472043,5.42593317247204,-3.552713678800501e-15,11.751680799282864,11.751680799282864,0.0,0.0,5.543920388304868,5.592564486301475,True,0,ok
28.2,0.24999999999999994,2.9166996019676668,1.9064176348654824,4.6566763383062435,2.420870072601765e-10,-0.4498299524127946,nan,5.876523785561881,5.876523785561882,8.881784197001252e-16,10.09863367855303,10.09863367855303,0.0,0.0,4.516139578949382,6.110261281169026,True,0,ok
28.2,0.29,3.870479745048478,2.396301460210196,6.22884922328445,3.889303878107503e-09,-0.6332590590546435,nan,6.288568872722781,7.07526307319753,0.7866942004747495,8.753945400601985,13.253945400601985,4.5,4.5,3.902598382241411,6.573088203011007,True,0,ok
28.2,0.32999999999999996,4.906501517301205,3.1469577323769364,7.832771873099119,1.1432441279794185e-09,-0.9826562127506303,nan,6.669197924234833,7.547595307352595,0.878397383117762,7.63497928865222,12.13497928865222,4.5,4.5,4.157126207261929,7.128735078238945,True,0,ok
28.2,0.36999999999999994,4.390963557056265,2.2113955848553934,7.256388485292849,5.997364920969545e-10,-0.5442780502464243,nan,7.023860464608498,7.993441713828514,0.969581249220016,6.685359793338397,11.185359793338398,4.5,4.5,2.2936680149508613,6.592798791255929,True,0,ok
28.2,0.4099999999999999,7.514502871859365,3.665143787260405,12.425016665156772,2.142735018528793e-09,-1.260532475912816,nan,7.356671809223258,7.3566718092232595,1.7763568394002505e-15,5.866326287381269,5.866326287381269,0.0,0.0,2.126478932384384,7.793349713304468,True,0,ok
28.2,0.4499999999999999,8.906394215540374,4.075109028006367,14.8011677622181,3.190423523233988e-09,-1.5134374953627,nan,7.670879660698943,7.67087966069894,-2.6645352591003757e-15,5.150030110680793,5.150030110680793,0.0,0.0,1.7665400939332174,8.138394457368923,True,0,ok
28.2,0.48999999999999994,10.378359462258056,4.4688434886613315,17.32048259333934,8.544515711093506e-10,-1.7780202448797127,nan,7.9687290267737865,7.968729026773784,-2.6645352591003757e-15,4.517725249361373,4.517725249361373,0.0,0.0,1.4623853447288446,8.457891763131137,True,0,ok
28.2,0.5299999999999999,11.92184038961295,4.845753775898708,19.96754819186163,4.026746432035563e-10,-2.0509813200677045,nan,8.252484009614705,8.252484009614705,0.0,3.9530856433944193,3.9530856433944193,0.0,0.0,1.2035460817359314,8.754041459278875,True,0,ok
28.2,0.57,13.524431767432135,5.20498505511792,22.720366775635036,5.703993230154737e-09,-2.3289113448994003,nan,8.523388287985245,8.52338828798525,5.329070518200751e-15,3.4463660319219236,3.4463660319219236,0.0,0.0,0.9829339450536602,9.0281977024756,True,0,ok
28.2,0.61,15.176320092833839,5.5465877093814635,25.561485839937646,9.044382133492158e-10,-2.609191659740993,nan,8.783268703941015,8.783268703941012,-3.552713678800501e-15,2.986527865032241,2.986527865032241,0.0,0.0,0.7941255248198885,9.282152263025665,True,0,ok
28.2,0.6499999999999999,16.86403770269465,5.870396847072797,28.467144849943328,1.2058916706108117e-09,-2.8891880977088777,nan,9.033061818233485,9.033061818233486,1.7763568394002505e-15,2.5673542352000567,2.5673542352000567,0.0,0.0,0.6327615065954963,9.517016418368021,True,0,ok
28.2,0.69,18.573802817888776,6.1765941231328405,31.413055552568352,1.0247197526062357e-09,-3.166714266045239,nan,9.273644867292802,9.2736448672928,-1.7763568394002505e-15,2.1834475384477776,2.1834475384477776,0.0,0.0,0.49522539838030427,9.733889907961235,True,0,ok
28.2,0.73,20.29189734577577,6.46561980517908,34.37506954809395,9.825906761972319e-10,-3.440006943755405,nan,9.505954211175066,9.505954211175059,-7.105427357601002e-15,1.8297216873563815,1.8297216873563815,0.0,0.0,0.3784415151929149,9.933868044819883,True,0,ok
28.2,0.7699999999999999,22.00437187582789,6.738054778877341,37.328663953552514,1.1051507054096465e-09,-3.707642133320557,nan,9.730989970663385,9.730989970663382,-3.552713678800501e-15,1.5014064052461362,1.5014064052461362,0.0,0.0,0.27983759978924283,10.117973796228927,True,0,ok
28.2,0.8099999999999999,23.69276621451429,6.994399782029682,40.24142524861564,3.3490645600919867e-10,-3.968321853896409,nan,9.948559749707357,9.948559749707359,1.7763568394002505e-15,1.1980759068039677,1.1980759068039677,0.0,0.0,0.19788651058145115,10.286834599468497,True,0,ok
28.2,0.85,25.34136045856289,7.235350747367218,43.08579121524583,2.8545203809853115e-10,-4.221130724256523,nan,10.159492294454644,10.15949229445464,-3.552713678800501e-15,0.9157724793822682,0.9157724793822682,0.0,0.0,0.1307336123419422,10.44131120475226,True,0,ok
28.799999999999997,0.05,0.3014936392859255,-0.14195920844162846,-0.3436175527531542,2.0876706827461695e-09,-0.3667012464775309,1.2884953820736276,3.2021570305088334,3.287624068033306,0.08546703752447282,24.528248820900874,26.028248820900874,1.499999999999999,1.5,15.663463955249068,3.138496718454295,True,0,ok
28.799999999999997,0.09,0.3409940268792319,0.32850036396318416,0.4372836438995466,1.0332148263093243e-10,-0.2229378943919878,3.009648143704661,4.047599213362306,4.0475992133623055,-8.881784197001252e-16,19.23657478358694,19.23657478358694,0.0,0.0,10.731186784586427,4.009188189018142,True,0,ok
28.799999999999997,0.13,1.007149273387442,0.8471984168766153,1.508152959758016,7.427118641920511e-10,-0.22534078430113488,1.2419463900587568,4.762621729666497,4.762621729666497,0.0,15.524048229024555,15.524048229024555,0.0,0.0,7.96176266120868,4.790168766026524,True,0,ok
28.799999999999997,0.16999999999999998,1.8501884185871555,1.3906636825181247,2.8698732064614965,2.545711936331928e-10,-0.3153947586464525,nan,5.3779868408058356,5.3779868408058356,0.0,12.875978728716449,12.875978728716449,0.0,0.0,6.183774651464441,5.482951803731992,True,0,ok
28.799999999999997,0.20999999999999996,2.8114582915514235,1.9229902056847124,4.449751812021339,1.0525056251363417e-09,-0.46336881169670935,nan,5.920550668094274,6.374259105702775,0.4537084376085012,10.890517370457525,13.890517370457523,2.9999999999999996,3.0,4.978711261231616,6.072306025937062,True,0,ok
28.799999999999997,0.24999999999999994,4.006348661908549,2.5258016991426975,6.426135093434794,1.2236026118246089e-09,-0.691087794612896,nan,6.408014104462993,6.931547207058006,0.5235331025950138,9.339078137531061,12.33907813753106,2.9999999999999996,3.0,4.1090964442587214,6.659928703098046,True,0,ok
28.799999999999997,0.29,5.322382442103909,3.058718595450388,8.646114738953683,2.241326187062524e-09,-0.9339191906914671,nan,6.852619258119424,6.852619258119419,-5.329070518200751e-15,8.085125413329441,8.085125413329441,0.0,0.0,3.302902438773579,7.181390094901454,True,0,ok
28.799999999999997,0.32999999999999996,6.775589089976152,3.6017983460850957,11.101752487116077,1.069073233919817e-09,-1.2263616667045079,nan,7.262754072704381,7.262754072704382,8.881784197001252e-16,7.045262299499633,7.045262299499633,0.0,0.0,2.729513908844138,7.650490104293678,True,0,ok
28.799999999999997,0.36999999999999994,8.343531185349592,4.36693432680715,13.669130788621823,8.603289983057752e-10,-1.7112235364229513,nan,7.644488225679911,8.787259762531027,1.1427715368511162,6.165151738028985,10.665151738028985,4.5,4.5,2.6559581455814443,8.162758313041547,True,0,ok
28.799999999999997,0.4099999999999999,9.642294041998362,5.004754775301012,15.784108287344607,7.236245233568932e-11,-2.1762027455070196,nan,8.002499957887538,9.25324902089253,1.2507490630049922,5.407138778814399,9.9071387788144,4.5,4.5,2.4769896380090977,8.580520692018062,True,0,ok
28.799999999999997,0.4499999999999999,11.249380539972288,6.312345908674841,18.136772917689957,3.0553358455346506e-09,-3.2950637111755205,nan,8.340064066949136,9.698159576202826,1.3580955092536904,4.746211641365934,9.246211641365933,4.499999999999999,4.5,3.45185853869204,9.05367383879779,True,0,ok
28.799999999999997,0.48999999999999994,13.83884931708991,5.625119773280414,23.14624579522248,5.246103311557448e-09,-2.6740576633189646,nan,8.660165403729474,8.660165403729476,1.7763568394002505e-15,4.162293522686002,4.162293522686002,0.0,0.0,1.2954572253129226,9.198803371377712,True,0,ok
28.799999999999997,0.5299999999999999,15.859190284537112,6.081681225353232,26.609933892268256,4.0154096997657694e-11,-3.07673872237605,nan,8.964941740977237,8.964941740977237,0.0,3.641579683676088,3.641579683676088,0.0,0.0,1.065592666864362,9.515927189605444,True,0,ok
28.799999999999997,0.57,17.953160869688237,6.516596399131261,30.20479600185167,4.232106269306025e-09,-3.486004230644232,nan,9.256062900225443,9.256062900225434,-8.881784197001252e-15,3.1737320897992696,3.1737320897992696,0.0,0.0,0.8696646614099959,9.809332878672215,True,0,ok
28.799999999999997,0.61,20.104864244461186,6.929653570664978,33.90285697296842,6.550094531194846e-10,-3.8978057065043976,nan,9.534994083841742,9.534994083841754,1.2434497875801753e-14,2.750387897219635,2.750387897219635,0.0,0.0,0.7023924279019995,10.0806554959494,True,0,ok
28.799999999999997,0.6499999999999999,22.29877548654209,7.321076229323169,37.67682000150877,1.2223945995956044e-09,-4.308740188962321,nan,9.803205514485455,9.803205514485459,3.552713678800501e-15,2.3641075215519427,2.3641075215519427,0.0,0.0,0.5594405543851636,10.331471168418462,True,0,ok
28.799999999999997,0.69,24.51643470356048,7.691085367456834,41.494294377476535,7.086167184535941e-10,-4.715660262110106,nan,10.061582898947572,10.06158289894757,-1.7763568394002505e-15,2.010158603441051,2.010158603441051,0.0,0.0,0.4376478473245932,10.562958960862487,True,0,ok
28.799999999999997,0.73,26.738564024655687,8.040170658286613,45.32146145655923,8.948046425830613e-10,-5.115975520766034,nan,10.310793859475263,10.310793859475256,-7.105427357601002e-15,1.6849102658013204,1.6849102658013204,0.0,0.0,0.33445088538481466,10.776215552756614,True,0,ok
28.799999999999997,0.7699999999999999,28.946007539668287,8.36906805698699,49.124722389164155,5.040708696361843e-08,-5.5076680641333065,nan,10.551554715336293,10.551554715336287,-5.329070518200751e-15,1.3848195298170818,1.3848195298170818,0.0,0.0,0.24764023455349887,10.972328183559283,True,0,ok
28.799999999999997,0.8099999999999999,31.119607614964096,8.678499631602719,52.8705335835815,6.168541960325191e-10,-5.888994571201952,nan,10.785205692570825,10.785205692570832,7.105427357601002e-15,1.1046995253611107,1.1046995253611107,0.0,0.0,0.17518672863578022,11.152327825108637,True,0,ok
28.799999999999997,0.85,33.247172564143646,8.970061812309954,56.53740785928006,1.2932229448470152e-10,-6.259628916045566,nan,11.013483868794163,11.013483868794165,1.7763568394002505e-15,0.8402619649875342,0.8402619649875342,0.0,0.0,0.11528088455720636,11.317600359497586,True,0,ok
29.4,0.05,0.21004731771993693,-0.01964059121585144,-0.17096421078135257,6.798101630891817e-09,-0.3205387852547979,2.4222491625802722,3.476795590206156,3.4767955902061565,4.440892098500626e-16,23.586860363120444,23.586860363120444,0.0,0.0,14.280881014453572,3.378102627676393,True,0,ok
29.4,0.09,0.6023751045174343,0.5537568965820904,0.8566244747021098,1.3824173806703465e-09,-0.21935156360572436,1.7078184029053296,4.441999460602745,4.578051428145233,0.13605196754248805,18.007789711380724,19.507789711380724,1.499999999999999,1.5,9.492818280593543,4.355861533805454,True,0,ok
29.4,0.13,1.5330483633753091,1.2321097314494716,2.3339373232778144,4.411113678086908e-10,-0.29215412716825523,nan,5.234967528946678,5.234967528946678,0.0,14.379333679905146,14.379333679905146,0.0,0.0,7.060054278957465,5.261238280210148,True,0,ok
29.4,0.16999999999999998,2.672307273226091,1.9132282320479632,4.18862687527713,7.208262840345543e-10,-0.4675907606144183,nan,5.909630323499753,5.909630323499751,-1.7763568394002505e-15,11.865932286531793,11.865932286531793,0.0,0.0,5.463386787040284,6.026820004527202,True,0,ok
29.4,0.20999999999999996,2.938292970796912,1.6605574904281646,4.797197811001357,4.347760363945182e-10,-0.3607474598806286,nan,6.5008842845737895,7.03841616455744,0.5375318799836508,10.009805668692506,13.009805668692508,3.000000000000001,3.0,3.214522715153214,5.966002289789008,True,0,ok
29.4,0.24999999999999994,5.065204348928646,2.9091182177392327,8.231940406987368,2.9903218709656808e-09,-0.860856329617981,nan,7.030626764768279,7.652317460891875,0.6216906961235962,8.569631070613038,11.56963107061304,3.000000000000001,3.0,3.2937991038545533,7.050992188944918,True,0,ok
29.4,0.29,7.370765072831764,3.9865517642565544,12.039854800233064,9.917099985131351e-11,-1.4607651066607876,nan,7.512914300448757,7.512914300448756,-8.881784197001252e-16,7.410992114951309,7.410992114951309,0.0,0.0,2.900783034619798,7.8801772907204946,True,0,ok
29.4,0.32999999999999996,9.33663176670625,4.662808044527594,15.365610602344976,6.654344886187833e-10,-1.916849028535438,nan,7.957075163569111,7.9570751635691135,2.6645352591003757e-15,6.454040467459869,6.454040467459869,0.0,0.0,2.4009294879216143,8.392901680092127,True,0,ok
29.4,0.36999999999999994,11.48192311877748,5.320761478412714,19.008854775535774,6.477515924778039e-09,-2.420043993191137,nan,8.370279951168056,8.37027995116806,3.552713678800501e-15,5.6450915319161235,5.6450915319161235,0.0,0.0,1.9934447815564185,8.863459800677164,True,0,ok
29.4,0.4099999999999999,13.793154876465547,5.957614492288412,22.945262935365964,1.3435923226700525e-09,-2.9622799878964514,nan,8.757575530623084,8.757575530623088,3.552713678800501e-15,4.949403377367428,4.949403377367428,0.0,0.0,1.656227447523169,9.296829200392567,True,0,ok
29.4,0.4499999999999999,16.25329997559944,6.5707414527671295,27.144740669802992,4.403627386187738e-09,-3.5352073518385603,nan,9.122643722874914,9.122643722874916,1.7763568394002505e-15,4.343257193980191,4.343257193980191,0.0,0.0,1.3741764678135382,9.696627549990884,True,0,ok
29.4,0.48999999999999994,17.088082722034898,7.153508791371515,28.42190028707794,9.291992008159012e-10,-4.126815889822572,nan,9.468545053210653,11.225805237541161,1.7572601843305087,3.8087472997859337,8.308747299785933,4.5,4.5,1.622802869365122,9.920574016366173,True,0,ok
29.4,0.5299999999999999,20.555373671394744,9.111550161449603,33.81017929667734,5.940534818562149e-10,-6.435960681508501,nan,9.797914552554174,11.683763468344285,1.8858489157901115,3.3319848604194138,7.831984860419413,4.499999999999999,4.5,2.1470473466167355,10.651057677064948,True,0,ok
29.4,0.57,24.34756946827687,8.254706449611364,41.006133735386484,6.786631713009607e-09,-5.363695977965837,nan,10.112600091204293,10.112600091204289,-3.552713678800501e-15,2.903401817896538,2.903401817896538,0.0,0.0,0.7619457310211001,10.723222614316404,True,0,ok
29.4,0.61,27.214401278532105,8.762009018268538,45.92655903864234,3.0136606669714593e-09,-5.987427133651839,nan,10.413970347337788,10.413970347337793,5.329070518200751e-15,2.5159980394367887,2.5159980394367887,0.0,0.0,0.6151246224511422,11.014866020215743,True,0,ok
29.4,0.6499999999999999,30.12940496018743,9.242428624286418,50.93368695784506,5.221192490093171e-12,-6.609097954344115,nan,10.70359194278455,10.703591942784541,-8.881784197001252e-15,2.162993121560262,2.162993121560262,0.0,0.0,0.48982159980416723,11.284201108769889,True,0,ok
29.4,0.69,33.06688134094877,9.696297081481704,55.982593839928775,2.240494186919641e-09,-7.224052512985766,nan,10.982243364806624,10.98224336480663,5.329070518200751e-15,1.8404565489438842,1.8404565489438842,0.0,0.0,0.38329688398364936,11.532518933545768,True,0,ok
29.4,0.73,36.00577378302054,10.124475662415614,61.036488086389205,4.5869433829137417e-10,-7.828751610785025,nan,11.251770196493302,11.251770196493295,-7.105427357601002e-15,1.5417181931833315,1.5417181931833315,0.0,0.0,0.2927680410044594,11.76136993350181,True,0,ok
29.4,0.7699999999999999,38.92452843530689,10.528373890003593,66.05753010907634,9.1250456568895e-10,-8.420973866115911,nan,11.512733542333692,11.512733542333711,1.9539925233402755e-14,1.2652578928953502,1.2652578928953502,0.0,0.0,0.21641851538595674,11.97211614030227,True,0,ok
29.4,0.8099999999999999,41.788336738058334,10.908172274145926,70.98492053551563,1.4864431352696056e-09,-8.99711599370336,nan,11.765196100318512,11.76519610031851,-1.7763568394002505e-15,1.0091576849715211,1.0091576849715211,0.0,0.0,0.15302599705095177,12.165302539706916,True,0,ok
29.4,0.85,nan,nan,nan,nan,nan,nan,nan,nan,nan,nan,nan,nan,nan,nan,nan,False,6,no_candidate
30.0,0.05,0.18829103558433344,0.14665083053843667,0.08016537745436388,3.713508021697233e-10,-0.2800492606743468,55.11147637655567,3.8197411919078554,3.819741191907857,1.7763568394002505e-15,22.34048418952443,22.34048418952443,0.0,0.0,12.767327549352002,3.6774937705613984,True,0,ok
30.0,0.09,1.0458768355853343,0.9213193829400596,1.5386775836470077,4.599897783546222e-09,-0.2553761027252366,1.2120689461523995,4.918602001278197,4.9186020012782,2.6645352591003757e-15,16.648675343598637,16.648675343598637,0.0,0.0,8.43596684088606,4.845306470334882,True,0,ok
30.0,0.13,2.2101901686801346,1.6516572169771107,3.4310629057239836,1.469277678116126e-09,-0.393265202838088,nan,5.79934543878428,6.0111256371647235,0.2117801983804437,13.17879255200641,14.67879255200641,1.499999999999999,1.5,6.00240623889918,5.735785102033006,True,0,ok
30.0,0.16999999999999998,3.892061561131878,2.632520843180026,6.160933932067236,3.1317106886024296e-10,-0.7464292879075696,nan,6.541765982825585,6.803975570774478,0.2622095879488926,10.831980608183489,12.33198060818349,1.5000000000000004,1.5,4.7950064405776125,6.669049302475883,True,0,ok
30.0,0.20999999999999996,5.78438027587944,3.50607030583995,9.311089732948119,9.530615512041708e-10,-1.1782378891568546,nan,7.189615444361083,7.189615444361078,-5.329070518200751e-15,9.118060330561807,9.118060330561807,0.0,0.0,3.794550109446104,7.427496391164667,True,0,ok
30.0,0.24999999999999994,7.312050261592291,4.545884798630374,11.677146112916526,9.936253747994252e-10,-1.8377777720212596,nan,7.768447297601632,8.519748005034675,0.7513007074330424,7.797577203321143,10.797577203321142,2.9999999999999996,3.0,4.133296961519191,8.010779406928728,True,0,ok
30.0,0.29,10.43530493183684,5.252930977482048,17.131915449387424,3.652486504049566e-11,-2.3645202985182254,nan,8.294685693174467,8.294685693174467,0.0,6.738980526152583,6.738980526152583,0.0,0.0,2.5253732312235506,8.71377036419221,True,0,ok
30.0,0.32999999999999996,12.498235602479024,5.807477513387644,20.661327755216735,2.794595568536308e-09,-2.828501343155091,nan,8.77914587861546,9.732004278649546,0.9528584000340867,5.86558825514616,8.86558825514616,2.9999999999999996,3.0,2.076370447278385,9.099389765926455,True,0,ok
30.0,0.36999999999999994,16.144813538123078,6.932621659666805,26.80958974034307,2.463797029953388e-09,-3.8922573682500574,nan,9.229446767760573,9.22944676776057,-3.552713678800501e-15,5.128882745390076,5.128882745390076,0.0,0.0,1.7324483981127317,9.786419792194193,True,0,ok
30.0,0.4099999999999999,19.344512794663647,7.732552396483624,32.25316680144349,4.202700405654039e-09,-4.750935750209176,nan,9.651185321692466,9.65118532169246,-7.105427357601002e-15,4.496491592375385,4.496491592375385,0.0,0.0,1.4386385563493373,10.25795394104582,True,0,ok
30.0,0.4499999999999999,22.74561184292642,8.502343381433992,38.04998523086577,2.2242589494147078e-10,-5.656620482435236,nan,10.048992668610014,10.04899266861,-1.4210854715202004e-14,3.9446468907328542,3.9446468907328542,0.0,0.0,1.1927817416508704,10.69276388479539,True,0,ok
30.0,0.48999999999999994,26.316409391260148,9.238974912698382,44.1451558264485,8.130874860848684e-11,-6.595966143509649,nan,10.425432361914053,10.42543236191405,-3.552713678800501e-15,3.4594947628308534,3.4594947628308534,0.0,0.0,0.9858961106608013,11.093561645778108,True,0,ok
30.0,0.5299999999999999,30.035291206655213,9.94229754748362,50.50117025792309,5.43023928674747e-10,-7.5590128762494615,nan,10.783951716503468,10.783951716503472,3.552713678800501e-15,3.0265261551293743,3.0265261551293743,0.0,0.0,0.8102118534294119,11.463906790879488,True,0,ok
30.0,0.57,33.871214346468314,10.611356007586398,57.064259150547784,6.246297825386481e-10,-8.53504160461952,nan,11.12642299945729,11.12642299945729,0.0,2.637499329503497,2.637499329503497,0.0,0.0,0.6606333570317203,11.805954484283031,True,0,ok
30.0,0.61,37.79205631632593,11.245940569626871,63.77866759943072,5.938885931356449e-10,-9.514669820587551,nan,11.454401115235983,11.454401115235987,3.552713678800501e-15,2.2858983739359875,2.2858983739359875,0.0,0.0,0.5331851428904945,12.121665982869285,True,0,ok
30.0,0.6499999999999999,41.76702663479007,11.84644686642146,70.59091033566376,7.139186075046573e-10,-10.489929282751236,nan,11.76956918527024,11.76956918527025,8.881784197001252e-15,1.9653281396027626,1.9653281396027626,0.0,0.0,0.4245071400334173,12.412944877651995,True,0,ok
30.0,0.69,nan,nan,nan,nan,nan,nan,nan,nan,nan,nan,nan,nan,nan,nan,nan,False,6,no_candidate
30.0,0.73,nan,nan,nan,nan,nan,nan,nan,nan,nan,nan,nan,nan,nan,nan,nan,False,6,no_candidate
30.0,0.7699999999999999,nan,nan,nan,nan,nan,nan,nan,nan,nan,nan,nan,nan,nan,nan,nan,False,6,no_candidate
30.0,0.8099999999999999,nan,nan,nan,nan,nan,nan,nan,nan,nan,nan,nan,nan,nan,nan,nan,False,6,no_candidate
30.0,0.85,nan,nan,nan,nan,nan,nan,nan,nan,nan,nan,nan,nan,nan,nan,nan,False,6,no_candidate
