theta_B_deg,kdf,residual_norm,radius_residual,length_residual,mass_residual,performance_residual,rao_exit_residual,D_M_pre,D_M_post,D_M_jump,D_theta_pre_deg,D_theta_post_deg,D_theta_jump_deg,fan_turn_deg,exit_angle_deg,exit_mach,success,failure_code,failure_reason
18.0,0.05,0.6133678361243273,-0.03352343412904145,-0.6487631183366729,5.0757458256073475e-08,-0.840620546278635,2.4710429375738943,1.7825520253076994,3.2825520253076994,1.5,19.308159285525846,29.30815928552585,10.000000000000002,0.0,35.31879174371549,4.648516217910951,True,0,ok
18.0,0.09,0.5198225703186033,-0.3601762768638219,-0.5256848348928448,3.592943534766428e-09,-0.6360621178675208,1.154419482586282,1.870218600646558,3.3702186006465578,1.4999999999999998,19.204108204774467,9.204108204774467,-10.0,0.0,6.4795504557779475,3.472994742468092,True,0,ok
18.0,0.13,0.3830215265186685,-0.2555487759527451,-0.3331612868544989,1.2319582023707867e-09,-0.5136290970930104,3.1137775413400655,1.9694037289848998,3.4694037289849,1.5,18.808112028486487,8.808112028486489,-10.0,0.0,5.673642636234535,3.5963465029017962,True,0,ok
18.0,0.16999999999999998,0.2671143871644999,-0.16165155346194748,-0.13265854971423108,1.906289972412861e-09,-0.4126993723545689,12.082065029360335,2.0775325898976407,3.5775325898976407,1.5,18.178794555824766,8.178794555824764,-10.0,0.0,4.888215789658886,3.722436763259846,True,0,ok
18.0,0.20999999999999996,0.19542184999362847,0.004238324921661933,-0.002311081102453071,1.9844476410923e-09,-0.33844614618989677,3.713838405778248,2.197956793405021,3.697956793405021,1.5,17.21613307281125,13.882799739477914,-3.333333333333334,0.0,7.453486165841402,3.866143689654434,True,0,ok
18.0,0.24999999999999994,0.1574307360927196,-0.057077210665288446,-0.02669616641490387,4.677957559594582e-10,-0.2652976002935281,21.795319834043696,2.32818942570476,3.4948560923714265,1.1666666666666665,15.972878387729871,12.639545054396537,-3.333333333333334,0.0,6.896826321920778,3.6723538470274044,True,0,ok
18.0,0.29,0.12887283771290692,0.04010376004509666,0.022026406059155915,1.0749715022669287e-09,-0.21847459982088133,30.847382288100892,2.4366517699832526,3.603318436649919,1.1666666666666665,15.268702733150844,18.602036066484178,3.333333333333334,0.0,9.000290912742605,3.7131840402727185,True,0,ok
18.0,0.32999999999999996,0.09883455613121128,-0.026131210595394805,-0.011485843078538605,2.222937943923691e-09,-0.16878993956558835,3.2475560484992485,2.561645822462615,3.394979155795948,0.833333333333333,14.187481847387101,17.520815180720437,3.3333333333333353,0.0,8.78232022905142,3.5454683701694587,True,0,ok
18.0,0.36999999999999994,0.07876938310475418,-0.0013786068711398743,-0.0009042921380774208,2.0736417255653767e-09,-0.13642261118646884,2.8733108351645202,2.690243899842899,3.5235772331762325,0.8333333333333335,13.01710231589654,23.01710231589654,10.0,0.0,9.949759723817,3.507265898626221,True,0,ok
18.0,0.4099999999999999,0.06681378427792033,-0.04529319776769946,-0.01327819961073997,4.816678390321398e-09,-0.10566201285080096,1.5189021521513326,2.817951178496942,3.3179511784969424,0.5000000000000004,11.866374776003532,21.866374776003532,10.000000000000002,0.0,9.9967942392329,3.3951463393455015,True,0,ok
18.0,0.4499999999999999,0.07929537988393653,-0.11258296620490468,0.003933248492402507,3.910684628628103e-10,-0.07856765931104047,0.6585309575827557,2.9443107585506443,3.110977425217311,0.16666666666666652,10.746122763629101,17.41278943029577,6.666666666666668,0.0,8.601318047970526,3.290899969128392,True,0,ok
18.0,0.48999999999999994,0.07292379128835612,-0.05258377308507486,0.09677719268777284,2.3248984300828125e-10,-0.06182847071709126,1.2134700003905767,3.0687499436789603,3.2354166103456268,0.16666666666666652,9.668178584363945,19.668178584363947,10.0,0.0,8.931174340954616,3.389640724652676,True,0,ok
18.0,0.5299999999999999,0.08727261693064291,-0.13579817417834136,0.04773295169333385,5.284667036450644e-09,-0.04615138362215086,0.4399149182653125,3.1908741418465953,3.024207475179929,-0.16666666666666652,8.639820011479138,18.639820011479134,9.999999999999998,0.0,8.756334809722492,3.210138187418943,True,0,ok
18.0,0.57,0.11895325038789108,-0.083758670419109,0.1853274601870914,2.470997806566684e-09,-0.03298249480797428,0.7398151609061744,3.310483699945069,3.1438170332784026,-0.16666666666666652,7.663412586858192,17.66341258685819,9.999999999999998,0.0,7.8487261118849485,3.349479758998888,True,0,ok
18.0,0.61,0.12463535141655963,-0.17644633986312203,0.12197812141706699,1.2120703752073738e-09,-0.024288670458854644,0.12731944759561023,3.4274742922961865,2.9274742922961865,-0.5,6.739249046603533,16.739249046603533,10.0,0.0,7.610027138927319,3.1474452723492505,True,0,ok
18.0,0.6499999999999999,0.12717515769949003,-0.21793648689447154,0.028443934569450373,8.10744087139406e-09,-0.014669440138435604,-0.9957848196579876,3.5418113109567266,3.37514464429006,-0.16666666666666652,5.866144499085606,-4.133855500914394,-10.0,0.0,0.0177228066932986,3.3754524746831134,True,0,ok
18.0,0.69,0.10938611444443536,-0.17572914639675263,0.07046869327204829,1.0244316181118266e-10,-0.007028262584165284,-0.98227002723266,3.6535205388058305,3.486853872139164,-0.16666666666666652,5.04180201040362,-4.958197989596379,-10.0,0.0,0.050016786985916634,3.487659939524267,True,0,ok
18.0,0.73,0.1045812152579538,-0.13230675266357284,0.1237107355882373,3.5839180032563355e-10,-0.0015062716650055584,-0.9303973980518047,3.76268182691847,3.5960151602518033,-0.16666666666666652,4.263087597489528,-5.736912402510471,-10.0,0.0,0.09485979420382266,3.5975294559219138,True,0,ok
18.0,0.7699999999999999,0.1295592542004002,-0.08966101904904489,0.2057013210502319,1.3650492759864447e-09,0.00216083969049113,1.3065241728890529,3.8693706893879685,3.702704022721302,-0.16666666666666652,3.5271657996141346,-6.472834200385865,-10.0,0.0,0.04802383933834104,3.70350790675733,True,0,ok
18.0,0.8099999999999999,0.11281316556837077,-0.18110850973728354,-0.0732973039154018,7.234343466534768e-10,0.002764763306940122,-0.9920492665055156,3.9736138101749625,3.4736138101749625,-0.5,2.8318815426009745,-7.168118457399025,-10.0,0.0,0.023832961985470476,3.4737831154341707,True,0,ok
18.0,0.85,0.08190982671987687,-0.14175086805304735,-0.0014653633607577975,1.4005734111069428e-09,0.005674791297420148,-0.9846940975392614,4.075510014036366,3.5755100140363663,-0.5,2.1742478782421144,-7.825752121757886,-10.0,0.0,0.025428719671214302,3.5757119802623243,True,0,ok
18.6,0.05,0.6041473658865447,0.006582393999266044,-0.6284379682197853,1.4699223305163649e-09,-0.8366627225543027,2.339535314177638,1.8136709640994937,3.3136709640994937,1.5,19.87958638180634,29.879586381806337,9.999999999999998,0.0,35.478002674945216,4.696459625845567,True,0,ok
18.6,0.09,0.49793619434405606,-0.33433659906905233,-0.49430102863330977,8.56819098438468e-10,-0.6226611378017071,1.8070814839078408,1.9112556551183797,3.4112556551183797,1.5,19.71289668645734,9.712896686457341,-10.0,0.0,6.733413968000729,3.5203416319410126,True,0,ok
18.6,0.13,0.3558435062361838,-0.2219169638316989,-0.28693278382886134,8.724608740866763e-11,-0.49829332879271354,9.529082857402111,2.0203588438939355,3.5203588438939355,1.5,19.249521895474366,9.249521895474366,-10.0,0.0,5.86144428676356,3.6547929075872347,True,0,ok
18.6,0.16999999999999998,0.24313485069748278,-0.12096125412993644,-0.06809767909477062,1.7161833319879196e-09,-0.39758615163544153,4.22888251832601,2.140306051126786,3.640306051126786,1.5,18.496853410175802,8.496853410175804,-10.0,0.0,4.995703086470629,3.7934846099444477,True,0,ok
18.6,0.20999999999999996,0.19242804780363282,0.057465581553647956,0.0038420046724200476,9.38076981062105e-09,-0.32828129200633677,3.8454800630555317,2.275970087367133,3.775970087367133,1.5,17.315169358292735,17.315169358292735,0.0,0.0,8.765402120596598,3.885611779875264,True,0,ok
18.6,0.24999999999999994,0.14827021919880568,0.008511634614440966,-0.006128084025332596,7.907987129075199e-10,-0.25659729610063,19.8764546279587,2.4073129249142737,3.5739795915809403,1.1666666666666665,16.20707165311234,16.20707165311234,0.0,0.0,8.4224855952701,3.7227734977420766,True,0,ok
18.6,0.29,0.12270071701151031,0.045971980656822314,0.002977029455505987,8.765150252529115e-11,-0.20747075012041097,25.780882617493813,2.527705331191965,3.6943719978586325,1.1666666666666674,15.380971807460003,22.04763847412667,6.666666666666668,0.0,9.83332951576205,3.667910247629152,True,0,ok
18.6,0.32999999999999996,0.09373012971847121,0.013412622617467392,0.007309653472123845,6.490966251316619e-10,-0.16162512852821861,4.482917782640029,2.6665946613026397,3.4999279946359727,0.833333333333333,14.122393045697553,20.78905971236422,6.666666666666668,0.0,9.759863936042551,3.5669425849377365,True,0,ok
18.6,0.36999999999999994,0.07653412732249959,-0.045073485845249416,-0.01123871145340618,4.795030125928345e-09,-0.1241551053065274,1.683099532899763,2.803584765863996,3.303584765863996,0.5,12.903279387173319,19.569946053839985,6.666666666666666,0.0,9.584042878853147,3.4277457035305594,True,0,ok
18.6,0.4099999999999999,0.07380325461822211,0.007402843096394339,0.07988360550696279,1.762467599285406e-09,-0.09952169945305638,2.6555450383049664,2.9389407822011204,3.4389407822011204,0.5,11.7184865850493,21.718486585049302,10.0,0.0,9.681300442793544,3.5011072118566324,True,0,ok
18.6,0.4499999999999999,0.06268520711444303,-0.056191029201982094,0.05448985259306632,4.83632562702741e-09,-0.07524446673709473,1.2046338744134477,3.072367874528502,3.2390345411951684,0.16666666666666652,10.57487491326336,20.57487491326336,10.000000000000002,0.0,9.589469085107194,3.3632102520697265,True,0,ok
18.6,0.48999999999999994,0.08331177050289562,-0.1310430351668991,0.01989047704896351,1.6587678215112754e-10,-0.057049497543737795,0.5221107466726818,3.203141665515312,3.0364749988486457,-0.16666666666666652,9.48631700780566,19.48631700780566,10.000000000000002,0.0,9.427987661363245,3.1997039181042766,True,0,ok
18.6,0.5299999999999999,0.10560457483881795,-0.07458157442474775,0.16166614034569218,6.728852682256527e-07,-0.0419359810033732,0.8651905641399372,3.3309710182456986,3.164304351579032,-0.16666666666666652,8.456979432330588,18.456979432330588,10.0,0.0,8.46507169649574,3.3471563258324166,True,0,ok
18.6,0.57,0.1145520390618531,-0.1618980510494325,0.11039087941482728,6.960772755512428e-10,-0.031134928426148213,0.2425796657708331,3.4558222164837704,2.9558222164837704,-0.5,7.485540274722807,17.48554027472281,10.0,0.0,8.241878334215855,3.158607176841698,True,0,ok
18.6,0.61,0.14020132494210372,-0.20346165714557643,0.13119889225080944,7.590920079084215e-09,-0.01895888420504942,-0.9838071959395507,3.5776426281810396,3.410975961514373,-0.16666666666666652,6.570921222820212,-3.4290787771797877,-10.0,0.0,0.06089584234388814,3.4123246617497642,True,0,ok
18.6,0.6499999999999999,0.1428203453087519,-0.15889698008184813,0.18929831011275772,5.042654208301148e-10,-0.010528656688123346,-0.9819560636543412,3.696450822367025,3.5297841557003586,-0.16666666666666652,5.710709695559736,-4.289290304440264,-10.0,0.0,0.040846323836910996,3.530639388763677,True,0,ok
18.6,0.69,0.14318812482449464,-0.23864463278935513,-0.06687225967908915,3.465112641369402e-08,-0.0092389067811883,-0.9911528968733851,3.8123272737859115,3.3123272737859115,-0.5,4.901513454368941,-5.098486545631059,-10.0,0.0,0.04367820605212973,3.3127530653495803,True,0,ok
18.6,0.73,0.11449825254292263,-0.19784197143286542,-0.013422395951878326,1.990661085864421e-09,-0.0028183563679804995,-0.9830995917637962,3.9253926523470533,3.4253926523470533,-0.5,4.139510391255118,-5.8604896087448815,-10.0,0.0,0.060735487593771974,3.4259776237277886,True,0,ok
18.6,0.7699999999999999,0.09562786158135037,-0.15610509938558068,0.055335985874509705,1.2032456912387261e-09,0.0017861536831299356,-0.9706133649308432,4.035771704480419,3.5357717044804193,-0.5,3.420836181912013,-6.579163818087987,-10.0,0.0,0.06428057438897201,3.5364276903116028,True,0,ok
18.6,0.8099999999999999,0.10575801002229179,-0.11398138611465673,0.1433160154744172,4.446963091085339e-10,0.004799310319584164,-0.9610083898694131,4.143463172603806,3.6434631726038056,-0.5,2.7440013431055212,-7.255998656894478,-10.0,0.0,0.027853294459915898,3.6437825694203636,True,0,ok
18.6,0.85,0.13499088987132046,-0.06916806642759585,0.2232537922785561,2.547401579410377e-09,0.006414348342889074,1.1334777271711447,4.248619135278831,3.7486191352788314,-0.5,2.105210504827259,-7.894789495172741,-10.000000000000002,0.0,0.11528690111010813,3.750057978770929,True,0,ok
19.2,0.05,0.5852590696170776,0.16868896597772454,-0.5309044759723344,1.1504654315343625e-09,-0.846917354797414,nan,1.8460864393703078,3.346086439370308,1.5,20.449904727621508,27.116571394288176,6.666666666666668,0.0,34.60962586942917,5.0258767439103,True,0,ok
19.2,0.09,0.4742626174575063,-0.30605670748284475,-0.4595286382588646,2.203242977597676e-10,-0.6082251337931118,3.0025006496885167,1.9547736281574128,3.4547736281574126,1.4999999999999998,20.212444976615878,10.21244497661588,-10.0,0.0,6.964839477769573,3.569898842333988,True,0,ok
19.2,0.13,0.327765309076757,-0.18519718029146146,-0.2350330962185952,3.071986726448711e-10,-0.48244351130110413,17.487072470866956,2.0758347825175014,3.5758347825175014,1.5,19.649530805395234,9.649530805395232,-10.0,0.0,6.012293190427174,3.7173776288016,True,0,ok
19.2,0.16999999999999998,0.22477386000001554,-0.035642993816236306,-0.03496497907809261,1.5748674674482735e-10,-0.38610476770923724,3.3232485146884634,2.209808267816116,3.709808267816116,1.5,18.735195664325328,12.068528997658662,-6.666666666666666,0.0,6.8364717306879035,3.8776170850483407,True,0,ok
19.2,0.20999999999999996,0.17999493150606488,-0.08047120597950795,-0.030242059830924917,3.1604104382608156e-11,-0.2996737040999849,533.0252507568605,2.3589236707670587,3.525590337433725,1.1666666666666665,17.39901312660626,10.732346459939594,-6.666666666666666,0.0,6.113340202490533,3.6937383903955423,True,0,ok
19.2,0.24999999999999994,0.14461470307208743,0.044867052983342384,-0.00752215212858472,1.9773044818666603e-08,-0.24631403089923323,26.059201481803257,2.491419931485431,3.6580865981520976,1.1666666666666665,16.443651653628358,19.77698498696169,3.333333333333334,0.0,9.615051847371054,3.7186389741719803,True,0,ok
19.2,0.29,0.11002705038793764,-0.002083344245435241,-0.01275776778895659,4.974921250952603e-09,-0.19013351753177918,4.929064151610786,2.6323173181238673,3.4656506514572003,0.833333333333333,15.30847692406867,18.641810257402003,3.333333333333334,0.0,9.401716264792237,3.5812747882705778,True,0,ok
19.2,0.32999999999999996,0.09289372815544804,-0.06275736096273551,-0.027151430228642318,4.9728801159338204e-09,-0.14564356378977728,1.567850603672606,2.780024965275253,3.2800249652752527,0.49999999999999956,14.007869194291878,17.34120252762521,3.333333333333332,0.0,9.048536036973603,3.4316635280284538,True,0,ok
19.2,0.36999999999999994,0.06912966600266335,-0.01472843267641438,0.013426514748794133,6.731801651762612e-10,-0.11806580426828128,2.0685872998005195,2.925662657420417,3.4256626574204176,0.5000000000000004,12.747944900163395,22.747944900163393,10.0,0.0,10.348636095554367,3.443894742479571,True,0,ok
19.2,0.4099999999999999,0.06435512193068939,-0.0645786289936416,0.006571405751140076,2.4937562768334896e-09,-0.09061546479435599,1.157020348784322,3.069235341489727,3.2359020081563936,0.16666666666666652,11.529910880815367,21.52991088081537,10.000000000000002,0.0,10.279103777989397,3.327648971780644,True,0,ok
19.2,0.4499999999999999,0.08533404757902499,-0.12979853026589389,-0.012714184070809332,2.779849335227107e-09,-0.06954415930101757,0.5853317729979794,3.209800807951881,3.0431341412852144,-0.16666666666666652,10.372396699446242,20.37239669944624,10.0,0.0,10.12611717437125,3.181700242889616,True,0,ok
19.2,0.48999999999999994,0.09173498501336856,-0.06855519563605779,0.1335464343446547,1.9184122084322627e-09,-0.05207165689066876,0.9593872577726948,3.3470375603779647,3.180370893711298,-0.16666666666666652,9.280179048772656,19.280179048772652,9.999999999999998,0.0,9.096625731860218,3.3382336434314057,True,0,ok
19.2,0.5299999999999999,0.10477723645467969,-0.14929549522053837,0.09550126541630945,2.8290035304954834e-10,-0.03905344092365487,0.35250870662547057,3.480790458930281,2.980790458930281,-0.5,8.254076436928594,18.254076436928592,9.999999999999998,0.0,8.88410463224466,3.164677725349236,True,0,ok
19.2,0.57,0.15005241142002168,-0.09480553757226488,0.24046046525468445,1.2936317834308155e-10,-0.027163453646856586,0.613367928469924,3.6110687385982287,3.1110687385982287,-0.5,7.291503163259325,17.291503163259325,9.999999999999998,0.0,7.949056197375329,3.3136256786978926,True,0,ok
19.2,0.61,0.15265824821708482,-0.2634042696588037,0.009523843203763663,1.6042199040843315e-09,-0.02100260417828197,-0.9995670277523929,3.7378795551348047,3.2378795551348047,-0.5,6.389967422583681,-3.6100325774163182,-10.0,0.0,0.0025015161315131524,3.237926691569766,True,0,ok
19.2,0.6499999999999999,0.13049136681737136,-0.2199325417653039,0.050766639761179004,4.851189803570951e-10,-0.011679717531208507,-0.9890431915992621,3.86133272298957,3.36133272298957,-0.5,5.545295926961588,-4.454704073038411,-10.0,0.0,0.04781656719404908,3.3619902315463817,True,0,ok
19.2,0.69,0.12077203058569945,-0.17572072048130352,0.11339006756014865,6.697552752579323e-10,-0.004750903873569729,-0.9794709536082559,3.9815219127896135,3.4815219127896135,-0.5,4.753823934148712,-5.246176065851287,-10.0,0.0,0.05931003498905755,3.482326357044043,True,0,ok
19.2,0.73,0.1360531352467196,-0.1308552033238258,0.19598027182615252,8.527791277020026e-12,0.00012509761832177444,-0.9714851872562583,4.098698303095094,3.5986983030950936,-0.5,4.009554314046662,-5.990445685953337,-10.0,0.0,0.03817287874706942,3.5992816003364108,True,0,ok
19.2,0.7699999999999999,0.16494079712268916,-0.08291184680605064,0.2733708507164236,1.5950205392250224e-09,0.003225415352035737,1.4083817170037651,4.212860975790098,3.7128609757900977,-0.5,3.310712318540299,-6.689287681459701,-10.0,0.0,0.13329971038529273,3.714837623063108,True,0,ok
19.2,0.8099999999999999,0.232787918595364,-0.038073670351060004,0.4013703730149441,2.2910014686211612e-09,0.004781675828501847,1.004703081377665,4.324162973694319,3.8241629736943192,-0.5,2.6534458466299946,-7.346554153370005,-10.0,0.0,0.00963032374172254,3.824340897497696,True,0,ok
19.2,0.85,0.2968948412936691,0.010904169421098486,0.5140979878058052,2.188745163710328e-11,0.004898814513435783,1.0129703148996747,4.4327530467850025,3.9327530467850025,-0.5,2.034256617537265,-7.965743382462734,-9.999999999999998,0.0,0.050979263209214976,3.9337224266527935,True,0,ok
19.8,0.05,0.5781521171223688,0.1914244215116349,-0.5128106783944969,6.096392051022394e-10,-0.8385472619791584,nan,1.8800018755548549,3.380001875554855,1.5,21.018890939370763,27.68555760603743,6.666666666666668,0.0,34.43871132736632,5.030335090709407,True,0,ok
19.8,0.09,0.4487000781173267,-0.2750195277065104,-0.42084240974653925,1.4754066670167446e-09,-0.5926644968667343,6.008376027250516,2.0011198376766384,3.5011198376766384,1.5,20.702353792247987,10.702353792247987,-10.0,0.0,7.1728797889903895,3.621929702214867,True,0,ok
19.8,0.13,0.2995097643170471,-0.14479396959054924,-0.17675809546450916,1.7594938615984497e-09,-0.465735524543415,5.403281781619664,2.1354927615262898,3.6354927615262898,1.5,20.02910446762791,10.02910446762791,-10.0,0.0,6.138479491298203,3.783886397555281,True,0,ok
19.8,0.16999999999999998,0.2160048391660022,0.014203475769104102,0.04442111780322793,4.424677007673986e-09,-0.37121327723908215,2.559649470099981,2.285810164460214,3.785810164460214,1.5,18.91626887476108,12.249602208094412,-6.666666666666666,0.0,6.808375057471853,3.9575658950904855,True,0,ok
19.8,0.20999999999999996,0.16713023290623202,0.0017313428539129326,0.011492504257463461,4.346869791939044e-09,-0.2892446525896174,6.956522986951809,2.447710934778928,3.6143776014455944,1.1666666666666665,17.46471337066198,14.131380037328645,-3.333333333333334,0.0,7.710337709277464,3.777600863901074,True,0,ok
19.8,0.24999999999999994,0.13238776308898625,-0.058221547497760005,-0.011549581166924672,8.712400086661925e-10,-0.221486834888558,3.9540299461608437,2.5853557193262344,3.4186890526595675,0.833333333333333,16.584232306728357,13.25089897339502,-3.333333333333334,0.0,7.363010991552588,3.5885515829102204,True,0,ok
19.8,0.29,0.10557197824020206,0.027920581795324795,0.002452887415531555,1.0000066575189027e-08,-0.18069519148053276,5.661509351482495,2.7449286963279653,3.578262029661299,0.8333333333333335,15.200328521733605,21.866995188400274,6.666666666666668,0.0,10.23855412808027,3.5848455313893846,True,0,ok
19.8,0.32999999999999996,0.08081544031393485,-0.009176571918514136,0.01387925806356059,7.506520497964398e-10,-0.138984038302371,2.5193450333646554,2.9025558251674553,3.4025558251674557,0.5000000000000004,13.84903827710646,20.515704943773127,6.666666666666668,0.0,10.053651127974794,3.484867902400807,True,0,ok
19.8,0.36999999999999994,0.07215506557004034,-0.0658948348518024,0.0077619253400821745,8.615062487157566e-10,-0.10590884626469659,1.2013797286570798,3.0576308961348015,3.224297562801468,0.16666666666666652,12.54658126721823,19.213247933884897,6.666666666666668,0.0,9.792364078620704,3.3548438270407877,True,0,ok
19.8,0.4099999999999999,0.08262795750812672,-0.0030363216611082756,0.11533086138953788,1.5080089592277117e-10,-0.0846859566150839,2.055902084593591,3.20945527282232,3.3761219394889865,0.16666666666666652,11.307425730874906,21.307425730874908,10.000000000000002,0.0,9.904023617511706,3.4544450107520692,True,0,ok
19.8,0.4499999999999999,0.0784293120607581,-0.06637314625058365,0.10003180942529853,2.1807341519150913e-09,-0.06357447232082006,1.0155224245821874,3.3574182889195283,3.190751622252862,-0.16666666666666652,10.142152466148303,20.142152466148303,10.0,0.0,9.750963952171604,3.321369374562648,True,0,ok
19.8,0.48999999999999994,0.09582249427198031,-0.13923150529029985,0.0764174833487759,2.835153050031393e-09,-0.048174758938139564,0.4524546252026141,3.5013552038373983,3.0013552038373983,-0.5,9.051518307790941,19.051518307790943,10.000000000000002,0.0,9.54307331144032,3.164517790948859,True,0,ok
19.8,0.5299999999999999,0.14055901046076752,-0.07968641640933195,0.22740933591419576,1.0842329520721398e-09,-0.03472139461533023,0.773344966334806,3.6412328287158644,3.1412328287158644,-0.5,8.033404361271584,18.033404361271582,9.999999999999998,0.0,8.549420955832872,3.32283171740585,True,0,ok
19.8,0.57,0.16025821906362694,-0.2486248210631306,0.12085729732742873,4.3256267657942975e-10,-0.025046004998244935,-0.9997298024288481,3.777100587402433,3.277100587402433,-0.5,7.084166397925613,-2.9158336020743865,-10.0,0.0,0.00144325181416638,3.277133050799245,True,0,ok
19.8,0.61,0.1536849128325619,-0.20170522707138785,0.17306511222057017,6.022810993662318e-10,-0.014853471015818206,-0.9940355535236672,3.9090970722809284,3.4090970722809284,-0.5,6.198799041718038,-3.801200958281962,-10.0,0.0,0.022633419314718017,3.409525627884413,True,0,ok
19.8,0.6499999999999999,0.16057161997830083,-0.15224744947397165,0.23263013187996565,6.055568424891982e-08,-0.007326069720376051,-0.9527987908341191,4.037411316394819,3.5374113163948193,-0.5,5.371828168433932,-4.628171831566068,-10.0,0.0,0.10150337234037042,3.5392237195613734,True,0,ok
19.8,0.69,0.20269649825394098,-0.10442848719100385,0.33518280830762054,5.554260688388054e-08,-0.0021879879444279882,-0.9279718016529032,4.162180946719501,3.6621809467195012,-0.5,4.598854920821243,-5.4011450791787565,-10.0,0.0,0.03176435687437554,3.6628159046072386,True,0,ok
19.8,0.73,0.2585197537182086,-0.054516498531697065,0.44443715381113597,5.177485756964787e-08,0.0009782063533970268,1.0108357916456778,4.283522543821326,3.7835225438213262,-0.5,3.875897638605837,-6.124102361394163,-10.0,0.0,0.015097720521940465,3.7838392247443604,True,0,ok
19.8,0.7699999999999999,0.32172666441392084,-0.0019348767104661988,0.5572386818315378,3.0179132052070223e-09,0.002333989607595415,1.0183169367226321,4.401671081991862,3.9016710819918616,-0.5,3.1978686510726035,-6.802131348927396,-10.0,0.0,0.0619801663314177,3.9030121083986837,True,0,ok
19.8,0.8099999999999999,0.4047875624319343,0.04934962183960199,0.6993702328137475,2.0031230555488224e-09,0.002191888932881603,1.0046320516149836,4.516770161695169,4.016770161695169,-0.5,2.5611967329313807,-7.438803267068619,-10.0,0.0,0.025474704185177506,4.017423096998157,True,0,ok
19.8,0.85,0.4834170165472625,0.10580419291860811,0.8305909672384002,2.6044090338319623e-09,0.000391873946215643,1.015643760820598,4.62897888038507,4.12897888038507,-0.5,1.9623140571789992,-8.037685942821001,-10.0,0.0,0.12303446100757862,4.132159771283976,True,0,ok
20.4,0.05,0.5746363165554037,0.2476718259187692,-0.4817720883531612,1.0352518871697203e-09,-0.834970065596955,nan,1.915672414872447,3.4156724148724473,1.5000000000000002,21.586270069974,28.252936736640667,6.666666666666668,0.0,34.52532159799717,5.084488705769641,True,0,ok
20.4,0.09,0.42144889222943316,-0.2410708643560154,-0.3775429005095477,1.3875561718529518e-09,-0.5763711503169902,31.428961562157326,2.051608108104397,3.551608108104397,1.5,21.158046016598842,11.158046016598842,-10.0,0.0,7.343780892391591,3.677567454785583,True,0,ok
20.4,0.13,0.2728911204584525,-0.10028498120264878,-0.10976889607005136,4.385633364773646e-11,-0.4486673632837088,3.4008795988880314,2.201861998433828,3.701861998433828,1.5,20.33406862790181,10.334068627901809,-10.0,0.0,6.2102312983176295,3.856711925405186,True,0,ok
20.4,0.16999999999999998,0.2126212549723097,0.0733096494355682,-0.016939628855143475,2.0373869394094147e-09,-0.36050261923026833,3.6810528835086656,2.371689083363855,3.871689083363855,1.5,18.969817669237873,18.969817669237873,0.0,0.0,9.50116142538362,3.912089349673535,True,0,ok
20.4,0.20999999999999996,0.1652125298568165,0.035364861871214244,-0.0551963266791547,9.101922204011624e-10,-0.2785466426489941,75.86184820292199,2.5355505733255597,3.702217239992227,1.1666666666666674,17.68746128347844,21.020794616811777,3.333333333333334,0.0,10.256192219574128,3.702188507415546,True,0,ok
20.4,0.24999999999999994,0.1248244762617342,0.01327230470455382,-0.026624785112102606,5.807867534743659e-10,-0.2141457829788216,6.624149419414101,2.6964706291558636,3.5298039624891966,0.833333333333333,16.482797993579393,19.816131326912725,3.333333333333334,0.0,10.033990672103531,3.6009193904993695,True,0,ok
20.4,0.29,0.09569489306605346,-0.026793081973363237,-0.00908707910877215,1.2393060443561518e-09,-0.1633159313368104,2.447795778587366,2.867392320238907,3.367392320238907,0.5,15.037375322384186,18.370708655717518,3.333333333333334,0.0,9.6365681048527,3.4896956506812904,True,0,ok
20.4,0.32999999999999996,0.07661857061496019,-0.0028567462477558933,0.026260142762699272,1.5295854953956062e-10,-0.1300517588969773,2.3369811589930998,3.035627828185412,3.5356278281854117,0.49999999999999956,13.63819414431864,23.638194144318636,9.999999999999998,0.0,10.5406171858109,3.461005554492143,True,0,ok
20.4,0.36999999999999994,0.06770762129843892,-0.01796376092487644,0.05720769587520965,2.484151065768714e-09,-0.10078466536017204,1.766659922911114,3.2003903562709968,3.3670570229376637,0.16666666666666696,12.303780939841717,22.30378093984172,10.000000000000002,0.0,10.589060436973448,3.406836370226305,True,0,ok
20.4,0.4099999999999999,0.06891192417179041,-0.06873300646047095,0.06030144788803129,1.4275770571444276e-09,-0.07672072135145552,1.0314786685020485,3.3607292574823515,3.194062590815685,-0.16666666666666652,11.051837546091125,21.051837546091125,10.0,0.0,10.436562439687915,3.2951922978946877,True,0,ok
20.4,0.4499999999999999,0.08884496189440177,-0.13229110025442012,0.05234062173872513,2.43232999168394e-08,-0.05864985823965619,0.5375209125300198,3.516356970311648,3.016356970311648,-0.5,9.88532874329127,19.885328743291268,9.999999999999998,0.0,10.225639416684905,3.1569174291047175,True,0,ok
20.4,0.48999999999999994,0.12964672442016426,-0.06724658098065268,0.20983138756053452,2.158827684014566e-08,-0.04328401089856778,0.913677145260128,3.667223438058071,3.167223438058071,-0.5,8.802060179999561,18.802060179999557,9.999999999999998,0.0,9.16176417843303,3.325737599958116,True,0,ok
20.4,0.5299999999999999,0.187091637933112,-0.23358441412525505,0.22261017357287471,5.328044597115861e-10,-0.029881014927541926,-0.9916444500639799,3.8134373248546,3.3134373248546,-0.5,7.796882503257341,-2.203117496742659,-10.0,0.0,0.041085305433649265,3.3144853502275,True,0,ok
20.4,0.57,0.18961872273973268,-0.18124933122900916,0.2732521947379998,3.512389362220225e-09,-0.018646662978829123,-0.9650736180669321,3.9551363271959543,3.4551363271959543,-0.5,6.864376738178666,-3.1356232618213338,-10.0,0.0,0.11177948381209969,3.457681501846386,True,0,ok
20.4,0.61,0.22744494323987297,-0.13066390705927872,0.3714940926399037,1.6450893077986456e-10,-0.01061551420449951,-0.9753281364491395,4.0925585948724725,3.5925585948724725,-0.5,5.997873707591618,-4.002126292408382,-10.0,0.0,0.035025961959700015,3.593404177191991,True,0,ok
20.4,0.6499999999999999,0.27479899612176045,-0.07630015943822475,0.4697820022943176,3.49702206548874e-10,-0.005159534729524445,1.1137641695215268,4.2259418942648,3.7259418942647997,-0.5,5.191180891278094,-4.808819108721906,-10.0,0.0,0.05859279952846849,3.7273128344746764,True,0,ok
20.4,0.69,0.3362146206240482,-0.020059639390147474,0.5819916516754909,2.996089021297123e-10,-0.0020350950074141234,1.0391744468108508,4.355412948372673,3.855412948372673,-0.5,4.439884787918781,-5.560115212081219,-10.0,0.0,0.1021065357486445,3.857885031990872,True,0,ok
20.4,0.73,0.4229351854764694,0.034268098999309896,0.7317428033458385,1.644669843021169e-10,-0.0008249149008644402,1.0076226096941363,4.4812158290753645,3.9812158290753645,-0.5,3.7385631008959805,-6.2614368991040195,-10.0,0.0,0.03677778291404688,3.982213217119973,True,0,ok
20.4,0.7699999999999999,0.5110329874864226,0.09239845985851891,0.8802979210569734,6.929140049268204e-11,-0.0014958931909526678,1.0085272748718712,4.603579055462133,4.103579055462133,-0.5,3.082293716328034,-6.917706283671965,-10.0,0.0,0.06215826332599302,4.105428497063291,True,0,ok
20.4,0.8099999999999999,0.609819501054509,0.1515399871900313,1.0453041505527716,9.649135616370493e-09,-0.003786385968757079,1.008244659791252,4.722689874358394,4.222689874358394,-0.5,2.4670467709129507,-7.532953229087049,-10.0,0.0,0.08246748481320418,4.225333879980597,True,0,ok
20.4,0.85,0.707105259607819,0.21593258952762218,1.2055303734090583,1.5662561197308239e-10,-0.00794858875744094,1.0148759147327842,4.83875191425528,4.33875191425528,-0.5,1.888866103956169,-8.111133896043832,-10.000000000000002,0.0,0.19521649308168837,4.345607761548036,True,0,ok
21.0,0.05,0.5749035400562368,0.3165280712462564,-0.4443277595670877,9.083513573983247e-10,-0.8330216463566817,nan,1.9543757844350116,3.454375784435012,1.5000000000000002,22.125637512708114,28.792304179374778,6.666666666666664,0.0,34.62995432689091,5.153715495714817,True,0,ok
21.0,0.09,0.39237426514783713,-0.2035654462085569,-0.3287393842700994,2.3694386070564564e-10,-0.5588955342374303,12.34876275272324,2.106193888202,3.606193888202,1.5,21.593690801969434,11.593690801969434,-10.0,0.0,7.485033932289677,3.73678880661994,True,0,ok
21.0,0.13,0.2512742881162409,-0.05085106739550507,-0.033191807390222615,4.538161026449815e-11,-0.43096261609550207,2.5779339445704883,2.2743055778500287,3.7743055778500287,1.5,20.601100319965976,10.601100319965976,-10.0,0.0,6.24986427682449,3.9354021672567367,True,0,ok
21.0,0.16999999999999998,0.1911113465702161,-0.027765588235047614,-0.009287815360892116,1.48222823261345e-10,-0.32971722575477846,5.551671299262864,2.4640832194445386,3.630749886111205,1.1666666666666665,18.99912926805252,12.332462601385854,-6.666666666666666,0.0,7.072780395476469,3.7939025009301837,True,0,ok
21.0,0.20999999999999996,0.14892593473592067,-0.03950663218836665,-0.035263077592589405,4.932678865947913e-11,-0.2524530520368792,6.7727884143917105,2.632471067708849,3.465804401042182,0.833333333333333,17.851272938932023,14.517939605598688,-3.333333333333334,0.0,8.197426685103729,3.61970753381944,True,0,ok
21.0,0.24999999999999994,0.11725537136287219,0.019307988495051068,-0.024228895322967625,5.8046278437083e-10,-0.20071529227250934,4.869164258419016,2.8167760501562986,3.6501093834896317,0.833333333333333,16.343370541401487,23.010037208068155,6.666666666666668,0.0,10.61818076346702,3.5647842907091802,True,0,ok
21.0,0.29,0.0922346546744681,0.02148949051381589,0.032092318713209146,2.0990902302823623e-09,-0.15501606189624856,3.630417382670081,3.0005853325902345,3.5005853325902345,0.5,14.824900734382608,21.491567401049274,6.666666666666668,0.0,10.500709651398523,3.530331321722608,True,0,ok
21.0,0.32999999999999996,0.07319876966489552,-0.04063999981074421,-0.009538251580730675,6.076070907272365e-10,-0.119714626564713,1.4787931733245603,3.180389846862108,3.3470565135287744,0.16666666666666652,13.377408977186276,23.377408977186274,9.999999999999998,0.0,11.321605426586453,3.3446816439387788,True,0,ok
21.0,0.36999999999999994,0.0695044880823846,-0.07656735036827318,0.013298769258222855,8.959244246874051e-10,-0.09194131380713283,1.0094480397920913,3.3550757739185477,3.188409107251881,-0.16666666666666652,12.022670705563602,22.022670705563602,10.0,0.0,11.166228383610216,3.257871663694017,True,0,ok
21.0,0.4099999999999999,0.0860507079638973,-0.1292895254040193,0.022230244583823163,9.029703294238372e-12,-0.07074042599398636,0.6031612582659395,3.5242534848534937,3.0242534848534937,-0.5,10.765716055631035,20.765716055631035,10.0,0.0,10.942009726989793,3.1403266392047224,True,0,ok
21.0,0.4499999999999999,0.11698254598493737,-0.058215659556396314,0.186706432857881,2.1905536666899846e-08,-0.052975400963591664,1.0225581776070667,3.6878369040429733,3.1878369040429733,-0.5,9.604621446759024,19.604621446759023,9.999999999999998,0.0,9.792517985677218,3.321046979599288,True,0,ok
21.0,0.48999999999999994,0.21316838189552678,0.015118400661837415,0.36664736842766743,1.450291185869771e-10,-0.0407850255163082,2.27093286961203,3.8459419722868016,3.3459419722868016,-0.5,8.533558920258688,18.533558920258688,10.0,0.0,8.771213632068408,3.4985324802399336,True,0,ok
21.0,0.5299999999999999,0.2527158332069519,-0.1651377918880546,0.4046969691227276,1.0224258571491244e-09,-0.02336129135273602,-0.9896440229385317,3.9987498422261036,3.4987498422261036,-0.5,7.545809439446248,-2.4541905605537524,-10.0,0.0,0.027626608291661834,3.4996091778262888,True,0,ok
21.0,0.57,0.29413564351075844,-0.10755250139663886,0.4977631625936869,5.681425806293673e-08,-0.014547293855583524,-0.9430879599853311,4.146580765311437,3.6465807653114366,-0.5,6.632926166625181,-3.3670738333748194,-10.0,0.0,0.037511846757354333,3.647649465822782,True,0,ok
21.0,0.61,0.350037735342109,-0.04717358963465867,0.6043809414475446,8.330115566412604e-10,-0.008807868428716718,1.057052174226925,4.2896892797411335,3.7896892797411335,-0.5,5.7880365500445174,-4.2119634499554826,-10.0,0.0,0.08703532099371532,3.7921318329843774,True,0,ok
21.0,0.6499999999999999,0.4312262248883303,0.012362109476552837,0.7467818857258599,5.98226039622444e-09,-0.00567137508377533,1.0148365880811188,4.428357942840546,3.928357942840546,-0.5,5.004207721706374,-4.995792278293626,-10.0,0.0,0.05734888389078425,3.930109528375525,True,0,ok
21.0,0.69,0.5181174036460555,0.07562635559438687,0.8941998110405978,3.377988938288973e-10,-0.004927895824725412,1.01549574467115,4.562785816990253,4.062785816990253,-0.5,4.276310122643102,-5.723689877356898,-10.0,0.0,0.10021830909564872,4.065952416214948,True,0,ok
21.0,0.73,0.6258729879039141,0.13716917819762034,1.0753134282105874,9.476614976990129e-09,-0.006052984875458648,1.0068655374548756,4.693294560730837,4.193294560730837,-0.5,3.5979950246942654,-6.402004975305735,-10.0,0.0,0.06382294549242701,4.1955778820189025,True,0,ok
21.0,0.7699999999999999,0.7405718822952296,0.20113529941944988,1.2668080365369363,1.176076022320851e-09,-0.009062473822248023,1.0050476020151968,4.8201265453196225,4.3201265453196225,-0.5,2.9643967851935225,-7.0356032148064775,-10.0,0.0,0.06304457629125762,4.322609515000033,True,0,ok
21.0,0.8099999999999999,0.8639039418641388,0.26660766726639124,1.4723182088081,1.0341349748930815e-09,-0.013766120443809756,1.0044322075177514,4.943508096741929,4.443508096741929,-0.5,2.371173222709079,-7.628826777290921,-10.0,0.0,0.07160135241996515,4.446744079053381,True,0,ok
21.0,0.85,1.0042323768772,0.3292773054322584,1.707818102007565,2.44410175590792e-10,-0.019539367641784704,1.0008995132087521,5.063671359162923,4.563671359162923,-0.5,1.8142422517213992,-8.1857577482786,-10.0,0.0,0.018310604268388625,4.5646175874258335,True,0,ok
21.6,0.05,0.5654048947568076,0.10717447956018591,-0.5690799620775536,2.399803755029957e-09,-0.7897529441146031,2.4521052839287707,1.9958319202029942,3.1624985868696607,1.1666666666666665,22.653422024299743,29.320088690966408,6.666666666666664,0.0,36.11934238914615,4.666042889104481,True,0,ok
21.6,0.09,0.3618755376359134,-0.1620022969999781,-0.27323470293885876,1.360323381943508e-09,-0.5403330149958344,5.566720577049364,2.165971701322361,3.665971701322361,1.5,21.994862678957002,11.994862678957004,-10.0,0.0,7.588751568044071,3.8006168187765614,True,0,ok
21.6,0.13,0.2408679608175091,0.004421508812788955,0.057578251208382794,8.260516944869193e-09,-0.4131795238062483,2.104759868442943,2.3565606122508185,3.8565606122508185,1.5,20.75006401525861,10.750064015258609,-10.0,0.0,6.214715431747071,4.0238570919106875,True,0,ok
21.6,0.16999999999999998,0.18658904298655254,0.05236225520339454,0.03258049948764673,9.260716879656662e-10,-0.3172429954641437,4.188974162217705,2.5630438157945927,3.72971048246126,1.1666666666666674,19.0277517842183,15.694418450884966,-3.333333333333334,0.0,8.537518593225936,3.8620648533816597,True,0,ok
21.6,0.20999999999999996,0.14042824106375015,0.032750905606885546,0.011633078846271695,1.0045389954986234e-08,-0.24073288583669133,100.37320612046318,2.7475198417679856,3.5808531751013186,0.833333333333333,17.780195653541895,17.780195653541895,0.0,0.0,9.476271374132597,3.6866291225665213,True,0,ok
21.6,0.24999999999999994,0.10584554891639932,0.002770813829843648,-0.0018957090160202424,1.2938577002433102e-09,-0.18329912589613886,3.583787631238812,2.9492353854097653,3.4492353854097653,0.5,16.12883592650894,19.462169259842273,3.333333333333334,0.0,10.238964812212773,3.532916309622842,True,0,ok
21.6,0.29,0.08418116384372559,-0.03333475331872749,0.033236411189842836,4.394254116833552e-08,-0.1379983341589738,1.8429001704244727,3.1464290431548108,3.3130957098214773,0.16666666666666652,14.550957866439251,17.884291199772587,3.333333333333334,0.0,9.71815970459954,3.440190796979214,True,0,ok
21.6,0.32999999999999996,0.07683936860144615,-0.0790009750641084,0.008060450677023394,4.749399053853563e-10,-0.10680234442656267,1.0109391488828232,3.3379246754571303,3.171258008790464,-0.16666666666666652,13.072572898324152,19.739239564990818,6.666666666666668,0.0,10.677024732969022,3.279976971427523,True,0,ok
21.6,0.36999999999999994,0.09056482833885686,-0.13108497941796102,-0.015050431993708249,5.362808859123867e-10,-0.08483028388456172,0.6458936960136306,3.522977275458282,3.022977275458282,-0.5,11.706113306948687,21.706113306948687,10.000000000000002,0.0,11.705965241783737,3.1127652181180303,True,0,ok
21.6,0.4099999999999999,0.10252741895406042,-0.05347147455687291,0.15678658669178924,2.2099931580127665e-08,-0.06398736245850453,1.0891512465640882,3.701382684544968,3.201382684544968,-0.5,10.451477668675492,20.45147766867549,10.0,0.0,10.451049826856059,3.307030707860668,True,0,ok
21.6,0.4499999999999999,0.20210429629684046,0.026828421865824483,0.3454485912263967,1.1611360355061975e-10,-0.04983920489745448,2.467600677565529,3.873270610174012,3.373270610174012,-0.5,9.301926894961658,19.30192689496166,10.000000000000002,0.0,9.348914324202157,3.497404783722838,True,0,ok
21.6,0.48999999999999994,0.3145190826654249,-0.14881969894473865,0.5232470329901581,7.009903342837907e-09,-0.0288444059584341,-0.9982457532316003,4.038885842633164,3.5388858426331637,-0.5,8.248928458551596,-1.7510715414484044,-10.0,0.0,0.003776587508834375,3.5390434515712395,True,0,ok
21.6,0.5299999999999999,0.3580577084337925,-0.08330538342885056,0.6142541731803012,4.344170599412104e-10,-0.019183105299533185,1.6418859690213763,4.198646613517712,3.6986466135177123,-0.5,7.2818948536455075,-2.7181051463544925,-10.0,0.0,0.0799346489102619,3.7013513521866024,True,0,ok
21.6,0.57,0.43906638181415936,-0.0208400819199531,0.7600875347468049,3.169404695307014e-09,-0.013057313131955184,1.0048597655145817,4.352890401708592,3.852890401708592,-0.5,6.3921898992244,-3.6078101007755996,-10.0,0.0,0.012296572324280837,3.853367460285784,True,0,ok
21.6,0.61,0.518109400985176,0.04908146392783268,0.8959912492577322,4.702544254926491e-10,-0.01013633661255365,1.0199885589692517,4.501950810480737,4.001950810480737,-0.5,5.571726483373813,-4.428273516626187,-10.0,0.0,0.10535501974406869,4.0056097038823895,True,0,ok
21.6,0.6499999999999999,0.6282071909934415,0.11296746777107504,1.0821649949947405,8.949372959470624e-10,-0.009492064108238225,1.0105843677601005,4.646202225719828,4.146202225719828,-0.5,4.812684464810451,-5.187315535189549,-10.0,0.0,0.08660090137112837,4.146586101733362,True,0,ok
21.6,0.69,0.7452755648074201,0.18512280670417652,1.277459132294574,7.300918045837734e-10,-0.011606646898173643,1.0059811391820055,4.7858893572122305,4.2858893572122305,-0.5,4.109453545041342,-5.890546454958657,-10.0,0.0,0.06935547786861777,4.288932893595724,True,0,ok
21.6,0.73,0.8725221807916077,0.25718647346874624,1.4891244141536304,1.921251809799582e-09,-0.015762771214031506,1.0061627218498037,4.921400837811316,4.421400837811316,-0.5,3.455171762306304,-6.544828237693696,-10.0,0.0,0.09547617813823574,4.42587388784695,True,0,ok
21.6,0.7699999999999999,0.9996271376382379,0.3365324793007572,1.6982342092125389,1.5634372477776466e-09,-0.022576623848515564,1.0107448420287097,5.052989513279144,4.552989513279144,-0.5,2.8450452309525613,-7.154954769047438,-10.0,0.0,0.21822665289167434,4.563449827912742,True,0,ok
21.6,0.8099999999999999,1.1619894140373768,0.4043167786304115,1.9713717403424105,2.92881980777362e-09,-0.029658032673145405,1.0048725097451516,5.180939103488527,4.680939103488527,-0.5,2.274314720780067,-7.725685279219934,-10.000000000000002,0.0,0.12680575890374057,4.688061975751599,True,0,ok
21.6,0.85,1.337189228586318,0.4693869916861288,2.267704263873525,7.357030774618416e-11,-0.03766062648839512,1.0004560546264727,5.305389388912972,4.805389388912972,-0.5,1.7400386266569314,-8.259961373343069,-10.000000000000002,0.0,0.01570980358766852,4.806449606971933,True,0,ok
22.2,0.05,0.542144999845234,-0.3203961709420766,-0.542083061297929,1.2698784121123247e-09,-0.6966030798604668,10.327490065071835,2.0403464986143294,3.5403464986143294,1.5,23.173633814529236,13.173633814529236,-10.0,0.0,9.272904521594603,3.6364501093633637,True,0,ok
22.2,0.09,0.3308777753690252,-0.11568118988393523,-0.2093733829083109,5.025449105250252e-11,-0.5207887820758355,3.7133984102508655,2.232236535332917,3.732236535332917,1.5,22.34585553056889,12.345855530568892,-10.0,0.0,7.647257968235569,3.870359726973197,True,0,ok
22.2,0.13,0.23167060092986783,-0.0831512328477708,-0.07952477138470818,1.0543662854456064e-09,-0.38441577129161064,6.79020641754597,2.4490466481091984,3.615713314775865,1.1666666666666665,20.80100370160874,10.801003701608739,-10.0,0.0,6.543410863871405,3.767162412468575,True,0,ok
22.2,0.16999999999999998,0.17080418439493988,-0.05740909976316973,-0.03795088974895717,4.499857227831435e-09,-0.2877257955973131,11.194931136755589,2.6638370949878447,3.4971704283211777,0.833333333333333,19.18386414550059,12.517197478833923,-6.666666666666666,0.0,7.400164795834914,3.65130139963677,True,0,ok
22.2,0.20999999999999996,0.12942271288933188,-0.05652394533364984,-0.022730399842792723,4.906087322347999e-09,-0.21572920145823707,2.5950342320114097,2.877514594953861,3.377514594953861,0.5,17.575801211823826,14.242467878490492,-3.333333333333334,0.0,8.301259278132969,3.527186444528094,True,0,ok
22.2,0.24999999999999994,0.10320694589614521,-0.07141774384105899,-0.01595253234855912,3.8432826193548586e-10,-0.16309519802848454,1.3651171252594205,3.0947566454357567,3.261423312102423,0.16666666666666652,15.852402031907976,15.852402031907976,0.0,0.0,9.158904294026708,3.4031139591907698,True,0,ok
22.2,0.29,0.07706442119477569,-0.022822612351036112,0.014952698454635656,2.3137463199961813e-08,-0.1306610891453781,1.6989285019947187,3.306182711939634,3.4728493786063006,0.16666666666666652,14.223357120645465,24.223357120645467,10.000000000000002,0.0,11.437022952988517,3.372669328534584,True,0,ok
22.2,0.32999999999999996,0.07571475659734861,-0.018870269129153808,0.08170293809025592,2.565204549411514e-09,-0.10083013413756993,1.5861260641948367,3.5100147325482602,3.3433480658815937,-0.16666666666666652,12.72314897528107,22.72314897528107,10.0,0.0,11.397243412767395,3.358346033256396,True,0,ok
22.2,0.36999999999999994,0.08737599114596828,-0.054040252369621546,0.1187955058539307,9.701277751948535e-10,-0.07662225785603886,1.107910743082951,3.7058773255220046,3.2058773255220046,-0.5,11.354743070248531,21.35474307024853,10.000000000000002,0.0,11.1492146678145,3.281774208810922,True,0,ok
22.2,0.4099999999999999,0.18715127055430178,0.033881913026521895,0.3167675098508134,7.039844305646359e-10,-0.059892861701929305,2.5132185002959475,3.893872465755587,3.393872465755587,-0.5,10.111005090528613,20.11100509052861,10.0,0.0,9.947273960982614,3.486849554536885,True,0,ok
22.2,0.4499999999999999,0.31810424355922967,0.12476741207501173,0.5343340848228403,4.678947353932989e-10,-0.0499110007093741,104.37543791953338,4.074431969920777,3.574431969920777,-0.5,8.979510918489245,18.979510918489243,9.999999999999998,0.0,8.896576247248674,3.687243678524917,True,0,ok
22.2,0.48999999999999994,0.43419373399585653,-0.06290322275109045,0.7490086333322088,2.70796150449931e-08,-0.024532584151233147,1.0308440147361482,4.247991041438319,3.7479910414383193,-0.5,7.948533764600127,-2.051466235399873,-10.0,0.0,0.026168964266247045,3.7490692498261917,True,0,ok
22.2,0.5299999999999999,0.5095036830038632,0.011734855885949391,0.882221757372559,5.765293400637232e-10,-0.018140368224290132,1.0273012841617257,4.415064788972312,3.9150647889723116,-0.5,7.0061618846450555,-2.993838115354944,-10.0,0.0,0.10010740220871292,3.9190134030639108,True,0,ok
22.2,0.57,0.6150671214037222,0.08466432709329412,1.061848836246599,5.047147944206781e-09,-0.015221438012444478,1.012308463117781,4.576078752468666,4.076078752468666,-0.5,6.142489080411576,-3.8575109195884236,-10.0,0.0,0.08303899372905825,4.079528848344568,True,0,ok
22.2,0.61,0.7319090433009755,0.16126225788953297,1.257309402169914,8.44128173884959e-10,-0.01549497959826999,1.010487016526344,4.731474980661836,4.231474980661836,-0.5,5.348342103626892,-4.651657896373108,-10.0,0.0,0.10769861506702269,4.236333523214881,True,0,ok
22.2,0.6499999999999999,0.8568151249458185,0.24303023428206966,1.4638910105042484,8.413279984967414e-10,-0.0188650363744305,1.013343441229222,4.881598334987088,4.381598334987088,-0.5,4.6164872916336614,-5.383512708366338,-10.0,0.0,0.19238797502475047,4.390589438787026,True,0,ok
22.2,0.69,1.0265026524938334,0.31067039675289737,1.7504503508464087,4.485521271089442e-10,-0.023033899663530914,1.0008411025465698,5.026928616295049,4.526928616295049,-0.5,3.938778658974157,-6.061221341025843,-10.0,0.0,0.01593893528226719,4.527851661067088,True,0,ok
22.2,0.73,1.1724375291146532,0.39888953387319753,1.9909097463236363,3.009499028540034e-09,-0.03154046273276238,1.0055544485467416,5.167777006695513,4.667777006695513,-0.5,3.309572185550873,-6.6904278144491265,-10.0,0.0,0.14094887963504993,4.675831280693416,True,0,ok
22.2,0.7699999999999999,1.3568830881937375,0.47201470830607933,2.3019559943664585,1.1915050115694832e-09,-0.03994821925414803,1.001274631197592,5.304460401817797,4.804460401817797,-0.5,2.723608055347083,-7.276391944652917,-10.0,0.0,0.044030533340327596,4.807393410651168,True,0,ok
22.2,0.8099999999999999,1.5214045404171337,0.5678040378667106,2.5726942433316706,5.441354998539742e-08,-0.053462432753765894,nan,5.437299051106365,4.937299051106365,-0.5,2.176017422804569,-7.82398257719543,-10.0,0.0,0.19838416555713267,4.951229929424163,True,0,ok
22.2,0.85,1.7292421208884825,0.6397086986668178,2.9253063705661364,1.2155813613634806e-09,-0.06473296795200331,nan,5.566396811986306,5.066396811986306,-0.5,1.6643212362300066,-8.335678763769993,-10.0,0.0,0.08120687170235887,5.073743214304296,True,0,ok
22.8,0.05,0.5154096978013112,-0.2867651094279062,-0.5032025299694154,7.34229206148655e-09,-0.6793338322283804,96.18169999042865,2.089165427290425,3.589165427290425,1.5,23.665493490288355,13.665493490288357,-10.0,0.0,9.413985866385822,3.6863988259331473,True,0,ok
22.8,0.09,0.3013788528755556,-0.06363445977261979,-0.1350643201089939,1.0202225201344711e-09,-0.5001958854735806,2.833865288707927,2.306113845533349,3.806113845533349,1.5,22.63990634960962,12.639906349609623,-10.0,0.0,7.657924905583446,3.9472392284335722,True,0,ok
22.8,0.13,0.21139129034585047,-0.02186116222293796,0.026433947899555936,1.2898002827867107e-10,-0.3645300658203064,3.173353539275053,2.55235628874831,3.7190229554149767,1.1666666666666665,20.761476927872657,10.761476927872657,-10.0,0.0,6.387548506577329,3.8774071854259073,True,0,ok
22.8,0.16999999999999998,0.15934887801097292,0.030173389549178732,0.020005990136617458,9.29527399794478e-09,-0.2736156459192984,13.862735360665848,2.7779505021112434,3.611283835444577,0.8333333333333335,19.2366847810228,15.903351447689467,-3.333333333333334,0.0,8.92754453829686,3.739041808542931,True,0,ok
22.8,0.20999999999999996,0.12000438530749692,0.021306007651076334,-0.011648415429483474,2.1850639641146448e-08,-0.2064304384896883,4.5761647195934785,3.020186500991888,3.520186500991888,0.5,17.319452107692815,20.65278544102615,3.333333333333334,0.0,10.878059220815683,3.5542294683593143,True,0,ok
22.8,0.24999999999999994,0.09023583168069013,-0.003513312468312678,0.004710122164591672,5.263565917542358e-09,-0.15618254493384381,2.2274786628545886,3.255385709462368,3.422052376129035,0.16666666666666696,15.50721398775947,22.17388065442614,6.666666666666668,0.0,11.498682974366025,3.428498680338271,True,0,ok
22.8,0.29,0.07385168824210685,-0.043324487171373244,0.01093574547741773,9.338733574309805e-11,-0.11985663874320304,1.3403543204211295,3.481595884514644,3.3149292178479777,-0.16666666666666652,13.843016931231766,23.843016931231766,10.0,0.0,12.195450943917233,3.2887063206753755,True,0,ok
22.8,0.32999999999999996,0.07558246508770097,-0.06129053391233347,0.07091560454453338,5.967850160867907e-09,-0.09139242075262623,1.0785825075721158,3.6982602586835007,3.1982602586835007,-0.5,12.333973404568503,22.333973404568503,10.0,0.0,11.90674047568139,3.2423959951050465,True,0,ok
22.8,0.36999999999999994,0.16732671943231828,0.035006743078972224,0.27875137751771867,9.024829004904807e-10,-0.07118209451064507,2.39654154992923,3.9054044804569683,3.4054044804569683,-0.5,10.973590802589767,20.973590802589765,9.999999999999998,0.0,10.578263372216544,3.4645292892267134,True,0,ok
22.8,0.4099999999999999,0.305442479167267,0.13479854184222057,0.5081423030967271,2.798257053374739e-11,-0.05921213693411211,52.04630329651471,4.103492474804065,3.6034924748040646,-0.5,9.747624521335942,19.747624521335943,10.0,0.0,9.434159356068486,3.6808871346700633,True,0,ok
22.8,0.4499999999999999,0.46051011966684624,0.23681499256896657,0.7597427162222365,7.123966601078684e-10,-0.05402198986095943,3.674686086656154,4.293184816381777,3.7931848163817774,-0.5,8.639765093943156,18.639765093943158,10.000000000000002,0.0,8.427782432164705,3.8896785669169773,True,0,ok
22.8,0.48999999999999994,0.6016868848847294,0.03660985500162007,1.0412405066477557,2.974109528188355e-10,-0.023648428268156312,1.001885684041888,4.4751019121346225,3.9751019121346225,-0.5,7.635585005532651,-2.364414994467349,-10.0,0.0,0.008863677644655395,3.9755995506497075,True,0,ok
22.8,0.5299999999999999,0.7177389074711578,0.11888367528783207,1.2372866984431143,5.323908093223414e-09,-0.020873799353938908,1.0029075608486044,4.649935291059586,4.149935291059586,-0.5,6.72093120482859,-3.27906879517141,-10.0,0.0,0.0240956121060423,4.151325756121185,True,0,ok
22.8,0.57,0.8327098806143198,0.2126304793704377,1.4263574971038828,8.84401542843817e-09,-0.022578873231168868,1.0162749884807711,4.818083647028394,4.318083647028394,-0.5,5.886486382399528,-4.113513617600472,-10.0,0.0,0.20572195080401728,4.328134781092293,True,0,ok
22.8,0.61,0.987445983907313,0.29853042360386645,1.6838381836927017,6.820464047268599e-10,-0.02678191041362844,1.011384565393219,4.980172441818255,4.480172441818255,-0.5,5.121222319149602,-4.878777680850398,-10.0,0.0,0.2006265782653166,4.490708440239587,True,0,ok
22.8,0.6499999999999999,1.16706128617041,0.38091727983642343,1.9849179505571903,3.4076050132377114e-09,-0.03314954767499802,1.0050187626119849,5.136673694188984,4.636673694188984,-0.5,4.416793681989452,-5.583206318010547,-10.0,0.0,0.11936391119795917,4.643795270435073,True,0,ok
22.8,0.69,1.3418801850900568,0.47555207118667553,2.274618483165129,7.770492890434181e-10,-0.043454309862248026,1.005594043591224,5.288028528685022,4.788028528685022,-0.5,3.7658865839667635,-6.234113416033236,-10.0,0.0,0.18936630994012657,4.800425639522073,True,0,ok
22.8,0.73,1.5470970280711396,0.5604078079449656,2.619828283090787,3.1749207657279467e-09,-0.05450228170962326,nan,5.43459179512099,4.93459179512099,-0.5,3.1626618224559544,-6.837338177544045,-10.0,0.0,0.12429306441749634,4.943915987187571,True,0,ok
22.8,0.7699999999999999,1.7187052589415996,0.682236076949196,2.8967088094153692,5.196412945459174e-10,-0.07399533839978989,nan,5.576751768878785,5.076751768878785,-0.5,2.601444442981309,-7.398555557018692,-10.0,0.0,0.4240756237835041,5.10847407490275,True,0,ok
22.8,0.8099999999999999,1.9721272158243697,0.7514100875209294,3.331044394555462,8.573938414855791e-10,-0.08592664346966637,nan,5.7147983013070895,5.2147983013070895,-0.5,2.0779217697832175,-7.9220782302167825,-10.0,0.0,0.17980861213147037,5.231070011117092,True,0,ok
22.8,0.85,2.202448057646667,0.8488475308105227,3.7176330057616056,1.8616818158867147e-09,-0.10485725441540225,nan,5.849007945300415,5.349007945300415,-0.5,1.5881996638595137,-8.411800336140486,-10.0,0.0,0.19873374456985587,5.3695392351334075,True,0,ok
23.4,0.05,0.4860018554653409,-0.24915479581694433,-0.45870087545505167,5.749882321426811e-10,-0.6603853459348173,14.377951050424779,2.1428382246454927,3.6428382246454927,1.5,24.13220016752685,14.13220016752685,-10.0,0.0,9.513184330566855,3.740153024531396,True,0,ok
23.4,0.09,0.27781684668739137,-0.004684304866543402,-0.04728297233530543,4.3969255260607837e-10,-0.47884128761525213,2.308979261750932,2.3895582410007257,3.8895582410007257,1.5,22.853420729466674,12.853420729466675,-10.0,0.0,7.6108415155152125,4.033451289476539,True,0,ok
23.4,0.13,0.20814234691640204,-0.09984738249641119,-0.0840463476509644,1.7156553745206768e-07,-0.33606014550189106,8.048169181246507,2.66615848404454,3.499491817377873,0.833333333333333,20.677772819566368,10.677772819566366,-10.0,0.0,6.6348247252148775,3.642453909893476,True,0,ok
23.4,0.16999999999999998,0.14650807619924808,-0.06563547689647288,-0.016270688749424077,1.484827948009059e-11,-0.24458351954906116,3.0915044911512894,2.916099772015357,3.4160997720153574,0.5000000000000004,18.996386639393865,12.329719972727199,-6.666666666666666,0.0,7.495341480191628,3.5630922494221187,True,0,ok
23.4,0.20999999999999996,0.10755790476886203,-0.031953846768264314,-0.001313800435507133,5.476533946719754e-09,-0.18353019980354385,2.1813771757223748,3.179586795268065,3.3462534619347317,0.16666666666666652,16.968669422444254,16.968669422444254,0.0,0.0,9.87619424302109,3.465327042114641,True,0,ok
23.4,0.24999999999999994,0.08551733328722835,-0.040838552869158905,0.035127371558149594,1.2362151514447507e-10,-0.1379779810138027,1.4895247628954902,3.43285398344343,3.2661873167767634,-0.16666666666666652,15.100024247111213,18.433357580444547,3.333333333333334,0.0,10.597505954989055,3.3710507130293275,True,0,ok
23.4,0.29,0.07729778738581858,-0.07672370650012661,0.011325931912272444,3.2276603254299673e-09,-0.10913312939447233,1.0085034229695717,3.6746355449274097,3.1746355449274097,-0.5,13.414356787620651,23.41435678762065,10.000000000000002,0.0,12.750115827345791,3.185373883410902,True,0,ok
23.4,0.32999999999999996,0.14200752064249056,0.028667290156404807,0.2293592186928668,9.328415747952402e-12,-0.08408889958114772,2.148652894856179,3.904767686924274,3.404767686924274,-0.5,11.908321257284923,21.90832125728492,10.0,0.0,11.258390290230464,3.427451465989773,True,0,ok
23.4,0.36999999999999994,0.2864228457752965,0.13826450561623554,0.4713737470216822,1.3839156759948918e-10,-0.06930986114179483,21.37642592868396,4.123785679113721,3.6237856791137206,-0.5,10.56499993721412,20.564999937214118,10.0,0.0,9.995957016523707,3.6624204101578246,True,0,ok
23.4,0.4099999999999999,0.45079177418476385,0.2495445367564774,0.7371763678154358,1.7493322797787263e-09,-0.06275506296210447,3.8687348809062665,4.332508544647915,3.832508544647915,-0.5,9.363960303334844,19.363960303334846,10.000000000000002,0.0,8.895827629665318,3.8867957847500834,True,0,ok
23.4,0.4499999999999999,0.38098137585942216,-0.19826140554009675,0.6283752174760016,1.0595354499302096e-09,-0.03574111624541042,-0.8148014475458323,4.531855790794675,5.031855790794675,0.5,8.28516847810799,18.285168478107988,9.999999999999998,0.0,0.9361976150047943,3.3024264927354126,True,0,ok
23.4,0.48999999999999994,0.8079462161531368,0.15906799773421415,1.390059732415106,9.110058967253346e-10,-0.027614796819554716,1.0070693954399532,4.722703474188301,4.222703474188301,-0.5,7.311041256629793,-2.6889587433702067,-10.0,0.0,0.07095295750501236,4.226745621923217,True,0,ok
23.4,0.5299999999999999,0.9516035321847618,0.25917578091025084,1.6274444801297485,8.309831360215214e-09,-0.030003767835373514,1.0117149548157838,4.905673596721124,4.405673596721124,-0.5,6.428619367433378,-3.5713806325666217,-10.0,0.0,0.17771231592278838,4.415459191798737,True,0,ok
23.4,0.57,1.1448760816683854,0.34600736772297863,1.9522576550794863,3.488996105504128e-09,-0.03453515301872876,1.002141551293037,5.0815158023440405,4.5815158023440405,-0.5,5.6248798642698645,-4.375120135730135,-10.0,0.0,0.0453091051215912,4.584419604686125,True,0,ok
23.4,0.61,1.3297758284275523,0.448999784530141,2.258621274190938,8.039304741700862e-10,-0.04404991344530305,1.003842918909364,5.250816543754219,4.750816543754219,-0.5,4.8897606979730694,-5.1102393020269306,-10.0,0.0,0.11690731302842124,4.758939206106482,True,0,ok
23.4,0.6499999999999999,1.4999788945965653,0.5778303398353555,2.5322394345176216,3.20347015343545e-10,-0.06070912077305055,nan,5.414176175798101,4.914176175798101,-0.5,4.213994016659239,-5.786005983340761,-10.0,0.0,0.43748996909257276,4.944595847253641,True,0,ok
23.4,0.69,1.7313142706389064,0.6786671333146933,2.9199315701259385,5.444311846477387e-09,-0.07588055807697752,nan,5.571993276693695,5.071993276693695,-0.5,3.591065459192346,-6.408934540807654,-10.0,0.0,0.39412057888885565,5.1030160133902065,True,0,ok
23.4,0.73,1.9894638478477076,0.7687986507718716,3.3577562043261744,2.8133303394770652e-09,-0.09122013242401039,nan,5.7247054274256906,5.2247054274256906,-0.5,3.0146436010304174,-6.985356398969582,-10.0,0.0,0.2555350324517666,5.248392903500043,True,0,ok
23.4,0.7699999999999999,2.2413245369330017,0.8753972881619693,3.78044645823634,2.8142391851749137e-10,-0.11185349284124259,nan,5.8727851718873545,5.3727851718873545,-0.5,2.4786561024540106,-7.5213438975459885,-10.0,0.0,0.271300129087098,5.399766606943563,True,0,ok
23.4,0.8099999999999999,2.520636233054191,0.9719783688159586,4.254240945576421,2.2638519891947547e-09,-0.13233701557680172,nan,6.0164793149183025,5.5164793149183025,-0.5,1.979420716929388,-8.020579283070612,-10.0,0.0,0.19109864178417388,5.539100472869543,True,0,ok
23.4,0.85,2.78982453414442,1.093736402568895,4.703962948706727,4.500325264189956e-09,-0.16073597242795007,nan,6.15620191956669,5.65620191956669,-0.5,1.5121809855576331,-8.487819014442366,-10.0,0.0,0.2797911544046578,5.690667289174596,True,0,ok
24.0,0.05,0.453717915757187,-0.2067857549399701,-0.4072803292766503,5.843594901573548e-10,-0.639485907722248,6.8828892211609585,2.20224747476957,3.70224747476957,1.5,24.57262053448003,14.572620534480034,-9.999999999999998,0.0,9.569204596158595,3.798433817291541,True,0,ok
24.0,0.09,0.2685831413816452,0.06306954265313798,0.05929588577368559,1.0524093044693305e-09,-0.45707432899161654,1.9498140087360014,2.4857157812622246,3.9857157812622246,1.5,22.940354148031265,12.940354148031263,-10.0,0.0,7.484682071382002,4.132864876306514,True,0,ok
24.0,0.13,0.18320795904210777,-0.031882304532550164,0.029973840370691777,4.2549486998506005e-09,-0.3142937420952729,6.937387084997589,2.7820567553889295,3.6153900887222625,0.833333333333333,20.76156875248889,10.761568752488893,-10.0,0.0,6.550781722393468,3.7654537709363187,True,0,ok
24.0,0.16999999999999998,0.13784638396452661,0.04494966120290155,0.02263365450077149,2.4209924069944344e-09,-0.2333926356121186,13.135556920507323,3.070867713047542,3.5708677130475426,0.5000000000000004,18.664123566197233,18.664123566197233,0.0,0.0,10.360277959243586,3.64247882336785,True,0,ok
24.0,0.20999999999999996,0.1012759158747021,0.02030928474393087,0.015734496132734452,1.0372162640821698e-09,-0.17352346237157126,2.743489278857359,3.3570719887955587,3.523738655462225,0.16666666666666652,16.54253917986727,23.209205846533937,6.666666666666668,0.0,11.91059645335246,3.4591767702573524,True,0,ok
24.0,0.24999999999999994,0.0804167431607473,-0.024857742561132906,0.04566930467154478,5.55850309044801e-09,-0.1292167364830379,1.4919117899026788,3.6296048452406895,3.462938178574023,-0.16666666666666652,14.631869149573438,24.63186914957344,10.000000000000002,0.0,12.127988190005716,3.3188510317884767,True,0,ok
24.0,0.29,0.11193705952790098,0.012773384912815362,0.16603869083875236,1.3130208782700527e-09,-0.09928599936386208,1.824997043370331,3.8877168923540726,3.3877168923540726,-0.5,12.940899455514236,22.940899455514234,10.0,0.0,12.011413502339812,3.371472444193855,True,0,ok
24.0,0.32999999999999996,0.2592941685799222,0.13314830005812467,0.4213098597554669,1.6476948181910502e-09,-0.08043587410552455,10.358593421776728,4.132012209662781,3.632012209662781,-0.5,11.450045893283102,21.450045893283104,10.0,0.0,10.595851465901601,3.628372329323415,True,0,ok
24.0,0.36999999999999994,0.4323719083038475,0.25303923027500747,0.701198038754301,4.2422667765214625e-10,-0.07161605727688192,4.354229319142925,4.363594032526657,3.863594032526657,-0.5,10.132427428647528,20.132427428647524,9.999999999999998,0.0,9.367009358900157,3.868851523965733,True,0,ok
24.0,0.4099999999999999,0.6272499202343278,0.3824950074647775,1.014338708099845,2.0531502103305115e-10,-0.07170733446983675,2.130953263180605,4.583634508250795,4.083634508250795,-0.5,8.962436684768978,18.962436684768978,10.0,0.0,8.360645473503208,4.110277596405386,True,0,ok
24.0,0.4499999999999999,0.8406510038399,0.5160617959441794,1.359224190862739,1.3262265667170429e-09,-0.07919692236125843,1.5721240023108687,4.793351985633315,4.293351985633315,-0.5,7.916533178112352,17.916533178112353,10.0,0.0,7.488285919378488,4.344374662254187,True,0,ok
24.0,0.48999999999999994,1.0668616890826867,0.31066830062639306,1.8211452314161731,6.709139662254127e-10,-0.038689067876239394,1.010976523137121,4.993607101317433,4.493607101317433,-0.5,6.977620295559859,-3.0223797044401404,-10.0,0.0,0.19923588454993363,4.505785061335176,True,0,ok
24.0,0.5299999999999999,1.2863776611607458,0.4087352083715063,2.18979988509005,8.853524408098994e-10,-0.044882670344764515,1.0026388585676957,5.185385848057126,4.685385848057126,-0.5,6.129187736208933,-3.8708122637910667,-10.0,0.0,0.06898873249121426,4.690248039595342,True,0,ok
24.0,0.57,1.477761770246768,0.5408005740104125,2.5010641756739456,2.78328102103972e-09,-0.059600982533861174,nan,5.369466722997145,4.869466722997145,-0.5,5.358536340566195,-4.641463659433804,-10.0,0.0,0.3134265935273913,4.8925485859663915,True,0,ok
24.0,0.61,1.7140664208552456,0.6607263843941736,2.8933860022596716,5.556126735882503e-10,-0.07634901573519845,nan,5.546552600823257,5.046552600823257,-0.5,4.654943765572321,-5.345056234427679,-10.0,0.0,0.3654386891499461,5.07589154778025,True,0,ok
24.0,0.6499999999999999,2.0182153400901996,0.7362700471865127,3.41610813905452,5.480736649276245e-10,-0.08769878464173066,nan,5.717230243289718,5.217230243289718,-0.5,4.009785829273832,-5.990214170726167,-10.0,0.0,0.0241336520884914,5.220561500829991,True,0,ok
24.0,0.69,2.287036120363276,0.8600211654526139,3.8651931059497295,4.8686548161156435e-09,-0.11067292456207581,nan,5.8821087886895445,5.3821087886895445,-0.5,3.4150604602248555,-6.584939539775144,-10.0,0.0,0.09512124705747244,5.39321696232191,True,0,ok
24.0,0.73,2.54537355446085,1.0212286795881793,4.286344209062234,8.997557724511755e-10,-0.1453440768356748,nan,6.041522275845578,5.541522275845578,-0.5,2.8657387149705063,-7.134261285029494,-10.0,0.0,0.3790571002600409,5.5837575074403105,True,0,ok
24.0,0.7699999999999999,2.8655115094947403,1.1279695063822472,4.83033290606167,3.758245280650895e-08,-0.17040376295752893,nan,6.196035491885529,5.696035491885529,-0.5,2.3553841963694406,-7.64461580363056,-10.000000000000002,0.0,0.27713354436965587,5.734157786586507,True,0,ok
24.0,0.8099999999999999,3.2233739785486613,1.1956643880101028,5.450303460517103,4.9734116371208354e-11,-0.18707826242940678,nan,6.345893354401506,5.845893354401506,-0.5,1.8805524728225032,-8.119447527177497,-10.000000000000002,0.0,0.010535080792964654,5.851148842565776,True,0,ok
24.0,0.85,3.4910039392483947,1.4442501797556613,5.865979873841645,1.31796440301546e-10,-0.25641187473267246,nan,6.49153362008325,5.99153362008325,-0.5,1.4366345997653904,-8.56336540023461,-10.0,0.0,0.5917120526359801,6.07882564771852,True,0,ok
24.6,0.05,0.4188668164479479,-0.1589107706526323,-0.34726149529937617,1.4477826699063473e-09,-0.6168509144167207,4.550973187966579,2.2692613932110706,3.7692613932110706,1.5,24.96069102020276,14.960691020202757,-10.000000000000002,0.0,9.570347534512099,3.863122187412728,True,0,ok
24.6,0.09,0.24490060868824448,-0.011936687228024776,-0.047938861729596716,8.224462758649113e-10,-0.42129360954292777,3.2940749057896,2.597246173304803,3.7639128399714705,1.1666666666666674,22.88036281206538,12.880362812065378,-10.0,0.0,7.797814061125598,3.903885665301264,True,0,ok
24.6,0.13,0.17745088879960405,-0.09908930224766317,-0.05703407533362002,7.955016520322928e-10,-0.285297876329668,2.431689834145772,2.9165704066446168,3.4165704066446168,0.5,20.69828408197958,10.69828408197958,-10.0,0.0,6.811327376219652,3.551683363216105,True,0,ok
24.6,0.16999999999999998,0.12082710797379687,-0.016890338491928076,0.03513424832276966,5.343780441240821e-10,-0.20561583383668863,3.2518894152189253,3.2443766569592514,3.411043323625918,0.16666666666666652,18.246096142100075,14.912762808766743,-3.333333333333334,0.0,9.051382808977824,3.540858629399633,True,0,ok
24.6,0.20999999999999996,0.0910293798677668,-0.003863391145927597,0.020393332630825836,1.3631999544652946e-09,-0.1562953300338581,1.905743896782688,3.5553256788299388,3.3886590121632723,-0.16666666666666652,16.041553714165875,22.708220380832543,6.666666666666668,0.0,12.41433826924102,3.369743966395869,True,0,ok
24.6,0.24999999999999994,0.08457187420953809,-0.015883389978361667,0.08540136051751018,5.02836641403275e-10,-0.11794715455022783,1.4755332912972878,3.8482073458805557,3.3482073458805557,-0.5,14.108558049878237,24.108558049878237,10.0,0.0,12.867448877848782,3.289863103240368,True,0,ok
24.6,0.29,0.22179255642063414,0.11619946915995864,0.3541461249483243,9.135061915513723e-10,-0.0930269842670943,5.62820769480988,4.123579828433357,3.623579828433357,-0.5,12.427373353884715,22.427373353884715,10.0,0.0,11.248951517744478,3.573074918142357,True,0,ok
24.6,0.32999999999999996,0.4083472506847989,0.2540734472650983,0.6550216069550742,3.892692457437765e-09,-0.08146047656577801,5.130907961036951,4.382864068918723,3.882864068918723,-0.5,10.963141313785785,20.963141313785787,10.000000000000002,0.0,9.91960021373825,3.8456796339103922,True,0,ok
24.6,0.36999999999999994,0.6086919358613332,0.38390843304167,0.9787149846772069,6.388558544499361e-09,-0.07905006107294654,2.2508598664649555,4.627795113687267,4.127795113687267,-0.5,9.679576498880357,19.67957649888036,10.000000000000002,0.0,8.735100236839845,4.0909084192505265,True,0,ok
24.6,0.4099999999999999,0.8386868591880337,0.5328597738216769,1.348578910570739,3.4035736830804494e-10,-0.08707655672231973,1.59301307293093,4.85996710910849,4.35996710910849,-0.5,8.546097828607168,18.546097828607166,10.0,0.0,7.807537912038344,4.347141452957236,True,0,ok
24.6,0.4499999999999999,1.0896322023624718,0.6857913914165342,1.7552716250967384,5.083707632662557e-09,-0.10298882883643673,1.3245389361272801,5.08067038944042,4.58067038944042,-0.5,7.538788857021504,17.5387888570215,9.999999999999998,0.0,7.004583124917936,4.594622711266004,True,0,ok
24.6,0.48999999999999994,1.3159155075223858,0.7839323255046202,2.1371137680072443,8.771210360287643e-09,-0.11443653453548305,1.1959624899210886,5.291125812062147,4.791125812062147,-0.5,6.637379021845617,16.637379021845614,9.999999999999998,0.0,6.114289254352979,4.769405206797331,True,0,ok
24.6,0.5299999999999999,1.6094326339303424,0.9446653254029993,2.6188030364474946,1.4634169959820272e-09,-0.14247206306678745,nan,5.492412480650909,4.992412480650909,-0.5,5.825222172649375,15.825222172649374,9.999999999999998,0.0,5.5243278148496975,5.006764519104592,True,0,ok
24.6,0.57,1.9262928238051118,1.1072748067894518,3.1423946447054605,7.574585313737633e-10,-0.17638176862997904,nan,5.685364883797259,5.185364883797259,-0.5,5.0896945472837,15.0896945472837,10.000000000000002,0.0,4.987504183683229,5.235888531202061,True,0,ok
24.6,0.61,2.2539599070049876,0.8735372159296825,3.8032023023921475,2.1142582036297735e-09,-0.11657944339670437,nan,5.870885127696011,5.370885127696011,-0.5,4.418929762656707,-5.581070237343293,-10.0,0.0,0.2459371161660803,5.395937364590614,True,0,ok
24.6,0.6499999999999999,2.597897761971151,0.9788601375885051,4.389770645561057,1.658479646590085e-09,-0.13771294556005684,nan,6.049589385072913,5.549589385072913,-0.5,3.804625030340517,-6.195374969659483,-10.0,0.0,0.06230944956042528,5.5604397439892,True,0,ok
24.6,0.69,2.689409287670468,1.2762694274212,4.474809851977805,1.4454846085188352e-09,-0.2144296786754481,nan,6.222094626358422,5.722094626358422,-0.5,3.239249377191335,13.239249377191335,10.0,0.0,3.109632961566782,5.5719303632308215,True,0,ok
24.6,0.73,3.023660421301454,1.3802814167868294,5.046165688443122,6.848368061965203e-10,-0.242078675820393,nan,6.3888925569269865,5.8888925569269865,-0.5,2.716907703786733,12.716907703786733,10.0,0.0,2.7083817833183255,5.728602706882627,True,0,ok
24.6,0.7699999999999999,3.3262422748111384,1.43959542696662,5.572467392695623,1.778495169862485e-09,-0.25852500115689464,nan,6.550434215224874,6.050434215224874,-0.5,2.2324828023904946,12.232482802390495,10.000000000000002,0.0,2.289764713534842,5.838099020714932,True,0,ok
24.6,0.8099999999999999,4.072576972678913,1.5106104587596536,6.884701662452986,1.2426497895606605e-09,-0.2767465556907052,nan,6.707056187079467,6.207056187079467,-0.5,1.782078524732816,-8.217921475267184,-10.0,0.0,0.0624271813162654,6.222133654603013,True,0,ok
24.6,0.85,4.409147998715389,1.8146095634435337,7.408585523172695,1.3186047207525836e-08,-0.3765778828117661,nan,6.859215413436851,6.359215413436851,-0.5,1.3613052462289237,-8.638694753771077,-10.0,0.0,0.6302933472784873,6.478804444230127,True,0,ok
25.2,0.05,0.3818809517657371,-0.10402329443100045,-0.27604551665435817,3.006940346412027e-09,-0.5920111577624746,3.4006005921145834,2.345314401877157,3.845314401877157,1.5,25.29739790643093,15.29739790643093,-9.999999999999998,0.0,9.516686389123652,3.935596069071297,True,0,ok
25.2,0.09,0.23669654708501883,0.08425859305549842,0.02220299229423999,7.753552393867214e-10,-0.4006036480555331,2.85498402774417,2.7246656157939815,3.891332282460648,1.1666666666666665,22.70434693938499,16.037680272718323,-6.666666666666668,0.0,9.122422706554195,3.987132595772085,True,0,ok
25.2,0.13,0.15723840675115372,0.036230781173884445,0.008195351137437816,3.93590238174061e-10,-0.2697997709194505,42.368142989225916,3.0817825573484576,3.5817825573484576,0.5,20.30188760451848,16.968554271185145,-3.333333333333334,0.0,9.958592781584574,3.6773505595852582,True,0,ok
25.2,0.16999999999999998,0.11106490710588314,-0.0027334805409199026,-0.015962274806615523,3.6156887664745797e-10,-0.191687179118599,2.2218247333183516,3.4407465238018236,3.6074131904684905,0.16666666666666696,17.72518730290949,24.391853969576157,6.666666666666668,0.0,12.115002769498032,3.412355935389558,True,0,ok
25.2,0.20999999999999996,0.0855340416092006,-0.025076187054635466,0.04216607938264033,5.861701142491683e-09,-0.13979064136883837,1.4583461841364145,3.777777581350924,3.277777581350924,-0.5,15.467332298178441,22.13399896484511,6.666666666666668,0.0,12.791241242087084,3.2893913655934357,True,0,ok
25.2,0.24999999999999994,0.16989251251350837,0.07834344571871651,0.26246644131585556,6.616074594692662e-10,-0.10753636185201199,3.112382984744998,4.0921341590562115,3.5921341590562115,-0.5,13.534061660041967,23.534061660041964,9.999999999999998,0.0,11.93357067624726,3.481322278657294,True,0,ok
25.2,0.29,0.36450245342580684,0.230385127095835,0.5807543704055019,4.034797457877494e-09,-0.09073681793099461,8.444804698435735,4.385835192159207,3.885835192159207,-0.5,11.877857415476345,21.877857415476345,10.0,0.0,10.433284197429101,3.7843487571023013,True,0,ok
25.2,0.32999999999999996,0.5591164896198774,0.3446796124322873,0.9012466357421568,1.6656377948036286e-09,-0.0823663355475738,2.631956043133464,4.661207638031568,4.161207638031568,-0.5,10.449783170481023,20.44978317048102,9.999999999999998,0.0,8.959889259338956,4.016941412434187,True,0,ok
25.2,0.36999999999999994,0.808474274840196,0.514445388036834,1.2992809360588633,1.267454114873625e-08,-0.0900386092561245,1.6642103497937346,4.920480771818524,4.420480771818524,-0.5,9.207575261394119,19.20757526139412,10.000000000000002,0.0,8.014686269033664,4.306836872395488,True,0,ok
25.2,0.4099999999999999,1.082464217545516,0.689444829110722,1.7401790189632398,6.346286473588167e-10,-0.10783856625484864,1.3402734307071293,5.165590217807859,4.665590217807859,-0.5,8.11727517691236,18.117275176912358,10.0,0.0,7.198548784101155,4.584372310526754,True,0,ok
25.2,0.4499999999999999,1.2690524206910379,0.7286183482355192,2.070990602708827,8.470735043340138e-10,-0.10768177882828343,1.2278876300019832,5.398255331771953,4.898255331771953,-0.5,7.151606252956265,17.151606252956267,10.000000000000002,0.0,6.03224876716279,4.6961892971276,True,0,ok
25.2,0.48999999999999994,1.5928293774188504,0.9188336350625153,2.5976132769020532,1.845617257774296e-09,-0.13952165224634544,nan,5.619769877955801,5.119769877955801,-0.5,6.2905673057180715,16.29056730571807,10.000000000000002,0.0,5.509222870339939,4.9713024617445605,True,0,ok
25.2,0.5299999999999999,1.5819936152495069,0.6917374002691701,2.6496974373556057,4.356884164633482e-12,-0.09335017734637462,1.0966183161290501,5.83133643899334,5.664669772326673,-0.16666666666666696,5.517243134609713,15.517243134609712,9.999999999999998,0.0,3.4562915614049783,4.81862285199206,True,0,ok
25.2,0.57,2.3166226632939506,1.300006003151322,3.7893964305353256,1.123544603802394e-09,-0.22512391316368255,nan,6.034162975591914,5.534162975591914,-0.5,4.816665605549477,14.816665605549476,10.0,0.0,4.55678369825046,5.480444933199288,True,0,ok
25.2,0.61,2.7177817040461916,1.4891491976600357,4.45697416654472,1.010758375219569e-09,-0.27717885634753725,nan,6.228904080165282,5.728904080165282,-0.5,4.179823425681224,14.179823425681223,9.999999999999998,0.0,4.125137423878571,5.717822407404765,True,0,ok
25.2,0.6499999999999999,2.580891933533956,1.144955290836708,4.317191736910047,1.8166818343337726e-10,-0.18423465060233996,nan,6.416402815990581,5.916402815990581,-0.5,3.5971677399642927,13.597167739964293,10.0,0.0,2.861206655528927,5.4317695849714625,True,0,ok
25.2,0.69,2.9389368726072287,1.27396028841803,4.923674533733584,5.161546599883898e-09,-0.21564807652354556,nan,6.597216998104304,6.097216998104304,-0.5,3.062103432172187,13.062103432172187,10.0,0.0,2.5372082120026307,5.617505284914263,True,0,ok
25.2,0.73,4.12459345055455,1.7470664933996103,6.918016331471065,1.5750843679490195e-09,-0.3544320840619125,nan,6.772126886535835,6.272126886535835,-0.5,2.5671907880298175,-7.4328092119701825,-10.0,0.0,0.7565179373966905,6.390467342653995,True,0,ok
25.2,0.7699999999999999,4.618426953464554,1.8852731020895845,7.763605557524291,4.972010777016426e-10,-0.4022146829481759,nan,6.941398604217982,6.441398604217982,-0.5,2.1089684362527854,-7.891031563747215,-10.000000000000002,0.0,0.5944875327222586,6.552794246024579,True,0,ok
25.2,0.8099999999999999,4.969479567308854,2.261078652110242,8.287069350587123,6.57880457282782e-10,-0.5469793572260628,nan,7.105505538420196,6.605505538420196,-0.5,1.6829423634600875,-8.317057636539912,-10.0,0.0,1.3062051157030747,6.821165249031683,True,0,ok
25.2,0.85,5.51154858008461,2.6807314818998296,9.132910550255897,2.7021273851040278e-09,-0.7315236529830998,nan,7.264911396612799,6.764911396612799,-0.5,1.2850572383618242,4.618390571695158,3.333333333333334,0.0,2.342541231005401,7.020644098002864,True,0,ok
25.8,0.05,0.3450932948757258,-0.040451834632452534,-0.19010341136910114,9.573241680161532e-10,-0.5652366659774054,2.699593772942375,2.433141621684593,3.933141621684593,1.5,25.551851260172135,15.551851260172137,-9.999999999999998,0.0,9.396377609640046,4.018907557462845,True,0,ok
25.8,0.09,0.20799539404668474,0.004826785145127122,0.004624719917448644,6.800599039521027e-10,-0.3601965657037209,4.501840551828717,2.863402395038309,3.696735728371642,0.833333333333333,22.56841793369659,12.568417933696592,-10.0,0.0,7.763458093803359,3.8346037970912508,True,0,ok
25.8,0.13,0.1384090898021229,-0.028505147674678627,0.025436937054635844,2.1250586403329647e-08,-0.23666779926487597,3.6479657545960356,3.269206715273739,3.435873381940406,0.16666666666666696,19.808140575717495,13.14147390905083,-6.666666666666666,0.0,8.345857036560373,3.5657900150524573,True,0,ok
25.8,0.16999999999999998,0.10310279271849902,0.021767455038462794,0.03300852306488866,2.3655440490380768e-09,-0.17414698649498517,2.278710119459657,3.663185270602094,3.4965186039354275,-0.16666666666666652,17.1105787788834,23.77724544555007,6.666666666666668,0.0,12.819359100214214,3.4000228799699834,True,0,ok
25.8,0.20999999999999996,0.11102225956593331,0.018719502881113598,0.1440363893279869,1.6043052635758867e-06,-0.12601954260596634,1.8152744639160159,4.027866888187246,3.527866888187246,-0.5,14.82889963568611,24.82889963568611,9.999999999999998,0.0,12.723424722580573,3.3487811456432,True,0,ok
25.8,0.24999999999999994,0.24590044275517658,0.08596526516386231,0.4067055225473608,5.330177958149935e-10,-0.09274521204008673,3.7652054989542365,4.365144941048642,3.8651449410486416,-0.5,12.915044865725616,22.915044865725616,10.0,0.0,10.179071341114334,3.5403050203945576,True,0,ok
25.8,0.29,0.48320949198542384,0.2730569761904678,0.7867831859902669,8.015596243375166e-10,-0.08298400708062753,3.7602552758036087,4.678455534783782,4.178455534783782,-0.5,11.297863967583186,21.297863967583186,10.0,0.0,9.10463805671706,3.8981457189121915,True,0,ok
25.8,0.32999999999999996,0.7628213854917365,0.480563098010487,1.227386121811171,1.132024456358688e-09,-0.09094952065015993,1.7792856236969414,4.9710980684539825,4.4710980684539825,-0.5,9.915998258305256,19.915998258305255,9.999999999999998,0.0,8.220441941108211,4.2476730083257,True,0,ok
25.8,0.36999999999999994,1.2951287653276824,0.8645448064807146,2.0648105938871644,9.301207854993214e-09,-0.14558518226859965,1.1774890793436326,5.245904634904566,4.745904634904566,-0.5,8.72134729257572,15.388013959242388,6.666666666666668,0.0,6.747615702034744,4.835424447969787,True,0,ok
25.8,0.4099999999999999,1.277770273606605,0.7455845526906865,2.0807365224455956,9.026813082904739e-11,-0.11282648309742395,1.2288183944017188,5.50505166214415,5.00505166214415,-0.5,7.678902170663852,17.67890217066385,10.0,0.0,6.230599142488087,4.7095363644767705,True,0,ok
25.8,0.4499999999999999,1.6555433712923031,0.9859556854826238,2.688125705202756,1.4448924394745445e-11,-0.1560228892897685,nan,5.750657327453902,5.250657327453902,-0.5,6.758940639556917,16.758940639556915,9.999999999999998,0.0,5.753948824551349,5.036179652073675,True,0,ok
25.8,0.48999999999999994,1.6907463701938845,0.819666013587636,2.8089374723406437,8.269435970899277e-10,-0.1178463729662341,nan,5.984305013965851,5.484305013965851,-0.5,5.9401474046196086,15.94014740461961,10.000000000000002,0.0,4.300153541840885,4.921093415659309,True,0,ok
25.8,0.5299999999999999,2.136325838240047,1.0891769801585962,3.5320816519824016,2.2734788411162204e-10,-0.17250208989455082,nan,6.207181227907262,5.707181227907262,-0.5,5.206856043812289,15.206856043812287,9.999999999999998,0.0,4.125328909189361,5.2725321665536935,True,0,ok
25.8,0.57,3.257732940169881,1.3975431080745873,5.46110167982753,6.315173295921641e-11,-0.24842188321854247,nan,6.420667079863581,5.920667079863581,-0.5,4.543811120629102,-5.456188879370898,-10.0,0.0,0.709003973485839,6.009362260639609,True,0,ok
25.8,0.61,3.817881798900002,1.430450544708851,6.451120030492281,1.4423985784833496e-09,-0.2559802383762826,nan,6.625582209831926,6.125582209831926,-0.5,3.941439104942849,-6.058560895057151,-10.0,0.0,0.01969045322540747,6.1319567709681015,True,0,ok
25.8,0.6499999999999999,4.301030522638588,1.6441751680649803,7.2587976077289085,1.0633957198172199e-10,-0.3211479047944674,nan,6.822810446149172,6.322810446149172,-0.5,3.390705954322686,-6.609294045677314,-10.0,0.0,0.16055985612685528,6.356678021467888,True,0,ok
25.8,0.69,4.550157433288765,2.557485801031581,7.4233579446229525,1.8638400683427281e-10,-0.6817779746106268,nan,7.012966144389401,6.846299477722734,-0.16666666666666696,2.8851923055604782,12.885192305560478,10.0,0.0,3.5614281879172784,6.716935666656592,True,0,ok
25.8,0.73,5.3574251450790635,2.9702734806040385,8.747265369056585,4.535513695927437e-10,-0.8768332618577028,nan,7.196824688944451,7.030158022277784,-0.16666666666666696,2.4181013299636476,12.418101329963648,10.0,0.0,3.4351128411074847,7.061478694939651,True,0,ok
25.8,0.7699999999999999,4.554639151860749,2.3058503115946944,7.522464556597609,1.325672922961452e-09,-0.574277586398606,nan,7.374645634915527,7.20797896824886,-0.16666666666666696,1.9862364251161073,11.986236425116108,10.0,0.0,2.8415000511548865,6.590650368193191,True,0,ok
25.8,0.8099999999999999,6.539678854829875,2.4664508640872325,11.03707347446837,2.3603085322649334e-09,-0.6338989092568428,nan,7.547085756570987,7.047085756570987,-0.5,1.5844372257444488,-8.415562774255552,-10.0,0.0,0.35625963239328196,7.150271740070392,True,0,ok
25.8,0.85,7.0120402570076665,3.042563179993078,11.722738756016534,7.0562968246098784e-12,-0.9090275307309423,nan,7.714455657222044,7.214455657222044,-0.5,1.2098338625507632,-8.790166137449237,-10.0,0.0,1.228435177869287,7.49465845153176,True,0,ok
26.4,0.05,0.31427167276988416,0.03458277410036023,-0.08342216173620708,1.1970700721984872e-11,-0.5367912327744605,2.2159746770179907,2.5367281655425753,4.036728165542575,1.5,25.67758497368791,15.67758497368791,-10.000000000000002,0.0,9.191038630844814,4.1180268761048096,True,0,ok
26.4,0.09,0.19169759620527282,-0.048738927223840225,-0.05492131493148284,2.756728498459147e-10,-0.32380869554708624,10.46981975674082,3.0168563788496483,3.5168563788496483,0.5,22.454707221308215,12.454707221308215,-10.0,0.0,8.030135415349001,3.6447801456127946,True,0,ok
26.4,0.13,0.12509908693394886,-0.039446541478055965,-0.012508162686546436,5.566877208000712e-09,-0.21268958810141594,1.8214627189094792,3.484773292733428,3.3181066260667613,-0.16666666666666652,19.184394561274438,15.851061227941106,-3.333333333333334,0.0,10.221704851632339,3.423605404585782,True,0,ok
26.4,0.16999999999999998,0.103885215758637,0.027344245094185156,0.08698187023052653,1.2973596312462878e-09,-0.15512208311869932,2.0570110056108954,3.9160366607407777,3.4160366607407777,-0.5,16.408644477133784,23.07531114380045,6.666666666666668,0.0,13.17543101971077,3.36657406317074,True,0,ok
26.4,0.20999999999999996,0.31690512994442444,0.23094303446414263,0.48273827829060306,9.239304426362281e-09,-0.12212965921837188,10.310764745716837,4.310282351521229,3.810282351521229,-0.5,14.132055410052537,20.798722076719205,6.666666666666668,0.0,11.030335585203277,3.770640121637575,True,0,ok
26.4,0.24999999999999994,0.6036414854963607,0.4429188887215921,0.9400754110705484,1.6859771491709037e-10,-0.11502264364431948,2.1433058649490597,4.672125529903073,4.172125529903073,-0.5,12.257578754385811,18.92424542105248,6.666666666666668,0.0,9.38677095745772,4.147859907290943,True,0,ok
26.4,0.29,0.9329240242485225,0.6677304976616119,1.465843070672842,1.1275236906164869e-08,-0.1283813838263265,1.4440916004423807,5.006573392915363,4.506573392915363,-0.5,10.692623319936065,17.359289986602732,6.666666666666669,0.0,8.118967276140598,4.509465655450403,True,0,ok
26.4,0.32999999999999996,1.3012325101947506,0.9003682691829344,2.060058914987213,6.144442098048329e-10,-0.15846887200150678,1.1704078872246477,5.318023070991996,4.818023070991996,-0.5,9.36488299295042,16.031549659617088,6.666666666666668,0.0,7.093430205197872,4.85257655407497,True,0,ok
26.4,0.36999999999999994,1.7009945157719055,1.1293888043143236,2.7137343841554995,3.214315020162112e-09,-0.20068295642613349,nan,5.609587028731888,5.109587028731888,-0.5,8.225343373482872,14.89201004014954,6.666666666666668,0.0,6.216273993918978,5.1685028616607775,True,0,ok
26.4,0.4099999999999999,2.1512811252576087,1.376584459293621,3.452827467976712,5.2781325538736085e-08,-0.25889986961322603,nan,5.884231567495397,5.384231567495397,-0.5,7.233601503001353,13.90026816966802,6.666666666666668,0.0,5.512145719248869,5.48366453627631,True,0,ok
26.4,0.4499999999999999,2.6437519846170723,1.628285677215056,4.267118037928545,5.499468683255248e-10,-0.32964082311096804,nan,6.144067467741532,5.644067467741532,-0.5,6.361966802143048,13.028633468809716,6.666666666666668,0.0,4.906887667205141,5.785527705709208,True,0,ok
26.4,0.48999999999999994,3.137123187932629,1.8389512271220851,5.097619733649823,7.922721720414861e-10,-0.3964304783487651,nan,6.3911032671563275,5.8911032671563275,-0.5,5.587248787879536,12.253915454546204,6.666666666666669,0.0,4.305543354317196,6.037270861319093,True,0,ok
26.4,0.5299999999999999,3.718819016885289,2.1003711961469715,6.069363734919752,2.026111520618534e-09,-0.49000952305041606,nan,6.626527722845769,6.126527722845769,-0.5,4.894931925968918,11.561598592635587,6.666666666666669,0.0,3.856864531235488,6.321469990810688,True,0,ok
26.4,0.57,4.319356508109296,1.7304550884040157,7.26997558646421,6.844415058610218e-10,-0.35142864378052024,nan,6.851872516265993,6.351872516265993,-0.5,4.269936950344019,-5.730063049655981,-10.0,0.0,0.3736633904154822,6.419157330712536,True,0,ok
26.4,0.61,4.8977045265675825,1.996804993335962,8.23269607197975,1.5200895084195313e-10,-0.44498774553857096,nan,7.068181873780688,6.568181873780688,-0.5,3.7020392552628825,-6.297960744737117,-10.0,0.0,0.536341351584162,6.6722171819727665,True,0,ok
26.4,0.6499999999999999,4.826940850846939,2.878256796278793,7.80529947145685,2.7739154888791143e-08,-0.8312712603448308,nan,7.276065200603134,6.776065200603134,-0.5,3.184606095271529,13.184606095271528,10.0,0.0,4.264426063430048,6.886454063072735,True,0,ok
26.4,0.69,5.6820877639584255,3.330855650619211,9.199285443163522,1.4664740809927786e-09,-1.0662607757560862,nan,7.4766824603302835,6.9766824603302835,-0.5,2.708565287740754,12.708565287740754,10.0,0.0,4.087385829894679,7.23917957709644,True,0,ok
26.4,0.73,6.419079094572982,3.625134860516391,10.437869124732156,2.399303557539694e-10,-1.234104795057396,nan,7.6703786118183235,7.1703786118183235,-0.5,2.2701516927721825,12.270151692772183,10.000000000000002,0.0,3.75108003445996,7.486547699769289,True,0,ok
26.4,0.7699999999999999,7.211663896010333,3.905090941208083,11.781398740095629,4.502876826027474e-09,-1.404705276855088,nan,7.857815913972031,7.357815913972031,-0.5,1.8642496811299485,11.86424968112995,10.000000000000002,0.0,3.390527299752365,7.725106546424201,True,0,ok
26.4,0.8099999999999999,8.326180645776276,3.3358464881426224,13.989713867764772,1.6170349784251592e-09,-1.0657797820914423,nan,8.039468954521233,7.539468954521233,-0.5,1.487125501991202,-8.512874498008799,-10.0,0.0,0.8364950249900034,7.793237445353073,True,0,ok
26.4,0.85,9.052255189705113,3.722305260254061,15.175982414647695,2.331932923168664e-10,-1.289950913181698,nan,8.21569005259251,7.71569005259251,-0.5,1.1359036104799412,-8.864096389520059,-10.0,0.0,1.0719116184742281,8.03571995640531,True,0,ok
27.0,0.05,0.2976236386363318,-0.014463965248819826,-0.1466647027875712,2.5753767222819263e-10,-0.4939835518424715,3.6372045203028325,2.6610660350505464,3.827732701717213,1.1666666666666665,25.62858934148934,15.628589341489343,-9.999999999999998,0.0,9.573790082694865,3.916963044903784,True,0,ok
27.0,0.09,0.178688367735388,-0.08553131114238312,-0.07351468460839108,3.354727185537159e-10,-0.2882162109476242,1.9611093593008573,3.2115134065550723,3.378180073221739,0.16666666666666652,21.92803529082456,11.928035290824562,-10.0,0.0,8.000385820057026,3.4969581605900797,True,0,ok
27.0,0.13,0.11300559716000157,-0.04263403563844356,-0.014304970359966387,4.085370947422687e-10,-0.19049541148449237,1.3923614198054801,3.7334626117931475,3.2334626117931475,-0.5,18.437420583404425,18.437420583404425,0.0,0.0,12.00146918147036,3.3058017716746755,True,0,ok
27.0,0.16999999999999998,0.21881826613978253,0.159979630892419,0.31274665605224106,2.0752853358204953e-08,-0.14226857564806325,10.051756268654843,4.204712202751343,3.7047122027513426,-0.5,15.627252461416827,22.293919128083495,6.666666666666668,0.0,12.116659746478664,3.6167262134765426,True,0,ok
27.0,0.20999999999999996,0.5233175646319651,0.4023056782830291,0.8025295920958138,7.866501249314995e-10,-0.12522066677969618,2.620508876328499,4.630754975033715,4.130754975033715,-0.5,13.384747045630826,20.051413712297492,6.666666666666668,0.0,10.129396258309573,4.055281114458875,True,0,ok
27.0,0.24999999999999994,0.8762625742627383,0.6490795747419015,1.3652965959619325,1.4393539396228619e-09,-0.13479320408802034,1.522478114897952,5.019293171930878,4.519293171930878,-0.5,11.566921744101887,18.233588410768554,6.666666666666668,0.0,8.599208791377148,4.45609712313299,True,0,ok
27.0,0.29,1.2834911225472116,0.916481909963827,2.018385228810601,2.3082640742105857e-09,-0.16801893286394406,1.1873291718051346,5.37691527657169,4.87691527657169,-0.5,10.064578457346578,16.731245124013245,6.666666666666668,0.0,7.448952101347893,4.845232675586787,True,0,ok
27.0,0.32999999999999996,1.716639765561767,1.1656422083319624,2.726929868820959,1.0342604439569685e-10,-0.21374748375353717,nan,5.708794292297041,5.208794292297041,-0.5,8.800367327590797,15.467033994257465,6.666666666666668,0.0,6.4499054040775405,5.186626139634388,True,0,ok
27.0,0.36999999999999994,2.223866649602693,1.4543429482808408,3.555411977238511,1.9155694435401125e-10,-0.2840438109518536,nan,6.018940875482828,5.518940875482828,-0.5,7.719879719839422,14.38654638650609,6.666666666666668,0.0,5.708288466816436,5.542307387811093,True,0,ok
27.0,0.4099999999999999,2.7806871428118205,1.7477071545669771,4.472674265753098,4.99300981257785e-09,-0.37063131673171557,nan,6.310572562085874,5.810572562085874,-0.5,6.783431201953717,13.450097868620386,6.666666666666669,0.0,5.07590975590801,5.8796569283568685,True,0,ok
27.0,0.4499999999999999,3.3082017669139794,1.9637405668965475,5.364748056830603,1.1119383183128462e-09,-0.4424907507456143,nan,6.586284689306523,6.086284689306523,-0.5,5.961730975949465,12.628397642616134,6.666666666666668,0.0,4.410965058606725,6.1359961482960825,True,0,ok
27.0,0.48999999999999994,3.6330106891027696,1.7515336141032334,6.032518724293737,9.52129382641003e-10,-0.3703347689818974,nan,6.848208633627782,7.348208633627781,0.4999999999999991,5.2327275192097575,11.899394185876425,6.666666666666667,0.0,2.3507688059483076,6.146617847882351,True,0,ok
27.0,0.5299999999999999,4.694478429241984,2.5853720847278647,7.677962797463149,1.3883731947696983e-09,-0.6921861253569225,nan,7.097672850148715,6.597672850148715,-0.5,4.582156486599906,11.248823153266573,6.666666666666667,0.0,3.5639385772289787,6.760253452310237,True,0,ok
27.0,0.57,5.382258422169036,3.6414634648735955,8.490258635653557,5.871154903947667e-10,-1.249547639239708,nan,7.336391432797064,7.836391432797065,0.5000000000000009,3.995215211808582,10.66188187847525,6.666666666666667,0.0,5.061507308626936,7.30304442096664,True,0,ok
27.0,0.61,5.895502940401156,2.8733808268166063,9.763805831965515,2.854289511475057e-09,-0.8262221617669924,nan,7.5651022237739145,7.0651022237739145,-0.5,3.4642118315142505,10.130878498180918,6.666666666666668,0.0,2.605586766388661,7.100602394741129,True,0,ok
27.0,0.6499999999999999,6.737950991640442,3.163903126251761,11.191122410698227,5.72228863770247e-10,-0.9738823818652144,nan,7.785338748220383,7.285338748220383,-0.5,2.978117630354223,9.644784297020891,6.666666666666669,0.0,2.330085272566811,7.368607247147315,True,0,ok
27.0,0.69,7.613851398060063,3.4346111399810333,12.682937625187735,1.9800354507796066e-08,-1.1219353136161518,nan,7.99739158469404,7.49739158469404,-0.5,2.5332789548565784,9.199945621523247,6.666666666666668,0.0,2.063702701295914,7.614604927213423,True,0,ok
27.0,0.73,8.50538674156903,3.6744456550110036,14.210280518948803,1.578884508279352e-09,-1.261422836375491,nan,8.20223598700015,7.702235987000151,-0.5,2.1230560022643234,8.789722668930992,6.666666666666668,0.0,1.8037756808793726,7.833692721003102,True,0,ok
27.0,0.7699999999999999,9.362878701263563,3.8573899463392136,15.691576258532985,2.410305853038585e-11,-1.3731241925804671,nan,8.40053791009728,7.900537910097279,-0.5,1.7428904017568247,8.409557068423492,6.666666666666667,0.0,1.5463150937667616,8.011310609416462,True,0,ok
27.0,0.8099999999999999,10.455179304100257,4.492123168786075,17.450860008480422,3.3476130141758604e-10,-1.794613396677121,nan,8.592482017414266,8.092482017414266,-0.5,1.3906746251643098,-8.60932537483569,-9.999999999999998,0.0,1.503877507788623,8.476059386572304,True,0,ok
27.0,0.85,11.737701583276984,3.9256219273805306,19.89740747787538,2.769235463493999e-10,-1.4154799598889085,nan,8.7788499018061,8.2788499018061,-0.5,1.0619374609040295,-8.93806253909597,-10.0,0.0,0.17168978119820635,8.378701155740714,True,0,ok
27.6,0.05,0.27095234661544904,0.08713891248007488,0.009207916516940848,4.3335132763546705e-09,-0.46105048163347817,2.3732256200933515,2.8148825543395604,3.981549221006227,1.1666666666666665,25.320462457943417,15.320462457943416,-10.000000000000002,0.0,9.100549998668948,4.073743276295778,True,0,ok
27.6,0.09,0.15940894638541292,0.059431124380828815,-0.017612528752385097,2.0763431563471476e-09,-0.26905645661998007,6.599155374146608,3.44327453675049,3.6099412034171565,0.16666666666666652,21.207693411546483,21.207693411546483,0.0,0.0,12.31833088515984,3.578681387951171,True,0,ok
27.6,0.13,0.11972833949544338,0.05587128788493945,0.0964744706457515,5.229767059940562e-10,-0.17485909052350895,2.4307157530313273,4.023692230241606,3.523692230241606,-0.5,17.570159312708185,24.236825979374853,6.666666666666668,0.0,13.655340159441753,3.394182481890358,True,0,ok
27.6,0.16999999999999998,0.4018722173345506,0.31616786050901785,0.604935654746827,1.4188229031481303e-09,-0.13636192574667882,4.446725134457041,4.538558847744643,4.038558847744643,-0.5,14.769449681665007,21.436116348331673,6.666666666666668,0.0,10.986590451054091,3.891785002533393,True,0,ok
27.6,0.20999999999999996,0.9214920322488316,0.696132021863911,1.4280176185474187,2.8919268591619606e-09,-0.1536508566460574,1.4132848329341745,4.999479403156063,4.499479403156063,-0.5,12.588187897175429,15.921521230508763,3.333333333333334,0.0,8.18807135327336,4.5507017754085295,True,0,ok
27.6,0.24999999999999994,1.221504209179993,0.8886069381675953,1.912585949423379,2.2142772937163646e-09,-0.16914577926156715,1.236886268826832,5.417461722300385,4.917461722300385,-0.5,10.8443256886497,17.510992355316368,6.666666666666668,0.0,7.76837691535838,4.788877700831987,True,0,ok
27.6,0.29,1.6622842905863293,1.126440553305674,2.641464868434663,7.682413591551144e-09,-0.20823596443492845,nan,5.80062536074815,5.30062536074815,-0.5,9.417063623135077,16.083730289801743,6.666666666666668,0.0,6.535085245245367,5.13109898518821,True,0,ok
27.6,0.32999999999999996,2.162552894378252,1.2658534539250201,3.5174846306945815,2.5931121988814826e-08,-0.23414091689571573,nan,6.155456915064402,5.988790248397735,-0.16666666666666696,8.222219132029498,14.888885798696167,6.666666666666669,0.0,4.575421824989582,5.428644021781121,True,0,ok
27.6,0.36999999999999994,2.8928737845459347,1.8386070850202128,4.643612163282406,1.252959697011314e-09,-0.40317026659777105,nan,6.4864879209784565,5.9864879209784565,-0.5,7.2052088047962775,13.871875471462944,6.666666666666668,0.0,5.1845846988770985,5.948971660177484,True,0,ok
27.6,0.4099999999999999,3.343230112202865,1.8025774526555505,5.489181163510012,2.1749517572454437e-09,-0.3888025601312811,nan,6.797418492876089,6.630751826209422,-0.16666666666666696,6.326066416862763,12.99273308352943,6.666666666666668,0.0,3.4879463971701052,6.065053841291719,True,0,ok
27.6,0.4499999999999999,4.190230775289975,2.397611354711489,6.8228226785773884,1.8204372786024462e-09,-0.6120885058635713,nan,7.091025811050368,6.591025811050368,-0.5,5.556817168192144,12.223483834858811,6.666666666666667,0.0,3.983146246207412,6.5517347089117575,True,0,ok
27.6,0.48999999999999994,4.997442739875849,2.4215878700088025,8.286861615861193,8.571379104192322e-10,-0.6222045985093134,nan,7.36971740272657,7.536384069393237,0.16666666666666696,4.875640716431018,11.542307383097684,6.666666666666667,0.0,2.4197443669302956,6.76083642600852,True,0,ok
27.6,0.5299999999999999,5.92766486049974,3.7379505589914714,9.472902424275219,1.3088935467994694e-09,-1.305173311827297,nan,7.635193184136184,7.801859850802851,0.16666666666666696,4.267524361351724,10.934191028018391,6.666666666666668,0.0,4.506704282920193,7.432184414445298,True,0,ok
27.6,0.57,6.147427901058377,2.757987029158547,10.255011740408545,1.0519569524684852e-09,-0.7751458876941242,nan,7.888801527976367,7.7221348613097,-0.16666666666666696,3.7210266701054917,10.387693336772161,6.666666666666669,0.0,2.0216710068768826,7.074790312880676,True,0,ok
27.6,0.61,7.218667950538623,3.3665142525057177,11.99241969460779,4.474975379755342e-09,-1.0844134803936887,nan,8.132174844544341,7.632174844544341,-0.5,3.2246966672300985,9.891363333896766,6.666666666666668,0.0,2.324407954817681,7.514641686281204,True,0,ok
27.6,0.6499999999999999,8.25343161375939,3.7131546081977613,13.744775709817134,2.117505717547721e-10,-1.2849216907848682,nan,8.365957478928822,7.865957478928822,-0.5,2.7729243404440505,9.439591007110717,6.666666666666668,0.0,2.0910133748226025,7.804970989770469,True,0,ok
27.6,0.69,9.31817254518751,4.030276202892186,15.557757983559544,1.9080235046168177e-09,-1.4825852417480396,nan,8.591315543760446,8.091315543760446,-0.5,2.3583273610127273,9.024994027679394,6.666666666666667,0.0,1.8585003973411247,8.067203089084018,True,0,ok
27.6,0.73,10.379597029968687,4.300656850370171,17.376732229705123,1.4257861818462024e-09,-1.6618156293932815,nan,8.808973575238245,8.308973575238245,-0.5,1.9761420895097268,8.642808756176395,6.666666666666668,0.0,1.6259048789351622,8.294301854598688,True,0,ok
27.6,0.7699999999999999,11.362540397680888,4.489079315745829,19.077649382092247,1.46959861069805e-09,-1.792605315647812,nan,9.019703889000908,8.519703889000908,-0.5,1.621864482275101,8.288531148941768,6.666666666666667,0.0,1.3889355802793624,8.467711912617643,True,0,ok
27.6,0.8099999999999999,13.823038394438939,5.535927771628872,23.14758230111806,2.492148789471203e-09,-2.6023275509960744,nan,9.223472266056584,8.723472266056584,-0.5,1.294394243168489,-8.705605756831511,-10.0,0.0,1.2516098587179607,9.163209634711825,True,0,ok
27.6,0.85,12.972943629729098,5.358713666449886,21.68272009922136,7.202994365221865e-10,-2.4567531825992925,nan,9.421565172595264,10.254898505928598,0.8333333333333339,0.9878629980296113,7.654529664696279,6.666666666666668,0.0,1.493237865780667,8.975344484734247,True,0,ok
28.2,0.05,0.2413562081333058,0.06003970879845627,-0.008333039991830719,7.850592482981326e-10,-0.4136233206981371,3.3560140954631636,2.9977632624959023,3.8310965958292353,0.833333333333333,24.866732702654566,14.866732702654566,-9.999999999999998,0.0,9.205032417419964,3.9324237351952585,True,0,ok
28.2,0.09,0.13747121232662257,-0.079431564414282,-0.030023884223081797,4.735948498857576e-10,-0.22245043404433446,0.9729282763325884,3.718950438015758,3.218950438015758,-0.5,20.309164676112353,13.642498009445685,-6.666666666666666,0.0,9.598700194303754,3.3190018817627216,True,0,ok
28.2,0.13,0.17255590854489936,0.056163165894330534,0.2553937101650092,7.856498418237295e-10,-0.14472862994633848,2.2860863866578853,4.363756409990761,3.863756409990761,-0.5,16.5919311974484,23.258597864115067,6.666666666666668,0.0,10.975724303429955,3.4464996583396905,True,0,ok
28.2,0.16999999999999998,0.7909672372448416,0.6312496148587378,1.2053731286989715,1.4936661882236839e-09,-0.15964665839083636,1.5855428166032979,4.9263963187914745,4.4263963187914745,-0.5,13.846351973377322,17.179685306710653,3.333333333333332,0.0,9.01617197571104,4.422839832274054,True,0,ok
28.2,0.20999999999999996,1.0518906491479219,0.7388046817469971,1.6588988894027552,2.983367722447973e-10,-0.14711876243882804,1.3593057270805622,5.425933172472043,4.925933172472043,-0.5,11.751680799282864,18.418347465949534,6.666666666666669,0.0,7.838656400400992,4.600105949347355,True,0,ok
28.2,0.24999999999999994,1.5329671639638311,1.011783721036552,2.4479052493642954,9.267244936500326e-11,-0.18444123550359268,nan,5.876523785561881,5.376523785561881,-0.5,10.09863367855303,16.7653003452197,6.666666666666668,0.0,6.507503498226292,5.0022453955667565,True,0,ok
28.2,0.29,1.9444138166006515,1.1541313650357898,3.157075598174949,2.4793283643464665e-10,-0.20758065953129623,nan,6.288568872722781,5.788568872722781,-0.5,8.753945400601985,15.420612067268653,6.666666666666668,0.0,5.1646226993766655,5.244561844638773,True,0,ok
28.2,0.32999999999999996,2.8061304669270766,1.7255979691458103,4.529028581178072,1.0944257206568025e-08,-0.3651251182829211,nan,6.669197924234833,6.169197924234833,-0.5,7.63497928865222,14.301645955318888,6.666666666666668,0.0,4.980842338432878,5.856893495208211,True,0,ok
28.2,0.36999999999999994,3.6842629760628296,2.224842286422098,5.9561894755741855,2.2443988089012123e-09,-0.543382703045856,nan,7.023860464608498,6.523860464608498,-0.5,6.685359793338397,13.352026460005066,6.666666666666668,0.0,4.575678876409739,6.343028310586407,True,0,ok
28.2,0.4099999999999999,4.102528455167395,2.2379002549110147,6.722041915563848,3.382444961847488e-09,-0.5460532124678367,nan,7.356671809223258,6.856671809223258,-0.5,5.866326287381269,12.532992954047938,6.666666666666668,0.0,3.663235989446487,6.442901511736763,True,0,ok
28.2,0.4499999999999999,4.06458405221109,1.948461125064595,6.7510277583422615,3.207432012880201e-10,-0.43549282734670697,nan,7.670879660698943,7.504212994032276,-0.16666666666666696,5.150030110680793,11.81669677734746,6.666666666666667,0.0,2.644885952089764,6.2929192431403935,True,0,ok
28.2,0.48999999999999994,5.99006262450834,2.8932357529908885,9.92835843337584,7.621145905567448e-10,-0.8363231627937301,nan,7.9687290267737865,7.8020623601071195,-0.16666666666666696,4.517725249361373,11.184391916028039,6.666666666666667,0.0,2.5156039013194733,7.134052268407988,True,0,ok
28.2,0.5299999999999999,6.007547793850502,3.744753221158147,9.61996290456288,5.319218212368558e-09,-1.3057674041167882,nan,8.252484009614705,8.085817342948038,-0.16666666666666607,3.9530856433944193,10.619752310061086,6.666666666666668,0.0,4.721611898089232,7.406616498710398,True,0,ok
28.2,0.57,7.194452023169604,3.18315324881485,12.00730173812144,1.1444804897675125e-09,-0.9862353194511785,nan,8.523388287985245,8.023388287985245,-0.5,3.4463660319219236,10.11303269858859,6.666666666666667,0.0,2.0441856986293545,7.409843087337166,True,0,ok
28.2,0.61,8.466821836206696,3.6703758389527534,14.142224408847277,5.475589347497046e-10,-1.2597801351171714,nan,8.783268703941015,8.283268703941015,-0.5,2.986527865032241,9.653194531698908,6.666666666666667,0.0,1.9168080742503486,7.797024024342964,True,0,ok
28.2,0.6499999999999999,9.753163310432337,4.104248826715097,16.315169852481425,2.1478858613773833e-10,-1.5306723793742898,nan,9.033061818233485,8.533061818233485,-0.5,2.5673542352000567,9.234020901866725,6.666666666666668,0.0,1.7534152277256312,8.13122704338813,True,0,ok
28.2,0.69,11.028112828203236,4.476292499846048,18.48353103396552,1.0117661757625688e-09,-1.783172349213015,nan,9.273644867292802,8.773644867292802,-0.5,2.1834475384477776,8.850114205114446,6.666666666666668,0.0,1.5699230538136062,8.415998525087513,True,0,ok
28.2,0.73,9.954325510994476,4.894826078578305,16.39861644440414,6.174637602116178e-11,-2.095673043748514,nan,9.505954211175066,10.005954211175066,0.5,1.8297216873563815,8.496388354023049,6.666666666666668,0.0,2.558105229921916,8.460281777883907,True,0,ok
28.2,0.7699999999999999,14.75416128129905,6.123453509424021,24.61360849448981,3.205314456071257e-10,-3.1192017154479914,nan,9.730989970663385,10.56432330399672,0.8333333333333339,1.5014064052461362,-8.498593594753864,-10.0,0.0,1.5508424898005038,9.413065977050229,True,0,ok
28.2,0.8099999999999999,9.13816936407165,3.1002195399989017,15.492612163666,8.858233596509326e-11,-0.9412890785567956,nan,9.948559749707357,10.448559749707357,0.5,1.1980759068039677,-8.801924093196032,-10.0,0.0,0.2689958217530586,7.695275587392377,True,0,ok
28.2,0.85,5.807366767243804,1.8611701268379952,9.876746078034225,1.6972039512502993e-09,-0.40306200126611236,nan,10.159492294454644,11.32615896112131,1.166666666666666,0.9157724793822682,-5.7508941872843975,-6.666666666666666,0.0,0.5251962626426213,6.521635135179254,True,0,ok
28.799999999999997,0.05,0.2120036886006751,0.043044397131169455,-0.007057221519650565,1.383433222917794e-06,-0.3646012444313826,6.39149632474964,3.2021570305088334,3.7021570305088334,0.5,24.528248820900874,14.528248820900876,-9.999999999999998,0.0,9.349540512416267,3.8051015526172725,True,0,ok
28.799999999999997,0.09,0.14209327062791782,0.09019314100230932,0.10092041698796374,2.989260572034455e-09,-0.20555232770350512,3.4858982903036306,4.047599213362306,3.5475992133623064,-0.5,19.23657478358694,22.569908116920274,3.333333333333334,0.0,13.538122146881589,3.472175535499746,True,0,ok
28.799999999999997,0.13,0.5935139919265005,0.504902112935438,0.8798523011012406,7.901070190760932e-10,-0.1664642917798662,2.0813210215396034,4.762621729666497,4.262621729666497,-0.5,15.524048229024555,18.857381562357887,3.333333333333334,0.0,10.185253305309047,4.2008361525388445,True,0,ok
28.799999999999997,0.16999999999999998,1.2126472205044647,0.9502205120901218,1.8620095823380338,8.09618170459029e-08,-0.20381643181092732,1.1966587677165779,5.3779868408058356,4.8779868408058356,-0.5,12.875978728716449,16.209312062049783,3.3333333333333353,0.0,8.07060153757399,4.8506043737755276,True,0,ok
28.799999999999997,0.20999999999999996,1.9487902740420486,1.4164074955973018,3.049448247322158,1.7587445510092706e-09,-0.29665769823527155,nan,5.920550668094274,5.420550668094274,-0.5,10.890517370457525,14.223850703790859,3.333333333333334,0.0,6.607029246342563,5.4374108279042765,True,0,ok
28.799999999999997,0.24999999999999994,2.808605175454819,1.9065033736981922,4.453876108716187,6.193815347749744e-10,-0.4393422231693078,nan,6.408014104462993,5.908014104462993,-0.5,9.339078137531061,12.672411470864395,3.333333333333334,0.0,5.54709982105052,5.982234784058794,True,0,ok
28.799999999999997,0.29,3.7780601513106173,2.398213022744014,6.056636142202756,5.081045228271133e-10,-0.6220518139736801,nan,6.852619258119424,6.352619258119424,-0.5,8.085125413329441,11.418458746662775,3.333333333333334,0.0,4.711058548855396,6.477857517856789,True,0,ok
28.799999999999997,0.32999999999999996,3.683006836778489,2.310899470202075,5.917676283907518,7.14192029066965e-11,-0.5783330500408427,nan,7.262754072704381,6.762754072704381,-0.5,7.045262299499633,13.711928966166301,6.666666666666668,0.0,4.908555963679037,6.382454478018894,True,0,ok
28.799999999999997,0.36999999999999994,4.354663423269031,2.691978298622323,7.0064621072691855,7.570658874185592e-11,-0.7429819439387267,nan,7.644488225679911,7.144488225679911,-0.5,6.165151738028985,12.831818404695653,6.666666666666668,0.0,4.659065704531523,6.711925916667903,True,0,ok
28.799999999999997,0.4099999999999999,5.572358699266479,3.4606138943424507,8.937699078111882,2.19363663267241e-10,-1.1380821953068323,nan,8.002499957887538,7.502499957887538,-0.5,5.407138778814399,12.073805445481067,6.666666666666668,0.0,4.741745037649356,7.232716303455812,True,0,ok
28.799999999999997,0.4499999999999999,4.647464475714663,2.110504544339016,7.752417721632433,3.2678022796309782e-09,-0.49251212851364906,nan,8.340064066949136,7.840064066949136,-0.5,4.746211641365934,11.412878308032601,6.666666666666667,0.0,2.420438703993287,6.463969102763608,True,0,ok
28.799999999999997,0.48999999999999994,7.1519468774168375,4.37690116564542,11.46121960987115,9.94803122215643e-10,-1.7129546557495703,nan,8.660165403729474,8.160165403729474,-0.5,4.162293522686002,10.82896018935267,6.666666666666669,0.0,4.65244896967779,7.8077355460373825,True,0,ok
28.799999999999997,0.5299999999999999,5.744454664758097,2.890308698412622,9.483523480876167,4.784183545052501e-10,-0.8397477013567198,nan,8.964941740977237,8.464941740977237,-0.5,3.641579683676088,10.308246350342756,6.666666666666668,0.0,2.9311904909381967,6.976430000809678,True,0,ok
28.799999999999997,0.57,10.185034079970576,5.43825957941042,16.591841733734363,4.0345519800023394e-10,-2.5181100571952193,nan,9.256062900225443,9.089396233558777,-0.16666666666666607,3.1737320897992696,9.840398756465937,6.666666666666669,0.0,3.405375412067588,8.622306446240215,True,0,ok
28.799999999999997,0.61,11.453383343050575,6.038222253354893,18.65054432019644,1.4100016541066668e-10,-3.039249675180264,nan,9.534994083841742,9.368327417175076,-0.16666666666666607,2.750387897219635,9.417054563886301,6.666666666666668,0.0,3.4045576146731267,8.91993211697854,True,0,ok
28.799999999999997,0.6499999999999999,10.511899380916068,5.785811888047638,17.032253188336984,9.296906250574174e-10,-2.815460514378079,nan,9.803205514485455,9.63653884781879,-0.16666666666666607,2.3641075215519427,9.030774188218611,6.666666666666668,0.0,3.934162787178348,8.678177810834638,True,0,ok
28.799999999999997,0.69,16.03631881417375,7.48412117691089,26.369358362787835,4.87058546945202e-09,-4.487252285492096,nan,10.061582898947572,10.228249565614238,0.16666666666666607,2.010158603441051,8.67682527010772,6.666666666666669,0.0,2.567576827338244,9.818015782474736,True,0,ok
28.799999999999997,0.73,17.91857286014632,8.214914932195796,29.451800457614446,7.300890744583006e-10,-5.322817157743125,nan,10.310793859475263,10.477460526141929,0.16666666666666607,1.6849102658013204,8.351576932467987,6.666666666666668,0.0,2.532719971430815,10.148616808580723,True,0,ok
28.799999999999997,0.7699999999999999,15.31326822345077,4.773414379804249,26.013783235641327,4.040172900609883e-10,-1.9965339911420281,nan,10.551554715336293,10.376295596113577,-0.17525911922271575,1.3848195298170818,-8.615180470182919,-10.0,0.0,0.09287747655684295,8.982522675083592,True,0,ok
28.799999999999997,0.8099999999999999,23.382999745136903,7.976343528219717,39.38575055628088,1.9717176193912374e-10,-5.043275550816638,nan,10.785205692570825,10.285205692570825,-0.5,1.1046995253611107,-5.561967141305555,-6.666666666666666,0.0,0.8448463093811204,10.561065558776193,True,0,ok
28.799999999999997,0.85,14.506876167591622,6.195732735735674,24.140858775289832,5.278915316308063e-09,-3.190642863806401,nan,11.013483868794163,11.008989245862775,-0.004494622931387582,0.8402619649875342,7.506928631654202,6.666666666666668,0.0,2.292556920421791,9.233453647762794,True,0,ok
29.4,0.05,0.187203016051864,0.05351811684708992,0.05441465016367502,2.818163947917722e-10,-0.3151345183781832,11.466331468045505,3.476795590206156,3.6434622568728225,0.16666666666666652,23.586860363120444,13.586860363120442,-10.0,0.0,9.047421558497934,3.7501041797046746,True,0,ok
29.4,0.09,0.31754638957923437,0.2894966277430281,0.42845370798377064,9.819112943202333e-09,-0.18741998624691308,6.959939167071418,4.441999460602745,3.9419994606027453,-0.5,18.007789711380724,21.34112304471406,3.333333333333334,0.0,12.061258474959436,3.8228825496881504,True,0,ok
29.4,0.13,0.9769709533291571,0.807707098195519,1.474147742854801,4.3088990958154764e-10,-0.19471622096609137,1.3894018241689157,5.234967528946678,4.734967528946678,-0.5,14.379333679905146,17.71266701323848,3.333333333333334,0.0,9.001629350081858,4.629502435836982,True,0,ok
29.4,0.16999999999999998,1.7987041424017018,1.3556952589414732,2.790143872371957,4.2878646591233937e-10,-0.2884394425663029,nan,5.909630323499753,5.409630323499753,-0.5,11.865932286531793,15.199265619865127,3.333333333333334,0.0,7.101024624077657,5.3352711114255005,True,0,ok
29.4,0.20999999999999996,2.7997415183375547,1.9554007081233378,4.413618610821846,4.769273497793111e-10,-0.4604742526863036,nan,6.5008842845737895,6.0008842845737895,-0.5,10.009805668692506,13.34313900202584,3.333333333333334,0.0,5.854941082917499,5.9921247778002815,True,0,ok
29.4,0.24999999999999994,3.930568023513294,2.541945869089,6.278305315641073,4.694351560614877e-10,-0.6851923267302592,nan,7.030626764768279,6.530626764768279,-0.5,8.569631070613038,11.902964403946372,3.333333333333334,0.0,4.89001655920902,6.567053989680703,True,0,ok
29.4,0.29,5.261949302849981,3.183433003903238,8.482308831436582,1.9715082455881246e-10,-0.9902134088583062,nan,7.512914300448757,7.012914300448757,-0.5,7.410992114951309,10.744325448284643,3.333333333333334,0.0,4.194133888292813,7.126961153670507,True,0,ok
29.4,0.32999999999999996,6.753906682305374,3.8313708630336842,10.969245637357501,4.2121713951690046e-10,-1.357208118557176,nan,7.957075163569111,7.457075163569111,-0.5,6.454040467459869,9.787373800793203,3.333333333333334,0.0,3.631234173712089,7.645323692021742,True,0,ok
29.4,0.36999999999999994,8.341643487277615,4.42991448248621,13.640833999672438,3.3805248091526126e-10,-1.7471558825023317,nan,8.370279951168056,7.870279951168056,-0.5,5.6450915319161235,8.978424865249456,3.333333333333333,0.0,3.1312494379120577,8.099134798617486,True,0,ok
29.4,0.4099999999999999,10.180839818363065,5.104210150429138,16.728935603828067,2.8647279700805646e-09,-2.2446047591347957,nan,8.757575530623084,8.257575530623084,-0.5,4.949403377367428,8.282736710700762,3.333333333333334,0.0,2.754891268947434,8.567121630796947,True,0,ok
29.4,0.4499999999999999,12.186359405421664,5.77797359278698,20.106847062846033,7.617658003706876e-10,-2.8021043925420046,nan,9.122643722874914,8.622643722874914,-0.5,4.343257193980191,7.676590527313526,3.3333333333333344,0.0,2.430272316839551,9.008403198758362,True,0,ok
29.4,0.48999999999999994,9.737249057861385,4.596224922367611,16.120074733071352,6.290721483183358e-10,-1.860098037112231,nan,9.468545053210653,8.968545053210653,-0.5,3.8087472997859337,10.475413966452601,6.666666666666668,0.0,2.575592153350265,8.300428587047397,True,0,ok
29.4,0.5299999999999999,10.38792917164949,4.70670347420072,17.257006453376384,3.016461226681036e-08,-1.9416199678856148,nan,9.797914552554174,9.297914552554174,-0.5,3.3319848604194138,9.99865152708608,6.666666666666667,0.0,2.244338695574138,8.433279890701689,True,0,ok
29.4,0.57,3.9612259917392407,1.13980733318058,6.7628548455389055,3.1399332888514045e-07,-0.19638649212793047,nan,10.112600091204293,11.279266757870959,1.166666666666666,2.903401817896538,-0.4299315154367949,-3.333333333333333,0.0,0.005489359294208675,5.701153879059257,True,0,ok
29.4,0.61,12.703758637629637,5.631980136010387,21.10119253512173,5.957504815961013e-09,-2.6789781471217986,nan,10.413970347337788,9.913970347337788,-0.5,2.5159980394367887,9.182664706103456,6.666666666666668,0.0,2.171886354752331,8.984583516175583,True,0,ok
29.4,0.6499999999999999,15.134723003349535,6.951906296690073,24.969649249052896,1.3794208183886053e-09,-3.9200939256178273,nan,10.70359194278455,10.20359194278455,-0.5,2.162993121560262,8.829659788226929,6.666666666666667,0.0,2.5867791542604546,9.564281655993625,True,0,ok
29.4,0.69,17.304921928397516,7.898503534794787,28.486654695839174,9.892998940244632e-10,-4.9502641338273925,nan,10.982243364806624,10.482243364806624,-0.5,1.8404565489438842,8.507123215610552,6.666666666666668,0.0,2.6401499659104326,9.981812013616905,True,0,ok
29.4,0.73,19.146584778125973,8.491428079305662,31.554525519134522,3.641377367697557e-09,-5.655324432264102,nan,11.251770196493302,10.751770196493302,-0.5,1.5417181931833315,8.208384859849998,6.666666666666668,0.0,2.510455160824926,10.271524315284179,True,0,ok
29.4,0.7699999999999999,15.416602242976507,4.800808843980096,26.075176455857942,-1.0,-3.170533298024011,nan,11.512733542333692,12.0,0.4872664576663084,1.2652578928953502,7.9319245595620185,6.666666666666669,0.0,186.94210596259595,171.74967761966144,True,0,ok
29.4,0.8099999999999999,23.90500508019479,9.769113810885965,39.56255955324083,2.9463992983578267e-08,-7.329126864684919,nan,11.765196100318512,11.265196100318512,-0.5,1.0091576849715211,7.675824351638189,6.666666666666668,0.0,2.0972067121004496,10.924496267449822,True,0,ok
29.4,0.85,28.069404778767634,10.893751004956288,46.52340130751376,1.06060021288804e-09,-8.976289529919947,nan,12.009889010908825,11.509889010908825,-0.5,0.7708278354888451,7.437494502155514,6.666666666666669,0.0,1.858475340239736,11.446999156319126,True,0,ok
30.0,0.05,0.15278313682643616,-0.04757330032840183,-0.010026017376317566,1.1159368861977766e-09,-0.26012366437333223,1.394313371026451,3.8197411919078554,3.3197411919078554,-0.5,22.34048418952443,12.340484189524432,-10.0,0.0,8.992979171862682,3.412710551735017,True,0,ok
30.0,0.09,0.6168974008329562,0.5459175826126095,0.8993456210575054,9.293609764613321e-11,-0.18665116217818145,2.03945842422478,4.918602001278197,4.418602001278197,-0.5,16.648675343598637,19.982008676931972,3.333333333333334,0.0,10.51498923940914,4.230015317026411,True,0,ok
30.0,0.13,1.5269286580008938,1.2051212168697154,2.339540416200858,8.909653827761414e-09,-0.262234386544565,nan,5.79934543878428,5.29934543878428,-0.5,13.17879255200641,16.512125885339746,3.333333333333334,0.0,7.828965883859353,5.129575922926867,True,0,ok
30.0,0.16999999999999998,2.6251482488839373,1.7369826995822193,4.183987315145687,5.664605868577555e-09,-0.3890388591224013,nan,6.541765982825585,6.375099316158918,-0.16666666666666696,10.831980608183489,14.165313941516823,3.333333333333334,0.0,5.121861076817827,5.854842361583606,True,0,ok
30.0,0.20999999999999996,3.946999273608515,2.582110166102536,6.290805119924018,7.21164626196978e-10,-0.7034826443105258,nan,7.189615444361083,6.689615444361083,-0.5,9.118060330561807,12.45139366389514,3.333333333333334,0.0,5.016223122495415,6.576946667778825,True,0,ok
30.0,0.24999999999999994,5.5910998811670405,3.413932513854133,8.99364658263379,1.418642394576201e-10,-1.1138130817544794,nan,7.768447297601632,7.268447297601632,-0.5,7.797577203321143,11.130910536654477,3.333333333333334,0.0,4.2923517936568265,7.26804829175806,True,0,ok
30.0,0.29,7.239691648492044,4.072054919232961,11.763914981287215,4.226778420843718e-09,-1.50601412461279,nan,8.294685693174467,7.794685693174467,-0.5,6.738980526152583,10.072313859485917,3.333333333333334,0.0,3.586997673296467,7.792982332527141,True,0,ok
30.0,0.32999999999999996,8.526313347218009,4.3035266051836505,14.029024571158992,2.8090557356339147e-11,-1.6613808188183794,nan,8.77914587861546,9.612479211948793,0.8333333333333339,5.86558825514616,9.198921588479493,3.333333333333334,0.0,2.713141659065086,8.073845631022937,True,0,ok
30.0,0.36999999999999994,11.683454377540842,5.816136099326486,19.174663355684615,2.1557128382459124e-10,-2.830929996752251,nan,9.229446767760573,8.729446767760573,-0.5,5.128882745390076,8.46221607872341,3.333333333333334,0.0,2.7801754528341345,8.94940400106416,True,0,ok
30.0,0.4099999999999999,14.231709247251091,6.676695733281865,23.44878171326986,1.547736392343979e-10,-3.6333200441845848,nan,9.651185321692466,9.151185321692466,-0.5,4.496491592375385,7.829824925708719,3.3333333333333344,0.0,2.4555298610525442,9.46330471930892,True,0,ok
30.0,0.4499999999999999,17.0118511408726,7.536781996016242,28.12228306729394,4.45101410207464e-09,-4.5324772415471815,nan,10.048992668610014,9.548992668610014,-0.5,3.9446468907328542,7.277980224066189,3.3333333333333344,0.0,2.1739745872347864,9.947823706713933,True,0,ok
30.0,0.48999999999999994,20.02450486457088,8.395500643855353,33.19507650817651,1.0051188470436337e-09,-5.526739524258476,nan,10.425432361914053,9.925432361914053,-0.5,3.4594947628308534,6.792828096164187,3.3333333333333335,0.0,1.9283095956871081,10.407000263567305,True,0,ok
30.0,0.5299999999999999,8.84475738646556,3.2689493915917986,14.931932590380356,3.7149534292920215e-09,-1.020077775397434,nan,10.783951716503468,10.283951716503468,-0.5,3.0265261551293743,-6.973473844870625,-10.0,0.0,0.7513877015852171,7.708299688407035,True,0,ok
30.0,0.57,26.786032021760597,10.113492987223314,44.60139776910113,5.334715522515354e-10,-7.804300804822771,nan,11.12642299945729,10.62642299945729,-0.5,2.637499329503497,5.9708326628368305,3.333333333333334,0.0,1.5188860469880068,11.265616929333655,True,0,ok
30.0,0.61,30.542047233236854,10.969502758307993,50.94734659367151,2.403077212880513e-10,-9.082281205269664,nan,11.454401115235983,10.954401115235983,-0.5,2.2858983739359875,5.619231707269321,3.3333333333333335,0.0,1.3460102217387038,11.668927484801662,True,0,ok
30.0,0.6499999999999999,34.35162955701305,10.196750585373918,58.07999601491255,1.862459294203682e-10,-7.92740184891465,nan,11.76956918527024,11.26956918527024,-0.5,1.9653281396027626,-8.034671860397237,-10.0,0.0,0.43629477619398166,11.728988923443707,True,0,ok
30.0,0.69,37.45992575324277,10.098874713065417,63.61677957269902,1.1173767684093563e-10,-7.788208949676105,nan,12.073409904868102,11.573409904868102,-0.5,1.6711245608640164,-4.99554210580265,-6.666666666666666,0.0,0.15461677262575071,11.815361503364494,True,0,ok
30.0,0.73,27.997500593255083,7.93112048808106,47.57958523694352,3.3230716532038793e-09,-4.986031978630201,nan,12.367498672873088,12.0,-0.36749867287308824,1.3987540439090607,-8.601245956090938,-10.0,0.0,0.169624312293634,10.782143713898835,True,0,ok
30.0,0.7699999999999999,27.056936712240596,8.920378932143652,45.588599577505796,8.64375494517039e-10,-6.191922239449149,nan,12.650127991741712,12.0,-0.6501279917417122,1.1502029143294645,7.816869580996132,6.666666666666668,0.0,1.0088150646096221,10.938260113604194,True,0,ok
30.0,0.8099999999999999,29.238404417412156,9.679281257268645,49.18411982849639,1.5672928304455849e-09,-7.203245773068977,nan,12.92496614743184,12.14165538247728,-0.7833107649545603,0.9174674604931969,7.584134127159865,6.666666666666668,0.0,1.0841500114848577,11.242334057173826,True,0,ok
30.0,0.85,30.039587688447938,10.322467515373448,50.34541845327694,8.50337027967132e-10,-8.11886633923483,nan,13.191629943103283,12.0,-1.1916299431032833,0.7005324448544621,7.36719911152113,6.666666666666668,0.0,1.3107867922025653,11.425363347858955,True,0,ok
