theta_B_deg,kdf,residual_norm,radius_residual,length_residual,mass_residual,performance_residual,rao_exit_residual,D_M_pre,D_M_post,D_M_jump,D_theta_pre_deg,D_theta_post_deg,D_theta_jump_deg,fan_turn_deg,exit_angle_deg,exit_mach,success,failure_code,failure_reason
18.0,0.05,0.7924697299225214,-0.6340943180523269,-0.9163880606186228,2.3057704073182304e-09,-0.8013626748856078,-0.0654045854747278,1.7825520253076994,1.7825520253076994,0.0,19.308159285525846,19.308159285525846,0.0,0.0,17.800739554594326,1.8201431476264904,True,0,ok
18.0,0.09,0.7153983868074768,-0.5975386793250436,-0.8594900820384711,1.2625774568433062e-09,-0.6630300755834576,-0.0782490071603167,1.870218600646558,1.870218600646558,0.0,19.204108204774467,19.204108204774467,0.0,0.0,16.61352092912689,1.9307304474755826,True,0,ok
18.0,0.13,0.6444865782547033,-0.5601677055925341,-0.7977758284447299,1.038601295709319e-09,-0.5439252869759674,-0.09606665976275651,1.9694037289848998,1.9694037289848998,0.0,18.808112028486487,18.808112028486487,0.0,0.0,15.310165511728478,2.0481263571270913,True,0,ok
18.0,0.16999999999999998,0.5777056625430695,-0.5218172285492575,-0.730412650099593,1.649223205286388e-08,-0.4420810312223795,-0.11679239575368162,2.0775325898976407,2.0775325898976407,0.0,18.178794555824766,18.178794555824766,0.0,0.0,13.962341433343088,2.171506924202158,True,0,ok
18.0,0.20999999999999996,0.5125345300444593,-0.4818597652856372,-0.6551823866380975,1.2652644918055879e-08,-0.3558400487603401,-0.14384862756400243,2.197956793405021,2.197956793405021,0.0,17.21613307281125,17.21613307281125,0.0,0.0,12.501941637483347,2.3053614259464443,True,0,ok
18.0,0.24999999999999994,0.4473048111514264,-0.4404648905026995,-0.5704808530398706,3.9105332817790635e-10,-0.28423064364523765,-0.17590921423820877,2.32818942570476,2.32818942570476,0.0,15.972878387729871,15.972878387729871,0.0,0.0,10.986020545015814,2.4479900378950927,True,0,ok
18.0,0.29,0.386770898013517,-0.4016815383535005,-0.4862392975107527,1.7851477828816033e-10,-0.22582840820579267,-0.18508398710796037,2.4366517699832526,2.4366517699832526,0.0,15.268702733150844,15.268702733150844,0.0,0.0,9.989124254064258,2.568514979416082,True,0,ok
18.0,0.32999999999999996,0.3221120315984985,-0.3594527412754895,-0.38847759178236435,1.0317601922031904e-09,-0.17648617558904456,-0.20013178064011244,2.561645822462615,2.561645822462615,0.0,14.187481847387101,14.187481847387101,0.0,0.0,8.821799955221852,2.7050977048165743,True,0,ok
18.0,0.36999999999999994,0.25608325836727364,-0.3160970230484157,-0.2797714092792663,1.2690542521274002e-09,-0.13618566818069386,-0.21045076961981196,2.690243899842899,2.690243899842899,0.0,13.01710231589654,13.01710231589654,0.0,0.0,7.6919679268747805,2.8447156708243106,True,0,ok
18.0,0.4099999999999999,0.19227191763639637,-0.272435337329352,-0.1610693317611897,9.042205453782529e-10,-0.10363941467886414,-0.20908109085704937,2.817951178496942,2.817951178496942,0.0,11.866374776003532,11.866374776003532,0.0,0.0,6.660740012920542,2.9826413739835433,True,0,ok
18.0,0.4499999999999999,0.14066691600968262,-0.22873707605189492,-0.03192359461969377,2.520442049981591e-09,-0.07760011549483942,-0.18906402757383636,2.9443107585506443,2.9443107585506443,0.0,10.746122763629101,10.746122763629101,0.0,0.0,5.723028577521862,3.1180667052314104,True,0,ok
18.0,0.48999999999999994,0.1280790225232322,-0.18532710247488587,0.10778592518068605,6.034013469433655e-10,-0.056997960075133844,-0.13604002790422715,3.0687499436789603,3.0687499436789603,0.0,9.668178584363945,9.668178584363945,0.0,0.0,4.876054385695315,3.250036005604568,True,0,ok
18.0,0.5299999999999999,0.17180743958751624,-0.1424952758416344,0.2580222810818372,8.346004306748442e-10,-0.04090217257061066,-0.014678566857874175,3.1908741418465953,3.1908741418465953,0.0,8.639820011479138,8.639820011479138,0.0,0.0,4.115497115821832,3.377779237474553,True,0,ok
18.0,0.57,0.24910646401045614,-0.10048817521263503,0.41862933772625477,8.524362510981508e-10,-0.02852534789779262,0.2947707500259295,3.310483699945069,3.310483699945069,0.0,7.663412586858192,7.663412586858192,0.0,0.0,3.4355435162938073,3.500718566184245,True,0,ok
18.0,0.61,0.3420467594881976,-0.05958706587551589,0.5891239893975297,1.5074071771339876e-09,-0.01924223806673448,1.6383321708108571,3.4274742922961865,3.4274742922961865,0.0,6.739249046603533,6.739249046603533,0.0,0.0,2.830958576248293,3.6183950887634664,True,0,ok
18.0,0.6499999999999999,0.4441516562912079,-0.01997327553217459,0.768932423693245,1.672123338391153e-09,-0.01249309474940482,5.080380154682515,3.5418113109567266,3.5418113109567266,0.0,5.866144499085606,5.866144499085606,0.0,0.0,2.296104446524712,3.7304472090018557,True,0,ok
18.0,0.69,0.5527737817975195,0.018199245104475327,0.9572273652273162,6.622547247732528e-09,-0.00781794511316129,1.8114851648632493,3.6535205388058305,3.6535205388058305,0.0,5.04180201040362,5.04180201040362,0.0,0.0,1.825840074731286,3.8365960309294658,True,0,ok
18.0,0.73,0.6666593245133764,0.054773692136343484,1.1533779600349032,8.668323767744282e-10,-0.004805084533282037,1.3548816323730455,3.76268182691847,3.76268182691847,0.0,4.263087597489528,4.263087597489528,0.0,0.0,1.4131283346309156,3.9365736429694205,True,0,ok
18.0,0.7699999999999999,0.7840954139560351,0.08971243238231039,1.355122973662583,1.102738225956448e-08,-0.0032031685229179764,1.184022132918808,3.8693706893879685,3.8693706893879685,0.0,3.5271657996141346,3.5271657996141346,0.0,0.0,1.0585011471444128,4.030297261171419,True,0,ok
18.0,0.8099999999999999,0.9040678252057405,0.12295306566102433,1.5610544878463681,1.2583357787949625e-09,-0.002706905240539566,1.100214633835901,3.9736138101749625,3.9736138101749625,0.0,2.8318815426009745,2.8318815426009745,0.0,0.0,0.7564256845987519,4.117537574411313,True,0,ok
18.0,0.85,1.0252156376978605,0.154481300667913,1.768990458534641,1.0409942959861194e-10,-0.0030978537800223113,1.0538551148275015,4.075510014036366,4.075510014036366,0.0,2.1742478782421144,2.1742478782421144,0.0,0.0,0.503913110538383,4.1981736126821,True,0,ok
18.6,0.05,0.7855449652089428,-0.6285522901815601,-0.9103599655807626,1.1238365898627677e-09,-0.7920918057085717,-0.028102103921739716,1.8136709640994937,1.8136709640994937,0.0,19.87958638180634,19.87958638180634,0.0,0.0,18.21636234861215,1.8531047354849328,True,0,ok
18.6,0.09,0.703894385610264,-0.5878186363825473,-0.8484089804894178,1.5945065204366576e-09,-0.64890166499033,-0.041788172658265725,1.9112556551183797,1.9112556551183797,0.0,19.71289668645734,19.71289668645734,0.0,0.0,16.886842434349894,1.9739132999020192,True,0,ok
18.6,0.13,0.6286468354494965,-0.5462146220099748,-0.7809463160081087,1.9734728060368743e-08,-0.5266526078715104,-0.059413243904529074,2.0203588438939355,2.0203588438939355,0.0,19.249521895474366,19.249521895474366,0.0,0.0,15.47201145057522,2.101247118568175,True,0,ok
18.6,0.16999999999999998,0.5574022556595813,-0.5033562121561764,-0.7066941076892455,7.436761244257919e-09,-0.4234475005053819,-0.08030532942684258,2.140306051126786,2.140306051126786,0.0,18.496853410175802,18.496853410175802,0.0,0.0,13.999401813447266,2.236396411108455,True,0,ok
18.6,0.20999999999999996,0.48678995294110167,-0.4582524187331762,-0.622284973617873,4.7962991546077475e-11,-0.33713425691821464,-0.10909677940333608,2.275970087367133,2.275970087367133,0.0,17.315169358292735,17.315169358292735,0.0,0.0,12.36998687200993,2.3857643210292303,True,0,ok
18.6,0.24999999999999994,0.41814849554266864,-0.41348657317157794,-0.5312956903761568,4.3793171297052106e-09,-0.26701729563520754,-0.1295395592284292,2.4073129249142737,2.4073129249142737,0.0,16.20707165311234,16.20707165311234,0.0,0.0,10.968474641564645,2.530066933438468,True,0,ok
18.6,0.29,0.35168762558397576,-0.36946751580726256,-0.43667256240280694,1.345548254219765e-10,-0.20943587556686888,-0.13300567249496079,2.527705331191965,2.527705331191965,0.0,15.380971807460003,15.380971807460003,0.0,0.0,9.893040356277995,2.6629353827905966,True,0,ok
18.6,0.32999999999999996,0.2799765604542827,-0.321428100746155,-0.3250720943538834,1.3343117802520915e-09,-0.1617798897716627,-0.13972610075746772,2.6665946613026397,2.6665946613026397,0.0,14.122393045697553,14.122393045697553,0.0,0.0,8.625878853888926,2.8142212953287955,True,0,ok
18.6,0.36999999999999994,0.20897183455226023,-0.27301179137354786,-0.20297513467147163,1.4118367623547046e-09,-0.12358535262933068,-0.13056037019810782,2.803584765863996,2.803584765863996,0.0,12.903279387173319,12.903279387173319,0.0,0.0,7.4880447781394786,2.9630879767388576,True,0,ok
18.6,0.4099999999999999,0.14586058525757273,-0.2243176187475193,-0.06941329624618026,9.178710765800331e-10,-0.09321658231627855,-0.09621496988935428,2.9389407822011204,2.9389407822011204,0.0,11.7184865850493,11.7184865850493,0.0,0.0,6.458585437258846,3.1094832075985934,True,0,ok
18.6,0.4499999999999999,0.11755825541838825,-0.17565835318584905,0.07612184001614263,9.758782907632804e-09,-0.06935011665193752,-0.015261536669011342,3.072367874528502,3.072367874528502,0.0,10.57487491326336,10.57487491326336,0.0,0.0,5.528692828232575,3.2526942119272833,True,0,ok
18.6,0.48999999999999994,0.1563854891681219,-0.12743234045229154,0.23354648596000854,1.5273025039507808e-10,-0.05085568964866258,0.17053242478064543,3.203141665515312,3.203141665515312,0.0,9.48631700780566,9.48631700780566,0.0,0.0,4.69575495126253,3.391578676839277,True,0,ok
18.6,0.5299999999999999,0.23803598276964621,-0.07993297897522493,0.4027941139366764,1.560344851081009e-09,-0.0367560597649956,0.6950852564407839,3.3309710182456986,3.3309710182456986,0.0,8.456979432330588,8.456979432330588,0.0,0.0,3.9527521308129523,3.5254484082596944,True,0,ok
18.6,0.57,0.3378001721228799,-0.03349412837535004,0.5835353940859349,3.3016180093863474e-09,-0.026295552325251423,4.775370091097365,3.4558222164837704,3.4558222164837704,0.0,7.485540274722807,7.485540274722807,0.0,0.0,3.2921675558848924,3.6538643720382975,True,0,ok
18.6,0.61,0.44778659399046156,0.011645343426582279,0.775273722101678,1.1815079010558875e-09,-0.018802740965680464,3.122133451656895,3.5776426281810396,3.5776426281810396,0.0,6.570921222820212,6.570921222820212,0.0,0.0,2.707229350127121,3.7764160153219963,True,0,ok
18.6,0.6499999999999999,0.5651970020084744,0.05529778157464033,0.9772906046699519,2.824325522943954e-09,-0.013717966863418762,1.683802859280234,3.696450822367025,3.696450822367025,0.0,5.710709695559736,5.710709695559736,0.0,0.0,2.1917053244814917,3.8927980402517783,True,0,ok
18.6,0.69,0.6887680069066797,0.09727870895789453,1.1889615004455392,1.3331584676463653e-09,-0.0105596049347082,1.3332404879075783,3.8123272737859115,3.8123272737859115,0.0,4.901513454368941,4.901513454368941,0.0,0.0,1.738053320197115,4.002743488421789,True,0,ok
18.6,0.73,0.8169381193789441,0.13746069277588002,1.4082566458337775,2.3149260222910407e-10,-0.009024970348475223,1.1841069627143255,3.9253926523470533,3.9253926523470533,0.0,4.139510391255118,4.139510391255118,0.0,0.0,1.3449262844811614,4.106171778589383,True,0,ok
18.6,0.7699999999999999,0.9488053736848429,0.17577958867083673,1.6339277092687572,1.031486433550897e-09,-0.008757196478649447,1.1062586665655558,4.035771704480419,4.035771704480419,0.0,3.420836181912013,3.420836181912013,0.0,0.0,1.0060324343953555,4.202898875485291,True,0,ok
18.6,0.8099999999999999,1.083069203736344,0.21219251734036879,1.8638671923666017,1.5656341639795037e-09,-0.009493421429247202,1.0614019150162382,4.143463172603806,4.143463172603806,0.0,2.7440013431055212,2.7440013431055212,0.0,0.0,0.7181539562110087,4.292778727564942,True,0,ok
18.6,0.85,1.218235054734206,0.24668681039403498,2.095546219627746,3.6411642863769567e-10,-0.011027453524875896,1.0341999546332465,4.248619135278831,4.248619135278831,0.0,2.105210504827259,2.105210504827259,0.0,0.0,0.47817553316528033,4.375737811890941,True,0,ok
19.2,0.05,0.7778827720929561,-0.6223282350532133,-0.903675337476466,4.962032549532911e-09,-0.7819100163378223,0.010046594649961152,1.8460864393703078,1.8460864393703078,0.0,20.449904727621508,20.449904727621508,0.0,0.0,18.611494678605478,1.8873389321693037,True,0,ok
19.2,0.09,0.691156293354118,-0.5768863270873511,-0.8360094711905597,3.3640178492481444e-10,-0.6335466795969791,-0.004357565924834054,1.9547736281574128,1.9547736281574128,0.0,20.212444976615878,20.212444976615878,0.0,0.0,17.127364929729364,2.0193976807127196,True,0,ok
19.2,0.13,0.6111147726623897,-0.5304480283052488,-0.7619209243945251,3.6750497203544704e-10,-0.5084143884032776,-0.021885878574296785,2.0758347825175014,2.0758347825175014,0.0,19.649530805395234,19.649530805395234,0.0,0.0,15.578344644071244,2.158493247304651,True,0,ok
19.2,0.16999999999999998,0.5346070505095272,-0.48233127822746585,-0.6794293545061741,2.162846638237379e-10,-0.4039138344279273,-0.042873423511840224,2.209808267816116,2.209808267816116,0.0,18.735195664325328,18.735195664325328,0.0,0.0,13.956701407580365,2.3076644086611786,True,0,ok
19.2,0.20999999999999996,0.45825517437517493,-0.4317884889651059,-0.5851168462858077,8.91375137678759e-10,-0.31810437204579095,-0.06915934953715552,2.3589236707670587,2.3589236707670587,0.0,17.39901312660626,17.39901312660626,0.0,0.0,12.219013363783764,2.4709538481203492,True,0,ok
19.2,0.24999999999999994,0.38579415325668875,-0.38322306872719136,-0.48725634719069727,2.1882447821774327e-09,-0.2494648628140432,-0.0747547145801834,2.491419931485431,2.491419931485431,0.0,16.443651653628358,16.443651653628358,0.0,0.0,10.942101628290178,2.616753537633496,True,0,ok
19.2,0.29,0.31061165999633933,-0.3318747791214178,-0.37692418093914165,3.5751778551756797e-10,-0.19294067166751516,-0.07296185662370336,2.6323173181238673,2.6323173181238673,0.0,15.30847692406867,15.30847692406867,0.0,0.0,9.666215514468234,2.77096550803646,True,0,ok
19.2,0.32999999999999996,0.2327643731277333,-0.27825804429839845,-0.25165557753118517,2.9813317010923964e-09,-0.14757944055089836,-0.057789030608011806,2.780024965275253,2.780024965275253,0.0,14.007869194291878,14.007869194291878,0.0,0.0,8.398001565521305,2.932033649353023,True,0,ok
19.2,0.36999999999999994,0.1588515864569105,-0.22411758740757753,-0.11390540822712378,1.1637616583252832e-09,-0.11179599523619381,-0.011030424256857511,2.925662657420417,2.925662657420417,0.0,12.747944900163395,12.747944900163395,0.0,0.0,7.260063421340923,3.0905362604804703,True,0,ok
19.2,0.4099999999999999,0.11138648038574624,-0.169689874890134,0.03727179612228616,1.2850143372696575e-09,-0.0838868500526876,0.09621654136445283,3.069235341489727,3.069235341489727,0.0,11.529910880815367,11.529910880815367,0.0,0.0,6.235013312018655,3.246067346514959,True,0,ok
19.2,0.4499999999999999,0.13903248153517325,-0.1154727557387345,0.20188165695936908,7.743482667029233e-10,-0.06244943579350465,0.34891483505306486,3.209800807951881,3.209800807951881,0.0,10.372396699446242,10.372396699446242,0.0,0.0,5.319872974017081,3.3972115790288675,True,0,ok
19.2,0.48999999999999994,0.2238549920516722,-0.06184836276938947,0.37995344487073646,7.177313807709358e-10,-0.04629613539993271,1.1477222158103453,3.3470375603779647,3.3470375603779647,0.0,9.280179048772656,9.280179048772656,0.0,0.0,4.505650998359391,3.543190186966019,True,0,ok
19.2,0.5299999999999999,0.33051387537398896,-0.009141414214290869,0.5713572607586882,6.397690244211698e-10,-0.03443226058058385,25.89173828011059,3.480790458930281,3.480790458930281,0.0,8.254076436928594,8.254076436928594,0.0,0.0,3.7831621530531137,3.6834197023240307,True,0,ok
19.2,0.57,0.44872231356470066,0.04228735979517875,0.7756200998915251,3.4609599821226914e-09,-0.026084169881101862,2.6243143034035255,3.6110687385982287,3.6110687385982287,0.0,7.291503163259325,7.291503163259325,0.0,0.0,3.143932960902805,3.8174960481039704,True,0,ok
19.2,0.61,0.5753774539120831,0.09218544365947516,0.9920968395108586,5.05228053874216e-10,-0.020575432460224717,1.623830572716292,3.7378795551348047,3.7378795551348047,0.0,6.389967422583681,6.389967422583681,0.0,0.0,2.580333042122878,3.945070766778408,True,0,ok
19.2,0.6499999999999999,0.7090278831015642,0.14034569144279077,1.2199030433298739,1.1647230763888232e-08,-0.01735709694657935,1.3224616293161982,3.86133272298957,3.86133272298957,0.0,5.545295926961588,5.545295926961588,0.0,0.0,2.0853110327851554,4.065921909648291,True,0,ok
19.2,0.69,0.8487889379053598,0.18658526152073568,1.4581699317385561,9.100825905115104e-10,-0.01594909678757879,1.1849020878327432,3.9815219127896135,3.9815219127896135,0.0,4.753823934148712,4.753823934148712,0.0,0.0,1.651445400437494,4.179825271854825,True,0,ok
19.2,0.73,0.9932738350059136,0.23078549135271925,1.7047754473948464,1.7687301919880562e-09,-0.016045711665435336,1.1105675490650067,4.098698303095094,4.098698303095094,0.0,4.009554314046662,4.009554314046662,0.0,0.0,1.2759312530731484,4.286782187726588,True,0,ok
19.2,0.7699999999999999,1.1414474748638892,0.27287851599995194,1.9580462735926503,2.10194278555663e-09,-0.017295074300116287,1.0666696852789417,4.212860975790098,4.212860975790098,0.0,3.310712318540299,3.310712318540299,0.0,0.0,0.9533650839818806,4.386592303955367,True,0,ok
19.2,0.8099999999999999,1.291914095741818,0.31282166706379627,2.215601571952159,1.84559222773276e-09,-0.019451768756278638,1.03946682228682,4.324162973694319,4.324162973694319,0.0,2.6534458466299946,2.6534458466299946,0.0,0.0,0.679954189162382,4.479206552539365,True,0,ok
19.2,0.85,1.445362180659651,0.34931526854944356,2.4788515878958792,1.6373192984382866e-08,-0.022116694779609373,1.021649277672896,4.4327530467850025,4.4327530467850025,0.0,2.034256617537265,2.034256617537265,0.0,0.0,0.43948636856284673,4.5632064681083415,True,0,ok
19.8,0.05,0.769376564973398,-0.6153148638865334,-0.8962258743885938,1.943271793856304e-09,-0.7707059728245872,0.04904080797774441,1.8800018755548549,1.8800018755548549,0.0,21.018890939370763,21.018890939370763,0.0,0.0,18.983025141308158,1.9230010404963942,True,0,ok
19.8,0.09,0.6770022515303927,-0.5645535639338382,-0.8220663141295402,1.1571551514197833e-10,-0.6168325496881122,0.034159312206826366,2.0011198376766384,2.0011198376766384,0.0,20.702353792247987,20.702353792247987,0.0,0.0,17.331970064787214,2.0674449279052993,True,0,ok
19.8,0.13,0.5915916132034594,-0.5126447308158419,-0.7403855937873589,1.690867375094076e-09,-0.4888419610844669,0.017474869230429766,2.1354927615262898,2.1354927615262898,0.0,20.02910446762791,20.02910446762791,0.0,0.0,15.64256933689793,2.219530610386735,True,0,ok
19.8,0.16999999999999998,0.5090240792858889,-0.45844000728462825,-0.6481339678355288,3.545489490627777e-11,-0.38349922990429114,-0.0027080953610883617,2.285810164460214,2.285810164460214,0.0,18.91626887476108,18.91626887476108,0.0,0.0,13.853036681462406,2.3851037625507012,True,0,ok
19.8,0.20999999999999996,0.4263921404933905,-0.4019615509439302,-0.5427926133397671,1.1268861518982317e-09,-0.2987203757532154,-0.022114757650103612,2.447710934778928,2.447710934778928,0.0,17.46471337066198,17.46471337066198,0.0,0.0,12.045447912015918,2.5617950180701774,True,0,ok
19.8,0.24999999999999994,0.34874214913421725,-0.3483974718477014,-0.4357565770454349,3.794646775549709e-09,-0.23151385902367472,-0.010960423020465975,2.5853557193262344,2.5853557193262344,0.0,16.584232306728357,16.584232306728357,0.0,0.0,10.837734761219098,2.712933845098068,True,0,ok
19.8,0.29,0.264431007667135,-0.28922652552961425,-0.30795045099140766,3.1717810078427867e-09,-0.17687795258828978,0.007790494598544973,2.7449286963279653,2.7449286963279653,0.0,15.200328521733605,15.200328521733605,0.0,0.0,9.4153523336832,2.887095474382099,True,0,ok
19.8,0.32999999999999996,0.18087060941864658,-0.2291251590320196,-0.16627451210377764,3.531374776019284e-10,-0.13415282396438857,0.06317112176275691,2.9025558251674553,2.9025558251674553,0.0,13.84903827710646,13.84903827710646,0.0,0.0,8.143494381429965,3.0592187609753787,True,0,ok
19.8,0.36999999999999994,0.11354056367506965,-0.1683869699180748,-0.009784643433865885,1.0609147174758974e-09,-0.10111611104882896,0.1910042536748858,3.0576308961348015,3.0576308961348015,0.0,12.54658126721823,12.54658126721823,0.0,0.0,7.006994120682711,3.2282959624328202,True,0,ok
19.8,0.4099999999999999,0.12050484822115493,-0.10751502324765191,0.16195862890086268,2.975850721292718e-11,-0.07598800981089235,0.5013900149660142,3.20945527282232,3.20945527282232,0.0,11.307425730874906,11.307425730874906,0.0,0.0,5.995486126849632,3.3931046154520206,True,0,ok
19.8,0.4499999999999999,0.20599491461976105,-0.047011032011468265,0.34901621533365595,8.23300989945794e-09,-0.057265686505932493,1.5837202907986647,3.3574182889195283,3.3574182889195283,0.0,10.142152466148303,10.142152466148303,0.0,0.0,5.099592051644999,3.5525140388493184,True,0,ok
19.8,0.48999999999999994,0.3194414527219246,0.012739962168441863,0.5514123688913057,1.48894516888844e-09,-0.04371061597490979,23.446510779335224,3.5013552038373983,3.5013552038373983,0.0,9.051518307790941,9.051518307790941,0.0,0.0,4.307325173734357,3.705866971223415,True,0,ok
19.8,0.5299999999999999,0.4461813481247471,0.0712853753250044,0.768746685512112,1.4263237913363198e-09,-0.03435571309353753,2.4326424366810455,3.6412328287158644,3.6412328287158644,0.0,8.033404361271584,8.033404361271584,0.0,0.0,3.6082683606197548,3.8526738313640805,True,0,ok
19.8,0.57,0.5825964719378616,0.12830956298581842,1.0004935538629915,7.766778109007888e-11,-0.02837696369099509,1.5960012066248104,3.777100587402433,3.777100587402433,0.0,7.084166397925613,7.084166397925613,0.0,0.0,2.9926394318279073,3.99257852193131,True,0,ok
19.8,0.61,0.7272084676586256,0.1835442739775046,1.2458641913268471,4.212813119767178e-10,-0.025107420472660024,1.317720496499841,3.9090970722809284,3.9090970722809284,0.0,6.198799041718038,6.198799041718038,0.0,0.0,2.451758494859711,4.125351867809971,True,0,ok
19.8,0.6499999999999999,0.8792005210534611,0.23677986185721855,1.5041081029591825,4.727868103457638e-09,-0.023974575980363424,1.1860249755667875,4.037411316394819,4.037411316394819,0.0,5.371828168433932,5.371828168433932,0.0,0.0,1.9768123393439445,4.250813254809972,True,0,ok
19.8,0.69,1.0371944806895255,0.28778536718359876,1.7731023189782467,1.589681310405182e-09,-0.024595145606556287,1.113480348419553,4.162180946719501,4.162180946719501,0.0,4.598854920821243,4.598854920821243,0.0,0.0,1.5641548495218986,4.368888875417745,True,0,ok
19.8,0.73,1.2002557880366622,0.3364828667797204,2.0513205192435966,8.997221630747941e-10,-0.02655706761691081,1.0700378784511047,4.283522543821326,4.283522543821326,0.0,3.875897638605837,3.875897638605837,0.0,0.0,1.2072008665815033,4.479439191866047,True,0,ok
19.8,0.7699999999999999,1.367105133560843,0.38279460929406117,2.336562310632288,4.130247177611776e-09,-0.02956677617430604,1.0427561358061117,4.401671081991862,4.401671081991862,0.0,3.1978686510726035,3.1978686510726035,0.0,0.0,0.901150672842878,4.582463346222266,True,0,ok
19.8,0.8099999999999999,1.5380320141984243,0.4257153531345614,2.629504070998683,1.7175197163184233e-09,-0.033199530187265486,1.0248533375508149,4.516770161695169,4.516770161695169,0.0,2.5611967329313807,2.5611967329313807,0.0,0.0,0.6321039347567415,4.676934267687201,True,0,ok
19.8,0.85,1.707842817939043,0.46698862691186377,2.9207347087741677,3.1828985222416403e-09,-0.0375720062648222,1.0135004390264013,4.62897888038507,4.62897888038507,0.0,1.9623140571789992,1.9623140571789992,0.0,0.0,0.41637903557909944,4.764657972414906,True,0,ok
20.4,0.05,0.7598894576689909,-0.6073787003214858,-0.8878728536789959,4.33716988429067e-09,-0.758332957034783,0.08887448230870658,1.915672414872447,1.915672414872447,0.0,21.586270069974,21.586270069974,0.0,0.0,19.327161277517813,1.9602829930076753,True,0,ok
20.4,0.09,0.661314397879819,-0.5505531524206073,-0.8062634926449989,1.1041347770312295e-08,-0.5990330586178547,0.07342575797178669,2.051608108104397,2.051608108104397,0.0,21.158046016598842,21.158046016598842,0.0,0.0,17.481256348076624,2.1191575996919743,True,0,ok
20.4,0.13,0.5696836699274899,-0.4922809545570068,-0.7155782111682032,8.457326015225508e-10,-0.4682154811920642,0.05789401475938621,2.201861998433828,2.201861998433828,0.0,20.33406862790181,20.33406862790181,0.0,0.0,15.624609848490415,2.286714481182042,True,0,ok
20.4,0.16999999999999998,0.47974884269709295,-0.43080803464176687,-0.6112573055217309,5.215326080906643e-10,-0.36227862197763144,0.03983910693899765,2.371689083363855,2.371689083363855,0.0,18.969817669237873,18.969817669237873,0.0,0.0,13.638541225708822,2.4721735006765098,True,0,ok
20.4,0.20999999999999996,0.3923667835342433,-0.3695483803297333,-0.49725157750780663,1.7423311436971686e-09,-0.2793384000181352,0.03983303628812242,2.5355505733255597,2.5355505733255597,0.0,17.68746128347844,17.68746128347844,0.0,0.0,11.97809086680042,2.6508991022283315,True,0,ok
20.4,0.24999999999999994,0.30447668721460697,-0.3068856144229715,-0.3720959727594408,1.456939599241841e-09,-0.2132697022269819,0.06529105373787698,2.6964706291558636,2.6964706291558636,0.0,16.482797993579393,16.482797993579393,0.0,0.0,10.559453532744739,2.82652986145511,True,0,ok
20.4,0.29,0.2125343407994377,-0.24042142007736397,-0.22725081202108385,4.523829559620713e-11,-0.16145323552315793,0.12437213897912165,2.867392320238907,2.867392320238907,0.0,15.037375322384186,15.037375322384186,0.0,0.0,9.129446588529909,3.0132657830552465,True,0,ok
20.4,0.32999999999999996,0.1278693022547261,-0.17283581266395706,-0.06594794212683557,7.064451962350545e-10,-0.12177982660258871,0.2636013997294016,3.035627828185412,3.035627828185412,0.0,13.63819414431864,13.63819414431864,0.0,0.0,7.859189537045599,3.1973248028636703,True,0,ok
20.4,0.36999999999999994,0.10342069361469401,-0.10461873776380544,0.11267684745468104,1.0340707899332576e-09,-0.09190412047136887,0.6101838000837272,3.2003903562709968,3.2003903562709968,0.0,12.303780939841717,12.303780939841717,0.0,0.0,6.733282669694096,3.3773698227775757,True,0,ok
20.4,0.4099999999999999,0.18397958296267922,-0.03643042445859261,0.3087556275553855,2.602220855044415e-10,-0.06991600294647103,1.8955067497970837,3.3607292574823515,3.3607292574823515,0.0,11.051837546091125,11.051837546091125,0.0,0.0,5.741550412154186,3.5518267812024416,True,0,ok
20.4,0.4499999999999999,0.30378726088158453,0.03125077644401028,0.522438567978937,3.2165145761548387e-09,-0.05423496364497638,13.117857701310541,3.516356970311648,3.516356970311648,0.0,9.88532874329127,9.88532874329127,0.0,0.0,4.869144583081724,3.7198392309132418,True,0,ok
20.4,0.48999999999999994,0.43937097561741434,0.09786401111599856,0.7534314324708944,8.163173736515862e-10,-0.043637994203895296,2.368474706386208,3.667223438058071,3.667223438058071,0.0,8.802060179999561,8.802060179999561,0.0,0.0,4.102667911126157,3.8808342753641374,True,0,ok
20.4,0.5299999999999999,0.5861350811669256,0.16302245346840039,1.0013539945302155,1.170491324671224e-11,-0.037106029526209804,1.5878352279832324,3.8134373248546,3.8134373248546,0.0,7.796882503257341,7.796882503257341,0.0,0.0,3.4294740225510325,4.034448679113042,True,0,ok
20.4,0.57,0.7424785262176201,0.22637364864887527,1.265477980637379,1.8755039976914386e-09,-0.03381622986384981,1.3173879068926375,3.9551363271959543,3.9551363271959543,0.0,6.864376738178666,6.864376738178666,0.0,0.0,2.839021656492275,4.180413243412309,True,0,ok
20.4,0.61,0.9076091741177833,0.2876649577003366,1.5451272117706094,8.263890839519868e-08,-0.03307582781336684,1.1874621895217126,4.0925585948724725,4.0925585948724725,0.0,5.997873707591618,5.997873707591618,0.0,0.0,2.3208972700343553,4.318565508113172,True,0,ok
20.4,0.6499999999999999,1.080243653386753,0.3465608691220265,1.8383390213063986,4.182247856491231e-09,-0.034413061222392044,1.115230542260067,4.2259418942648,4.2259418942648,0.0,5.191180891278094,5.191180891278094,0.0,0.0,1.86945503254357,4.448875413402231,True,0,ok
20.4,0.69,1.2594823276864557,0.40295126529766045,2.143623965826789,2.8181794663265245e-10,-0.037333258517322734,1.0716507130639743,4.355412948372673,4.355412948372673,0.0,4.439884787918781,4.439884787918781,0.0,0.0,1.4773348558354202,4.571195185771282,True,0,ok
20.4,0.73,1.4440789644613812,0.4567054314218059,2.4588191630312934,1.487546769539784e-10,-0.04148058846590151,1.043992679020234,4.4812158290753645,4.4812158290753645,0.0,3.7385631008959805,3.7385631008959805,0.0,0.0,1.1389149715486675,4.685537536475066,True,0,ok
20.4,0.7699999999999999,1.6326041027202924,0.5077723859482091,2.78140042615846,1.3771316624484858e-09,-0.04655472147259127,1.025688893326796,4.603579055462133,4.603579055462133,0.0,3.082293716328034,3.082293716328034,0.0,0.0,0.8493711870434628,4.7919304344917775,True,0,ok
20.4,0.8099999999999999,1.8249643560244915,0.55522520940711,3.1113489095341387,6.842271757239547e-09,-0.0521309146209484,nan,4.722689874358394,4.722689874358394,0.0,2.4670467709129507,2.4670467709129507,0.0,0.0,0.596655863279886,4.889540696057363,True,0,ok
20.4,0.85,2.0160915712548357,0.6007037351153649,3.4394225630315876,6.698493998676465e-10,-0.058336323007651895,nan,4.83875191425528,4.83875191425528,0.0,1.888866103956169,1.888866103956169,0.0,0.0,0.39326045231542534,4.979969305846962,True,0,ok
21.0,0.05,0.7493486578557176,-0.5983330696811154,-0.8784195601994471,1.7407859444144585e-08,-0.7449475465262498,0.12889780723555871,1.9543757844350116,1.9543757844350116,0.0,22.125637512708114,22.125637512708114,0.0,0.0,19.619024116484713,2.000298372428229,True,0,ok
21.0,0.09,0.643735615513224,-0.5346235074968233,-0.7882534475352118,3.0299783433045143e-10,-0.579673042085981,0.11404376963843547,2.106193888202,2.106193888202,0.0,21.593690801969434,21.593690801969434,0.0,0.0,17.581798902036695,2.174449425058767,True,0,ok
21.0,0.13,0.5450181186308224,-0.46905038664419757,-0.6870385122945843,1.4278713688593555e-08,-0.4462107868716496,0.10135544995770016,2.2743055778500287,2.2743055778500287,0.0,20.601100319965976,20.601100319965976,0.0,0.0,15.550979373006493,2.359385530035002,True,0,ok
21.0,0.16999999999999998,0.44692810861504484,-0.3994769554917618,-0.5689066991959282,2.402543608370899e-10,-0.3405841048136136,0.09037939718511898,2.4640832194445386,2.4640832194445386,0.0,18.99912926805252,18.99912926805252,0.0,0.0,13.396405748835239,2.565362813052908,True,0,ok
21.0,0.20999999999999996,0.3536401245423486,-0.3323407911650068,-0.4443031679047095,1.3617995889220528e-09,-0.2594769866031292,0.11490854938015518,2.632471067708849,2.632471067708849,0.0,17.851272938932023,17.851272938932023,0.0,0.0,11.85571130251013,2.7484384913911635,True,0,ok
21.0,0.24999999999999994,0.2544784245819538,-0.259450039277877,-0.2978924199545287,3.2456124112118284e-09,-0.19550853941831348,0.17248875283523304,2.8167760501562986,2.8167760501562986,0.0,16.343370541401487,16.343370541401487,0.0,0.0,10.255267164094919,2.9492766977030005,True,0,ok
21.0,0.29,0.15609003149082082,-0.18436918893572865,-0.13226478896653932,1.325069956721094e-09,-0.14699088938854246,0.3117988699279667,3.0005853325902345,3.0005853325902345,0.0,14.824900734382608,14.824900734382608,0.0,0.0,8.814213566512262,3.150426737306364,True,0,ok
21.0,0.32999999999999996,0.0944402534978917,-0.10806637842255738,0.05281071633930877,2.2279370585217072e-10,-0.11085833544032596,0.6652102995476764,3.180389846862108,3.180389846862108,0.0,13.377408977186276,13.377408977186276,0.0,0.0,7.548501492680168,3.347616591363594,True,0,ok
21.0,0.36999999999999994,0.15766024939941778,-0.031331495532852284,0.2577425978467524,6.892320003468757e-11,-0.08460114281108723,1.9918489913319302,3.3550757739185477,3.3550757739185477,0.0,12.022670705563602,12.022670705563602,0.0,0.0,6.442150785651317,3.5390126000446545,True,0,ok
21.0,0.4099999999999999,0.28257543732505996,0.045211948151598756,0.482827366603707,8.791443898411767e-11,-0.066183435550093,12.957315738555252,3.5242534848534937,3.5242534848534937,0.0,10.765716055631035,10.765716055631035,0.0,0.0,5.475699934019678,3.723549165727113,True,0,ok
21.0,0.4499999999999999,0.42729893595480056,0.12103482224343438,0.7281417978017353,2.7866288250791267e-08,-0.05397440229285901,2.386496614358112,3.6878369040429733,3.6878369040429733,0.0,9.604621446759024,9.604621446759024,0.0,0.0,4.631097099277361,3.9005257635274018,True,0,ok
21.0,0.48999999999999994,0.5850362895361295,0.19548000166561633,0.9931793473303662,2.747045614300358e-10,-0.04674112972366649,1.5952527578145812,3.8459419722868016,3.8459419722868016,0.0,8.533558920258688,8.533558920258688,0.0,0.0,3.893001977007907,4.069502880834133,True,0,ok
21.0,0.5299999999999999,0.7539928359625215,0.26815363730664543,1.2773888456141256,2.647527449906565e-10,-0.043439083188362926,1.320925028774249,3.9987498422261036,3.9987498422261036,0.0,7.545809439446248,7.545809439446248,0.0,0.0,3.247819809744035,4.230194474483564,True,0,ok
21.0,0.57,0.9333909239943424,0.33874566265210215,1.5802022422758342,9.820019980422892e-10,-0.043221528499704884,1.1892210422615281,4.146580765311437,4.146580765311437,0.0,6.632926166625181,6.632926166625181,0.0,0.0,2.6828610705289204,4.382469275495767,True,0,ok
21.0,0.61,1.1219477587549171,0.4067870333321198,1.899672321112795,4.445595491607889e-09,-0.0454939780226374,1.115956492688537,4.2896892797411335,4.2896892797411335,0.0,5.7880365500445174,5.7880365500445174,0.0,0.0,2.1906919862150254,4.526287340612791,True,0,ok
21.0,0.6499999999999999,1.3188965854262726,0.47214821798394147,2.2345187088358744,4.1007174650344765e-09,-0.04966698364394479,1.07148731388183,4.428357942840546,4.428357942840546,0.0,5.004207721706374,5.004207721706374,0.0,0.0,1.7621675089579847,4.661589430329607,True,0,ok
21.0,0.69,1.5229431402318419,0.5346128743735651,2.582479073651018,1.3544214584230145e-09,-0.055302204714503,1.0424761896053818,4.562785816990253,4.562785816990253,0.0,4.276310122643102,4.276310122643102,0.0,0.0,1.3910022620686588,4.788351840292936,True,0,ok
21.0,0.73,1.7327445355166675,0.5940948620273334,2.941158563558397,7.986730210841597e-10,-0.06203607828065894,nan,4.693294560730837,4.693294560730837,0.0,3.5979950246942654,3.5979950246942654,0.0,0.0,1.0712443848390847,4.906664509389677,True,0,ok
21.0,0.7699999999999999,1.9479551623717293,0.6498617839438626,3.310052835928998,6.074265112769843e-09,-0.06941058247637871,nan,4.8201265453196225,4.8201265453196225,0.0,2.9643967851935225,2.9643967851935225,0.0,0.0,0.7918552082551986,5.015963231592211,True,0,ok
21.0,0.8099999999999999,2.1640973777083303,0.703126580864426,3.68097298301898,1.1241861713158406e-09,-0.07748090202410826,nan,4.943508096741929,4.943508096741929,0.0,2.371173222709079,2.371173222709079,0.0,0.0,0.5614202213044182,5.117503201368881,True,0,ok
21.0,0.85,2.3801215084914085,0.7533629973377965,4.0521600202520425,1.3838949277261429e-09,-0.08589848696821752,nan,5.063671359162923,5.063671359162923,0.0,1.8142422517213992,1.8142422517213992,0.0,0.0,0.37022335815568114,5.210785638547635,True,0,ok
21.6,0.05,0.7375037656075386,-0.5880047362921978,-0.8676731231300879,5.144159568425493e-10,-0.730156965557078,0.16958548198009668,1.9958319202029942,1.9958319202029942,0.0,22.653422024299743,22.653422024299743,0.0,0.0,19.86783715417318,2.0427220463708142,True,0,ok
21.6,0.09,0.6239619611952459,-0.5163946148589801,-0.7675581364173205,3.906399360049879e-08,-0.5587277476732908,0.15611054120716697,2.165971701322361,2.165971701322361,0.0,21.994862678957002,21.994862678957002,0.0,0.0,17.620620663497384,2.234232535256223,True,0,ok
21.6,0.13,0.5168105107022003,-0.44206234232276354,-0.6533646828115605,6.532164745700983e-10,-0.4230541202629613,0.14738089856139683,2.3565606122508185,2.3565606122508185,0.0,20.75006401525861,20.75006401525861,0.0,0.0,15.364294030317476,2.4412803059239145,True,0,ok
21.6,0.16999999999999998,0.41011289970816683,-0.36395219913297255,-0.520265521113517,1.0122093004779224e-09,-0.31849702637210975,0.15329053885233487,2.5630438157945927,2.5630438157945927,0.0,19.0277517842183,19.0277517842183,0.0,0.0,13.143290529500456,2.6645303422892974,True,0,ok
21.6,0.20999999999999996,0.3072676905490768,-0.28762676889998606,-0.3786035322961017,1.7918308594815326e-11,-0.2391035510216408,0.20932189061695936,2.7475198417679856,2.7475198417679856,0.0,17.780195653541895,17.780195653541895,0.0,0.0,11.559087681982442,2.864281803300794,True,0,ok
21.6,0.24999999999999994,0.19803315517642667,-0.20450810184937712,-0.20969004222650134,1.1234003655347395e-09,-0.17848785425458208,0.3374149149858935,2.9492353854097653,2.9492353854097653,0.0,16.12883592650894,16.12883592650894,0.0,0.0,9.902730143423065,3.0843434226569033,True,0,ok
21.6,0.29,0.1041894796117859,-0.1194722313597058,-0.019086578835420545,1.092754240730189e-09,-0.13389709267798333,0.6678054807127684,3.1464290431548108,3.1464290431548108,0.0,14.550957866439251,14.550957866439251,0.0,0.0,8.464428900510972,3.3006639581669894,True,0,ok
21.6,0.32999999999999996,0.1281044636931563,-0.03326119891076299,0.19427493850783023,1.9655882226451317e-09,-0.1018979968847821,1.8677812211942655,3.3379246754571303,3.3379246754571303,0.0,13.072572898324152,13.072572898324152,0.0,0.0,7.217050227381761,3.5112916274853494,True,0,ok
21.6,0.36999999999999994,0.2548403446551525,0.05328474624617759,0.430841156093148,3.7231255433558756e-09,-0.07979622688868729,19.972679090354813,3.522977275458282,3.522977275458282,0.0,11.706113306948687,11.706113306948687,0.0,0.0,6.136734905216743,3.7146409971131495,True,0,ok
21.6,0.4099999999999999,0.40864259006430725,0.13946689785893782,0.6908184560598268,2.766937395784184e-09,-0.0654610144446142,2.48470879584283,3.701382684544968,3.701382684544968,0.0,10.451477668675492,10.451477668675492,0.0,0.0,5.200217865445414,3.909753970100972,True,0,ok
21.6,0.4499999999999999,0.5779934805349509,0.2245434338348059,0.9739251880476782,2.318870534257455e-09,-0.057265740462240776,1.618588774822869,3.873270610174012,3.873270610174012,0.0,9.301926894961658,9.301926894961658,0.0,0.0,4.387208434837901,4.096104207513138,True,0,ok
21.6,0.48999999999999994,0.7605133784251592,0.3079278884162314,1.279615395266192,1.7965004874573248e-07,-0.053913375188503726,1.3287539302729294,4.038885842633164,4.038885842633164,0.0,8.248928458551596,8.248928458551596,0.0,0.0,3.6803508030186953,4.273374914454949,True,0,ok
21.6,0.5299999999999999,0.9554294922627253,0.38927001933826977,1.60749875613824,4.619268324315965e-09,-0.05434284787000128,1.1916600488151488,4.198646613517712,4.198646613517712,0.0,7.2818948536455075,7.2818948536455075,0.0,0.0,3.0637846034743417,4.441472255139233,True,0,ok
21.6,0.57,1.161454252042485,0.4679440667640917,1.9556623193680682,1.4450401995094843e-07,-0.05780295621243822,1.1157965028287873,4.352890401708592,4.352890401708592,0.0,6.3921898992244,6.3921898992244,0.0,0.0,2.5276112211898427,4.600384878012955,True,0,ok
21.6,0.61,1.3778588295882686,0.543766346160525,2.322877727719912,1.4793714335483948e-11,-0.06357739904298607,1.0691744685569786,4.501950810480737,4.501950810480737,0.0,5.571726483373813,5.571726483373813,0.0,0.0,2.061020769428544,4.7500749346444,True,0,ok
21.6,0.6499999999999999,1.6034492898229002,0.6164538364259959,2.707041498657707,3.0965434131154838e-09,-0.07113274352503458,nan,4.646202225719828,4.646202225719828,0.0,4.812684464810451,4.812684464810451,0.0,0.0,1.6558989275205211,4.890615644107292,True,0,ok
21.6,0.69,1.8367971783357193,0.6858392398987929,3.105590712755056,1.6024665851456904e-11,-0.080015529060097,nan,4.7858893572122305,4.7858893572122305,0.0,4.109453545041342,4.109453545041342,0.0,0.0,1.3057566889936754,5.022054222900542,True,0,ok
21.6,0.73,2.07744493319302,0.7513378907808324,3.5177796924251394,3.844752326807529e-10,-0.0897204591292343,nan,4.921400837811316,4.921400837811316,0.0,3.455171762306304,3.455171762306304,0.0,0.0,0.9996358971600127,5.1440754530630475,True,0,ok
21.6,0.7699999999999999,2.3212974101413124,0.8137976736871773,3.93610901683369,1.172420030934383e-08,-0.10022052129255152,nan,5.052989513279144,5.052989513279144,0.0,2.8450452309525613,2.8450452309525613,0.0,0.0,0.7430131905632473,5.257701260351245,True,0,ok
21.6,0.8099999999999999,2.567202676844326,0.8728319980839111,4.35860098505913,4.770847652910712e-09,-0.11113284011688701,nan,5.180939103488527,5.180939103488527,0.0,2.274314720780067,2.274314720780067,0.0,0.0,0.526686745059911,5.362614076578502,True,0,ok
21.6,0.85,2.812485447598765,0.9284834209172923,4.780501549644514,2.555683585390931e-09,-0.1222564918219053,nan,5.305389388912972,5.305389388912972,0.0,1.7400386266569314,1.7400386266569314,0.0,0.0,0.34760246784884746,5.458908986748002,True,0,ok
22.2,0.05,0.7240858674470099,-0.576152297981307,-0.8553623478933726,7.74569134776297e-09,-0.7136559490725641,0.21107849093318823,2.0403464986143294,2.0403464986143294,0.0,23.173633814529236,23.173633814529236,0.0,0.0,20.071418562492543,2.0877325721664324,True,0,ok
22.2,0.09,0.6015887305645492,-0.4953950434477803,-0.7435394265160379,1.0737653303132192e-09,-0.5361528460899658,0.20000167481340736,2.232236535332917,2.232236535332917,0.0,22.34585553056889,22.34585553056889,0.0,0.0,17.584708989797118,2.2996192336065957,True,0,ok
22.2,0.13,0.4843744743191683,-0.4106445461143666,-0.6134433109185538,1.4387708247177466e-09,-0.39864050866880085,0.19927571470413444,2.4490466481091984,2.4490466481091984,0.0,20.80100370160874,20.80100370160874,0.0,0.0,15.082012912224647,2.532854775557583,True,0,ok
22.2,0.16999999999999998,0.36996576314089336,-0.32464617802091217,-0.4663661680318325,4.396264498231299e-09,-0.2961949596144229,0.23644365930488112,2.6638370949878447,2.6638370949878447,0.0,19.18386414550059,19.18386414550059,0.0,0.0,12.971871740547753,2.7639745021553286,True,0,ok
22.2,0.20999999999999996,0.25337728611588145,-0.2350079953643198,-0.2989964094299968,1.4677861562805981e-09,-0.2190263377339842,0.34604840331524866,2.877514594953861,2.877514594953861,0.0,17.575801211823826,17.575801211823826,0.0,0.0,11.169346765549362,2.995225678018009,True,0,ok
22.2,0.24999999999999994,0.13796831603781629,-0.14065590944945516,-0.10425150585200138,1.819372470649594e-10,-0.16264472741367625,0.6304927394286288,3.0947566454357567,3.0947566454357567,0.0,15.852402031907976,15.852402031907976,0.0,0.0,9.513772749624044,3.2327073049368282,True,0,ok
22.2,0.29,0.10104342046571886,-0.0439985435373111,0.11677683208214563,9.970196283847117e-09,-0.12270541191687456,1.6055585541212605,3.306182711939634,3.306182711939634,0.0,14.223357120645465,14.223357120645465,0.0,0.0,8.087456656583194,3.465362983653249,True,0,ok
22.2,0.32999999999999996,0.21977355313709424,0.05373359951109154,0.36453876478725183,1.3707658738946873e-09,-0.0955271334568136,173.74905976153957,3.5100147325482602,3.5100147325482602,0.0,12.72314897528107,12.72314897528107,0.0,0.0,6.8661058198502625,3.6903038969298803,True,0,ok
22.2,0.36999999999999994,0.38213193087364233,0.1516683429265975,0.6394922730845755,2.7573749093707494e-09,-0.07823544080963085,2.6914025544907827,3.7058773255220046,3.7058773255220046,0.0,11.354743070248531,11.354743070248531,0.0,0.0,5.818335365717337,3.906206736824898,True,0,ok
22.2,0.4099999999999999,0.5636129642746784,0.24884186043021525,0.9414567671429654,2.2289386268511e-09,-0.06867025989331392,1.6611731289314102,3.893872465755587,3.893872465755587,0.0,10.111005090528613,10.111005090528613,0.0,0.0,4.917209301515555,4.112362362002863,True,0,ok
22.2,0.4499999999999999,0.7607873003811553,0.34458707252422777,1.2701996215423377,2.485689801523634e-10,-0.06515074939418107,1.341750699624796,4.074431969920777,4.074431969920777,0.0,8.979510918489245,8.979510918489245,0.0,0.0,4.139025813348731,4.3085184507829775,True,0,ok
22.2,0.48999999999999994,0.9724480408701961,0.43826253706031804,1.6249574069949824,2.118282957239306e-09,-0.06636980215763931,1.1951624766936968,4.247991041438319,4.247991041438319,0.0,7.948533764600127,7.948533764600127,0.0,0.0,3.465233850429327,4.494538529356924,True,0,ok
22.2,0.5299999999999999,1.1979479870010163,0.5294353328338964,2.004958010643321,6.541488806752044e-11,-0.07127231288234988,1.1147493180963746,4.415064788972312,4.415064788972312,0.0,7.0061618846450555,7.0061618846450555,0.0,0.0,2.8798810173218024,4.670432978092704,True,0,ok
22.2,0.57,1.4359934162656915,0.6175094393766439,2.408040880029452,3.301444385606247e-09,-0.07907266950697919,1.062180038972228,4.576078752468666,4.576078752468666,0.0,6.142489080411576,6.142489080411576,0.0,0.0,2.3722767542199903,4.836281746477655,True,0,ok
22.2,0.61,1.6855746070680815,0.7022040068328915,2.8323948071255463,3.312884566466033e-09,-0.08907557091719125,nan,4.731474980661836,4.731474980661836,0.0,5.348342103626892,5.348342103626892,0.0,0.0,1.9318192986627984,4.992165157271499,True,0,ok
22.2,0.6499999999999999,1.9452862226799987,0.7832783928516673,3.2754763756054786,5.22870198645382e-10,-0.10072207597125465,nan,4.881598334987088,4.881598334987088,0.0,4.6164872916336614,4.6164872916336614,0.0,0.0,1.5505501111382924,5.138191884226409,True,0,ok
22.2,0.69,2.214542832882827,0.8602339929444366,3.736272141100495,1.969710832055311e-10,-0.1134365066338096,nan,5.026928616295049,5.026928616295049,0.0,3.938778658974157,3.938778658974157,0.0,0.0,1.2173660632732146,5.2742183671988725,True,0,ok
22.2,0.73,2.489511833947818,0.9336053604350312,4.2077590061108445,3.761821641145688e-11,-0.12709323962640817,nan,5.167777006695513,5.167777006695513,0.0,3.309572185550873,3.309572185550873,0.0,0.0,0.9350408016899242,5.401130698197966,True,0,ok
22.2,0.7699999999999999,2.7689549472347026,1.003104861921031,4.687767185654676,2.339956198280008e-10,-0.14125844589345324,nan,5.304460401817797,5.304460401817797,0.0,2.723608055347083,2.723608055347083,0.0,0.0,0.694567433216672,5.518742019178115,True,0,ok
22.2,0.8099999999999999,3.050182253824476,1.0687351520832602,5.171498995486546,2.2689914300408586e-09,-0.15568769707493282,nan,5.437299051106365,5.437299051106365,0.0,2.176017422804569,2.176017422804569,0.0,0.0,0.4922168400354909,5.627235790574247,True,0,ok
22.2,0.85,3.3300968723421,1.1305750577128215,5.653448133844192,4.324411914116363e-09,-0.17017571612656454,nan,5.566396811986306,5.566396811986306,0.0,1.6643212362300066,1.6643212362300066,0.0,0.0,0.3250820053377685,5.726740640914754,True,0,ok
22.8,0.05,0.7089216112306698,-0.5624767172243322,-0.8411570902981746,1.3682006998900494e-10,-0.6955460046835967,0.2530620153711437,2.089165427290425,2.089165427290425,0.0,23.665493490288355,23.665493490288355,0.0,0.0,20.21029913021179,2.1363304444000426,True,0,ok
22.8,0.09,0.5760651965223517,-0.47106308083667586,-0.7154049792600874,5.789050816491932e-11,-0.5117114630878813,0.24663876984820673,2.306113845533349,2.306113845533349,0.0,22.63990634960962,22.63990634960962,0.0,0.0,17.4668608419642,2.371577420976499,True,0,ok
22.8,0.13,0.44711634845074333,-0.3740951659985874,-0.5660271605641759,2.734069974662443e-10,-0.37336998732614485,0.2616619463711719,2.55235628874831,2.55235628874831,0.0,20.761476927872657,20.761476927872657,0.0,0.0,14.718023735014757,2.634636185500523,True,0,ok
22.8,0.16999999999999998,0.32338073405063955,-0.27850329420480363,-0.4018263575313057,7.578299388000509e-10,-0.27330713670811313,0.34542888570624547,2.7779505021112434,2.7779505021112434,0.0,19.2366847810228,19.2366847810228,0.0,0.0,12.71289773153571,2.875865535707906,True,0,ok
22.8,0.20999999999999996,0.19303282789392767,-0.1738539874322421,-0.20401719420044637,1.5209890910094253e-09,-0.19984192117438043,0.5707108825172992,3.020186500991888,3.020186500991888,0.0,17.319452107692815,17.319452107692815,0.0,0.0,10.747525790058948,3.138685640521844,True,0,ok
22.8,0.24999999999999994,0.09477893369093934,-0.06585481848506253,0.023273465858495386,4.102246045498074e-10,-0.14856186416441922,1.2999767887683247,3.255385709462368,3.255385709462368,0.0,15.50721398775947,15.50721398775947,0.0,0.0,9.087290270577364,3.3966129650771575,True,0,ok
22.8,0.29,0.17715604501872,0.044273966574145444,0.281355917300035,1.0867570139815718e-09,-0.11415540523370575,10.364359015777364,3.481595884514644,3.481595884514644,0.0,13.843016931231766,13.843016931231766,0.0,0.0,7.686557498271208,3.646442404267586,True,0,ok
22.8,0.32999999999999996,0.3458538302694804,0.15539666981876465,0.5710654152723497,1.5900595986265994e-09,-0.0926325117076524,3.1007769055948615,3.6982602586835007,3.6982602586835007,0.0,12.333973404568503,12.333973404568503,0.0,0.0,6.5004485527237765,3.8864116255645342,True,0,ok
22.8,0.36999999999999994,0.5399159838871639,0.2664926082596704,0.8927199095774732,1.1054701741718873e-09,-0.08099791205629232,1.7317931556799484,3.9054044804569683,3.9054044804569683,0.0,10.973590802589767,10.973590802589767,0.0,0.0,5.4915639760637855,4.115498002695139,True,0,ok
22.8,0.4099999999999999,0.7527469012753065,0.37644792190114956,1.2458867596052028,1.07202991119973e-09,-0.07705086940120817,1.3621820904590751,4.103492474804065,4.103492474804065,0.0,9.747624521335942,9.747624521335942,0.0,0.0,4.629406997633658,4.3333028538387826,True,0,ok
22.8,0.4499999999999999,0.9829027218070591,0.48453845476420804,1.630110732919355,1.028643435920325e-10,-0.07908707785101088,1.2004895693622863,4.293184816381777,4.293184816381777,0.0,8.639765093943156,8.639765093943156,0.0,0.0,3.888637584332783,4.539786509841116,True,0,ok
22.8,0.48999999999999994,1.22967211850036,0.5901818925575106,2.044654122472707,9.242561142974561e-10,-0.08576368814417387,1.1128717833972324,4.4751019121346225,4.4751019121346225,0.0,7.635585005532651,7.635585005532651,0.0,0.0,3.249211963339945,4.734974729359996,True,0,ok
22.8,0.5299999999999999,1.4918653803778215,0.6926402637712707,2.48756982531876,7.063071877775929e-09,-0.09608729716275001,nan,4.649935291059586,4.649935291059586,0.0,6.72093120482859,6.72093120482859,0.0,0.0,2.696557258409954,4.919126809637353,True,0,ok
22.8,0.57,1.7683201717413193,0.7914760217104877,2.956774284645458,2.7299405613669512e-08,-0.10917978786581602,nan,4.818083647028394,4.818083647028394,0.0,5.886486382399528,5.886486382399528,0.0,0.0,2.218506589879953,5.092252166805465,True,0,ok
22.8,0.61,2.0577964399272215,0.8863961079734172,3.44998772003753,4.009906147071017e-10,-0.12435930158722443,nan,4.980172441818255,4.980172441818255,0.0,5.121222319149602,5.121222319149602,0.0,0.0,1.8046143396217322,5.254656947727074,True,0,ok
22.8,0.6499999999999999,2.359482777968594,0.9769131326625619,3.965759985359173,2.0589499451639897e-09,-0.140944699604528,nan,5.136673694188984,5.136673694188984,0.0,4.416793681989452,4.416793681989452,0.0,0.0,1.4436077368192235,5.406264555203758,True,0,ok
22.8,0.69,2.669748925829563,1.0632820006487276,4.4974354826910155,1.2028787796332572e-10,-0.1586929331526407,nan,5.288028528685022,5.288028528685022,0.0,3.7658865839667635,3.7658865839667635,0.0,0.0,1.135622057459334,5.547931610769493,True,0,ok
22.8,0.73,2.987218485948236,1.1452762379943517,5.042558946626682,7.080884635646641e-10,-0.17710013227924706,nan,5.43459179512099,5.43459179512099,0.0,3.1626618224559544,3.1626618224559544,0.0,0.0,0.8716333964094845,5.679566989758356,True,0,ok
22.8,0.7699999999999999,3.309164317132698,1.2228523087220045,5.596246809021942,3.9724802264999197e-10,-0.1958553469220002,nan,5.576751768878785,5.576751768878785,0.0,2.601444442981309,2.601444442981309,0.0,0.0,0.6472125788685495,5.801426748242492,True,0,ok
22.8,0.8099999999999999,3.6326002524726446,1.2960848945259,6.153163540877634,8.11303883524505e-09,-0.21470018208880756,nan,5.7147983013070895,5.7147983013070895,0.0,2.0779217697832175,2.0779217697832175,0.0,0.0,0.45865485336216816,5.913738859501406,True,0,ok
22.8,0.85,3.706453136825153,1.7351046210891419,6.170927957985435,6.036226168584686e-10,-0.3499209305998529,nan,5.849007945300415,5.849007945300415,0.0,1.5881996638595137,1.5881996638595137,0.0,0.0,1.776817098359398,6.242350346288692,True,0,ok
23.4,0.05,0.6916166435866864,-0.5466167555755345,-0.8246225316507164,4.621569550397904e-10,-0.6754321193698005,0.29580259280484716,2.1428382246454927,2.1428382246454927,0.0,24.13220016752685,24.13220016752685,0.0,0.0,20.280951146987686,2.1888627393003404,True,0,ok
23.4,0.09,0.5467327260933624,-0.44263625034985354,-0.6820455750657354,1.5138834037254002e-08,-0.4854245613418332,0.2974138820220426,2.3895582410007257,2.3895582410007257,0.0,22.853420729466674,22.853420729466674,0.0,0.0,17.25086244646392,2.4518959117937635,True,0,ok
23.4,0.13,0.404426100856084,-0.3316922286740571,-0.5098543390951813,3.812966301016381e-10,-0.3474337800272438,0.34282301950393645,2.66615848404454,2.66615848404454,0.0,20.677772819566368,20.677772819566368,0.0,0.0,14.309352090715254,2.745994929167155,True,0,ok
23.4,0.16999999999999998,0.26682619617229664,-0.2216101061440959,-0.3192487342083232,1.1470911347355094e-09,-0.2501157001319923,0.5065716286840821,2.916099772015357,2.916099772015357,0.0,18.996386639393865,18.996386639393865,0.0,0.0,12.243610711149532,3.0125388929290544,True,0,ok
23.4,0.20999999999999996,0.13066102325276208,-0.10158290950885716,-0.08803630363773338,2.8551677971949022e-09,-0.1820643587578213,1.016556683158761,3.179586795268065,3.179586795268065,0.0,16.968669422444254,16.968669422444254,0.0,0.0,10.26928032724614,3.2991451658825617,True,0,ok
23.4,0.24999999999999994,0.1306982886254297,0.02218942023527363,0.1788261130694871,1.9728114043435535e-09,-0.13702181893016105,4.291482239194013,3.43285398344343,3.43285398344343,0.0,15.100024247111213,15.100024247111213,0.0,0.0,8.631148352422024,3.5779367956733705,True,0,ok
23.4,0.29,0.2982496765081023,0.14818071818030662,0.48267585449225314,7.700212494600263e-10,-0.1092021193077536,4.018170770001381,3.6746355449274097,3.6746355449274097,0.0,13.414356787620651,13.414356787620651,0.0,0.0,7.266639053216363,3.846057402729205,True,0,ok
23.4,0.32999999999999996,0.5045737911294249,0.2750431082787202,0.8241522669862548,2.9180557793213137e-12,-0.09438464649485606,1.8486815618913155,3.904767686924274,3.904767686924274,0.0,11.908321257284923,11.908321257284923,0.0,0.0,6.123279704172185,4.101923293299115,True,0,ok
23.4,0.36999999999999994,0.7340893758717971,0.40142111058762064,1.2031252804559216,1.7020670733297028e-10,-0.08951137808120013,1.3936550503986733,4.123785679113721,4.123785679113721,0.0,10.56499993721412,10.56499993721412,0.0,0.0,5.1586460435627535,4.344944962257271,True,0,ok
23.4,0.4099999999999999,0.9843961854582307,0.5262691851589317,1.6191435301537656,1.747059244226684e-09,-0.09231751376364929,1.208863352615488,4.332508544647915,4.332508544647915,0.0,9.363960303334844,9.363960303334844,0.0,0.0,4.338900000753372,4.57504626264561,True,0,ok
23.4,0.4499999999999999,1.2547414311336245,0.6488527876268136,2.071690695600936,3.3512512406561243e-09,-0.1010737293226579,1.1098600710594142,4.531855790794675,4.531855790794675,0.0,8.28516847810799,8.28516847810799,0.0,0.0,3.6371596392044316,4.7924149108314085,True,0,ok
23.4,0.48999999999999994,1.5439004224293613,0.7682195050073204,2.5588311877602656,1.0827261254385741e-09,-0.11448706391718118,nan,4.722703474188301,4.722703474188301,0.0,7.311041256629793,7.311041256629793,0.0,0.0,3.0344541178526923,4.9974126995872625,True,0,ok
23.4,0.5299999999999999,1.850761305347247,0.883800581787198,3.07856584966939,3.481102320765146e-06,-0.13145747979454614,nan,4.905673596721124,4.905673596721124,0.0,6.428619367433378,6.428619367433378,0.0,0.0,2.5151778666853852,5.190175665992379,True,0,ok
23.4,0.57,2.1740353324506265,0.9951619606580829,3.6285121526314343,5.818408265279432e-10,-0.15113275785305744,nan,5.0815158023440405,5.0815158023440405,0.0,5.6248798642698645,5.6248798642698645,0.0,0.0,2.066707293833277,5.371088108256514,True,0,ok
23.4,0.61,2.512790199829328,1.10180858048878,4.206963286435208,4.4415426411653494e-08,-0.17268909526230847,nan,5.250816543754219,5.250816543754219,0.0,4.8897606979730694,4.8897606979730694,0.0,0.0,1.6766747544478444,5.540200505623201,True,0,ok
23.4,0.6499999999999999,2.863528646673288,1.2037334295144178,4.807504659501445,1.9934132532042746e-08,-0.1957388834570442,nan,5.414176175798101,5.414176175798101,0.0,4.213994016659239,4.213994016659239,0.0,0.0,1.342663344444879,5.698406862705513,True,0,ok
23.4,0.69,3.224686404142952,1.3007220521533762,5.427307743064868,4.5034683993602413e-10,-0.2196816339688929,nan,5.571993276693695,5.571993276693695,0.0,3.591065459192346,3.591065459192346,0.0,0.0,1.0553718975962258,5.845688710351726,True,0,ok
23.4,0.73,3.5934040310829416,1.3926653808657299,6.061233323058964,1.862238837774722e-09,-0.24411335929665082,nan,5.7247054274256906,5.7247054274256906,0.0,3.0146436010304174,3.0146436010304174,0.0,0.0,0.8096500269762428,5.982368791599618,True,0,ok
23.4,0.7699999999999999,3.9667681363401344,1.4796280594874955,6.704047015142528,6.12635304428707e-10,-0.26870572525716835,nan,5.8727851718873545,5.8727851718873545,0.0,2.4786561024540106,2.4786561024540106,0.0,0.0,0.6009201525795749,6.108793854010818,True,0,ok
23.4,0.8099999999999999,4.345513769744633,1.556770892226994,7.358118422236727,9.064441156720723e-10,-0.29159465457360834,nan,6.0164793149183025,6.0164793149183025,0.0,1.979420716929388,1.979420716929388,0.0,0.0,0.41288631757830835,6.221180920971707,True,0,ok
23.4,0.85,4.470615943731008,2.0790245222462116,7.443894285805225,5.469009228514612e-10,-0.47467425323151435,nan,6.15620191956669,6.15620191956669,0.0,1.5121809855576331,1.5121809855576331,0.0,0.0,1.7331012293452939,6.5817580432913205,True,0,ok
24.0,0.05,0.6717111116108672,-0.5281150431239244,-0.805197663571386,1.2502584323798845e-09,-0.6529461510644787,0.3396020440873057,2.20224747476957,2.20224747476957,0.0,24.57262053448003,24.57262053448003,0.0,0.0,20.276254586634316,2.2459189558985657,True,0,ok
24.0,0.09,0.5125381039970276,-0.4089462338353774,-0.6417058139361543,6.78076339404758e-09,-0.457233584001659,0.35472753728194234,2.4857157812622246,2.4857157812622246,0.0,22.940354148031265,22.940354148031265,0.0,0.0,16.905299575154046,2.5437591792226653,True,0,ok
24.0,0.13,0.3577334121143806,-0.28462663160588053,-0.4468875153763521,1.7549803614582183e-09,-0.32124571843128563,0.45461932770987074,2.7820567553889295,2.7820567553889295,0.0,20.76156875248889,20.76156875248889,0.0,0.0,14.009845893578206,2.856532568415113,True,0,ok
24.0,0.16999999999999998,0.20277297496784644,-0.15423139958729343,-0.21835715484724372,2.873557834175068e-08,-0.2277794249713834,0.7861727584565185,3.070867713047542,3.070867713047542,0.0,18.664123566197233,18.664123566197233,0.0,0.0,11.715490820250379,3.1655849795600504,True,0,ok
24.0,0.20999999999999996,0.10157676289179302,-0.015819264273683378,0.05454599481679712,4.641078373971773e-09,-0.16651727119434764,2.312626262037974,3.3570719887955587,3.3570719887955587,0.0,16.54253917986727,16.54253917986727,0.0,0.0,9.75173485753801,3.478023095403677,True,0,ok
24.0,0.24999999999999994,0.2382149130944541,0.12667620090547344,0.37085911366685376,1.7834617875042297e-10,-0.12905693470785193,7.162837600891006,3.6296048452406895,3.6296048452406895,0.0,14.631869149573438,14.631869149573438,0.0,0.0,8.148966943464009,3.779360353531387,True,0,ok
24.0,0.29,0.45499447750417005,0.2714555183636744,0.7317487197115403,2.8973566194648256e-09,-0.10915876707030243,2.053301056974659,3.8877168923540726,3.8877168923540726,0.0,12.940899455514236,12.940899455514236,0.0,0.0,6.8315577892903425,4.066852430758246,True,0,ok
24.0,0.32999999999999996,0.7018560305101215,0.4167236569160815,1.1373882786753708,5.343154792862276e-09,-0.10244491197047689,1.4429756432622716,4.132012209662781,4.132012209662781,0.0,11.450045893283102,11.450045893283102,0.0,0.0,5.738508384973468,4.339550841960275,True,0,ok
24.0,0.36999999999999994,0.9740606045022865,0.5610960312004744,1.5875646777885446,1.224939854352287e-09,-0.1057914048460934,1.2222348555556388,4.363594032526657,4.363594032526657,0.0,10.132427428647528,10.132427428647528,0.0,0.0,4.822309614192245,4.597361148282128,True,0,ok
24.0,0.4099999999999999,1.2705420690960723,0.7035734780379748,2.081862870867779,5.50645380379929e-07,-0.11688796316345897,1.1041396444181955,4.583634508250795,4.583634508250795,0.0,8.962436684768978,8.962436684768978,0.0,0.0,4.046967025489498,4.840517236533753,True,0,ok
24.0,0.4499999999999999,1.5900200274599157,0.8429186993405252,2.6183989000984154,8.003393718505642e-10,-0.13403853713159247,nan,4.793351985633315,4.793351985633315,0.0,7.916533178112352,7.916533178112352,0.0,0.0,3.3868311959717925,5.069602988234277,True,0,ok
24.0,0.48999999999999994,1.931359541182478,0.9783670496458166,3.1951463266572135,1.5250409695067097e-09,-0.15584254671312076,nan,4.993607101317433,4.993607101317433,0.0,6.977620295559859,6.977620295559859,0.0,0.0,2.8217968602930688,5.284877093277836,True,0,ok
24.0,0.5299999999999999,2.293293138629692,1.1093470370156215,3.809736614368147,8.238151879901801e-10,-0.18120800110774382,nan,5.185385848057126,5.185385848057126,0.0,6.129187736208933,6.129187736208933,0.0,0.0,2.335974907354292,5.486894023964829,True,0,ok
24.0,0.57,2.674756983861834,1.2352744626282184,4.460194029933133,1.954138284026455e-10,-0.20914345669987913,nan,5.369466722997145,5.369466722997145,0.0,5.358536340566195,5.358536340566195,0.0,0.0,1.9151619855724988,5.6758669760569225,True,0,ok
24.0,0.61,3.0722317367212675,1.3558811254891894,5.140064159209449,1.8915426281193486e-08,-0.23906138354983286,nan,5.546552600823257,5.546552600823257,0.0,4.654943765572321,4.654943765572321,0.0,0.0,1.5545711007349965,5.852729005099483,True,0,ok
24.0,0.6499999999999999,3.4840849131842218,1.4709509136652172,5.846350660442041,1.3196315019753009e-09,-0.27024139499732325,nan,5.717230243289718,5.717230243289718,0.0,4.009785829273832,4.009785829273832,0.0,0.0,1.2439215847957426,6.017615535154895,True,0,ok
24.0,0.69,3.907416677557831,1.5803048273405789,6.5738156729831925,1.4602000807276231e-09,-0.302157949582392,nan,5.8821087886895445,5.8821087886895445,0.0,3.4150604602248555,3.4150604602248555,0.0,0.0,0.9770256632850098,6.170966920196902,True,0,ok
24.0,0.73,4.342678745628542,1.6804707855156604,7.324043463563835,3.50739389807673e-10,-0.3331386288887976,nan,6.041522275845578,6.041522275845578,0.0,2.8657387149705063,2.8657387149705063,0.0,0.0,0.7382682030564918,6.310324241660912,True,0,ok
24.0,0.7699999999999999,4.778611428422395,1.7779796715335452,8.075323768616153,3.273263385074641e-09,-0.36512445985422187,nan,6.196035491885529,6.196035491885529,0.0,2.3553841963694406,2.3553841963694406,0.0,0.0,0.5455486680014981,6.441513868818332,True,0,ok
24.0,0.8099999999999999,5.214920280898267,1.8697849509995508,8.827951109140397,6.721690878256312e-10,-0.3966913914047155,nan,6.345893354401506,6.345893354401506,0.0,1.8805524728225032,1.8805524728225032,0.0,0.0,0.3838430930435233,6.56209465624204,True,0,ok
24.0,0.85,5.647041123248466,1.95598924232513,9.573844452739046,4.925314407511269e-10,-0.42758487069129864,nan,6.49153362008325,6.49153362008325,0.0,1.4366345997653904,1.4366345997653904,0.0,0.0,0.2502247407604926,6.6723836500702465,True,0,ok
24.6,0.05,0.6487728012977181,-0.5063863098239995,-0.7821533905932544,4.6616004989447544e-11,-0.6281141790449993,0.3846869949335091,2.2692613932110706,2.2692613932110706,0.0,24.96069102020276,24.96069102020276,0.0,0.0,20.174820837518027,2.308997007699062,True,0,ok
24.6,0.09,0.47227608358130946,-0.3686262277476251,-0.5922085486757551,3.3148349238997616e-10,-0.42724446919838743,0.4245267770499766,2.597246173304803,2.597246173304803,0.0,22.88036281206538,22.88036281206538,0.0,0.0,16.42222895223532,2.649904894790787,True,0,ok
24.6,0.13,0.30268675270221856,-0.2279923884696655,-0.36915303005720407,6.380212861124339e-10,-0.29428442361722823,0.6171503515344566,2.9165704066446168,2.9165704066446168,0.0,20.69828408197958,20.69828408197958,0.0,0.0,13.590871811486242,2.984406806931213,True,0,ok
24.6,0.16999999999999998,0.13803136888261291,-0.07391833593327293,-0.09386316255206376,2.133384800906056e-10,-0.20708395088805057,1.3930124880681285,3.2443766569592514,3.2443766569592514,0.0,18.246096142100075,18.246096142100075,0.0,0.0,11.138796846578881,3.337191243182306,True,0,ok
24.6,0.20999999999999996,0.16843773006418078,0.08668810660788961,0.23192118215473867,9.528758460418436e-10,-0.15430989653359622,41.47637764923268,3.5553256788299388,3.5553256788299388,0.0,16.041553714165875,16.041553714165875,0.0,0.0,9.200051093670636,3.678241853428327,True,0,ok
24.6,0.24999999999999994,0.38811854408324514,0.2515418644584792,0.6105136153566381,1.2650022869809632e-09,-0.12612624101594716,2.4611885096264063,3.8482073458805557,3.8482073458805557,0.0,14.108558049878237,14.108558049878237,0.0,0.0,7.647388411762135,4.003683090988128,True,0,ok
24.6,0.29,0.6523242340368469,0.4185900878786621,1.0430373270127078,5.76219238921296e-10,-0.11591458805170625,1.5235208464146637,4.123579828433357,4.123579828433357,0.0,12.427373353884715,12.427373353884715,0.0,0.0,6.386696816159129,4.311824522113629,True,0,ok
24.6,0.32999999999999996,0.9479376082771122,0.5856949291200017,1.5292209917274286,1.0716234322860574e-09,-0.11917103684071702,1.244109591597711,4.382864068918723,4.382864068918723,0.0,10.963141313785785,10.963141313785785,0.0,0.0,5.349708724931228,4.602417845659195,True,0,ok
24.6,0.36999999999999994,1.273241521830504,0.7515702744421223,2.0690470464964554,4.382907571193387e-11,-0.13273417306428814,nan,4.627795113687267,4.627795113687267,0.0,9.679576498880357,9.679576498880357,0.0,0.0,4.4848350410118085,4.875935111948123,True,0,ok
24.6,0.4099999999999999,1.6267653263162136,0.9145901925355274,2.6606036011793757,6.7196931429630535e-09,-0.15430339537176413,nan,4.85996710910849,4.85996710910849,0.0,8.546097828607168,8.546097828607168,0.0,0.0,3.7571621028003652,5.133153605016796,True,0,ok
24.6,0.4499999999999999,2.007417037006784,1.0737530521263778,3.301980113033355,1.0187063118418637e-07,-0.18207470328634448,nan,5.08067038944042,5.08067038944042,0.0,7.538788857021504,7.538788857021504,0.0,0.0,3.1397230021603044,5.37459039947104,True,0,ok
24.6,0.48999999999999994,2.413808391051036,1.2282353615975836,3.9905869648809182,2.0726500821636644e-09,-0.2146308886645324,nan,5.291125812062147,5.291125812062147,0.0,6.637379021845617,6.637379021845617,0.0,0.0,2.6125137269829306,5.600947094216421,True,0,ok
24.6,0.5299999999999999,2.8448252399286496,1.3773536349485167,4.724311067076413,6.15810592117777e-10,-0.25074657126016203,nan,5.492412480650909,5.492412480650909,0.0,5.825222172649375,5.825222172649375,0.0,0.0,2.158424734005146,5.81268085202809,True,0,ok
24.6,0.57,3.296759285430533,1.5205147404887904,5.49636663521028,9.851727502261492e-10,-0.2895757129333465,nan,5.685364883797259,5.685364883797259,0.0,5.0896945472837,5.0896945472837,0.0,0.0,1.7700860698841838,6.010806684359192,True,0,ok
24.6,0.61,3.768058416978686,1.6575139161447827,6.303838292093654,6.986025021692386e-10,-0.3302470381576768,nan,5.870885127696011,5.870885127696011,0.0,4.418929762656707,4.418929762656707,0.0,0.0,1.4355550956880552,6.195706852598458,True,0,ok
24.6,0.6499999999999999,4.255413652989513,1.7880111042702174,7.140744442348107,1.0851924303469989e-09,-0.37204996200736146,nan,6.049589385072913,6.049589385072913,0.0,3.804625030340517,3.804625030340517,0.0,0.0,1.147876834172425,6.367850893022421,True,0,ok
24.6,0.69,4.758782079321531,1.909192753047032,8.007632134718701,4.2500877060494754e-10,-0.4133173866998071,nan,6.222094626358422,6.222094626358422,0.0,3.239249377191335,3.239249377191335,0.0,0.0,0.8923500264705114,6.52560916189802,True,0,ok
24.6,0.73,5.267451648598108,2.0262424624415267,8.8839685688912,9.566850653304574e-10,-0.45561448759770456,nan,6.3888925569269865,6.3888925569269865,0.0,2.716907703786733,2.716907703786733,0.0,0.0,0.6824440971239784,6.673654199495091,True,0,ok
24.6,0.7699999999999999,5.78054601508441,2.1367108826929524,9.768882675939679,7.778885711696579e-10,-0.4975284565046385,nan,6.550434215224874,6.550434215224874,0.0,2.2324828023904946,2.2324828023904946,0.0,0.0,0.5044810964392974,6.810236234949427,True,0,ok
24.6,0.8099999999999999,6.293174501086099,2.2407099616755684,10.653691266724609,1.372466395440832e-09,-0.5387180749933308,nan,6.707056187079467,6.707056187079467,0.0,1.782078524732816,1.782078524732816,0.0,0.0,0.35529086672849763,6.935736839144782,True,0,ok
24.6,0.85,6.799778791952629,2.338368222211137,11.528568163205872,4.664654216436235e-10,-0.5788998377399812,nan,6.859215413436851,6.859215413436851,0.0,1.3613052462289237,1.3613052462289237,0.0,0.0,0.2322342527331881,7.050519559978,True,0,ok
25.2,0.05,0.6219710839274446,-0.48064934157226935,-0.7544449499464371,4.565997209073399e-09,-0.6002775322066479,0.43214929565029175,2.345314401877157,2.345314401877157,0.0,25.29739790643093,25.29739790643093,0.0,0.0,19.96978915101316,2.379122943337116,True,0,ok
25.2,0.09,0.42497659811860444,-0.3204756732135879,-0.5313782993088723,5.143838590671041e-09,-0.39591384510685373,0.5183759331096,2.7246656157939815,2.7246656157939815,0.0,22.70434693938499,22.70434693938499,0.0,0.0,15.837246013104915,2.770596328802771,True,0,ok
25.2,0.13,0.23600500420582302,-0.15636176066409443,-0.26688640055565954,8.537865930896185e-10,-0.2672409681000279,0.9069141680104122,3.0817825573484576,3.0817825573484576,0.0,20.30188760451848,20.30188760451848,0.0,0.0,12.940320876318811,3.144070934654944,True,0,ok
25.2,0.16999999999999998,0.11580796198259061,0.02323493395841716,0.06285071436981463,9.07399981244694e-10,-0.18906183571211677,3.6761567542175606,3.4407465238018236,3.4407465238018236,0.0,17.72518730290949,17.72518730290949,0.0,0.0,10.507955092916122,3.531899022917448,True,0,ok
25.2,0.20999999999999996,0.3020812342178163,0.21048788876378427,0.455914254133407,6.973013176829462e-10,-0.14695665266132532,3.540201471367392,3.777777581350924,3.777777581350924,0.0,15.467332298178441,15.467332298178441,0.0,0.0,8.61915375936205,3.903543557957565,True,0,ok
25.2,0.24999999999999994,0.5814048992749257,0.4022767032869754,0.9139453958628869,3.019770103120976e-09,-0.13027754248623638,1.6649883100032024,4.0921341590562115,4.0921341590562115,0.0,13.534061660041967,13.534061660041967,0.0,0.0,7.130766546562899,4.254689056701505,True,0,ok
25.2,0.29,0.9016525315057227,0.595901653012374,1.4374868753746344,2.5024216172100256e-09,-0.13215356890687674,1.2802707922407952,4.385835192159207,4.385835192159207,0.0,11.877857415476345,11.877857415476345,0.0,0.0,5.93545561721777,4.584914110869404,True,0,ok
25.2,0.32999999999999996,1.2585931759380253,0.789381050896625,2.0266076835159534,5.970055189128881e-10,-0.148017570418974,nan,4.661207638031568,4.661207638031568,0.0,10.449783170481023,10.449783170481023,0.0,0.0,4.958094996809782,4.894715015342188,True,0,ok
25.2,0.36999999999999994,1.6503662000880057,0.9805635400837157,2.6793863509923836,8.846041405577158e-10,-0.17467028697800907,nan,4.920480771818524,4.920480771818524,0.0,9.207575261394119,9.207575261394119,0.0,0.0,4.148810274841612,5.1852227925117775,True,0,ok
25.2,0.4099999999999999,2.0759366799719117,1.1681333104585185,3.394114957670818,4.70217889361341e-10,-0.20973202156765625,nan,5.165590217807859,5.165590217807859,0.0,8.11727517691236,8.11727517691236,0.0,0.0,3.470209878096509,5.457362337199885,True,0,ok
25.2,0.4499999999999999,2.5339405396435493,1.3509867243898903,4.168239031614176,4.502338068887394e-09,-0.2513607391728392,nan,5.398255331771953,5.398255331771953,0.0,7.151606252956265,7.151606252956265,0.0,0.0,2.895838208508446,5.712185208833517,True,0,ok
25.2,0.48999999999999994,3.0229313575245715,1.5281631184877438,4.999026715222252,5.540800307912714e-10,-0.2979787923730122,nan,5.619769877955801,5.619769877955801,0.0,6.2905673057180715,6.2905673057180715,0.0,0.0,2.405135151050734,5.950280335682486,True,0,ok
25.2,0.5299999999999999,3.5392955977636222,1.6988435920369689,5.879826819980777,5.902787227918055e-10,-0.3484350755543127,nan,5.83133643899334,5.83133643899334,0.0,5.517243134609713,5.517243134609713,0.0,0.0,1.9869917870035798,6.17296507682654,True,0,ok
25.2,0.57,4.08104232233779,1.8625505416179933,6.80693272912338,1.0630909637440743e-09,-0.4016112688211578,nan,6.034162975591914,6.034162975591914,0.0,4.816665605549477,4.816665605549477,0.0,0.0,1.6277177954301085,6.380852731733042,True,0,ok
25.2,0.61,4.644708632355647,2.018934112028636,7.774021188225717,5.23723686694018e-10,-0.4565681271638907,nan,6.228904080165282,6.228904080165282,0.0,4.179823425681224,4.179823425681224,0.0,0.0,1.3190946949608706,6.574462013315643,True,0,ok
25.2,0.6499999999999999,5.229492072186683,2.165597580042571,8.780162476352432,1.2990345261550232e-10,-0.5115623220650557,nan,6.416402815990581,6.416402815990581,0.0,3.5971677399642927,3.5971677399642927,0.0,0.0,1.0470143075436575,6.752813230840959,True,0,ok
25.2,0.69,5.825134027873248,2.306611615958805,9.805801986094465,3.034771067565681e-10,-0.5677583911226531,nan,6.597216998104304,6.597216998104304,0.0,3.062103432172187,3.062103432172187,0.0,0.0,0.8207870150159405,6.919831332165904,True,0,ok
25.2,0.73,6.43036845402417,2.4400220584134007,10.849248398077842,2.023183228716442e-10,-0.6237122050986466,nan,6.772126886535835,6.772126886535835,0.0,2.5671907880298175,2.5671907880298175,0.0,0.0,0.6275508226913685,7.074377331674341,True,0,ok
25.2,0.7699999999999999,7.039626716948477,2.5658811681459337,11.900602416144084,5.262749018393284e-11,-0.6789321805187788,nan,6.941398604217982,6.941398604217982,0.0,2.1089684362527854,2.1089684362527854,0.0,0.0,0.463967794989648,7.216847022964758,True,0,ok
25.2,0.8099999999999999,7.646920532120458,2.684330801887757,12.949255410600435,9.49510348442071e-09,-0.7330302386452237,nan,7.105505538420196,7.105505538420196,0.0,1.6829423634600875,1.6829423634600875,0.0,0.0,0.32706503169236645,7.347720306974989,True,0,ok
25.2,0.85,8.246051103457107,2.7955957252499934,13.984255660423647,7.858360108692661e-11,-0.7856936854472377,nan,7.264911396612799,7.264911396612799,0.0,1.2850572383618242,1.2850572383618242,0.0,0.0,0.2142253693177759,7.467424872535367,True,0,ok
25.8,0.05,0.5904713836980894,-0.44989604296120245,-0.7206940051376228,3.81790925553179e-09,-0.5693532000310112,0.48366393893301984,2.433141621684593,2.433141621684593,0.0,25.551851260172135,25.551851260172135,0.0,0.0,19.63905494072843,2.458584586315721,True,0,ok
25.8,0.09,0.3708999726678918,-0.26448338069620875,-0.4586708432311721,1.1604461877698038e-10,-0.36382683804282295,0.6548608619445108,2.863402395038309,2.863402395038309,0.0,22.56841793369659,22.56841793369659,0.0,0.0,15.267186763469045,2.899391636318914,True,0,ok
25.8,0.13,0.16582306017642096,-0.06975477184553827,-0.13845904828298095,4.446325633453996e-10,-0.2417751550762957,1.5517611476042137,3.269206715273739,3.269206715273739,0.0,19.808140575717495,19.808140575717495,0.0,0.0,12.235230345185634,3.325105795305529,True,0,ok
25.8,0.16999999999999998,0.1997354581076598,0.1415729591665035,0.262494884275363,6.43248613750677e-10,-0.17531769060346844,11.792440777263957,3.663185270602094,3.663185270602094,0.0,17.1105787788834,17.1105787788834,0.0,0.0,9.83633213547445,3.753137666135093,True,0,ok
25.8,0.20999999999999996,0.48424028255005247,0.36135142880350296,0.7425433004193419,1.7378445589407507e-09,-0.1466988262955154,1.9513602099510363,4.027866888187246,4.027866888187246,0.0,14.82889963568611,14.82889963568611,0.0,0.0,8.0180573008401,4.157627300505533,True,0,ok
25.8,0.24999999999999994,0.8288975959313807,0.5856157711895082,1.302831126588423,1.2450856115997358e-09,-0.1445645106826893,1.3428008589945695,4.365144941048642,4.365144941048642,0.0,12.915044865725616,12.915044865725616,0.0,0.0,6.606201416685183,4.536480096713093,True,0,ok
25.8,0.29,1.2195798252819634,0.8113802983742671,1.943597822746865,8.24107075688509e-10,-0.16190850974573523,nan,4.678455534783782,4.678455534783782,0.0,11.297863967583186,11.297863967583186,0.0,0.0,5.482687259442144,4.890439628735592,True,0,ok
25.8,0.32999999999999996,1.6543467428731993,1.0363676915723874,2.664365312454103,3.5318072364293584e-09,-0.19413636089553307,nan,4.9710980684539825,4.9710980684539825,0.0,9.915998258305256,9.915998258305256,0.0,0.0,4.569792630235495,5.2209758928368535,True,0,ok
25.8,0.36999999999999994,2.131485691120576,1.2582872880321672,3.4626249534542746,2.913713331865239e-09,-0.2379816943542354,nan,5.245904634904566,5.245904634904566,0.0,8.72134729257572,8.72134729257572,0.0,0.0,3.816868164256998,5.5297899515953075,True,0,ok
25.8,0.4099999999999999,2.649191434323666,1.475433711262173,4.335100451847829,5.215387931915492e-10,-0.29093848686884116,nan,5.50505166214415,5.50505166214415,0.0,7.678902170663852,7.678902170663852,0.0,0.0,3.1881560574610583,5.818073508137725,True,0,ok
25.8,0.4499999999999999,3.2064119554599966,1.686796612011483,5.279651910769607,3.2133526149793644e-10,-0.3510352904820623,nan,5.750657327453902,5.750657327453902,0.0,6.758940639556917,6.758940639556917,0.0,0.0,2.6559667983670985,6.08710900528528,True,0,ok
25.8,0.48999999999999994,3.7993408191501086,1.8911550126606738,6.289266529432653,5.926454748906446e-10,-0.4166907966672833,nan,5.984305013965851,5.984305013965851,0.0,5.9401474046196086,5.9401474046196086,0.0,0.0,2.205096428152774,6.338513252929019,True,0,ok
25.8,0.5299999999999999,4.425073586451589,2.0876760414236157,7.358591055037071,1.1283861253509569e-10,-0.4863899334163974,nan,6.207181227907262,6.207181227907262,0.0,5.206856043812289,5.206856043812289,0.0,0.0,1.8201941084892186,6.572860056614823,True,0,ok
25.8,0.57,5.080583594955884,2.275986533724861,8.482006703144224,3.19082502320272e-09,-0.5589602688243023,nan,6.420667079863581,6.420667079863581,0.0,4.543811120629102,4.543811120629102,0.0,0.0,1.4899976921277631,6.791267950825179,True,0,ok
25.8,0.61,5.763890614962575,2.4539120942577175,9.656377877377228,7.710890634743914e-11,-0.6324450859294637,nan,6.625582209831926,6.625582209831926,0.0,3.941439104942849,3.941439104942849,0.0,0.0,1.201092393698578,6.993077439628996,True,0,ok
25.8,0.6499999999999999,6.4654361436366905,2.6246717455986732,10.863517128089777,2.610797527735766e-09,-0.7075926920814826,nan,6.822810446149172,6.822810446149172,0.0,3.390705954322686,3.390705954322686,0.0,0.0,0.9586916557234774,7.181872307271168,True,0,ok
25.8,0.69,7.182589198930728,2.786547088487964,12.099221676936926,4.932922663318264e-09,-0.782785371457545,nan,7.012966144389401,7.012966144389401,0.0,2.8851923055604782,2.8851923055604782,0.0,0.0,0.7511441024707938,7.356761142636665,True,0,ok
25.8,0.73,7.909533767703097,2.9395437236731237,13.35313481219541,6.302435445247519e-10,-0.8573486171071949,nan,7.196824688944451,7.196824688944451,0.0,2.4181013299636476,2.4181013299636476,0.0,0.0,0.5741885861255129,7.518445388991226,True,0,ok
25.8,0.7699999999999999,8.639577965435796,3.0838175117896522,14.61337594339131,8.664489724917697e-09,-0.9307176551579821,nan,7.374645634915527,7.374645634915527,0.0,1.9862364251161073,1.9862364251161073,0.0,0.0,0.4246758271470057,7.667390241889823,True,0,ok
25.8,0.8099999999999999,9.366089024061711,3.2196139739801213,15.868208542659552,5.0502678370279687e-11,-1.0024541511541307,nan,7.547085756570987,7.547085756570987,0.0,1.5844372257444488,1.5844372257444488,0.0,0.0,0.29956248044625694,7.804205054837262,True,0,ok
25.8,0.85,10.081250698518298,3.347188992373148,17.10384744653809,3.114926485241959e-08,-1.0721825003307384,nan,7.714455657222044,7.714455657222044,0.0,1.2098338625507632,1.2098338625507632,0.0,0.0,0.19664113310321338,7.929324853832283,True,0,ok
26.4,0.05,0.5529308514651315,-0.412585079239155,-0.6787346705945759,3.943707215816663e-10,-0.5350610982195947,0.5427624985853704,2.5367281655425753,2.5367281655425753,0.0,25.67758497368791,25.67758497368791,0.0,0.0,19.150946271281484,2.551085547155572,True,0,ok
26.4,0.09,0.30886769510108786,-0.19849370341660674,-0.370590398153296,4.0236134506865096e-10,-0.33084855407227864,0.8679418944280887,3.0168563788496483,3.0168563788496483,0.0,22.454707221308215,22.454707221308215,0.0,0.0,14.696294990726315,3.038543879534148,True,0,ok
26.4,0.13,0.1293196784707604,0.037030380201725666,0.026949506494876495,4.624023185583158e-08,-0.21925604384176234,4.166341584656669,3.484773292733428,3.484773292733428,0.0,19.184394561274438,19.184394561274438,0.0,0.0,11.462705989794054,3.5340546997446056,True,0,ok
26.4,0.16999999999999998,0.3569731103603081,0.2873350989828759,0.5210259533674106,1.0076038401756992e-10,-0.1681068153616027,2.7330246519408536,3.9160366607407777,3.9160366607407777,0.0,16.408644477133784,16.408644477133784,0.0,0.0,9.133522730229013,4.005584401006492,True,0,ok
26.4,0.20999999999999996,0.7226486486262558,0.5469267270540215,1.1148736026513173,1.996808944266425e-10,-0.1568158583476483,1.4593891433416868,4.310282351521229,4.310282351521229,0.0,14.132055410052537,14.132055410052537,0.0,0.0,7.404597749217914,4.445613151688928,True,0,ok
26.4,0.24999999999999994,1.1489076671055778,0.8109505639826239,1.8089221189473221,7.033311575360745e-10,-0.17356967753999505,1.1438497237731091,4.672125529903073,4.672125529903073,0.0,12.257578754385811,12.257578754385811,0.0,0.0,6.07886934512661,4.854344626603251,True,0,ok
26.4,0.29,1.6308764766995,1.0761623219878997,2.6031685089029657,8.653484534444893e-10,-0.21133532062778054,nan,5.006573392915363,5.006573392915363,0.0,10.692623319936065,10.692623319936065,0.0,0.0,5.031613179708609,5.23390911718502,True,0,ok
26.4,0.32999999999999996,2.166654144699444,1.3395299531796945,3.4954770513702473,2.689151100556309e-09,-0.2654623063792677,nan,5.318023070991996,5.318023070991996,0.0,9.36488299295042,9.36488299295042,0.0,0.0,4.185963633725536,5.587109121225947,True,0,ok
26.4,0.36999999999999994,2.75413212962483,1.5985951835965075,4.482148949109463,4.792746232298324e-11,-0.3325140587620163,nan,5.609587028731888,5.609587028731888,0.0,8.225343373482872,8.225343373482872,0.0,0.0,3.4914125765832087,5.9156454470482345,True,0,ok
26.4,0.4099999999999999,3.3921044194672456,1.8518916381968462,5.560719819906478,9.61982835640875e-10,-0.40988976882026845,nan,5.884231567495397,5.884231567495397,0.0,7.233601503001353,7.233601503001353,0.0,0.0,2.9111303562659634,6.221438770798923,True,0,ok
26.4,0.4499999999999999,4.076368386724258,2.097696050858792,6.723434084613342,5.112114196236396e-10,-0.49542210379210017,nan,6.144067467741532,6.144067467741532,0.0,6.361966802143048,6.361966802143048,0.0,0.0,2.424222701364753,6.506566365432163,True,0,ok
26.4,0.48999999999999994,4.804342087272132,2.335041241520327,7.965417753379255,1.272779688492435e-09,-0.5872061726113156,nan,6.3911032671563275,6.3911032671563275,0.0,5.587248787879536,5.587248787879536,0.0,0.0,2.0107644725811857,6.772253013017121,True,0,ok
26.4,0.5299999999999999,5.573683013366481,2.561634209942408,9.282763127371506,2.76565554982003e-09,-0.6827634261110336,nan,6.626527722845769,6.626527722845769,0.0,4.894931925968918,4.894931925968918,0.0,0.0,1.652968937214516,7.01810063360182,True,0,ok
26.4,0.57,6.375525972368445,2.779734914687938,10.658483465312575,2.2632336383137166e-09,-0.78217536189598,nan,6.851872516265993,6.851872516265993,0.0,4.269936950344019,4.269936950344019,0.0,0.0,1.352233532992808,7.248343208208867,True,0,ok
26.4,0.61,7.207224980264825,2.9876616985254656,12.088248681849237,4.4969080869451705e-10,-0.883400888268754,nan,7.068181873780688,7.068181873780688,0.0,3.7020392552628825,3.7020392552628825,0.0,0.0,1.0940865768184938,7.462243311382266,True,0,ok
26.4,0.6499999999999999,8.062302105752115,3.185151168679641,13.560464841844341,4.093425586997089e-09,-0.9852669886925056,nan,7.276065200603134,7.276065200603134,0.0,3.184606095271529,3.184606095271529,0.0,0.0,0.8729822801113294,7.660496272873071,True,0,ok
26.4,0.69,8.934861863354724,3.3722366503263164,15.064595677845881,2.6375254961255595e-11,-1.0868516867149274,nan,7.4766824603302835,7.4766824603302835,0.0,2.708565287740754,2.708565287740754,0.0,0.0,0.6836698767556686,7.844120576164865,True,0,ok
26.4,0.73,9.817111447632941,3.548954060438973,16.586810956469673,7.590023302442329e-10,-1.1872905697294964,nan,7.6703786118183235,7.6703786118183235,0.0,2.2701516927721825,2.2701516927721825,0.0,0.0,0.5226488252141613,8.01366006958191,True,0,ok
26.4,0.7699999999999999,10.701616653281002,3.7155826343811866,18.11393384148579,3.8825702767895107e-10,-1.2859406886418838,nan,7.857815913972031,7.857815913972031,0.0,1.8642496811299485,1.8642496811299485,0.0,0.0,0.3865967148674755,8.169829132822105,True,0,ok
26.4,0.8099999999999999,11.5799096833699,3.8724076860824415,19.631015420220336,1.2850243021841294e-09,-1.3822507402251296,nan,8.039468954521233,8.039468954521233,0.0,1.487125501991202,1.487125501991202,0.0,0.0,0.2729228185886941,8.313223707058512,True,0,ok
26.4,0.85,12.442689088891047,4.019764414637267,21.121674038319835,4.827636245619533e-10,-1.4757761206249285,nan,8.21569005259251,8.21569005259251,0.0,1.1359036104799412,1.1359036104799412,0.0,0.0,0.17954341505378077,8.444364189244098,True,0,ok
27.0,0.05,0.5074781309617873,-0.36652700620137396,-0.6253495879734702,1.1971053696804596e-09,-0.49719011128528673,0.6176336068792003,2.6610660350505464,2.6610660350505464,0.0,25.62858934148934,25.62858934148934,0.0,0.0,18.479853809580874,2.6614643104301043,True,0,ok
27.0,0.09,0.23352245981460457,-0.11184492800062776,-0.25018546467784886,3.0352065698125e-09,-0.29748304667334247,1.3168261237228893,3.2115134065550723,3.2115134065550723,0.0,21.92803529082456,21.92803529082456,0.0,0.0,13.843757729996772,3.219871100355214,True,0,ok
27.0,0.13,0.20747372034501135,0.1702153750402221,0.24377674033038169,4.206280152433503e-09,-0.2018307728648189,9.36021330350512,3.7334626117931475,3.7334626117931475,0.0,18.437420583404425,18.437420583404425,0.0,0.0,10.637559663143554,3.7762065608198805,True,0,ok
27.0,0.16999999999999998,0.5751744597176232,0.46919101643830236,0.8620578256972435,4.1422125078869973e-10,-0.17085980388058714,1.7153918153502166,4.204712202751343,4.204712202751343,0.0,15.627252461416827,15.627252461416827,0.0,0.0,8.408695751976339,4.294996096424418,True,0,ok
27.0,0.20999999999999996,1.0362314107976218,0.7780000675539228,1.6071026847310592,3.9569977046652206e-10,-0.18238274531106882,1.215196319489212,4.630754975033715,4.630754975033715,0.0,13.384747045630826,13.384747045630826,0.0,0.0,6.785641990092993,4.773661668565434,True,0,ok
27.0,0.24999999999999994,1.5694749923078575,1.0914849028272051,2.4795166616323283,1.2520505544775318e-09,-0.22452858621389343,nan,5.019293171930878,5.019293171930878,0.0,11.566921744101887,11.566921744101887,0.0,0.0,5.5522995695356,5.214905701539228,True,0,ok
27.0,0.29,2.1715608691853587,1.4051481423086358,3.476837404702072,2.1977585329712587e-09,-0.2901554499959673,nan,5.37691527657169,5.37691527657169,0.0,10.064578457346578,10.064578457346578,0.0,0.0,4.58612655285194,5.6228164466270805,True,0,ok
27.0,0.32999999999999996,2.8405151952102154,1.7157188879899397,4.5958289142697355,2.0475772646364936e-11,-0.3744930050310808,nan,5.708794292297041,5.708794292297041,0.0,8.800367327590797,8.800367327590797,0.0,0.0,3.8094077934126274,6.000510349527924,True,0,ok
27.0,0.36999999999999994,3.574496332621195,2.020830945506366,5.832896886500578,3.975549627277423e-09,-0.4739496776059862,nan,6.018940875482828,6.018940875482828,0.0,7.719879719839422,7.719879719839422,0.0,0.0,3.1718485862038803,6.350566447670376,True,0,ok
27.0,0.4099999999999999,4.3692397851685225,2.3182540376900365,7.180076842903645,3.3744850659694917e-10,-0.5856309824719771,nan,6.310572562085874,6.310572562085874,0.0,6.783431201953717,6.783431201953717,0.0,0.0,2.6434458855104097,6.676093820493503,True,0,ok
27.0,0.4499999999999999,5.221471359169029,2.6064899654200793,8.631205678151744,7.923279221457643e-10,-0.7069569049616228,nan,6.586284689306523,6.586284689306523,0.0,5.961730975949465,5.961730975949465,0.0,0.0,2.1992108558074115,6.9787144749738745,True,0,ok
27.0,0.48999999999999994,6.128781705074623,2.883258311896133,10.182116865339042,1.144190770911641e-09,-0.8349929417859168,nan,6.848208633627782,6.848208633627782,0.0,5.2327275192097575,5.2327275192097575,0.0,0.0,1.8180763630699783,7.258954272865062,True,0,ok
27.0,0.5299999999999999,7.080909067270613,3.149836507783318,11.813440441193615,4.1486126204330143e-10,-0.969007003830278,nan,7.097672850148715,7.097672850148715,0.0,4.582156486599906,4.582156486599906,0.0,0.0,1.4985619813649158,7.5206958190310305,True,0,ok
27.0,0.57,8.075188844204023,3.4047682926476153,13.520688158956695,1.1416024024938117e-10,-1.1066025439610228,nan,7.336391432797064,7.336391432797064,0.0,3.995215211808582,3.995215211808582,0.0,0.0,1.224858312710254,7.763865237400239,True,0,ok
27.0,0.61,9.103038254945034,3.6472908156974677,15.288583460719602,1.7074334713037125e-09,-1.2459542059474518,nan,7.5651022237739145,7.5651022237739145,0.0,3.4642118315142505,3.4642118315142505,0.0,0.0,0.9907926238528241,7.989284631530609,True,0,ok
27.0,0.6499999999999999,10.15878744906048,3.8776008031128,17.106916381309638,3.6362677554563476e-09,-1.3858251116736024,nan,7.785338748220383,7.785338748220383,0.0,2.978117630354223,2.978117630354223,0.0,0.0,0.7899569134803623,8.198319799916522,True,0,ok
27.0,0.69,11.232764307410923,4.095548298279894,18.958539466529114,3.052424800173237e-09,-1.5248761884326647,nan,7.99739158469404,7.99739158469404,0.0,2.5332789548565784,2.5332789548565784,0.0,0.0,0.6186277839849442,8.391537619102472,True,0,ok
27.0,0.73,12.316877442500877,4.301411394538032,20.829103539938924,5.079651733451307e-10,-1.6621418526115608,nan,8.20223598700015,8.20223598700015,0.0,2.1230560022643234,2.1230560022643234,0.0,0.0,0.4728780923967965,8.56990784339189,True,0,ok
27.0,0.7699999999999999,13.401734946706801,4.495489661629663,22.702018812404717,4.1055590158061597e-10,-1.796778586456928,nan,8.40053791009728,8.40053791009728,0.0,1.7428904017568247,1.7428904017568247,0.0,0.0,0.3497552746642366,8.734179598319598,True,0,ok
27.0,0.8099999999999999,14.47624386872657,4.67811696761297,24.55774165670484,4.4656615677059233e-10,-1.9280705382340633,nan,8.592482017414266,8.592482017414266,0.0,1.3906746251643098,1.3906746251643098,0.0,0.0,0.2471264575543351,8.88492530864816,True,0,ok
27.0,0.85,15.530099371060343,4.849766257119563,26.37814690102933,5.0503688592165314e-09,-2.0555030391726485,nan,8.7788499018061,8.7788499018061,0.0,1.0619374609040295,1.0619374609040295,0.0,0.0,0.16278827699928425,9.02284879879357,True,0,ok
27.6,0.05,0.4509941956579252,-0.30781894787584857,-0.5547516453478675,2.205529419754564e-09,-0.4557251374061521,0.7287804539877916,2.8148825543395604,2.8148825543395604,0.0,25.320462457943417,25.320462457943417,0.0,0.0,17.581472551951027,2.7988152525482333,True,0,ok
27.6,0.09,0.1620476039312958,-0.001381071815050871,-0.08922369830916489,9.003229469422842e-11,-0.26611182258648175,2.7255707706751187,3.44327453675049,3.44327453675049,0.0,21.207693411546483,21.207693411546483,0.0,0.0,12.880850396837205,3.437038766378643,True,0,ok
27.6,0.13,0.3830637460453047,0.3399428087318284,0.5361957140785667,4.0894475386680394e-10,-0.1927343861330319,2.5377158588333226,4.023692230241606,4.023692230241606,0.0,17.570159312708185,17.570159312708185,0.0,0.0,9.76810366054075,4.0602974907216245,True,0,ok
27.6,0.16999999999999998,0.8719277259531808,0.7007588996257206,1.3243696171428403,2.6745571047117968e-09,-0.1890924632076356,1.3305017223609668,4.538558847744643,4.538558847744643,0.0,14.769449681665007,14.769449681665007,0.0,0.0,7.668027047422655,4.6313447564781125,True,0,ok
27.6,0.20999999999999996,1.4590793899538033,1.0721903980374603,2.276683012267556,1.9054639609500066e-09,-0.23207802690579626,nan,4.999479403156063,4.999479403156063,0.0,12.588187897175429,12.588187897175429,0.0,0.0,6.161509668801733,5.15236531691077,True,0,ok
27.6,0.24999999999999994,2.136424658595823,1.4477234442058022,3.391319381873846,1.2116173114533816e-08,-0.3098074317903299,nan,5.417461722300385,5.417461722300385,0.0,10.8443256886497,10.8443256886497,0.0,0.0,5.029665437593814,5.630031219592811,True,0,ok
27.6,0.29,2.90129248797459,1.8224008713114275,4.664656655911033,4.0039793041060025e-08,-0.4151236551217014,nan,5.80062536074815,5.80062536074815,0.0,9.417063623135077,9.417063623135077,0.0,0.0,4.147070901816146,6.0690157771667215,True,0,ok
27.6,0.32999999999999996,3.751780020555432,2.1927540202533677,6.092984401679361,1.489950547944224e-09,-0.543075368131769,nan,6.155456915064402,6.155456915064402,0.0,8.222219132029498,8.222219132029498,0.0,0.0,3.4384345625854698,6.4738314553952705,True,0,ok
27.6,0.36999999999999994,4.6830498659274715,2.5556681747959207,7.667187286098805,3.4038991766506657e-09,-0.6896864798660741,nan,6.4864879209784565,6.4864879209784565,0.0,7.2052088047962775,7.2052088047962775,0.0,0.0,2.861131238087391,6.848736532448878,True,0,ok
27.6,0.4099999999999999,5.69074042067521,2.9086474618434934,9.379154071512232,1.0878591461997013e-08,-0.8513627030043744,nan,6.797418492876089,6.797418492876089,0.0,6.326066416862763,6.326066416862763,0.0,0.0,2.3821069087162496,7.196131455229043,True,0,ok
27.6,0.4499999999999999,6.771194756930024,3.2491296540807233,11.222347265022268,1.641627063247325e-09,-1.0243601237115891,nan,7.091025811050368,7.091025811050368,0.0,5.556817168192144,5.556817168192144,0.0,0.0,1.9764933320098543,7.517181801777783,True,0,ok
27.6,0.48999999999999994,7.9151724233501675,3.5780321008222287,13.179153068918941,8.337119124860881e-10,-1.207258938910397,nan,7.36971740272657,7.36971740272657,0.0,4.875640716431018,4.875640716431018,0.0,0.0,1.6372614723017893,7.81667099019412,True,0,ok
27.6,0.5299999999999999,9.117182096509532,3.893299379987752,15.240094025021538,3.9009151103077644e-10,-1.396704044897021,nan,7.635193184136184,7.635193184136184,0.0,4.267524361351724,4.267524361351724,0.0,0.0,1.3483297066988542,8.094515922891032,True,0,ok
27.6,0.57,10.36797016012072,4.194030166144148,17.388672252361467,7.198128023745611e-09,-1.590158479173809,nan,7.888801527976367,7.888801527976367,0.0,3.7210266701054917,3.7210266701054917,0.0,0.0,1.1017427467663656,8.352081116397622,True,0,ok
27.6,0.61,11.660193836036623,4.480222140112467,19.611712319013126,1.2696377650969138e-08,-1.785696047303177,nan,8.132174844544341,8.132174844544341,0.0,3.2246966672300985,3.2246966672300985,0.0,0.0,0.8904645772584054,8.590918560940231,True,0,ok
27.6,0.6499999999999999,12.982798822677886,4.7515907460357125,21.889630978008277,2.215658433172627e-10,-1.9813219928086043,nan,8.365957478928822,8.365957478928822,0.0,2.7729243404440505,2.7729243404440505,0.0,0.0,0.7099338382960229,8.811881376589554,True,0,ok
27.6,0.69,14.326343737427463,5.008381907150055,24.205692011827665,6.490883006629034e-10,-2.1755366118398394,nan,8.591315543760446,8.591315543760446,0.0,2.3583273610127273,2.3583273610127273,0.0,0.0,0.5557652469784495,9.016150987003629,True,0,ok
27.6,0.73,15.679578036609575,5.250848032952131,26.540035223455522,2.5763396849877163e-09,-2.366987006929064,nan,8.808973575238245,8.808973575238245,0.0,1.9761420895097268,1.9761420895097268,0.0,0.0,0.4247374988780673,9.204609052542027,True,0,ok
27.6,0.7699999999999999,17.03095099852509,5.479396570954056,28.872308422499117,9.930691145075817e-09,-2.554583198252034,nan,9.019703889000908,9.019703889000908,0.0,1.621864482275101,1.621864482275101,0.0,0.0,0.3141156598933487,9.378118059170001,True,0,ok
27.6,0.8099999999999999,18.366095286110923,5.694433995916718,31.177244354581763,4.3150746489544977e-10,-2.7373754028932877,nan,9.223472266056584,9.223472266056584,0.0,1.294394243168489,1.294394243168489,0.0,0.0,0.2220968889167208,9.537268557159129,True,0,ok
27.6,0.85,19.673589684258864,5.896603104113153,33.43478268259713,4.1265823011998275e-09,-2.9147507601502776,nan,9.421565172595264,9.421565172595264,0.0,0.9878629980296113,0.9878629980296113,0.0,0.0,0.1464202608487877,9.68295625757738,True,0,ok
28.2,0.05,0.38206147056344125,-0.23409475275630665,-0.462090725974246,2.0699578081399298e-08,-0.41180664099532915,0.9187357129867708,2.9977632624959023,2.9977632624959023,0.0,24.866732702654566,24.866732702654566,0.0,0.0,16.564325177959446,2.9609867419680387,True,0,ok
28.2,0.09,0.17742934327536153,0.14134832448462237,0.13041791823117577,2.6067618516972005e-09,-0.2396984216364691,206.37890313566248,3.718950438015758,3.718950438015758,0.0,20.309164676112353,20.309164676112353,0.0,0.0,11.835149045515024,3.6968508329625065,True,0,ok
28.2,0.13,0.6416949134323866,0.5595576442082787,0.9397754569489976,3.2315867315532384e-10,-0.19757130130507,1.609568662387532,4.363756409990761,4.363756409990761,0.0,16.5919311974484,16.5919311974484,0.0,0.0,8.867965807063104,4.394947049492812,True,0,ok
28.2,0.16999999999999998,1.2797947893784383,0.9998012221234924,1.964727851779836,8.460389325941429e-11,-0.23209070089421105,nan,4.9263963187914745,4.9263963187914745,0.0,13.846351973377322,13.846351973377322,0.0,0.0,6.922440652359716,5.024041130957437,True,0,ok
28.2,0.20999999999999996,2.0399358873028755,1.4514757374227887,3.2054250988171233,3.127608014249087e-09,-0.32013027420836027,nan,5.425933172472043,5.425933172472043,0.0,11.751680799282864,11.751680799282864,0.0,0.0,5.543920388304866,5.5925644863014785,True,0,ok
28.2,0.24999999999999994,2.9166996019676668,1.906417634865482,4.6566763383062435,2.420872698311317e-10,-0.4498299524127944,nan,5.876523785561881,5.876523785561881,0.0,10.09863367855303,10.09863367855303,0.0,0.0,4.516139578949382,6.110261281169025,True,0,ok
28.2,0.29,3.9078715800227,2.3593240560956814,6.314349025762884,8.811032573187625e-10,-0.613976576933421,nan,6.288568872722781,6.288568872722781,0.0,8.753945400601985,8.753945400601985,0.0,0.0,3.7161448002654796,6.583871174103507,True,0,ok
28.2,0.32999999999999996,5.008146906359689,2.8058644043072976,8.168248253475442,1.365921414827938e-09,-0.8071255920096911,nan,6.669197924234833,6.669197924234833,0.0,7.63497928865222,7.63497928865222,0.0,0.0,3.079344075623393,7.020068226557174,True,0,ok
28.2,0.36999999999999994,6.212008113732301,3.2422328294543346,10.208128392773146,5.157712169483775e-09,-1.0242926395787018,nan,7.023860464608498,7.023860464608498,0.0,6.685359793338397,6.685359793338397,0.0,0.0,2.5599338618311576,7.422436539115961,True,0,ok
28.2,0.4099999999999999,7.5145028718593645,3.665143787260405,12.42501666515677,2.1427359073025026e-09,-1.2605324759128145,nan,7.356671809223258,7.356671809223258,0.0,5.866326287381269,5.866326287381269,0.0,0.0,2.126478932384384,7.793349713304466,True,0,ok
28.2,0.4499999999999999,8.906394215540374,4.075109028006367,14.801167762218101,3.1904216257284785e-09,-1.5134374953627021,nan,7.670879660698943,7.670879660698943,0.0,5.150030110680793,5.150030110680793,0.0,0.0,1.7665400939332174,8.138394457368927,True,0,ok
28.2,0.48999999999999994,10.378359462258057,4.468843488661331,17.320482593339342,8.544501835336696e-10,-1.7780202448797136,nan,7.9687290267737865,7.9687290267737865,0.0,4.517725249361373,4.517725249361373,0.0,0.0,1.4623853447288444,8.457891763131139,True,0,ok
28.2,0.5299999999999999,11.92184038961295,4.845753775898708,19.96754819186163,4.026746432035563e-10,-2.0509813200677045,nan,8.252484009614705,8.252484009614705,0.0,3.9530856433944193,3.9530856433944193,0.0,0.0,1.2035460817359314,8.754041459278875,True,0,ok
28.2,0.57,13.524431767432134,5.20498505511792,22.720366775635036,5.703996245830466e-09,-2.328911344899397,nan,8.523388287985245,8.523388287985245,0.0,3.4463660319219236,3.4463660319219236,0.0,0.0,0.9829339450536599,9.028197702475595,True,0,ok
28.2,0.61,15.176320092833842,5.546587709381463,25.561485839937653,9.044360800895817e-10,-2.6091916597409943,nan,8.783268703941015,8.783268703941015,0.0,2.986527865032241,2.986527865032241,0.0,0.0,0.7941255248198885,9.282152263025669,True,0,ok
28.2,0.6499999999999999,16.864037702694645,5.870396847072797,28.46714484994332,1.2058925480970963e-09,-2.8891880977088764,nan,9.033061818233485,9.033061818233485,0.0,2.5673542352000567,2.5673542352000567,0.0,0.0,0.6327615065954965,9.51701641836802,True,0,ok
28.2,0.69,18.57380281788878,6.1765941231328405,31.41305555256836,1.024718750579386e-09,-3.1667142660452394,nan,9.273644867292802,9.273644867292802,0.0,2.1834475384477776,2.1834475384477776,0.0,0.0,0.49522539838030427,9.733889907961236,True,0,ok
28.2,0.73,20.291897345775773,6.465619805179075,34.375069548093954,9.825850433403353e-10,-3.4400069437554075,nan,9.505954211175066,9.505954211175066,0.0,1.8297216873563815,1.8297216873563815,0.0,0.0,0.3784415151929149,9.933868044819892,True,0,ok
28.2,0.7699999999999999,22.004371875827896,6.73805477887734,37.32866395355252,1.1051487035777597e-09,-3.707642133320558,nan,9.730989970663385,9.730989970663385,0.0,1.5014064052461362,1.5014064052461362,0.0,0.0,0.27983759978924283,10.117973796228931,True,0,ok
28.2,0.8099999999999999,23.69276621451429,6.994399782029682,40.24142524861564,3.3490720642502477e-10,-3.9683218538964082,nan,9.948559749707357,9.948559749707357,0.0,1.1980759068039677,1.1980759068039677,0.0,0.0,0.19788651058145115,10.286834599468495,True,0,ok
28.2,0.85,25.34136045856289,7.2353507473672165,43.08579121524583,2.854499124783265e-10,-4.221130724256523,nan,10.159492294454644,10.159492294454644,0.0,0.9157724793822682,0.9157724793822682,0.0,0.0,0.13073361234194222,10.441311204752264,True,0,ok
28.799999999999997,0.05,0.3024233511067406,-0.14542032901091279,-0.34506540451685475,3.4521667066848687e-10,-0.366281919291507,1.265864481094144,3.2021570305088334,3.2021570305088334,0.0,24.528248820900874,24.528248820900874,0.0,0.0,15.609926486342156,3.134219783944142,True,0,ok
28.799999999999997,0.09,0.34099402687923197,0.32850036396318416,0.4372836438995466,1.0332117299129654e-10,-0.22293789439198794,3.009648143704661,4.047599213362306,4.047599213362306,0.0,19.23657478358694,19.23657478358694,0.0,0.0,10.731186784586427,4.009188189018142,True,0,ok
28.799999999999997,0.13,1.007149273387442,0.8471984168766153,1.508152959758016,7.427118641920511e-10,-0.22534078430113488,1.2419463900587568,4.762621729666497,4.762621729666497,0.0,15.524048229024555,15.524048229024555,0.0,0.0,7.96176266120868,4.790168766026524,True,0,ok
28.799999999999997,0.16999999999999998,1.8501884185871555,1.3906636825181247,2.8698732064614965,2.545711936331928e-10,-0.3153947586464525,nan,5.3779868408058356,5.3779868408058356,0.0,12.875978728716449,12.875978728716449,0.0,0.0,6.183774651464441,5.482951803731992,True,0,ok
28.799999999999997,0.20999999999999996,2.8538722322768963,1.9465254504464085,4.519209051983547,2.205842557563199e-09,-0.4706892496305044,nan,5.920550668094274,5.920550668094274,0.0,10.890517370457525,10.890517370457525,0.0,0.0,4.941212310838275,6.105141152821937,True,0,ok
28.799999999999997,0.24999999999999994,4.01278625846439,2.5043091424098396,6.447818695300058,7.648089439406211e-09,-0.6792867289616769,nan,6.408014104462993,6.408014104462993,0.0,9.339078137531061,9.339078137531061,0.0,0.0,4.016184231537596,6.667368639609967,True,0,ok
28.799999999999997,0.29,5.322382442103913,3.058718595450387,8.64611473895369,2.241321677941361e-09,-0.9339191906914714,nan,6.852619258119424,6.852619258119424,0.0,8.085125413329441,8.085125413329441,0.0,0.0,3.302902438773579,7.1813900949014595,True,0,ok
28.799999999999997,0.32999999999999996,6.775589089976152,3.6017983460850957,11.101752487116077,1.069073873224923e-09,-1.226361666704507,nan,7.262754072704381,7.262754072704381,0.0,7.045262299499633,7.045262299499633,0.0,0.0,2.729513908844138,7.650490104293677,True,0,ok
28.799999999999997,0.36999999999999994,8.36390500204772,4.134020711973033,13.797177293758592,1.0400573435146073e-09,-1.553219922421439,nan,7.644488225679911,7.644488225679911,0.0,6.165151738028985,6.165151738028985,0.0,0.0,2.268440591950481,8.085082879860437,True,0,ok
28.799999999999997,0.4099999999999999,10.078782766268581,4.650175566074498,16.717767757700102,6.523524788534687e-10,-1.907274115900567,nan,8.002499957887538,8.002499957887538,0.0,5.407138778814399,5.407138778814399,0.0,0.0,1.8860786048494362,8.48591832657007,True,0,ok
28.799999999999997,0.4499999999999999,11.907494560422942,5.147612488751243,19.84079542211091,6.160748483557462e-09,-2.2825868664961866,nan,8.340064066949136,8.340064066949136,0.0,4.746211641365934,4.746211641365934,0.0,0.0,1.565970758946209,8.85618240260117,True,0,ok
28.799999999999997,0.48999999999999994,13.838849317089906,5.625119773280414,23.146245795222473,5.246104319208106e-09,-2.674057663318964,nan,8.660165403729474,8.660165403729474,0.0,4.162293522686002,4.162293522686002,0.0,0.0,1.2954572253129226,9.19880337137771,True,0,ok
28.799999999999997,0.5299999999999999,15.859190284537112,6.081681225353232,26.609933892268256,4.0154096997657694e-11,-3.07673872237605,nan,8.964941740977237,8.964941740977237,0.0,3.641579683676088,3.641579683676088,0.0,0.0,1.065592666864362,9.515927189605444,True,0,ok
28.799999999999997,0.57,17.953160869688244,6.5165963991312585,30.204796001851683,4.232100619710475e-09,-3.486004230644236,nan,9.256062900225443,9.256062900225443,0.0,3.1737320897992696,3.1737320897992696,0.0,0.0,0.8696646614099959,9.809332878672224,True,0,ok
28.799999999999997,0.61,20.10486424446117,6.929653570664985,33.90285697296839,6.550193602237519e-10,-3.897805706504394,nan,9.534994083841742,9.534994083841742,0.0,2.750387897219635,2.750387897219635,0.0,0.0,0.7023924279019994,10.080655495949385,True,0,ok
28.799999999999997,0.6499999999999999,22.298775486542088,7.321076229323171,37.676820001508766,1.222396729642112e-09,-4.308740188962321,nan,9.803205514485455,9.803205514485455,0.0,2.3641075215519427,2.3641075215519427,0.0,0.0,0.5594405543851637,10.331471168418458,True,0,ok
28.799999999999997,0.69,24.516434703560478,7.691085367456832,41.494294377476535,7.086147150702632e-10,-4.715660262110107,nan,10.061582898947572,10.061582898947572,0.0,2.010158603441051,2.010158603441051,0.0,0.0,0.4376478473245932,10.56295896086249,True,0,ok
28.799999999999997,0.73,26.738564024655705,8.04017065828661,45.321461456559256,8.948008882252019e-10,-5.1159755207660345,nan,10.310793859475263,10.310793859475263,0.0,1.6849102658013204,1.6849102658013204,0.0,0.0,0.3344508853848148,10.776215552756621,True,0,ok
28.799999999999997,0.7699999999999999,28.946007539668294,8.36906805698699,49.12472238916417,5.040708471191579e-08,-5.507668064133308,nan,10.551554715336293,10.551554715336293,0.0,1.3848195298170818,1.3848195298170818,0.0,0.0,0.24764023455349887,10.972328183559288,True,0,ok
28.799999999999997,0.8099999999999999,31.11960761496408,8.67849963160272,52.87053358358148,6.16857322455812e-10,-5.888994571201949,nan,10.785205692570825,10.785205692570825,0.0,1.1046995253611107,1.1046995253611107,0.0,0.0,0.1751867286357802,11.15232782510863,True,0,ok
28.799999999999997,0.85,33.24717256414364,8.970061812309956,56.537407859280044,1.2932354477879838e-10,-6.259628916045567,nan,11.013483868794163,11.013483868794163,0.0,0.8402619649875342,0.8402619649875342,0.0,0.0,0.11528088455720636,11.317600359497582,True,0,ok
29.4,0.05,0.21004731771993693,-0.01964059121585144,-0.17096421078135257,6.798101630891817e-09,-0.3205387852547979,2.4222491625802722,3.476795590206156,3.476795590206156,0.0,23.586860363120444,23.586860363120444,0.0,0.0,14.280881014453572,3.378102627676393,True,0,ok
29.4,0.09,0.6208513684518275,0.5778990596452207,0.8789035251932327,3.1191722685472726e-10,-0.22345141617273065,1.6723202904972159,4.441999460602745,4.441999460602745,0.0,18.007789711380724,18.007789711380724,0.0,0.0,9.581874897074435,4.384968746454344,True,0,ok
29.4,0.13,1.5330483633753091,1.2321097314494716,2.3339373232778144,4.411113678086908e-10,-0.29215412716825523,nan,5.234967528946678,5.234967528946678,0.0,14.379333679905146,14.379333679905146,0.0,0.0,7.060054278957465,5.261238280210148,True,0,ok
29.4,0.16999999999999998,2.672307273226091,1.9132282320479628,4.18862687527713,7.208248125660217e-10,-0.4675907606144196,nan,5.909630323499753,5.909630323499753,0.0,11.865932286531793,11.865932286531793,0.0,0.0,5.463386787040283,6.026820004527203,True,0,ok
29.4,0.20999999999999996,4.029105571850327,2.6055920243022426,6.4328791302653565,3.726216050305121e-09,-0.7280325718228657,nan,6.5008842845737895,6.5008842845737895,0.0,10.009805668692506,10.009805668692506,0.0,0.0,4.35369721056168,6.707578462343821,True,0,ok
29.4,0.24999999999999994,5.599080801813031,3.3011247114439604,9.056573045085788,4.3707415653422624e-10,-1.063098205347632,nan,7.030626764768279,7.030626764768279,0.0,8.569631070613038,8.569631070613038,0.0,0.0,3.5369683063878843,7.323339483918554,True,0,ok
29.4,0.29,7.370765072831764,3.9865517642565544,12.039854800233064,9.917061539457621e-11,-1.460765106660788,nan,7.512914300448757,7.512914300448757,0.0,7.410992114951309,7.410992114951309,0.0,0.0,2.900783034619798,7.880177290720495,True,0,ok
29.4,0.32999999999999996,9.33663176670625,4.662808044527593,15.365610602344976,6.654363989647048e-10,-1.9168490285354356,nan,7.957075163569111,7.957075163569111,0.0,6.454040467459869,6.454040467459869,0.0,0.0,2.400929487921614,8.392901680092123,True,0,ok
29.4,0.36999999999999994,11.48192311877748,5.320761478412714,19.008854775535774,6.477518206855329e-09,-2.420043993191134,nan,8.370279951168056,8.370279951168056,0.0,5.6450915319161235,5.6450915319161235,0.0,0.0,1.9934447815564176,8.86345980067716,True,0,ok
29.4,0.4099999999999999,13.793154876465545,5.957614492288412,22.94526293536596,1.3435940916654613e-09,-2.9622799878964496,nan,8.757575530623084,8.757575530623084,0.0,4.949403377367428,4.949403377367428,0.0,0.0,1.6562274475231693,9.296829200392564,True,0,ok
29.4,0.4499999999999999,16.25329997559944,6.57074145276713,27.144740669802992,4.403628520508811e-09,-3.53520735183856,nan,9.122643722874914,9.122643722874914,0.0,4.343257193980191,4.343257193980191,0.0,0.0,1.374176467813538,9.696627549990882,True,0,ok
29.4,0.48999999999999994,18.84481013321027,7.158516623775633,31.57642314417826,3.672441835714595e-09,-4.131071052059576,nan,9.468545053210653,9.468545053210653,0.0,3.8087472997859337,3.8087472997859337,0.0,0.0,1.1362405542434901,10.065946395543278,True,0,ok
29.4,0.5299999999999999,21.54994705016264,7.7200905407592595,36.209201832521835,1.8696809041585805e-10,-4.74284284882147,nan,9.797914552554174,9.797914552554174,0.0,3.3319848604194138,3.3319848604194138,0.0,0.0,0.9341476821539633,10.407476312973595,True,0,ok
29.4,0.57,24.34756946827687,8.254706449611364,41.00613373538649,6.786630333045999e-09,-5.363695977965838,nan,10.112600091204293,10.112600091204293,0.0,2.903401817896538,2.903401817896538,0.0,0.0,0.7619457310211001,10.723222614316407,True,0,ok
29.4,0.61,27.2144012785321,8.76200901826854,45.926559038642324,3.013662797670808e-09,-5.987427133651838,nan,10.413970347337788,10.413970347337788,0.0,2.5159980394367887,2.5159980394367887,0.0,0.0,0.6151246224511421,11.014866020215738,True,0,ok
29.4,0.6499999999999999,30.12940496018744,9.242428624286417,50.93368695784508,5.216934177277439e-12,-6.609097954344119,nan,10.70359194278455,10.70359194278455,0.0,2.162993121560262,2.162993121560262,0.0,0.0,0.48982159980416734,11.284201108769897,True,0,ok
29.4,0.69,33.06688134094877,9.696297081481704,55.982593839928775,2.2404964400449686e-09,-7.224052512985763,nan,10.982243364806624,10.982243364806624,0.0,1.8404565489438842,1.8404565489438842,0.0,0.0,0.38329688398364936,11.532518933545763,True,0,ok
29.4,0.73,36.005773783020544,10.124475662415614,61.03648808638922,4.5869121031329306e-10,-7.828751610785029,nan,11.251770196493302,11.251770196493302,0.0,1.5417181931833315,1.5417181931833315,0.0,0.0,0.29276804100445963,11.761369933501816,True,0,ok
29.4,0.7699999999999999,38.92452843530683,10.528373890003602,66.05753010907624,9.125144467793514e-10,-8.420973866115908,nan,11.512733542333692,11.512733542333692,0.0,1.2652578928953502,1.2652578928953502,0.0,0.0,0.2164185153859566,11.972116140302248,True,0,ok
29.4,0.8099999999999999,41.788336738058334,10.908172274145924,70.98492053551563,1.4864418848133309e-09,-8.997115993703359,nan,11.765196100318512,11.765196100318512,0.0,1.0091576849715211,1.0091576849715211,0.0,0.0,0.15302599705095177,12.165302539706918,True,0,ok
29.4,0.85,44.571213583755025,11.265069309501891,75.77315075322394,1.0350399294685149e-10,-9.555473790840521,nan,12.009889010908825,12.009889010908825,0.0,0.7708278354888451,0.7708278354888451,0.0,0.0,0.10120209660985054,12.341995808683519,True,0,ok
30.0,0.05,0.18829103558433286,0.1466508305384369,0.08016537745436345,3.713518191586703e-10,-0.28004926067434566,55.111476376553526,3.8197411919078554,3.8197411919078554,0.0,22.34048418952443,22.34048418952443,0.0,0.0,12.767327549352007,3.677493770561398,True,0,ok
30.0,0.09,1.0458768355853343,0.9213193829400596,1.5386775836470077,4.599898793638059e-09,-0.2553761027252356,1.212068946152401,4.918602001278197,4.918602001278197,0.0,16.648675343598637,16.648675343598637,0.0,0.0,8.435966840886064,4.84530647033488,True,0,ok
30.0,0.13,2.311239670342904,1.756966911069815,3.5715022947428205,1.1727173337519715e-09,-0.427697408634753,nan,5.79934543878428,5.79934543878428,0.0,13.17879255200641,13.17879255200641,0.0,0.0,6.172482832302603,5.825552594397573,True,0,ok
30.0,0.16999999999999998,3.8920972040828974,2.6227278259845677,6.165850795850659,7.259425495632326e-09,-0.7408405038898558,nan,6.541765982825585,6.541765982825585,0.0,10.831980608183489,10.831980608183489,0.0,0.0,4.76105471068757,6.673066262920483,True,0,ok
30.0,0.20999999999999996,5.7843802758794425,3.50607030583995,9.311089732948123,9.530584347079579e-10,-1.178237889156858,nan,7.189615444361083,7.189615444361083,0.0,9.118060330561807,9.118060330561807,0.0,0.0,3.7945501094461016,7.427496391164673,True,0,ok
30.0,0.24999999999999994,7.965832369849227,4.381320308710114,12.969489334155808,3.686281501450792e-09,-1.7204170416838827,nan,7.768447297601632,7.768447297601632,0.0,7.797577203321143,7.797577203321143,0.0,0.0,3.073842690380272,8.099383287273904,True,0,ok
30.0,0.29,10.43530493183684,5.252930977482048,17.131915449387424,3.652486504049566e-11,-2.3645202985182254,nan,8.294685693174467,8.294685693174467,0.0,6.738980526152583,6.738980526152583,0.0,0.0,2.5253732312235506,8.71377036419221,True,0,ok
30.0,0.32999999999999996,13.167836419077702,6.104847812774033,21.756439811659117,5.612056263266638e-09,-3.092556835902852,nan,8.77914587861546,8.77914587861546,0.0,5.86558825514616,5.86558825514616,0.0,0.0,2.0881240228653093,9.273540784781982,True,0,ok
30.0,0.36999999999999994,16.14481353812308,6.932621659666805,26.80958974034308,2.463795386120123e-09,-3.8922573682500583,nan,9.229446767760573,9.229446767760573,0.0,5.128882745390076,5.128882745390076,0.0,0.0,1.7324483981127317,9.786419792194197,True,0,ok
30.0,0.4099999999999999,19.34451279466366,7.732552396483624,32.25316680144351,4.202697000853929e-09,-4.750935750209179,nan,9.651185321692466,9.651185321692466,0.0,4.496491592375385,4.496491592375385,0.0,0.0,1.4386385563493378,10.257953941045827,True,0,ok
30.0,0.4499999999999999,22.745611842926436,8.50234338143399,38.0499852308658,2.2241733761638004e-10,-5.656620482435243,nan,10.048992668610014,10.048992668610014,0.0,3.9446468907328542,3.9446468907328542,0.0,0.0,1.192781741650871,10.692763884795408,True,0,ok
30.0,0.48999999999999994,26.316409391260148,9.238974912698382,44.1451558264485,8.130749218024387e-11,-6.59596614350965,nan,10.425432361914053,10.425432361914053,0.0,3.4594947628308534,3.4594947628308534,0.0,0.0,0.9858961106608015,11.093561645778111,True,0,ok
30.0,0.5299999999999999,30.03529120665521,9.94229754748362,50.501170257923086,5.430258109928578e-10,-7.559012876249461,nan,10.783951716503468,10.783951716503468,0.0,3.0265261551293743,3.0265261551293743,0.0,0.0,0.8102118534294117,11.463906790879483,True,0,ok
30.0,0.57,33.871214346468314,10.611356007586398,57.064259150547784,6.246297825386481e-10,-8.53504160461952,nan,11.12642299945729,11.12642299945729,0.0,2.637499329503497,2.637499329503497,0.0,0.0,0.6606333570317203,11.805954484283031,True,0,ok
30.0,0.61,37.792056316325926,11.245940569626871,63.778667599430705,5.938898458592854e-10,-9.514669820587548,nan,11.454401115235983,11.454401115235983,0.0,2.2858983739359875,2.2858983739359875,0.0,0.0,0.5331851428904943,12.121665982869281,True,0,ok
30.0,0.6499999999999999,41.76702663479004,11.846446866421461,70.59091033566371,7.139236154416835e-10,-10.489929282751234,nan,11.76956918527024,11.76956918527024,0.0,1.9653281396027626,1.9653281396027626,0.0,0.0,0.4245071400334171,12.412944877651983,True,0,ok
30.0,0.69,45.76793770093948,12.413986046766935,77.4518880246227,2.704866074010314e-07,-11.45470890259604,nan,12.073409904868102,12.073409904868102,0.0,1.6711245608640164,1.6711245608640164,0.0,0.0,0.3318941269834901,12.681650599429462,True,0,ok
30.0,0.73,49.765964819021306,12.949791339997365,84.31133026792006,1.5066991639598664e-08,-12.403880675354605,nan,12.367498672873088,12.367498672873088,0.0,1.3987540439090607,1.3987540439090607,0.0,0.0,0.25315647052820545,12.929426091234246,True,0,ok
30.0,0.7699999999999999,53.70483545742806,13.453479290524085,91.07107904812376,5.814057374070209e-10,-13.330060409394205,nan,12.650127991741712,12.650127991741712,0.0,1.1502029143294645,1.1502029143294645,0.0,0.0,0.18752690073430306,13.156490045033978,True,0,ok
30.0,0.8099999999999999,57.575079517372494,13.928092930697776,97.71441001057654,1.34631794241442e-08,-14.232766698505316,nan,12.92496614743184,12.92496614743184,0.0,0.9174674604931969,0.9174674604931969,0.0,0.0,0.13260440896560707,13.36528111333508,True,0,ok
30.0,0.85,61.3313135919567,14.37441084725117,104.16194422343843,3.9798014494671666e-11,-15.108135858951224,nan,13.191629943103283,13.191629943103283,0.0,0.7005324448544621,0.7005324448544621,0.0,0.0,0.08767644458499274,13.55642536512952,True,0,ok
