theta_B_deg,kdf,residual_norm,radius_residual,length_residual,sigma_E_rad,theta_Rao_E_deg,mass_residual,performance_residual,rao_exit_residual,thrust_coefficient,thrust_coefficient_target,D_M_pre,D_M_post,D_M_jump,D_theta_pre_deg,D_theta_post_deg,D_theta_jump_deg,fan_turn_deg,exit_angle_deg,exit_mach,success,failure_code,failure_reason
24.75,0.12,0.2592098383471155,-0.2029920238614849,-0.38196762144656354,0.12026718298391423,7.973829860111648,2.648317695866555e-11,-0.31661651992328615,0.8641772046550028,1.0571458369496969,1.5469291660826012,2.884570715170111,3.037731263673385,0.15316054850327365,21.159266270452342,24.159266270452346,3.000000000000001,3.0,14.864631859017525,3.0279213339733357,True,0,ok
24.75,0.12375,0.24400322829104618,-0.18806979841397098,-0.35841550571642294,0.12157632350061542,7.656606995925595,1.0574457281126227e-09,-0.3059381608219466,0.9097776899100649,1.0736645020894626,1.5469291660826012,2.91425337021871,3.0692360067724827,0.15498263655377276,20.97236816898099,23.972368168980992,3.000000000000001,3.0,14.622417221228025,3.059517628039098,True,0,ok
24.75,0.1275,0.22827999813656785,-0.1725355367947323,-0.3337819913134502,0.12311110212111537,7.316496428475598,1.2387942418716497e-09,-0.2956518710059249,0.9640880210493925,1.089576663816645,1.5469291660826012,2.9451508386949152,3.1020547028712357,0.15690386417632052,20.76012436422193,23.76012436422193,3.000000000000001,3.0,14.370242991219586,3.0929310749024643,True,0,ok
24.75,0.13125,0.21190222194488958,-0.15618496128621515,-0.30774802849094707,0.12492022984089662,6.946493242622476,1.913629434703587e-09,-0.2857672024429856,1.0303618956642762,1.1048675459137156,1.5469291660826012,2.977638687451275,3.1365895642406216,0.15895087678934683,20.51542712653183,23.515427126531833,3.000000000000001,3.0,14.103895188310055,3.128726516753161,True,0,ok
24.75,0.135,0.19506217811870122,-0.13915670163804067,-0.2804408289988932,0.12702800406552334,6.550857211019511,5.229714541509129e-10,-0.276311132032303,1.1110253633191995,1.1194954170285312,1.5469291660826012,3.011291491829833,3.1723917123066454,0.1611002204768126,20.246950649521537,23.246950649521537,3.000000000000001,3.0,13.829025723944662,3.1663516719328855,True,0,ok
24.75,0.13874999999999998,0.17910074876351775,-0.12287025419518824,-0.25382193656017865,0.12926159436510365,6.178296214714136,6.939688609149752e-10,-0.26733571777355325,1.198735630806128,1.1333797471230649,1.5469291660826012,3.0427898285376584,3.205928341753288,0.16313851321562955,20.018807988625586,23.018807988625586,3.000000000000001,3.0,13.5844400249666,3.2011609821064706,True,0,ok
24.75,0.1425,0.16306318990045207,-0.10607923827990781,-0.22616488077444563,0.13177804677474936,5.785826710879269,5.036011208425693e-10,-0.25874828552573065,1.3049692446670718,1.14666389652898,1.5469291660826012,3.075017429081659,3.240267886321908,0.16525045724024912,19.776054538557066,22.77605453855707,3.000000000000001,3.0,13.336152623549957,3.2371739292349844,True,0,ok
24.75,0.14625,0.14753494457572838,-0.08923733327292538,-0.19809286619229566,0.13451986591930515,5.388430868925659,1.4079767471414197e-09,-0.2505775423154935,1.4303645653671722,1.1593034575094672,1.5469291660826012,3.106942678501781,3.2743115518598143,0.1673688733580332,19.538104728331863,22.538104728331863,3.000000000000001,3.0,13.095851446767565,3.272950835555137,True,0,ok
24.75,0.15,0.13287047928883108,-0.0724484137609797,-0.16976115114473148,0.13746298303494142,4.989623076830088,6.7678177708721214e-09,-0.2427915572999979,1.5784857184411294,1.1713478248166194,1.5469291660826012,3.1383374864538256,3.3078150005685405,0.1694775141147149,19.309346079160836,22.309346079160836,3.000000000000001,3.0,12.865671844010668,3.308159657924073,True,0,ok
24.75,0.15375,0.11909158960209158,-0.05517097999605099,-0.1403669738047121,0.14071849833281208,4.570350585956211,4.2125088230216985e-10,-0.23538357487135064,1.7641045040753667,1.1828074488973213,1.5469291660826012,3.1703506678866753,3.3420042289446807,0.17165356105800544,19.06858497780995,22.06858497780995,3.000000000000001,3.0,12.632926639845055,3.3444279190834694,True,0,ok
24.75,0.1575,0.10731036917144537,-0.038214637203844534,-0.11108287974837998,0.14403743029268876,4.1611688544714545,4.897507692962234e-10,-0.2283747970150479,1.9832737233945077,1.1936495317818299,1.5469291660826012,3.201238647681368,3.375016460230509,0.1737778125491407,18.847547546958758,21.847547546958758,3.000000000000001,3.0,12.413905702152313,3.3790907465207214,True,0,ok
24.75,0.16125,0.09793298291897297,-0.020713396955972765,-0.08064229937103179,0.14778491861120585,3.7255623630437893,1.8826503030405314e-10,-0.22168399290229193,2.272798382359797,1.2039997318083975,1.5469291660826012,3.2328778820005666,3.408856678799437,0.17597879679887063,18.612497986495743,21.612497986495747,3.000000000000001,3.0,12.193014475150257,3.4152058160454897,True,0,ok
24.75,0.16499999999999998,0.09226877063802259,-0.0034183218181004188,-0.05015630482987227,0.15170114787606878,3.292149755548141,2.9266911862057184e-10,-0.21533937810972661,2.6401701520232175,1.2138144014785759,1.5469291660826012,3.2637080615266942,3.4418559001544953,0.17814783862780104,18.39121992709983,21.39121992709983,3.000000000000001,3.0,11.983985276136874,3.450345516153928,True,0,ok
24.75,0.16875,0.08274684358481171,-0.05053107258879991,-0.057873862169589514,0.12098903731474467,4.077553689276599,1.1687875871144444e-09,-0.20422172677216854,1.70007846217116,1.2310126205909817,1.5469291660826012,3.2947955062800225,3.294795506280022,-4.440892098500626e-16,18.165060742473774,18.165060742473774,0.0,0.0,11.009714894762299,3.386085646000396,True,0,ok
24.75,0.1725,0.07641775401092098,-0.034975424299610265,-0.027978469328383482,0.12455097082449347,3.671544686292017,1.196294529797103e-09,-0.1981834202184937,1.9436628373731157,1.240353453112609,1.5469291660826012,3.3255842092819057,3.325584209281906,4.440892098500626e-16,17.943620960405976,17.943620960405976,0.0,0.0,10.807789648792545,3.4196283165300034,True,0,ok
24.75,0.17625,0.07493842505478793,-0.019427210564259428,0.0023061405816789554,0.12831433222514801,3.2594783035724464,5.6715825438840064e-09,-0.192439784325063,2.2555357032083,1.249238450995516,1.5469291660826012,3.356137814515371,3.356137814515371,0.0,17.725884787337176,17.725884787337176,0.0,0.0,10.61134799111292,3.4529626902204065,True,0,ok
24.75,0.18,0.07842205496566079,-0.10437343051209512,-0.04787063789240161,0.07255787445910185,5.257167447370666,1.140158353191267e-09,-0.18622013184022512,0.7907794489265946,1.2588598128272097,1.5469291660826012,3.3867313634885092,3.775059589880854,0.3883282263923449,17.507148799248434,23.507148799248434,5.999999999999999,6.0,9.414427424317273,3.284616225249086,True,0,ok
24.84375,0.12,0.2505389411861463,-0.19337898928979527,-0.36878016025038224,0.1221271593831014,7.77445901830503,7.709757613020782e-10,-0.312305211159474,0.9000460070723727,1.0638151262204254,1.5469291660826012,2.9067599674603635,3.0612804298352767,0.15452046237491324,21.144241843448892,24.144241843448892,3.000000000000001,3.0,14.77182981487827,3.04782733428265,True,0,ok
24.84375,0.12375,0.23489826356187082,-0.17793419359206222,-0.3443814840440697,0.12358154745548822,7.442655670204941,4.148223732104299e-09,-0.30169187612520293,0.9513675505963853,1.0802332037343456,1.5469291660826012,2.9374102371329975,3.093830439048827,0.15642020191582962,20.945307314089614,23.945307314089618,3.000000000000001,3.0,14.523356765100113,3.080593312193545,True,0,ok
24.84375,0.1275,0.21849474995306262,-0.1615633615995559,-0.3184553198535491,0.12531303490371215,7.077048744520741,3.7102096162728798e-09,-0.29147554556533717,1.0145342044615953,1.096037143447743,1.5469291660826012,2.969958272414325,3.1284227360179853,0.1584644636036603,20.70760127330314,23.707601273303144,3.000000000000001,3.0,14.256956762479021,3.1161627440155053,True,0,ok
24.84375,0.13125,0.20153834217987862,-0.1444333576841068,-0.29116087254973294,0.12734779774308852,6.683173414122362,5.456761618599578e-10,-0.2816878418913893,1.091770464244759,1.1111780277299468,1.5469291660826012,3.003873168161813,3.16449707136521,0.16062390320339714,20.442052237026225,23.442052237026225,3.000000000000001,3.0,13.979664755086965,3.153843673552502,True,0,ok
24.84375,0.135,0.18488487999832096,-0.12741309750134155,-0.26365870562951443,0.12960419008220106,6.290448120424268,1.3431690695790234e-09,-0.2723872323321421,1.18048395865644,1.1255654119194929,1.5469291660826012,3.0370828133182193,3.199850119782971,0.1627673064647519,20.189087718412736,23.189087718412736,3.000000000000001,3.0,13.716221219345671,3.190746062481859,True,0,ok
24.84375,0.13874999999999998,0.168812383874627,-0.11069189006552195,-0.23623377999204254,0.13203700054415402,5.905469774496772,9.620485227272116e-10,-0.2635256972443916,1.2810433648170245,1.1392735790029984,1.5469291660826012,3.06917198654387,3.234037397200981,0.1648654106571108,19.956601127337628,22.95660112733763,3.000000000000001,3.0,13.47063264524335,3.2262670231673125,True,0,ok
24.84375,0.1425,0.1526680555265704,-0.09327842810532516,-0.2074846324396739,0.13480307001832353,5.493737522629717,6.575186610435172e-10,-0.25507394565329805,1.4059002538147007,1.1523478400437461,1.5469291660826012,3.1023648396151122,3.269428345058896,0.1670635054437839,19.702520141043305,22.702520141043305,3.000000000000001,3.0,13.21738450008618,3.2635376718944684,True,0,ok
24.84375,0.14625,0.13774999379293673,-0.07645363884214636,-0.17922958222801524,0.1376836240517662,5.098784788762539,6.274645932141282e-09,-0.24704364893651354,1.5471707265657466,1.1647701402472375,1.5469291660826012,3.1338507844201704,3.303025407282286,0.1691746228621156,19.479241830524636,22.479241830524636,3.000000000000001,3.0,12.987475354994654,3.2985913715715673,True,0,ok
24.84375,0.15,0.12337223546398841,-0.05882726485452123,-0.14945823051048865,0.14093869480222615,4.672743381492046,1.7108629430825474e-10,-0.23938964035019586,1.7281480541461867,1.176610349366859,1.5469291660826012,3.1666102480944165,3.338008214595036,0.17139796650061934,19.231831833669027,22.231831833669027,3.000000000000001,3.0,12.747935763741996,3.3356410447488525,True,0,ok
24.84375,0.15375,0.11091555583609691,-0.0415054379462742,-0.11977411329209645,0.14435457036502525,4.252924079797729,4.1315215433532993e-10,-0.23212840470243534,1.9447578842586775,1.1878429665721784,1.5469291660826012,3.1983120041898507,3.3718875054643465,0.17357550127449572,19.002926968803028,22.002926968803028,3.000000000000001,3.0,12.523831715137945,3.371380483930657,True,0,ok
24.84375,0.1575,0.10069911877428495,-0.02383517672629851,-0.08918145297289598,0.14798476395163762,3.8197981056211066,1.7114283354386173e-10,-0.22526186494149444,2.219725276629477,1.1984650171984437,1.5469291660826012,3.230272027633168,3.4060685911040802,0.17579656347091221,18.768885946911794,21.768885946911794,3.000000000000001,3.0,12.298700512289669,3.4074611571603084,True,0,ok
24.84375,0.16125,0.09400073781146263,-0.006107007625814917,-0.05816299851996094,0.15194797197831658,3.376533761152512,2.769151774080953e-09,-0.21872610158794345,2.5783771511758933,1.2085753801526655,1.5469291660826012,3.2619597923422456,3.43998399086564,0.17802419852339435,18.53907397068333,21.539073970683333,3.000000000000001,3.0,12.08251126108215,3.4435653823799357,True,0,ok
24.84375,0.16499999999999998,0.08511038486268148,-0.051703944358630134,-0.06467576536424412,0.12196343856553979,4.130833801720034,9.285364557035404e-10,-0.20750977828939424,1.6916658040802335,1.2259262377994031,1.5469291660826012,3.2934210556982637,3.2934210556982633,-4.440892098500626e-16,18.312800669163007,18.312800669163007,0.0,0.0,11.118824086428564,3.3816319027354886,True,0,ok
24.84375,0.16875,0.07793665257266934,-0.035760861789453244,-0.03427035441934315,0.12557495377163047,3.715781553484548,1.1622159399576777e-08,-0.20130557618398293,1.936312659961851,1.235523698988535,1.5469291660826012,3.3249853115081254,3.324985311508125,-4.440892098500626e-16,18.084296268109757,18.084296268109757,0.0,0.0,10.910696417149394,3.4160074951463475,True,0,ok
24.84375,0.1725,0.07439537797717585,-0.05864605614998339,-0.037778463234189645,0.10833948775408052,4.2668923120558935,1.0440152926783957e-09,-0.1945967439562069,1.4547813605183777,1.2459017872320366,1.5469291660826012,3.3559890101411853,3.739482608708704,0.38349359856751875,17.864986350538487,23.864986350538487,5.999999999999999,6.0,10.474287714973974,3.370203559645054,True,0,ok
24.84375,0.17625,0.07239881636431766,-0.024033050997073285,0.00621275757967399,0.12291696358066632,3.4455482853583677,3.4914348542390324e-10,-0.18979398324961774,2.043977521273637,1.2533313178467749,1.5469291660826012,3.387250556039079,3.7756608832038547,0.38841032716477564,17.641007549107986,23.641007549107986,6.000000000000002,6.0,10.488171529093796,3.437998156665298,True,0,ok
24.84375,0.18,0.08304058497090624,0.006943352346553869,0.048159437090381785,0.13535019295981837,2.6973145696571645,5.099016788598069e-10,-0.18532300389628045,2.8750798665150055,1.2602476062094055,1.5469291660826012,3.417969154490177,3.8112637290994176,0.39329457460924067,17.42572116862349,23.425721168623486,5.999999999999999,6.0,10.452309382536065,3.4973084866269364,True,0,ok
24.9375,0.12,0.24155726286417173,-0.1833836407651993,-0.3550059614437286,0.12406023281618445,7.56512073905153,7.014516244088197e-10,-0.3079901652697981,0.9395921084359242,1.0704901965601499,1.5469291660826012,2.9297129227725844,3.085653721072647,0.1559407983000627,21.12040932711069,24.120409327110693,3.000000000000001,3.0,14.673248484829294,3.06855298636757,True,0,ok
24.9375,0.12375,0.22527182276409186,-0.16715608008892077,-0.32939428213065985,0.1256997779763465,7.209525056822034,3.935602506288302e-09,-0.2974374375304614,0.9989654945385303,1.0868145188818588,1.5469291660826012,2.9619307932052164,3.119888504242584,0.15795771103736778,20.897797780503645,23.897797780503648,3.000000000000001,3.0,14.411591820598185,3.1033397291481957,True,0,ok
24.9375,0.1275,0.20832683945789665,-0.15006465899102767,-0.30230440694590743,0.1276434870196616,6.822326003192304,3.323652292844548e-09,-0.28731598155932264,1.0719852855371341,1.1024716943268342,1.5469291660826012,2.9957874406175042,3.155893797161293,0.16010635654378857,20.641880464766395,23.641880464766395,3.000000000000001,3.0,14.13575909175182,3.1406076483020393,True,0,ok
24.9375,0.13125,0.19100812208632503,-0.13233278381703126,-0.2739792531772804,0.1299065481971094,6.410707942665897,6.206065353259182e-10,-0.2776614432010476,1.1610413404220636,1.1174065812983132,1.5469291660826012,3.030657903105692,3.19300831310377,0.1623504099980777,20.365351535038005,23.365351535038005,3.000000000000001,3.0,13.853804885473078,3.17951718030438,True,0,ok
24.9375,0.135,0.17480936930175522,-0.1155692311463862,-0.24662471872588423,0.1322684683234971,6.029394598806575,6.810038983024618e-10,-0.268509520753871,1.256913090262202,1.1315639570575766,1.5469291660826012,3.062870425166864,3.2273217271815797,0.16445130201471558,20.13828155815441,23.138281558154414,3.000000000000001,3.0,13.607819596402779,3.2149036219289555,True,0,ok
24.9375,0.13874999999999998,0.15832424174839524,-0.09792193610161637,-0.21768868575333716,0.1349912111980209,5.615038879967731,5.555713497448028e-10,-0.2597613047750011,1.3774484626632157,1.1450968275064803,1.5469291660826012,3.0966041299005735,3.2632841252383717,0.1666799953377982,19.881626516344333,22.881626516344333,3.000000000000001,3.0,13.349465552973466,3.2526345301065445,True,0,ok
24.9375,0.1425,0.1427689562901762,-0.08056105110262876,-0.18879481888327784,0.13789618576533824,5.206927363671826,1.1573401093117577e-10,-0.25145972855511917,1.5173765454132084,1.1579387778854735,1.5469291660826012,3.1292709429739656,3.2981369163650958,0.1688659733911302,19.643937865400503,22.643937865400503,3.000000000000001,3.0,13.107796818977686,3.2890611137286054,True,0,ok
24.9375,0.14625,0.12803275485468416,-0.06289836648493415,-0.15911091853449275,0.14108391135659615,4.784991306678315,1.1219182524472732e-09,-0.24355612565724907,1.6893474114882485,1.1701650917253237,1.5469291660826012,3.1621299744563314,3.333222258041056,0.17109228358472484,19.40205377093874,22.40205377093874,3.000000000000001,3.0,12.8685039846091,3.325956251330442,True,0,ok
24.9375,0.15,0.11477059866046507,-0.04507243123539458,-0.12881804904073274,0.14453808195252435,4.353166276935332,1.281223354521969e-08,-0.2360588046649574,1.9023904780926155,1.181762916235783,1.5469291660826012,3.194892372885254,3.368231758973742,0.17333938608848776,19.161140944958355,22.161140944958355,3.000000000000001,3.0,12.634588351730992,3.3629157992864513,True,0,ok
24.9375,0.15375,0.10379225896020956,-0.02727980255378765,-0.09816157723589905,0.14811690041104897,3.9210664547633174,7.455893261341152e-10,-0.22897515886271502,2.1643278342817305,1.1927208145294703,1.5469291660826012,3.2271473289232944,3.402725601436774,0.17557827251347957,18.928754476018657,21.928754476018657,3.000000000000001,3.0,12.407539722875953,3.39909667343256,True,0,ok
24.9375,0.1575,0.09602300245423666,-0.009109308587246042,-0.06660849384407629,0.15212356834450405,3.467842315581635,1.2009805267090873e-08,-0.22223515574727196,2.5133894904757623,1.2031471219282368,1.5469291660826012,3.2597218036237336,3.437587840858822,0.1778660372350882,18.69011254217804,21.690112542178042,3.000000000000001,3.0,12.18388074619165,3.4361955125223993,True,0,ok
24.9375,0.16125,0.0877385367994724,-0.05315564958785308,-0.07190398226557841,0.12287573711022805,4.190596071613723,2.1856229509810104e-09,-0.21091657819586795,1.680014255886995,1.2206561596610714,1.5469291660826012,3.2915649907650217,3.2915649907650213,-4.440892098500626e-16,18.4637420263701,18.4637420263701,0.0,0.0,11.230857212588816,3.3766218800985697,True,0,ok
24.9375,0.16499999999999998,0.07969769435758592,-0.03686814475457582,-0.04104341600233644,0.12653594494435305,3.7668369139175586,2.7483040395599138e-09,-0.20453413740277018,1.9246852910526218,1.2305293434747098,1.5469291660826012,3.3239004378943497,3.3239004378943497,0.0,18.228424913804954,18.228424913804954,0.0,0.0,11.016812515928736,3.4118183266122206,True,0,ok
24.9375,0.16875,0.07643249848787666,-0.020714717605606066,-0.010078270643954263,0.13036529220097276,3.344717116741353,2.3481544431683118e-09,-0.1984767304241961,2.2331876739945815,1.2398997230006983,1.5469291660826012,3.355435852473638,3.3554358524736374,-4.440892098500626e-16,18.00628346314727,18.00628346314727,0.0,0.0,10.814098154846839,3.4461252762487438,True,0,ok
24.9375,0.1725,0.07866758325655984,-0.004376580727119537,0.02166192713831511,0.13445211943318952,2.908391338338033,4.881060427878101e-09,-0.19272654305741052,2.648728487313106,1.2487948555488186,1.5469291660826012,3.387204847945617,3.3872048479456183,1.3322676295501878e-15,17.779868343660276,17.779868343660276,0.0,0.0,10.611930328448672,3.4808092389590426,True,0,ok
24.9375,0.17625,0.08618871429856391,0.011949997758096157,0.053777186054375134,0.1387468746710103,2.466661042116887,7.709841257376168e-11,-0.18727937975527903,3.2228223511638716,1.2572212313333007,1.5469291660826012,3.41860923626328,3.4186092362632805,4.440892098500626e-16,17.559182420943138,17.559182420943138,0.0,0.0,10.41627138139636,3.5151323740518126,True,0,ok
24.9375,0.18,0.07674177387128446,-0.11416545140691718,-0.028890074975548297,0.061640188543645016,5.3250722989635175,3.35164386368704e-10,-0.17745291808207486,0.6632252960450751,1.272422071494973,1.5469291660826012,3.449898254802691,3.84832512254512,0.39842686774242875,17.340144202468586,23.340144202468586,5.999999999999999,6.0,8.856794950905027,3.2785909332102654,True,0,ok
25.03125,0.12,0.2322911735539336,-0.17302988263288505,-0.34065041772159166,0.12607743872456423,7.346879283393978,3.3789232425588985e-08,-0.3036529347226043,0.983234493462332,1.0771995849936284,1.5469291660826012,2.9533591958923,3.110777659286819,0.15741846339451904,21.090812633057812,24.090812633057812,3.000000000000001,3.0,14.570584414130757,3.089965904949893,True,0,ok
25.03125,0.12375,0.2153155586350882,-0.15592792799484442,-0.3136915010223814,0.12793159433298795,6.964675576476502,3.4443082566005947e-09,-0.29317871135089457,1.0524453495604542,1.0934024666193902,1.5469291660826012,2.9872788292790378,3.1468424019341215,0.1595635726550837,20.84227432884375,23.84227432884375,3.000000000000001,3.0,14.294615998136472,3.126981149840485,True,0,ok
25.03125,0.1275,0.1977939300610119,-0.13801946613049035,-0.2852833474992013,0.13012053994525907,6.552451829779121,1.0527368358227886e-09,-0.28316432083365534,1.1377966539096402,1.1088940193910486,1.5469291660826012,3.0226086494692885,3.184438266852959,0.1618296173836704,20.56512376214749,23.56512376214749,3.000000000000001,3.0,14.007809596605906,3.166201383193043,True,0,ok
25.03125,0.13125,0.18085308658805832,-0.12048077512696122,-0.25700008213559256,0.13250983885126585,6.149995126984972,1.8108220659755166e-09,-0.2736731059307495,1.234513906657076,1.1235762565459115,1.5469291660826012,3.0566122051477547,3.2206532569157775,0.16404105176802286,20.312271104374204,23.312271104374208,3.000000000000001,3.0,13.74224963712117,3.203780455709179,True,0,ok
25.03125,0.135,0.16429615468043343,-0.102910137400779,-0.22831358404858346,0.13513730161348464,5.743681006982118,2.73393552460743e-09,-0.26463080189425486,1.3480548498126623,1.1375640603885515,1.5469291660826012,3.090214636397557,3.256470255266448,0.1662556188688913,20.066136582055606,23.066136582055606,3.000000000000001,3.0,13.486478044221236,3.241001066405031,True,0,ok
25.03125,0.13874999999999998,0.14805828259889375,-0.0849467268173131,-0.1987073067230854,0.13806963821305568,5.3205564033830335,3.1831859729234346e-09,-0.2560362654697821,1.4868383959760787,1.1508591994525277,1.5469291660826012,3.1242096629578944,3.2927351638099887,0.16852550085209428,19.81167829484313,22.81167829484313,3.000000000000001,3.0,13.231363951889318,3.2789922613435594,True,0,ok
25.03125,0.1425,0.13298642666308966,-0.06725360402162331,-0.16911437144322183,0.141185874461005,4.90289344010308,2.713692837932914e-10,-0.24787225869695984,1.6499144499680154,1.1634883396415023,1.5469291660826012,3.1571724261906464,3.3279270580507054,0.17075463186005901,19.57542921288541,22.57542921288541,3.000000000000001,3.0,12.992248173582542,3.315724685961718,True,0,ok
25.03125,0.14625,0.11891675274383852,-0.04890850308247673,-0.13820640872691894,0.14467387173383062,4.458893286603634,1.269199559795813e-08,-0.24012157565138154,1.8590268309559494,1.1754780973017693,1.5469291660826012,3.191031009501891,3.364104136582801,0.17307312708090983,19.322149336847712,22.322149336847712,3.000000000000001,3.0,12.748095542769146,3.3539411558475116,True,0,ok
25.03125,0.15,0.1072018440663243,-0.030999248874812122,-0.10748990304620473,0.1481947145682885,4.028016972967752,3.0550962739700518e-09,-0.2328100446112924,2.1079682007032114,1.1867885179164015,1.5469291660826012,3.2235913108175676,3.3989214608323075,0.17533015001473995,19.091423911972566,22.091423911972566,3.000000000000001,3.0,12.518948663876579,3.390215614816779,True,0,ok
25.03125,0.15375,0.09836384313982688,-0.012442936274738001,-0.07549651863108361,0.1522228166969678,3.567073965613115,2.8456336145823064e-09,-0.22584830763294703,2.445064225302855,1.1975578318947997,1.5469291660826012,3.2569457167844273,3.4346157402415245,0.17767002345709715,18.84597931747506,21.84597931747506,3.000000000000001,3.0,12.28879890794293,3.4281466793162068,True,0,ok
25.03125,0.1575,0.09058444694148682,-0.05479728895298072,-0.07938208788212082,0.12374315063858647,4.253945174943314,6.342801454410784e-10,-0.21442039551266326,1.666678808416251,1.2152360024610955,1.5469291660826012,3.2894273499208846,3.2894273499208837,-8.881784197001252e-16,18.615234476742355,18.615234476742355,0.0,0.0,11.343905450185897,3.3712944776423686,True,0,ok
25.03125,0.16125,0.0817048166313573,-0.03824070491761511,-0.04824899649342028,0.12742336523209927,3.8261696807446874,4.89648854935893e-10,-0.20785022590922098,1.9081278794024525,1.2253995894467697,1.5469291660826012,3.3222324522203546,3.3222324522203555,8.881784197001252e-16,18.378445169966184,18.378445169966184,0.0,0.0,11.126990719898007,3.4069361626214345,True,0,ok
25.03125,0.16499999999999998,0.07744218111434255,-0.021679293504107366,-0.01674514110216339,0.1313068266689562,3.39452101808173,6.397792497506539e-10,-0.2016222700438533,2.216314746414068,1.2350337960199822,1.5469291660826012,3.3545822071488396,3.3545822071488396,0.0,18.148942422440097,18.148942422440097,0.0,0.0,10.917848007468763,3.4421163068382445,True,0,ok
25.03125,0.16875,0.07874216818296897,-0.005059041599518265,0.015305564971610284,0.13542943893208403,2.953444368147415,2.096631404856525e-09,-0.19571414978712376,2.627283369992982,1.2441732395618406,1.5469291660826012,3.3868292841255214,3.386829284125519,-2.220446049250313e-15,17.920827990362145,17.920827990362145,0.0,0.0,10.71297964078055,3.477264114307331,True,0,ok
25.03125,0.1725,0.08558373713483183,0.011647682151140367,0.0479268881360914,0.13978938829535154,2.5029718668162864,2.003307816399238e-09,-0.19012159824341707,3.1999328782815217,1.2528245206576207,1.5469291660826012,3.418942118006877,3.4189421180068766,-4.440892098500626e-16,17.69457102169774,17.69457102169774,0.0,0.0,10.5123138368554,3.5123405845693525,True,0,ok
25.03125,0.17625,0.0969810605027,0.028402130928613108,0.08102776757092649,0.14437381386481038,2.045162434803476,1.1349901630436765e-09,-0.18483008586956626,4.044671496939478,1.2610101154814175,1.5469291660826012,3.4507689224921863,3.4507689224921863,0.0,17.472742702201312,17.472742702201312,0.0,0.0,10.31717264146444,3.5471567810330993,True,0,ok
25.03125,0.18,0.11177429041967495,0.04525046088478939,0.11475139976490879,0.1492145704620489,1.575890387783765,3.074307291846328e-10,-0.1798342641289451,5.425101387512198,1.268738297840534,1.5469291660826012,3.4825429250800664,3.482542925080066,-4.440892098500626e-16,17.25150213964826,17.25150213964826,0.0,0.0,10.125255517116603,3.5819943495931907,True,0,ok
25.125,0.12,0.22243416643418704,-0.1619397498317333,-0.32521512756062504,0.1282244649900201,7.106370002488237,4.105756823580611e-09,-0.2993042395352244,1.0338218628749616,1.0839267084133895,1.5469291660826012,2.9785717421129494,3.1375818152640345,0.15901007315108506,21.037155432941166,24.03715543294117,3.000000000000001,3.0,14.453090676739373,3.1133310423965996,True,0,ok
25.125,0.12375,0.20490669060588676,-0.1440713720661793,-0.29702361742756234,0.1303098845306196,6.7013040236894605,1.356886330520273e-09,-0.28893190816516623,1.114142320069074,1.099971970330006,1.5469291660826012,3.013854718375825,3.17511985008992,0.16126513171409496,20.76985703061403,23.769857030614034,3.000000000000001,3.0,14.167510436131057,3.152123855189332,True,0,ok
25.125,0.1275,0.18721312243299737,-0.1257365544323436,-0.2678109201485051,0.13271732954678794,6.277301793613112,3.05544959402968e-08,-0.27906946661604254,1.2113712389955091,1.1152284688111302,1.5469291660826012,3.0497155742518665,3.2133056924168266,0.16359011816496016,20.490334587134157,23.49033458713416,3.000000000000001,3.0,13.88144464489096,3.19196973205045,True,0,ok
25.125,0.13125,0.17060038599727323,-0.10825286152880347,-0.23938219897196028,0.1352440604737612,5.879382969265252,3.036696762922509e-09,-0.2697213014657283,1.317980800003402,1.1296894181315082,1.5469291660826012,3.0831755059929447,3.248964811952385,0.1657893059594402,20.25508925259462,23.255089252594622,3.000000000000001,3.0,13.628296838623845,3.2286505004027486,True,0,ok
25.125,0.135,0.1537571069519472,-0.08978232238703464,-0.2092129476995416,0.13817677415671936,5.444618809247329,1.7491779256070105e-09,-0.26081038161091735,1.4540863673442022,1.1434739799515399,1.5469291660826012,3.118316554232341,3.2864464494292496,0.16812989519690857,19.98739458756118,22.98739458756118,3.000000000000001,3.0,13.361564795159694,3.2679343478187555,True,0,ok
25.125,0.13874999999999998,0.13822216395341586,-0.07186728256901002,-0.17944051192798371,0.14125259714095212,5.0249256938468845,2.2990132318647533e-10,-0.25236857776891786,1.610606435702817,1.156532852529077,1.5469291660826012,3.151790938442563,3.322179752520834,0.170388814078271,19.749486809736755,22.749486809736755,3.000000000000001,3.0,13.118103355285118,3.3050709858922644,True,0,ok
25.125,0.1425,0.12353621640093357,-0.05328861935786954,-0.14833896050498127,0.14470475504007657,4.578591526516392,4.121547443216314e-10,-0.24434592259321158,1.8108127119998796,1.1689433318098006,1.5469291660826012,3.186177158086142,3.3589161259914952,0.17273896790535304,19.49420012705872,22.49420012705872,3.000000000000001,3.0,12.869563265787207,3.3437223982407183,True,0,ok
25.125,0.14625,0.11096404775640653,-0.034878042998737514,-0.11708720059754668,0.1483683566541946,4.133266612988724,2.534283160288e-08,-0.23675316436624985,2.056697872540623,1.1806887909621013,1.5469291660826012,3.2197488395737826,3.3948112392480887,0.17506239967430615,19.252755286669334,22.252755286669334,3.000000000000001,3.0,12.634147262565817,3.3814282520485324,True,0,ok
25.125,0.15,0.10109143163475832,-0.016216021672644708,-0.0849913813524228,0.1522233174872181,3.677052325201305,2.8264984682946014e-10,-0.22959554100390442,2.37194167070225,1.1917611273011477,1.5469291660826012,3.253433882557436,3.4308562211611435,0.1774223386037077,19.008712288258042,22.008712288258046,3.000000000000001,3.0,12.398805960698882,3.4191779609105524,True,0,ok
25.125,0.15375,0.0937043771419468,-0.056707470480837525,-0.08725076722257037,0.12455158488521288,4.322948601598,6.199138037781663e-09,-0.21805227327772625,1.650789959184375,1.2096177448186727,1.5469291660826012,3.2868467790668365,3.286846779066838,1.3322676295501878e-15,18.768768757061146,18.768768757061146,0.0,0.0,11.459228747186113,3.3654719928424877,True,0,ok
25.125,0.1575,0.08399218289592668,-0.039907051607862204,-0.05590112778012,0.128244109056699,3.892339426143662,1.1711635962758592e-09,-0.21128738944791756,1.8877711812621116,1.2200825409201643,1.5469291660826012,3.3200608704459564,3.320060870445956,-4.440892098500626e-16,18.53178941005869,18.53178941005869,0.0,0.0,11.24018562250797,3.4014738602790855,True,0,ok
25.125,0.16125,0.07866768742372549,-0.02292566437229098,-0.023852297135873612,0.1321790337694371,3.4510270924603663,2.754182325192911e-09,-0.20487721163106828,2.1945063229586648,1.2299986319448242,1.5469291660826012,3.3532526268428287,3.3532526268428273,-1.3322676295501878e-15,18.294666092265757,18.294666092265757,0.0,0.0,11.024327867566297,3.437555345040481,True,0,ok
25.125,0.16499999999999998,0.07894210618208537,-0.006019693164106615,0.0085073933979508,0.1363339867280842,3.0052797018301796,6.838081455049218e-10,-0.19880184472247206,2.599212991374739,1.2393967942103847,1.5469291660826012,3.3859903019108972,3.385990301910897,-4.440892098500626e-16,18.06481122335284,18.06481122335284,0.0,0.0,10.816641745541983,3.4731750464285414,True,0,ok
25.125,0.16875,0.08498837234615293,0.011076535366553335,0.041639539587913096,0.1407569870710691,2.545973879817508,3.5207063010419965e-10,-0.19305450588654274,3.1676606582970237,1.248287520283043,1.5469291660826012,3.4188347319652155,3.418834731965215,-4.440892098500626e-16,17.832789453773188,17.832789453773188,0.0,0.0,10.610755175967261,3.5090275143949587,True,0,ok
25.125,0.1725,0.09587851717076049,0.028154425988604476,0.07513618434238788,0.1453958467918198,2.08176788827396,3.177997261627362e-10,-0.18762120742675553,4.001679739045771,1.2566924481385195,1.5469291660826012,3.4512145162218317,3.451214516221832,4.440892098500626e-16,17.60808889356488,17.60808889356488,0.0,0.0,10.412336268175965,3.544403351033321,True,0,ok
25.125,0.17625,0.11047317035810837,0.045376683661423556,0.10936237606909445,0.150312312826754,1.6039062572151628,4.66970458374421e-09,-0.1824949334277742,5.369553921920902,1.2646224309008747,1.5469291660826012,3.483648043142736,3.483648043142736,0.0,17.382233626338675,17.382233626338675,0.0,0.0,10.216167391038315,3.5799383102167153,True,0,ok
25.125,0.18,0.12754675656639033,0.06256627687452877,0.14395925014781535,0.15545327473796314,1.1199261179814546,2.5143183206629435e-09,-0.17766008208075298,7.953039411230553,1.2721016034632555,1.5469291660826012,3.515656701102859,3.5156567011028597,4.440892098500626e-16,17.162921431514178,17.162921431514178,0.0,0.0,10.0267426719544,3.6150392208585544,True,0,ok
25.21875,0.12,0.21233886759456888,-0.15048377242582275,-0.30918014155850865,0.13048240638639874,6.85673596713973,3.201515004688631e-09,-0.2949781643462378,1.090327996072764,1.0906188402978991,1.5469291660826012,3.004413042739297,3.1650715622515277,0.16065851951223076,20.979014695373852,23.979014695373852,3.000000000000001,3.0,14.332827153791238,3.1373217248148317,True,0,ok
25.21875,0.12375,0.1942441393905148,-0.1317650813633967,-0.27961689586765076,0.13283339919358395,6.425515433184036,6.97094417998687e-10,-0.2847233349034991,1.1844642241248895,1.1064823350560742,1.5469291660826012,3.0412133660168017,3.2042492559794225,0.16303588996262075,20.690153951106424,23.690153951106424,3.000000000000001,3.0,14.036308585352868,3.1781302166672973,True,0,ok
25.21875,0.1275,0.1770032144730406,-0.11366900326462608,-0.25049411849449066,0.13536051158983609,6.0123503050028,4.2473033116128017e-10,-0.27502648923045336,1.2899424739732726,1.1214826684467105,1.5469291660826012,3.076097131307897,3.2414188058565117,0.1653216745486148,20.436581089835396,23.436581089835396,3.000000000000001,3.0,13.767936331832074,3.2164705055760017,True,0,ok
25.21875,0.13125,0.15997974699983492,-0.0952102377640851,-0.2204940421013678,0.13819531964976312,5.583840407073923,3.213787489182553e-09,-0.2657951408214628,1.4180220040604639,1.1357629105428482,1.5469291660826012,3.111268062203214,3.278925955742029,0.1676578935388151,20.17669370412624,23.17669370412624,3.000000000000001,3.0,13.501848971466684,3.2554449595524133,True,0,ok
25.21875,0.135,0.14368385496633274,-0.07666524880298528,-0.1899773087557809,0.14130184824638875,5.148409247433328,3.2003553080690936e-09,-0.25704749681047834,1.5725244736424677,1.149294896197948,1.5469291660826012,3.146137747284441,3.3161430680340542,0.17000532074961328,19.921278607510125,22.92127860751013,3.000000000000001,3.0,13.244408789349436,3.294224471408919,True,0,ok
25.21875,0.13874999999999998,0.1285502382623548,-0.05805832705205046,-0.1589809996670097,0.14467122615337152,4.706851175923068,1.178660002082639e-09,-0.24874570394188336,1.761060710389949,1.162137181717154,1.5469291660826012,3.180640306650819,3.3529988248101894,0.17235851815937053,19.671788043139003,22.671788043139003,3.000000000000001,3.0,12.995901851493912,3.3327039912120413,True,0,ok
25.21875,0.1425,0.11502693174350904,-0.03910322650482245,-0.1270845572153285,0.14837128453064669,4.248782168287291,1.0861461412202901e-10,-0.24088880006022692,2.000820015672293,1.174291255486796,1.5469291660826012,3.21536401001973,3.390121323238278,0.17475731321854804,19.417423430917385,22.41742343091739,3.000000000000001,3.0,12.749830572828026,3.3717293090479976,True,0,ok
25.21875,0.14625,0.10420733360064474,-0.02032919215305275,-0.09493800979777263,0.15215453779138655,3.7942861280051194,5.950333536961774e-10,-0.2334877698928935,2.29761608774447,1.1857401249117012,1.5469291660826012,3.249375496720147,3.426511990560989,0.17713649384084196,19.175051012611014,22.175051012611018,3.000000000000001,3.0,12.512098977215354,3.4095615317972507,True,0,ok
25.21875,0.15,0.09711495865719244,-0.0010515453074541996,-0.06175393749956351,0.15645859209621876,3.314407387587993,1.1689037227165939e-09,-0.22646528979504532,2.704681696415101,1.1966034041932971,1.5469291660826012,3.283751858964835,3.4633227277923413,0.1795708688275064,18.92559285317108,21.92559285317108,3.000000000000001,3.0,12.278824383260227,3.448560016841172,True,0,ok
25.21875,0.15375,0.08658047974484306,-0.04186661942434735,-0.06398988490483656,0.12900007452084736,3.9652435335971,7.340419342909702e-11,-0.21484896601006298,1.863986351479581,1.2145730342589454,1.5469291660826012,3.317385513169884,3.3173855131698846,4.440892098500626e-16,18.68842352742887,18.68842352742887,0.0,0.0,11.356403360514758,3.395434147914691,True,0,ok
25.21875,0.1575,0.08014186833829869,-0.02445507473699315,-0.03139165346855797,0.13298372304300124,3.514136532992785,4.008095522979404e-10,-0.20824457862595172,2.1682157203526753,1.224789553727535,1.5469291660826012,3.3514479825776147,3.3514479825776142,-4.440892098500626e-16,18.44341645350215,18.44341645350215,0.0,0.0,11.13354260729339,3.432445640286615,True,0,ok
25.21875,0.16125,0.07930796602393819,-0.007259124409291578,0.0012766039309647919,0.13716754652532162,3.0637866736487505,2.6625978059445294e-11,-0.20199206384048857,2.5651660311929088,1.2344617512105307,1.5469291660826012,3.384690042245101,3.384690042245102,8.881784197001252e-16,18.21177003765732,18.21177003765732,0.0,0.0,10.922908175714038,3.4685464646879676,True,0,ok
25.21875,0.16499999999999998,0.08442933113201823,0.010215212050473151,0.03488749304818032,0.14164550165034182,2.5963814534972873,9.447532463826106e-10,-0.196077487101312,3.1257692973604514,1.2436111824733966,1.5469291660826012,3.418237641052496,3.4182376410524977,1.7763568394002505e-15,17.974614747889387,17.974614747889387,0.0,0.0,10.71207088507521,3.505134447342303,True,0,ok
25.21875,0.16875,0.09472491555057895,0.027648586778710356,0.06883293331303247,0.14634210542033585,2.1247770804275135,2.2943128867293063e-09,-0.19049197686622873,3.94619514813138,1.2522515711634998,1.5469291660826012,3.4512488310493774,3.451248831049377,-4.440892098500626e-16,17.74591657769944,17.74591657769944,0.0,0.0,10.509562086071327,3.541161529491128,True,0,ok
25.21875,0.1725,0.10901039234021566,0.04520891873500761,0.10348168108932511,0.15131917347197593,1.6400544803948565,8.62615361950153e-10,-0.18522473998088929,5.286379265440516,1.2603996135260975,1.5469291660826012,3.484255443979739,3.484255443979738,-8.881784197001252e-16,17.517001001823967,17.517001001823967,0.0,0.0,10.310004479747045,3.57728101957198,True,0,ok
25.21875,0.17625,0.1260449203055931,0.06278850866417143,0.1386120891139131,0.15654474675228114,1.146891133764824,2.1410783524137941e-10,-0.18026501757792057,7.820579503833903,1.268071952766923,1.5469291660826012,3.516947279265551,3.5169472792655516,4.440892098500626e-16,17.292852917897736,17.292852917897736,0.0,0.0,10.116244427614834,3.6131067063160227,True,0,ok
25.21875,0.18,0.14507324119784426,0.08046842997059149,0.17437301331230862,0.1620420314035749,0.6421894221781838,2.536854694633665e-10,-0.1756011284277876,14.457299018816808,1.27528665892064,1.5469291660826012,3.5494817946952155,3.549481794695217,1.3322676295501878e-15,17.070986621964266,17.070986621964266,0.0,0.0,9.926513925329372,3.648832808257649,True,0,ok
25.3125,0.12,0.20171597910642936,-0.1382905860216125,-0.29202610367241305,0.13290777732060818,6.585177877383146,1.7321616148401945e-09,-0.29065064977364763,1.1563931676150139,1.0973131988068863,1.5469291660826012,3.031703365520343,3.194121540430815,0.16241817491047206,20.90041498051576,23.90041498051576,3.000000000000001,3.0,14.200232582318556,3.163114597535455,True,0,ok
25.3125,0.12375,0.18366763066205852,-0.1193560796858832,-0.2619292598232522,0.1354569479558112,6.149410364184304,4.190829962322646e-10,-0.280564378762793,1.262090341017713,1.1129159456105908,1.5469291660826012,3.0685359013523885,3.2333594652221467,0.16482356386975816,20.61905708219328,23.61905708219328,3.000000000000001,3.0,13.91052178777553,3.2038345428533193,True,0,ok
25.3125,0.1275,0.16654818327571813,-0.10099616179399909,-0.23221047032391004,0.1381772949227022,5.729972455427422,3.0526344051513775e-09,-0.2710040719864513,1.3816778152408649,1.1277050629996108,1.5469291660826012,3.1035697473638257,3.270713575027823,0.16714382766399716,20.37037780146557,23.370377801465573,3.000000000000001,3.0,13.646948279032715,3.2422442237546267,True,0,ok
25.3125,0.13125,0.14948676725598084,-0.08180316408216488,-0.20094642780663047,0.1413069575492743,5.278567111164754,1.7727704883320105e-10,-0.261924838076188,1.5338049347299478,1.1417499947410834,1.5469291660826012,3.139884747195957,3.309466833823499,0.16958208662754215,20.096873486201634,23.096873486201634,3.000000000000001,3.0,13.374859394572457,3.2827195808086165,True,0,ok
25.3125,0.135,0.1339357412215878,-0.0631717510608408,-0.1700591642710201,0.14458754733751364,4.842037349912216,1.021591390563782e-10,-0.25333037027335475,1.7109030009315653,1.155045027652244,1.5469291660826012,3.17450446805744,3.346442287893688,0.171937819836248,19.853354621730407,22.853354621730407,3.000000000000001,3.0,13.12629358249975,3.3210133339052867,True,0,ok
25.3125,0.13874999999999998,0.11948206640118064,-0.043691237041356364,-0.13756028092057013,0.14831094866306488,4.372108458932926,1.26777862700466e-09,-0.24518819870802022,1.943591174325303,1.1676403903219084,1.5469291660826012,3.210358682378322,3.38476833112906,0.17440964875073783,19.586708188065383,22.586708188065387,3.000000000000001,3.0,12.869699872907963,3.361311428395029,True,0,ok
25.3125,0.1425,0.10772219206073508,-0.024763727009944586,-0.1052973316418628,0.15202447750540102,3.917939055996881,4.757395485513165e-10,-0.23753022745524044,2.223199702509087,1.1794867294058555,1.5469291660826012,3.2448067240946723,3.421621922497066,0.17681519840239357,19.344257807476275,22.344257807476275,3.000000000000001,3.0,12.628299999737882,3.399355638204093,True,0,ok
25.3125,0.14625,0.09934339955531804,-0.005098200853545486,-0.07168936883406109,0.15633929720276202,3.4308700750307217,6.382327126760468e-10,-0.23026075660397805,2.6108776216713743,1.1907320858876607,1.5469291660826012,3.279984054610071,3.459286651842529,0.179302597232458,19.088297918835377,22.088297918835377,3.000000000000001,3.0,12.38845197679042,3.439183871502508,True,0,ok
25.3125,0.15,0.08946622855334761,-0.04408472085151785,-0.07243875161969086,0.12969881574595804,4.043381853884462,2.46347816283705e-08,-0.2185343235791427,1.8378661770342517,1.2088720471478926,1.5469291660826012,3.3142971257297744,3.314297125729774,-4.440892098500626e-16,18.846671271782863,18.846671271782863,0.0,0.0,11.474576603972764,3.3889357344080397,True,0,ok
25.3125,0.15375,0.0819325360737242,-0.02640085933719467,-0.03954825769307961,0.13370770861141767,3.5871352366078852,9.77700459014167e-08,-0.21171879043954933,2.135656139645194,1.2194151941439322,1.5469291660826012,3.348944039989951,3.3489440399899504,-4.440892098500626e-16,18.5988083927109,18.5988083927109,0.0,0.0,11.248022628407131,3.4265144704754094,True,0,ok
25.3125,0.1575,0.07988120851843547,-0.008738609817626234,-0.006299114409226557,0.13793832056108288,3.127386088661424,3.223059327418088e-10,-0.20527927111211952,2.52712117315052,1.229376674407086,1.5469291660826012,3.3830197446016474,3.383019744601648,4.440892098500626e-16,18.360051821425806,18.360051821425806,0.0,0.0,11.030669689934099,3.4634990723120214,True,0,ok
25.3125,0.16125,0.08393939111216149,0.009038993134509028,0.027638042866250576,0.14244963787415832,2.655068561803825,3.025958434937136e-10,-0.19918965422435284,3.0740309914299098,1.2387968803810414,1.5469291660826012,3.417090331677188,3.4170903316771866,-1.3322676295501878e-15,18.120986580078252,18.120986580078252,0.0,0.0,10.81683160516002,3.5005890714876196,True,0,ok
25.3125,0.16499999999999998,0.09354185722006905,0.0268591466595303,0.06209969771478127,0.1472156613305595,2.1741729282152,2.1093384684678378e-10,-0.19344515390141467,3.879560803561554,1.2476832154751654,1.5469291660826012,3.4508718306598833,3.450871830659884,4.440892098500626e-16,17.88625595860136,17.88625595860136,0.0,0.0,10.609009000683535,3.5374293518473516,True,0,ok
25.3125,0.16875,0.1074422460620661,0.04478627040100206,0.09718994191563306,0.15224918354654277,1.6826721152563988,9.100277516270128e-10,-0.1880307140897895,5.184156540325329,1.2560589703377671,1.5469291660826012,3.4844633583890015,3.484463358389001,-4.440892098500626e-16,17.65430555458074,17.65430555458074,0.0,0.0,10.405907766785914,3.574141731137377,True,0,ok
25.3125,0.1725,0.1243868892165963,0.06276635756136184,0.13286147663811845,0.15755794810470014,1.1802249680788808,2.546712509429308e-10,-0.1829379560665593,7.648885339068014,1.2639371062597031,1.5469291660826012,3.517860885909952,3.5178608859099514,-4.440892098500626e-16,17.425156124108536,17.425156124108536,0.0,0.0,10.207630423219447,3.6107140105423094,True,0,ok
25.3125,0.17625,0.14345611376718578,0.08080970447874022,0.1691018247528952,0.1631359379745954,0.6674909904905245,4.4147955066741514e-10,-0.17815263713539461,14.003186359089861,1.271339655683329,1.5469291660826012,3.550998313024891,3.550998313024892,8.881784197001252e-16,17.199895003971744,17.199895003971744,0.0,0.0,10.014491723342816,3.6470639706048096,True,0,ok
25.3125,0.18,0.16409050519550855,0.09893060235046762,0.20597784783825526,0.16900575080288205,0.1420779834650706,2.431242124301485e-10,-0.17366864830287357,68.15493856460509,1.2782760687887444,1.5469291660826012,3.5839872563924944,3.583987256392494,-4.440892098500626e-16,16.976738583708904,16.976738583708904,0.0,0.0,9.825394217909937,3.6833246119133474,True,0,ok
25.40625,0.12,0.19094194464938957,-0.1257331674820938,-0.27425213368738904,0.13547478157319873,6.3037691383010825,7.736365609934852e-09,-0.2863895995012435,1.2313479514087884,1.1039047417514125,1.5469291660826012,3.0595820127264513,3.2238176211723446,0.16423560844589336,20.817941792971578,23.817941792971578,3.000000000000001,3.0,14.065902352902064,3.1895053626781724,True,0,ok
25.40625,0.12375,0.17338522071768428,-0.10703617074316507,-0.2442263516151364,0.13814503834506708,5.8787868266188115,1.4865784321696042e-08,-0.2764704377865213,1.3463879353485009,1.1192489823110061,1.5469291660826012,3.0954434046094894,3.262046229338783,0.16660282472929344,20.562662775744812,23.562662775744815,3.000000000000001,3.0,13.793914484464079,3.2287049333910502,True,0,ok
25.40625,0.1275,0.15592040358156323,-0.0876565379755043,-0.21286752348186597,0.1411993822789564,5.427303444923749,2.7116773409667963e-10,-0.26704051483932206,1.4906350375535657,1.1338364051519403,1.5469291660826012,3.1322364480746323,3.3013022148313147,0.1690657667566824,20.28899135466648,23.288991354666482,3.000000000000001,3.0,13.517432119362258,3.2694817467462824,True,0,ok
25.40625,0.13125,0.13960104278438393,-0.06848846102392121,-0.18137792676445225,0.14448782588393388,4.978548519456204,9.784867535822824e-10,-0.2581274914145888,1.66284261001332,1.1476242210456375,1.5469291660826012,3.168061394032655,3.339558479644487,0.17149708561183186,20.031939348302366,23.03193934830237,3.000000000000001,3.0,13.257091133626709,3.3091274658404934,True,0,ok
25.40625,0.135,0.12451460967722626,-0.04892485687670237,-0.14891727639825605,0.14812719952438047,4.512000977189711,6.642562578806942e-10,-0.24968283998666455,1.8809976785788294,1.1606874986368947,1.5469291660826012,3.2041631704907343,3.3781433645403105,0.1739801940495762,19.76904567724209,22.76904567724209,3.000000000000001,3.0,12.999064341028966,3.3494149330882848,True,0,ok
25.40625,0.13874999999999998,0.11169684488833286,-0.0293229619578083,-0.11597135090771687,0.15205053483853648,4.038807195172302,2.842094354769751e-10,-0.24171183161890336,2.1570363471097482,1.173018083964073,1.5469291660826012,3.239823605520799,3.4162889708656454,0.17646536534484625,19.513069465527764,22.513069465527764,3.000000000000001,3.0,12.750661114127329,3.389316904369831,True,0,ok
25.40625,0.1425,0.1020486815971734,-0.0096625668622113,-0.08233888086142446,0.15610491263020929,3.55983103826385,9.211962157560027e-11,-0.23421878463055465,2.5125216783691977,1.184609296893177,1.5469291660826012,3.275348556028742,3.4543215914319134,0.17897303540317155,19.25880709379606,22.258807093796065,3.000000000000001,3.0,12.503983693233302,3.4287355581636842,True,0,ok
25.40625,0.14625,0.09269597788934228,-0.04662279575793893,-0.0813536933566338,0.13032852505699818,4.128160130351326,1.366361114410076e-09,-0.22237340534724934,1.8088625925698993,1.2029332595898325,1.5469291660826012,3.3106758762746784,3.3106758762746784,0.0,19.007211892344635,19.007211892344635,0.0,0.0,11.595434566282318,3.38185568666875,True,0,ok
25.40625,0.15,0.08405986547252725,-0.02868126142432912,-0.04824596438097798,0.13434245462189842,3.669234613224882,5.842122938584441e-09,-0.2153402076441245,2.09778236352607,1.2138131182476215,1.5469291660826012,3.345767421747036,3.345767421747034,-1.7763568394002505e-15,18.759113809167296,18.759113809167296,0.0,0.0,11.366490272487441,3.41981717154226,True,0,ok
25.40625,0.15375,0.08069771300045468,-0.010564955428827289,-0.01441835109256259,0.1386248733780116,3.199205834602455,4.282856354786646e-10,-0.2086987672836157,2.4826849508051385,1.2240869560460907,1.5469291660826012,3.3807596858998576,3.3807596858998576,0.0,18.512094281004682,18.512094281004682,0.0,0.0,11.141826014697964,3.4577792788292325,True,0,ok
25.40625,0.1575,0.08355853500591671,0.007517580948045475,0.019837828376022854,0.14316435610520545,2.7221719430777673,5.791869583794733e-09,-0.20242302814854826,3.0132973056294245,1.2337950799528525,1.5469291660826012,3.4153631687623083,3.41536316876231,1.7763568394002505e-15,18.27113042846637,18.27113042846637,0.0,0.0,10.924885324614019,3.495374837865955,True,0,ok
25.40625,0.16125,0.09232848033189887,0.025758687429780283,0.054842147090099436,0.14799484371300337,2.2319039410832877,8.763190687987503e-11,-0.19650777461043206,3.7992136571691693,1.2429455581757378,1.5469291660826012,3.449940404100639,3.449940404100639,0.0,18.03014595610845,18.03014595610845,0.0,0.0,10.711383875536606,3.5330552252125558,True,0,ok
25.40625,0.16499999999999998,0.10572892390764174,0.0440335282350068,0.09034800313388229,0.15308201322461285,1.7337540574292922,1.1991747579403583e-10,-0.19093654615529726,5.058937419383012,1.2515638539638951,1.5469291660826012,3.484132320078202,3.484132320078202,0.0,17.795080492669126,17.795080492669126,0.0,0.0,10.504707334565461,3.5703697645779813,True,0,ok
25.40625,0.16875,0.12251219335935841,0.06242238033378646,0.12656266728209842,0.15847097604630142,1.2219965554352636,1.8579561369208012e-09,-0.18570145499894564,7.430232157682087,1.2596621691607566,1.5469291660826012,3.5182579629404716,3.518257962940472,4.440892098500626e-16,17.560750857353412,17.560750857353412,0.0,0.0,10.3017146582071,3.607709799473705,True,0,ok
25.40625,0.1725,0.1415780146012803,0.08083583386960427,0.1632824924678336,0.1641261657122917,0.7012892384562704,1.0203421979248147e-08,-0.18078611541108539,13.409212757462633,1.267265851330418,1.5469291660826012,3.5520149494522832,3.5520149494522846,1.3322676295501878e-15,17.33199594393472,17.33199594393472,0.0,0.0,10.105025841435348,3.6446975081342554,True,0,ok
25.40625,0.17625,0.16237164556989042,0.09936293906941426,0.20072002312223566,0.17009448113480755,0.16616215651947452,2.2865347643142856e-10,-0.17618539513844877,58.65171764516585,1.274382839705147,1.5469291660826012,3.5856893103246508,3.5856893103246517,8.881784197001252e-16,17.104305558698808,17.104305558698808,0.0,0.0,9.911858044011549,3.681683921522439,True,0,ok
25.40625,0.18,0.1843543918449865,0.11790756985634818,0.23866669789967515,0.17633955217658925,-0.3789797319833369,2.1733321929252527e-09,-0.17188221997432368,26.65976897516453,1.2810395468732945,1.5469291660826012,3.6190074867744473,3.619007486774447,-4.440892098500626e-16,16.881917885108727,16.881917885108727,0.0,0.0,9.724532368962198,3.7183265937029484,True,0,ok
25.5,0.12,0.18033386861192588,-0.11315420832043456,-0.2562767331587312,0.13812774408674833,6.02557383468659,8.140027095347578e-10,-0.2821426496395877,1.3134245778012996,1.1104744723592983,1.5469291660826012,3.0872267027001343,3.253284228336728,0.1660575256365937,20.749437644106017,23.74943764410602,3.000000000000001,3.0,13.939710604520384,3.215254975827176,True,0,ok
25.5,0.12375,0.16271937200343242,-0.09388137097153934,-0.22521785877233358,0.14105313307432665,5.583807724330446,3.4751898878087448e-09,-0.2723586599098649,1.4473544955785815,1.125609611432859,1.5469291660826012,3.1238942802328715,3.292398586915801,0.16850430668292926,20.487229136323386,23.48722913632339,3.000000000000001,3.0,13.665556936586524,3.2554479014503976,True,0,ok
25.5,0.1275,0.14554363915266003,-0.07402932016408266,-0.19294189383670068,0.14436737184055892,5.1183265556908175,4.493972181661346e-11,-0.26309774976498657,1.616083111512883,1.1399355834404417,1.5469291660826012,3.1612371271286155,3.33226855396439,0.17103142683577444,20.211349172140352,23.211349172140352,3.000000000000001,3.0,13.389967661550651,3.296873000420358,True,0,ok
25.5,0.13125,0.1299153897877429,-0.054445302786767916,-0.1606029056299005,0.1479068667060253,4.657248092836883,4.554906253167676e-10,-0.2543398577935703,1.8196237465411085,1.153483421964426,1.5469291660826012,3.197477814041089,3.370995689673565,0.17351787563247623,19.954497779325187,22.954497779325187,3.000000000000001,3.0,13.131687316096166,3.336973692961196,True,0,ok
25.5,0.135,0.11598649822569715,-0.03425533563631241,-0.12697508923721615,0.15186343208825331,4.170550619693735,2.5967246866836722e-08,-0.24607127780875873,2.086327325687149,1.166274329505018,1.5469291660826012,3.234392107366365,3.4104768762346462,0.1760847688682814,19.68461238979013,22.684612389790132,3.000000000000001,3.0,12.871684340722249,3.378304043158405,True,0,ok
25.5,0.13874999999999998,0.10519303635840012,-0.014506250279205886,-0.09331188088793999,0.1558177983508014,3.694248669699714,4.5537015787126795e-10,-0.2383040061834394,2.4166489634946866,1.1782897485231103,1.5469291660826012,3.2702818363477233,3.4488952713599175,0.17861343501219418,19.431998174573174,22.431998174573177,3.000000000000001,3.0,12.621950888221152,3.417771007046045,True,0,ok
25.5,0.1425,0.09623340206074064,-0.04939893673210227,-0.09057795971716194,0.13091211280766357,4.217919358317751,3.210513062277247e-09,-0.2263268165262337,1.7782965755919975,1.1968176125315446,1.5469291660826012,3.306658543622585,3.3066585436225844,-4.440892098500626e-16,19.170142273436007,19.170142273436007,0.0,0.0,11.718630909337403,3.374326210467916,True,0,ok
25.5,0.14625,0.08651744636513323,-0.03119333760506606,-0.05724603983424725,0.13492839652565083,3.756289124360854,3.77608314105184e-11,-0.21906413322830676,2.058102398787756,1.2080524691491288,1.5469291660826012,3.342214467560834,3.3422144675608343,4.440892098500626e-16,18.921717960366724,18.921717960366724,0.0,0.0,11.487116781748288,3.4126846894178993,True,0,ok
25.5,0.15,0.08180004853147949,-0.012609587077532836,-0.022830024928496083,0.139260662409582,3.275801513068234,2.371882558146894e-11,-0.21220772121371556,2.4357544791508863,1.218658852869179,1.5469291660826012,3.3781551391461715,3.3781551391461715,0.0,18.66618951159468,18.66618951159468,0.0,0.0,11.254849721333436,3.451655658425069,True,0,ok
25.5,0.15375,0.0833819775451738,0.005786158016377629,0.011753954966127786,0.14382637955568287,2.79398205579148,2.8242763822750628e-09,-0.20573552695950523,2.949426433897724,1.2286708789295693,1.5469291660826012,3.4133133783436,3.4133133783436,0.0,18.42320539042561,18.42320539042561,0.0,0.0,11.034626586978776,3.4897747074053975,True,0,ok
25.5,0.1575,0.09120396709673417,0.02446067720528668,0.047312179112790426,0.14872028718639738,2.2941731779470573,5.132422277432846e-09,-0.19963903551232717,3.714211667045628,1.2381017193599821,1.5469291660826012,3.4487145181881385,3.448714518188139,4.440892098500626e-16,18.175769047634933,18.175769047634933,0.0,0.0,10.815217961701164,3.52832249963625,True,0,ok
25.5,0.16125,0.10401835992347618,0.04309258558575799,0.08324389918248022,0.15386013102795895,1.7892587557236432,4.1713042566863787e-10,-0.19390233706490148,4.926920779362938,1.2469759855053257,1.5469291660826012,3.483530080418928,3.483530080418929,8.881784197001252e-16,17.93744855110638,17.93744855110638,0.0,0.0,10.604794898955536,3.566259834907323,True,0,ok
25.5,0.16499999999999998,0.12057815010917347,0.06189678133287871,0.1200040711870618,0.15932696636292148,1.268261261677291,2.0806018373534427e-10,-0.18851537524166975,7.197856633376417,1.2553092338662564,1.5469291660826012,3.5183950744239665,3.5183950744239674,8.881784197001252e-16,17.697991797386294,17.697991797386294,0.0,0.0,10.397023996895523,3.604374824789761,True,0,ok
25.5,0.16875,0.13961422661439904,0.08069503025364624,0.15722535384093803,0.16506028299189743,0.7392586811359959,1.1540990229325438e-09,-0.1834616245392091,12.792893505339771,1.2631270282260032,1.5469291660826012,3.552804032389899,3.5528040323898997,8.881784197001252e-16,17.46544666113605,17.46544666113605,0.0,0.0,10.196516261806723,3.642034041724717,True,0,ok
25.5,0.1725,0.16052585821581988,0.0996166537611994,0.19519355488725107,0.17111882389636604,0.19521360181463157,4.3652600637997433e-10,-0.17873454660996818,50.22388969501252,1.2704394829450913,1.5469291660826012,3.587133246968174,3.587133246968173,-8.881784197001252e-16,17.233902864390092,17.233902864390092,0.0,0.0,9.999600006318783,3.679702128553573,True,0,ok
25.5,0.17625,0.1827369211515648,0.11857236983670066,0.2337164123769407,0.17746993760302088,-0.3598375196321006,1.4936870383909208e-09,-0.17431914328702505,28.25797161313043,1.27726979912537,1.5469291660826012,3.621126718386911,3.621126718386911,0.0,17.007320625297805,17.007320625297805,0.0,0.0,9.808440895471062,3.7170572559601447,True,0,ok
25.5,0.18,0.20602616088709505,0.13761620631140986,0.2729305542202668,0.1841494752723966,-0.9296570188803089,4.1693965830829734e-15,-0.1702083632550713,11.349333698749232,1.2836288846521493,1.5469291660826012,3.654960355599673,3.6549603555996737,8.881784197001252e-16,16.78300891222046,16.78300891222046,0.0,0.0,9.621330713776734,3.754313986710145,True,0,ok
25.59375,0.12,0.1699165485775281,-0.10049926075291588,-0.23805426197684199,0.14087216681898845,5.747422974301343,6.725886981537226e-09,-0.2779544310773232,1.4043477651950738,1.1169533498071937,1.5469291660826012,3.1148228209255895,3.282718599890501,0.16789577896491137,20.6893170274915,23.6893170274915,3.000000000000001,3.0,13.818803583892258,3.240661583624564,True,0,ok
25.59375,0.12375,0.15203525600604073,-0.08015461513073284,-0.20527241769520194,0.14416181676601358,5.27182932986038,3.405074888786256e-09,-0.2683160939004008,1.5667926920254918,1.1318631746987133,1.5469291660826012,3.153313631747871,3.323805879283442,0.17049224753557102,20.401557442599543,23.401557442599543,3.000000000000001,3.0,13.53169299749127,3.2833169640362803,True,0,ok
25.59375,0.1275,0.1357408992783101,-0.06032146972027902,-0.1727420953182056,0.14764235166954776,4.808683917130726,2.454194905941251e-10,-0.2592261290772467,1.75916815782288,1.1459247064023153,1.5469291660826012,3.1901756976172164,3.3631898981149693,0.17301420049775285,20.142303663272017,23.14230366327202,3.000000000000001,3.0,13.267967545182096,3.323905054276941,True,0,ok
25.59375,0.13125,0.12083423600500087,-0.03974920159530762,-0.13873817911499847,0.15157327073441063,4.315679070447486,6.748944539130702e-10,-0.25063448105843744,2.0123156885192213,1.159215377307327,1.5469291660826012,3.22795592802079,3.4035906654637986,0.1756347374430085,19.865618945993784,22.865618945993784,3.000000000000001,3.0,13.000187770523011,3.3660863564399524,True,0,ok
25.59375,0.135,0.10891446276305253,-0.01945583295388584,-0.10466891849121841,0.1557336465342099,3.8261910588070807,2.6052208024840457e-10,-0.2425420032163134,2.3320530881629153,1.171733867307186,1.5469291660826012,3.2646275466961145,3.4428404435586053,0.17821289686249076,19.60758300617962,22.60758300617962,3.000000000000001,3.0,12.749071733399468,3.406934400858138,True,0,ok
25.59375,0.13874999999999998,0.10023213061665331,-0.052642047382413605,-0.10050289524152083,0.13140556654617475,4.31932968633405,1.2669324381985565e-09,-0.23045458351419393,1.7430909225202902,1.190432249387076,1.5469291660826012,3.30174524519411,3.30174524519411,0.0,19.34101504751342,19.34101504751342,0.0,0.0,11.848314053955344,3.365777863467685,True,0,ok
25.59375,0.1425,0.08936358629232231,-0.034046646916127105,-0.06673948962750507,0.13544082849386563,3.8504703053487668,3.4947843420531034e-10,-0.22294646480338345,2.015387012769294,1.2020467772032393,1.5469291660826012,3.338093336087411,3.3380933360874105,-4.440892098500626e-16,19.08690743657522,19.08690743657522,0.0,0.0,11.610658151802488,3.404932303436544,True,0,ok
25.59375,0.14625,0.08325918951395017,-0.015151627582589897,-0.03198678033734024,0.13979825456996542,3.363980552082863,4.720954172483569e-10,-0.21585443859311357,2.3810631025185516,1.213017639394528,1.5469291660826012,3.3747207132420955,3.374720713242096,4.440892098500626e-16,18.827470640505226,18.827470640505226,0.0,0.0,11.373830522237355,3.4445758871443033,True,0,ok
25.59375,0.15,0.08341867300263102,0.003715880876919914,0.003155498562388123,0.1444031165684832,2.8734503280226558,1.3677236154497325e-09,-0.20917703663420759,2.8793569344917884,1.2233471072384168,1.5469291660826012,3.410708671382148,3.410708671382148,0.0,18.57811519858829,18.57811519858829,0.0,0.0,11.147139455932395,3.483552972731942,True,0,ok
25.59375,0.15375,0.0900873132285505,0.02274420108569984,0.03910800059023576,0.14933331048705872,2.367531626374085,1.0482521835845342e-09,-0.2028847408220757,3.6139616199041438,1.233080843151823,1.5469291660826012,3.446748351176716,3.446748351176717,8.881784197001252e-16,18.327451964850756,18.327451964850756,0.0,0.0,10.923700057999266,3.5227272444629936,True,0,ok
25.59375,0.1575,0.1022156735661428,0.0418079847828562,0.07559042506206311,0.15453903007031553,1.8532863084910187,1.773713308905714e-10,-0.19697123581314546,4.777693631311531,1.2422286165239127,1.5469291660826012,3.4823669346391366,3.4823669346391366,0.0,18.083172037910575,18.083172037910575,0.0,0.0,10.707720501565415,3.5615040508411067,True,0,ok
25.59375,0.16125,0.11840887907170224,0.060981732839711006,0.11279515830227689,0.16006395113354355,1.325184625907786,6.07954019090802e-11,-0.19142118208523737,6.9205367107680775,1.2508141565089392,1.5469291660826012,3.51787192584346,3.517871925843459,-8.881784197001252e-16,17.840365784710617,17.840365784710617,0.0,0.0,10.49617347804808,3.600260507704942,True,0,ok
25.59375,0.16499999999999998,0.13738513234614533,0.08019794730318607,0.15057987135768414,0.1658855489774872,0.7862893614698646,2.462719216423063e-09,-0.18622227982773723,12.087842344519624,1.2588564900426789,1.5469291660826012,3.5530500130914784,3.5530500130914784,0.0,17.60239215849221,17.60239215849221,0.0,0.0,10.29083120009059,3.638727675318425,True,0,ok
25.59375,0.16875,0.15837695851653505,0.09952978994767481,0.18907699723972493,0.17202759370120124,0.2336835878091325,9.83587355786433e-10,-0.1813616087457295,42.17863638297383,1.2663756039061709,1.5469291660826012,3.588036606131262,3.5880366061312614,-4.440892098500626e-16,17.367153396748016,17.367153396748016,0.0,0.0,10.09013866667927,3.6770732551426493,True,0,ok
25.59375,0.1725,0.18080053277691627,0.11890622548201032,0.2281889504406279,0.17848700343631832,-0.33175613417678435,1.1666513583985338e-09,-0.17682858812166474,30.82550988910606,1.2733878657199906,1.5469291660826012,3.62275425713657,3.622754257136571,1.3322676295501878e-15,17.135817646856623,17.135817646856623,0.0,0.0,9.894795860661278,3.715192892559853,True,0,ok
25.59375,0.17625,0.20435930183024073,0.13837068932269236,0.26798224478624777,0.18527612244786648,-0.9113848972387554,7.219601372377359e-10,-0.17261047938451046,11.647702187049573,1.2799129811512024,1.5469291660826012,3.6572432052740202,3.657243205274022,1.7763568394002505e-15,16.907785038179295,16.907785038179295,0.0,0.0,9.704154963573044,3.7531360848731774,True,0,ok
25.59375,0.18,0.2288131927062718,0.15788956341531438,0.30841674075320535,0.19239654689469857,-1.5051332824042465,1.8997121351606107e-09,-0.16869404723353817,7.3239428420242545,1.285971424272525,1.5469291660826012,3.6914685724968805,3.691468572496879,-1.3322676295501878e-15,16.683533837167225,16.683533837167225,0.0,0.0,9.518376847552805,3.7908556441174674,True,0,ok
25.6875,0.12,0.15915199632312654,-0.08695815734430644,-0.21847331406453216,0.14386022283401545,5.441987523951194,6.272824602269287e-10,-0.2737998021613893,1.5146274356424936,1.123380266451502,1.5469291660826012,3.144076365226729,3.3139420513174573,0.16986568609072838,20.606172181368464,23.606172181368468,3.000000000000001,3.0,13.684571132151834,3.268169579009737,True,0,ok
25.6875,0.12375,0.14188729203902284,-0.06640396871997568,-0.18511931781623417,0.14736811743382433,4.961293100262869,2.283588130022159e-10,-0.2643428157519552,1.7018892037035764,1.1380095545515025,1.5469291660826012,3.1825395018799534,3.3550284304141798,0.17248892853422637,20.327151902118064,23.327151902118064,3.000000000000001,3.0,13.40486426400929,3.310634355359946,True,0,ok
25.6875,0.1275,0.12627537075905557,-0.045820844000588806,-0.15126320169711213,0.15118300780320293,4.474534137078771,6.661051728952643e-10,-0.2554136479169341,1.935877125047941,1.1518223447043432,1.5469291660826012,3.2204690911591745,3.395581650820089,0.17511255966091444,20.05676227874424,23.056762278744245,3.000000000000001,3.0,13.13668241829569,3.3526093929075063,True,0,ok
25.6875,0.13125,0.1130347991639609,-0.0249096686937148,-0.11648097186357112,0.1553778911730953,3.9709236823265024,2.413605251273929e-09,-0.24700819790119327,2.2419210506321123,1.1648249804877422,1.5469291660826012,3.2584632593219514,3.4362404092468313,0.17777714992487992,19.784116275425653,22.784116275425657,3.000000000000001,3.0,12.87342107618787,3.3949626306054936,True,0,ok
25.6875,0.135,0.10343024855789705,-0.004279539585103962,-0.08129121976576412,0.15958343297528996,3.4702302057255636,5.637224416472623e-10,-0.2391249229982081,2.634827273016958,1.177019848359417,1.5469291660826012,3.295967453274729,3.4764105424556084,0.18044308918087948,19.519249439649915,22.519249439649915,3.000000000000001,3.0,12.613687395418529,3.436002310246219,True,0,ok
25.6875,0.13874999999999998,0.09261679957990647,-0.03723184106932805,-0.07669956057595724,0.13588444396367472,3.951334090774226,1.2332388249413456e-08,-0.22699069550727344,1.9703737931901835,1.195790638773025,1.5469291660826012,3.333422375753317,3.333422375753316,-8.881784197001252e-16,19.254358283172294,19.254358283172294,0.0,0.0,11.736939231374723,3.3965882119266935,True,0,ok
25.6875,0.1425,0.08511561240650492,-0.018061338619050116,-0.04172282922697942,0.1402390672907783,3.4622687916238544,5.666876212915444e-10,-0.21965464895600628,2.3207633959708156,1.20713898314692,1.5469291660826012,3.370540508270495,3.3705405082704956,4.440892098500626e-16,18.994562348415528,18.994562348415528,0.0,0.0,11.497375470236605,3.4366463692831095,True,0,ok
25.6875,0.14625,0.08372997110238116,0.0012990871810435204,-0.005962977863070325,0.14489609880848184,2.9607874698647105,2.7803958319212534e-10,-0.21275277151532837,2.80396178858995,1.217815698660632,1.5469291660826012,3.4075285846273116,3.4075285846273116,0.0,18.736261908367386,18.736261908367386,0.0,0.0,11.262722399501277,3.476685516267011,True,0,ok
25.6875,0.15,0.08907189079199754,0.02065627291618985,0.03032566301629177,0.1498501843162657,2.4500417880938548,2.8683108552425262e-09,-0.2062528920919076,3.504341502378737,1.2278705517167419,1.5469291660826012,3.444153614125042,3.444153614125042,0.0,18.48347062323196,18.48347062323196,0.0,0.0,11.035824908673362,3.5164084029000153,True,0,ok
25.6875,0.15375,0.10035469833023128,0.04014995527423836,0.06736275917382252,0.15512393818757123,1.9258466364593898,8.571016286522521e-10,-0.20015037075784803,4.615085537619087,1.23731071995504,1.5469291660826012,3.4806408240906737,3.4806408240906723,-1.3322676295501878e-15,18.232407188243243,18.232407188243243,0.0,0.0,10.813793596055483,3.556095289382035,True,0,ok
25.6875,0.1575,0.1160809796761977,0.05972628317993349,0.10503558378035943,0.16070058732060363,1.3907302123204064,1.0712302668115241e-10,-0.1944272901125599,6.620597824923687,1.246163920325079,1.5469291660826012,3.516803228141876,3.5168032281418764,4.440892098500626e-16,17.98618203943935,17.98618203943935,0.0,0.0,10.598195631064545,3.5955078890319703,True,0,ok
25.6875,0.16125,0.134937890128959,0.07938687230579165,0.14340407197845137,0.16660642011299595,0.8418842074348128,7.982581570626746e-10,-0.18907210519536807,11.338667037529998,1.2544480120632486,1.5469291660826012,3.5527760517607843,3.552776051760783,-1.3322676295501878e-15,17.74258418068403,17.74258418068403,0.0,0.0,10.387728919692993,3.634808816053027,True,0,ok
25.6875,0.16499999999999998,0.15595954970823322,0.09912046098900644,0.18241547634750946,0.1728290242922834,0.28079249522127475,9.062100865957419e-10,-0.1840688473857829,35.26580602344227,1.2621876974943265,1.5469291660826012,3.5884399064564296,3.5884399064564296,0.0,17.503531913748315,17.503531913748315,0.0,0.0,10.183166164533093,3.673846912104005,True,0,ok
25.6875,0.16875,0.17857928188813704,0.11893887445972383,0.22213312474692426,0.17939369774735556,-0.2950900870277558,6.70560830435299e-10,-0.17940881133468017,34.831741912096945,1.2693964431767737,1.5469291660826012,3.6239053739256564,3.623905373925657,4.440892098500626e-16,17.26727321376111,17.26727321376111,0.0,0.0,9.983411665141261,3.7127545268533986,True,0,ok
25.6875,0.1725,0.2023858311267632,0.13882109554486163,0.2624972554212532,0.18629001114028065,-0.8844938051807385,2.3270488151542273e-09,-0.17507619339630487,12.067502724456174,1.2760986962311391,1.5469291660826012,3.6590695982313295,3.65906959823133,4.440892098500626e-16,17.035398572352943,17.035398572352943,0.0,0.0,9.789137598602432,3.7514005641905097,True,0,ok
25.6875,0.17625,0.22717598120031,0.15878268828904135,0.3035721656222341,0.1935427019086558,-1.489778583346955,1.9035654289047227e-09,-0.17106158842403693,7.443508786393929,1.2823090057530406,1.5469291660826012,3.6940234391298916,3.694023439129891,-4.440892098500626e-16,16.80649643189342,16.80649643189342,0.0,0.0,9.599401391577604,3.789894480957941,True,0,ok
25.6875,0.18,0.25274178572138484,0.17878884849795265,0.34527201197806967,0.20113929538082584,-2.1094483499627565,1.8047609522018727e-08,-0.16735185433260502,5.463244795616828,1.2880477016174876,1.5469291660826012,3.7286588927807824,3.7286588927807824,0.0,16.582195327087856,16.582195327087856,0.0,0.0,9.414984369593778,3.828096427125163,True,0,ok
25.78125,0.12,0.14845871006942574,-0.07286374331442909,-0.19795546010903042,0.14705263176721622,5.121104097474049,2.8629960347605003e-08,-0.26968665440274636,1.6452497364208483,1.1297430146837542,1.5469291660826012,3.1742222004996274,3.3461406899175805,0.17191848941795307,20.516469970038795,23.516469970038795,3.000000000000001,3.0,13.546599264026955,3.296628626771104,True,0,ok
25.78125,0.12375,0.13219615239764457,-0.05225906050635655,-0.16423058059031737,0.15074738843570074,4.6404179877710865,2.717579619769951e-08,-0.2604030036439729,1.8612955024195033,1.1441041648102257,1.5469291660826012,3.2123300169869813,3.386876516727706,0.17454649974072467,20.252118587381492,23.252118587381492,3.000000000000001,3.0,13.277607117755972,3.3384199617982904,True,0,ok
25.78125,0.1275,0.1176601382823021,-0.030716875716781212,-0.12873510797985926,0.15496925482638532,4.122545369647561,8.310886480484326e-10,-0.25165900976871963,2.153786910681912,1.1576305039639025,1.5469291660826012,3.2516947652153347,3.4289945614677593,0.17729979625242454,19.964383242714366,22.964383242714366,3.000000000000001,3.0,13.001629625486803,3.3823255378057953,True,0,ok
25.78125,0.13125,0.1066828554519521,-0.010047209496168158,-0.09355637453841585,0.15902815256021202,3.6262171465770896,9.261611017274126e-10,-0.24346218830428423,2.512712724350641,1.1703104061564096,1.5469291660826012,3.289599892622757,3.469587855385829,0.17998796276307205,19.701222419171874,22.701222419171874,3.000000000000001,3.0,12.737859112039816,3.4233298732058572,True,0,ok
25.78125,0.135,0.0962874659765746,-0.0407358971202935,-0.08709480965884027,0.13626778463329212,4.058982604960455,4.673686452374016e-10,-0.23118639737998942,1.9235285545554484,1.1893001851739333,1.5469291660826012,3.3282016338574354,3.3282016338574354,0.0,19.425188145571948,19.425188145571948,0.0,0.0,11.866551548045747,3.3876351773280247,True,0,ok
25.78125,0.13874999999999998,0.08740421841025164,-0.021285576978662755,-0.051892633371250094,0.1406149743171166,3.567421850335011,1.0113902099232714e-09,-0.22359180231572415,2.2583941296302426,1.2010484857834323,1.5469291660826012,3.3658284883753087,3.365828488375311,2.220446049250313e-15,19.16497931802309,19.16497931802309,0.0,0.0,11.624066415046256,3.4281183893712948,True,0,ok
25.78125,0.1425,0.08438114282346504,-0.0014183821854222532,-0.015507991852919664,0.14532041210114935,3.0548476126880373,5.522556109188367e-09,-0.21644929934097065,2.7255848232544864,1.2120974319539102,1.5469291660826012,3.4038526270618137,3.4038526270618132,-4.440892098500626e-16,18.897432892139634,18.897432892139634,0.0,0.0,11.38109390318575,3.469254556818911,True,0,ok
25.78125,0.14625,0.08825794339036118,0.018273443624113855,0.021119501833319648,0.15029451625031878,2.539308934025191,4.606058023235899e-08,-0.2097291744811161,3.3911751932654783,1.222492989099336,1.5469291660826012,3.44108412170488,3.4410841217048804,4.440892098500626e-16,18.642411599602017,18.642411599602017,0.0,0.0,11.150550399128823,3.5095414971044305,True,0,ok
25.78125,0.15,0.09854668577961932,0.03823657802655347,0.058745602451981044,0.1556318287748819,2.0050167780658397,1.1781263590808622e-10,-0.20342493667131395,4.447367744875102,1.2322451984372396,1.5469291660826012,3.478471011899133,3.4784710118991327,-4.440892098500626e-16,18.384330502057495,18.384330502057495,0.0,0.0,10.922063724769254,3.5501704782250143,True,0,ok
25.78125,0.15375,0.1136877683020405,0.05819823512675705,0.09686727701999193,0.16125886659454786,1.462895039687086,2.5637166377679027e-10,-0.19751732304440026,6.315868339335606,1.2413838582586594,1.5469291660826012,3.515314307976624,3.5153143079766243,4.440892098500626e-16,18.134550524038637,18.134550524038637,0.0,0.0,10.702347504617856,3.5902565535838606,True,0,ok
25.78125,0.1575,0.1323558895119028,0.07831505001145102,0.13582867056275302,0.16724703184307965,0.9039853087959941,2.7763664277110974e-11,-0.19199540944385418,10.600337159750326,1.2499258674599323,1.5469291660826012,3.5521101115181226,3.5521101115181217,-8.881784197001252e-16,17.885131325913843,17.885131325913843,0.0,0.0,10.486534369494544,3.63041795259616,True,0,ok
25.78125,0.16125,0.15336830087243458,0.09846041573688698,0.17536264045641903,0.17354825842561758,0.3343431217489117,9.888445386494873e-10,-0.18684039336760458,29.74065294844363,1.2579003121799075,1.5469291660826012,3.588475219396709,3.5884752193967104,1.3322676295501878e-15,17.642121789600946,17.642121789600946,0.0,0.0,10.277925871382527,3.6701698457385175,True,0,ok
25.78125,0.16499999999999998,0.17616392334791137,0.11873335175019735,0.21569732737654987,0.1802171962182403,-0.25211325465973117,7.827216787116862e-10,-0.18204480978703264,40.95653262230271,1.265318740289081,1.5469291660826012,3.624714905899885,3.624714905899886,1.3322676295501878e-15,17.400766539307284,17.400766539307284,0.0,0.0,10.07357148432646,3.709890623142766,True,0,ok
25.78125,0.16875,0.20020847037763784,0.13904453168779674,0.25664304099016877,0.187219824142371,-0.8513986149584074,3.854123464394992e-08,-0.17759016455456766,12.599158110050917,1.272209760923732,1.5469291660826012,3.660578144609129,3.660578144609128,-8.881784197001252e-16,17.164908683168733,17.164908683168733,0.0,0.0,9.87550714958093,3.7492613604331333,True,0,ok
25.78125,0.1725,0.22533888735301946,0.15947028175987907,0.2983807286921235,0.19460475955400616,-1.4684133516887763,2.0276784549282843e-09,-0.17347018715480061,7.593251166491666,1.2785830741270328,1.5469291660826012,3.696286360109373,3.6962863601093723,-8.881784197001252e-16,16.931188343813638,16.931188343813638,0.0,0.0,9.681618043913963,3.7885558268253625,True,0,ok
25.78125,0.17625,0.251245269340938,0.17990259770265488,0.3406916298244356,0.20232850715113754,-2.0986435209177943,8.562242393884146e-09,-0.16965915768119483,5.523839289234281,1.284478466772554,1.5469291660826012,3.731575302459906,3.7315753024599068,8.881784197001252e-16,16.70350134985327,16.70350134985327,0.0,0.0,9.493926014024883,3.8274405204287167,True,0,ok
25.78125,0.18,0.277968961116788,0.20046534877790867,0.38382156310473314,0.2104634924832094,-2.7486893097835967,2.0947501181167454e-11,-0.16617152119507259,4.3870617963077825,1.2898735933736303,1.5469291660826012,3.766739210139353,3.766739210139352,-8.881784197001252e-16,16.477564228520905,16.477564228520905,0.0,0.0,9.309980551087627,3.8662739017021632,True,0,ok
25.875,0.12,0.138490461735011,-0.0588966833370775,-0.17741695724609438,0.15031043858681004,4.806732516707452,2.2584460161701742e-07,-0.26563719990686735,1.791685665439062,1.1360072339501537,1.5469291660826012,3.2038695681423635,3.377829434669453,0.1739598665270896,20.443738367782498,23.443738367782498,3.000000000000001,3.0,13.41888626449202,3.324074089689508,True,0,ok
25.875,0.12375,0.12300184294646412,-0.03726082782498778,-0.14196653222515013,0.1544198644684093,4.292941752476544,5.377234132245218e-08,-0.25652859139856704,2.0609658870675247,1.1500976061140715,1.5469291660826012,3.24356912836318,3.420297384508695,0.1767282561455148,20.159480617922068,23.159480617922068,3.000000000000001,3.0,13.14054825949858,3.368006470952765,True,0,ok
25.875,0.1275,0.11061625761126638,-0.015581949870823637,-0.10595322849234322,0.1588678241622217,3.771117775641472,3.2660830929990073e-09,-0.24797673284241023,2.413728864082864,1.1633267255388036,1.5469291660826012,3.2827310183919733,3.462229167003198,0.17949814861122482,19.883490089703237,22.88349008970324,3.000000000000001,3.0,12.87357360056326,3.411466575932574,True,0,ok
25.875,0.13125,0.10051388748385315,-0.04477535363251942,-0.09827717886241029,0.13654994893180558,4.1802956334034524,1.0373424733116037e-07,-0.2355676299141467,1.8715747527524909,1.1825227287834554,1.5469291660826012,3.3219329431440445,3.3219329431440445,0.0,19.605973638690557,19.605973638690557,0.0,0.0,12.004031399922836,3.3774864812243455,True,0,ok
25.875,0.135,0.09016223825933176,-0.02485703583443626,-0.06254278892745399,0.14091917877456925,3.679427689189199,6.490001768065246e-10,-0.22769688866321358,2.1943831699574883,1.1946982079832134,1.5469291660826012,3.360547034760947,3.360547034760945,-1.7763568394002505e-15,19.337571649669034,19.337571649669034,0.0,0.0,11.75350188542155,3.41898368974527,True,0,ok
25.875,0.13874999999999998,0.08544052759241068,-0.004660362577740118,-0.02581836348172816,0.1456432092257577,3.16090952751262,5.434847099501567e-10,-0.22028968426564088,2.6399810341751118,1.2061566285049539,1.5469291660826012,3.399310155957145,3.3993101559571453,4.440892098500626e-16,19.065995884279598,19.065995884279598,0.0,0.0,11.50565073088935,3.4608318794279667,True,0,ok
25.875,0.1425,0.08768532413721855,0.015529219515980762,0.011378240429254585,0.15065034747090963,2.6366923090011527,4.69375984374861e-10,-0.2133423024501085,3.273658083954575,1.2169037360633128,1.5469291660826012,3.437421511218582,3.437421511218583,8.881784197001252e-16,18.804517092195493,18.804517092195493,0.0,0.0,11.26832140126363,3.502013821512259,True,0,ok
25.875,0.14625,0.09675307032783624,0.03591049780035017,0.04948375586161795,0.1560296891849385,2.0946994871868485,2.4526077285299386e-09,-0.20682076290146134,4.267840195560024,1.2269920957988762,1.5469291660826012,3.4755937422930336,3.4755937422930336,0.0,18.541523122349446,18.541523122349446,0.0,0.0,11.034542156221852,3.5434293932597565,True,0,ok
25.875,0.15,0.11118883809279279,0.056306849887075905,0.08813016311283754,0.1617142113568712,1.5439871514592551,1.2924072371098942e-10,-0.20071739162671687,6.0010485121448225,1.2364335788352092,1.5469291660826012,3.513239887343967,3.5132398873439663,-8.881784197001252e-16,18.28647530824142,18.28647530824142,0.0,0.0,10.809528949494542,3.5843320309576665,True,0,ok
25.875,0.15375,0.12954640084972802,0.07686371368507626,0.12763765236433758,0.16777189614716279,0.9760846979820229,1.7045280547091769e-07,-0.19501540235690332,9.848142881466035,1.2452541523413738,1.5469291660826012,3.5508256893511834,3.5508256893511834,0.0,18.031981460623104,18.031981460623104,0.0,0.0,10.588706268121609,3.62530238143811,True,0,ok
25.875,0.1575,0.1505112939095329,0.09744974444308428,0.16773432349296757,0.17415422134791758,0.39711738211986336,1.6830601891995394e-09,-0.18969876062292962,25.126832309271805,1.2534786205052697,1.5469291660826012,3.587961708111943,3.5879617081119437,8.881784197001252e-16,17.784146703405437,17.784146703405437,0.0,0.0,10.375419249742682,3.6658464575157548,True,0,ok
25.875,0.16125,0.1734285284787915,0.11816934497157991,0.20865595363164363,0.18091728052901446,-0.19918430648305246,6.059880938472928e-11,-0.18475630622696548,52.04123155244083,1.2611242473624198,1.5469291660826012,3.624962338589486,3.6249623385894845,-1.3322676295501878e-15,17.53810403129822,17.53810403129822,0.0,0.0,10.166612308813821,3.7063548160046746,True,0,ok
25.875,0.16499999999999998,0.19770633445190136,0.13893240477264962,0.2502135336366318,0.18802754728065776,-0.8088736223669287,7.286667128382057e-10,-0.18017076510316682,13.318749175988332,1.2682177546690951,1.5469291660826012,3.661576368375419,3.6615763683754183,-8.881784197001252e-16,17.297677365281277,17.297677365281277,0.0,0.0,9.9643112690113,3.74650731375101,True,0,ok
25.875,0.16875,0.22313776702816449,0.1598090015228238,0.29257447636453887,0.19553170595900862,-1.4366299112642176,3.68715935604692e-08,-0.17593375410092657,7.798209841381882,1.2747721105654735,1.5469291660826012,3.6980125102236103,3.698012510223611,8.881784197001252e-16,17.059717358081617,17.059717358081617,0.0,0.0,9.766511601179985,3.7865617219309975,True,0,ok
25.875,0.1725,0.24941463963900137,0.1807082532550186,0.3355568884220331,0.20339392625347014,-2.078726456832882,4.347743351149106e-10,-0.17202081435151717,5.606131347687868,1.2808251511889588,1.5469291660826012,3.7340434149078097,3.7340434149078114,1.7763568394002505e-15,16.827550942931158,16.827550942931158,0.0,0.0,9.57488709608607,3.8262305188162404,True,0,ok
25.875,0.17625,0.2765434750363021,0.20173847058761646,0.3793698620569466,0.21168131236206061,-2.741128495634168,1.570150149654921e-09,-0.16844636683062583,4.4246177512122,1.2863545683116573,1.5469291660826012,3.7699302550284846,3.7699302550284846,0.0,16.59741949776145,16.59741949776145,0.0,0.0,9.387317304502364,3.8658294644736215,True,0,ok
25.875,0.18,0.3043693788887436,0.22283031674515155,0.42391358211894253,0.22037713413532875,-3.4221423774840685,1.2370113212184707e-09,-0.16517858417464926,3.6897002796317895,1.2914095966106063,1.5469291660826012,3.805540375661226,3.8055403756612263,4.440892098500626e-16,16.37115024320322,16.37115024320322,0.0,0.0,9.204537309658695,3.9051953295500605,True,0,ok
25.96875,0.12,0.12895744750469446,-0.04428152888511184,-0.15579807983975785,0.15380563812363812,4.472990116304205,4.241250929984337e-10,-0.2616447384470307,1.9701393700109784,1.1421832890268357,1.5469291660826012,3.234590968096731,3.410689658407534,0.17609869031080283,20.360664522300578,23.360664522300578,3.000000000000001,3.0,13.285404046105104,3.3527409077259445,True,0,ok
25.96875,0.12375,0.11504093177225509,-0.021934509814054034,-0.11903459228625461,0.15828105087959285,3.9362537756013793,2.822490264215181e-10,-0.2527349805497158,2.303925689067287,1.1559660533809268,1.5469291660826012,3.2751999942184686,3.454162476537122,0.1789624823186533,20.068839965869913,23.068839965869916,3.000000000000001,3.0,13.005089967897495,3.3978384946794837,True,0,ok
25.96875,0.1275,0.10519204809232306,-0.00045004800437303436,-0.08232597327093548,0.16253717275552632,3.4169133831676857,5.599298220144405e-09,-0.2443876245180704,2.7254697349825636,1.1688788218859547,1.5469291660826012,3.314831802381814,3.4966292206707283,0.18179741828891416,19.793030803247444,22.793030803247444,3.000000000000001,3.0,12.729607396048092,3.4403104688668997,True,0,ok
25.96875,0.13125,0.09342244162073499,-0.028790369293564384,-0.07369063708109905,0.1411526210796698,3.7986864103115705,1.5821564916218558e-09,-0.2319788409609832,2.1290121324889992,1.1880743310860191,1.5469291660826012,3.354657321212181,3.3546573212121813,4.440892098500626e-16,19.5129256856918,19.5129256856918,0.0,0.0,11.886135865385988,3.409199457406453,True,0,ok
25.96875,0.135,0.08697633470986704,-0.008299847919870536,-0.03673756041108233,0.14586333527736695,3.2777889059815246,2.3277072209236572e-09,-0.22429624540681722,2.5496924105892758,1.199958762219975,1.5469291660826012,3.3939628132632693,3.3939628132632693,0.0,19.24085289260746,19.24085289260746,0.0,0.0,11.635142403076344,3.4514964485875677,True,0,ok
25.96875,0.13874999999999998,0.08743166679302625,0.012425886172409981,0.0011176242408225093,0.15092129519556524,2.7419437917633496,9.032618256779748e-10,-0.21709696224930145,3.153658101719479,1.2110955433112234,1.5469291660826012,3.433168623777572,3.4331686237775725,4.440892098500626e-16,18.969659783311283,18.969659783311283,0.0,0.0,11.389097045117266,3.4938350074976774,True,0,ok
25.96875,0.1425,0.09504564288265585,0.03315997705341132,0.03957400496875365,0.15631806276141713,2.195088983226058,1.0998222529314061e-10,-0.21034253620118026,4.080183230079088,1.22154416196521,1.5469291660826012,3.4719850257415903,3.4719850257415894,-8.881784197001252e-16,18.70428056941177,18.70428056941177,0.0,0.0,11.15145424111638,3.535846114939667,True,0,ok
25.96875,0.14625,0.10863442553946527,0.054053583819108145,0.07884187637412335,0.16206937972049804,1.6337863194865598,4.59887965943209e-09,-0.20402901694276337,5.683663362541738,1.2313107290466794,1.5469291660826012,3.510581979317645,3.510581979317644,-8.881784197001252e-16,18.441852260252983,18.441852260252983,0.0,0.0,10.91967776577423,3.5777421562815537,True,0,ok
25.96875,0.15,0.12652965341654376,0.07501645205142599,0.11881821443636363,0.16817854625635958,1.058613427568925,4.5001417218207645e-10,-0.19813360812854516,9.10239815044072,1.240430508887374,1.5469291660826012,3.5488892390601636,3.548889239060164,4.440892098500626e-16,18.183598065566994,18.183598065566994,0.0,0.0,10.69453433270402,3.619423287263624,True,0,ok
25.96875,0.15375,0.14739886615509884,0.096068356533175,0.15952390426815732,0.1746489967663278,0.4690791816338157,2.015518686910257e-10,-0.1926439891376735,21.332540011797384,1.2489225606150343,1.5469291660826012,3.5868950357600276,3.5868950357600253,-2.220446049250313e-15,17.929638878028776,17.929638878028776,0.0,0.0,10.475729592538361,3.660873007908059,True,0,ok
25.96875,0.1575,0.17038395881697393,0.11724159768645717,0.2010134968496424,0.1814939726895594,-0.13622565936937964,7.241920477342134e-10,-0.18754384455743725,76.33538857740187,1.2568121230174398,1.5469291660826012,3.6246377613161407,3.6246377613161407,0.0,17.67942315683925,17.67942315683925,0.0,0.0,10.262612982805,3.702136434948112,True,0,ok
25.96875,0.16125,0.19488511360252894,0.1384739435290009,0.24321140976374372,0.188716188059931,-0.7570830748622543,4.0350701854312147e-10,-0.18281943452248745,14.281974410269925,1.264120450693037,1.5469291660826012,3.6620698437128074,3.6620698437128074,0.0,17.43363550707064,17.43363550707064,0.0,0.0,10.055558026768932,3.7431450993355253,True,0,ok
25.96875,0.16499999999999998,0.22060432958330253,0.1598174877462272,0.28619982365578556,0.1963334975050791,-1.3953250783763416,5.320223161762675e-10,-0.17845677646445543,8.061978501220096,1.270869173684652,1.5469291660826012,3.699245065519935,3.6992450655199343,-8.881784197001252e-16,17.191482267479486,17.191482267479486,0.0,0.0,9.85375570570697,3.783965424004791,True,0,ok
25.96875,0.16875,0.24726200955168037,0.1812091419746271,0.32988578439096194,0.20433824953783133,-2.049914951562713,2.6181509245533337e-10,-0.17443692947094125,5.7113195270289765,1.2770875922421085,1.5469291660826012,3.736072435564969,3.73607243556497,8.881784197001252e-16,16.95425276069986,16.95425276069986,0.0,0.0,9.657804340046066,3.824478009353681,True,0,ok
25.96875,0.1725,0.27479000639586737,0.20271168322944202,0.3743831366954536,0.21277660417790795,-2.7247243830342893,7.954220520850462e-10,-0.17076905394699968,4.474287922268131,1.2827615358676543,1.5469291660826012,3.7727065334258336,3.772706533425834,4.440892098500626e-16,16.719773736682413,16.719773736682413,0.0,0.0,9.466477015485514,3.864864624973101,True,0,ok
25.96875,0.17625,0.30307156566625115,0.22430076026363896,0.4196676904720349,0.22164232507623685,-3.4192169940049255,3.438801301836448e-09,-0.1674191739814042,3.714057870735036,1.2879435628893097,1.5469291660826012,3.8090653334671947,3.8090653334671947,0.0,16.489112840494798,16.489112840494798,0.0,0.0,9.279952794330057,3.9050290662750697,True,0,ok
25.96875,0.18,0.33195838669914474,0.24590923948128487,0.46560931985706094,0.23092362092189267,-4.131900298876174,2.593448658849725e-10,-0.1643776743876763,3.202146206747056,1.2926485473194758,1.5469291660826012,3.8450452134875746,3.845045213487575,4.440892098500626e-16,16.263748506875636,16.263748506875636,0.0,0.0,9.099048569827193,3.9448309022530728,True,0,ok
26.0625,0.12,0.12017418152903449,-0.028876716434322124,-0.13287707897847392,0.1575922550401515,4.1149806993740485,1.9388968737453515e-10,-0.2577186411322275,2.194268152733611,1.1482566834719834,1.5469291660826012,3.266611756375607,3.4449651187543284,0.17835336237872124,20.26386578412298,23.26386578412298,3.000000000000001,3.0,13.144351797124006,3.382958347277831,True,0,ok
26.0625,0.12375,0.1088027417403168,-0.006375165404716079,-0.09554879864249044,0.1623080225209757,3.573533677391323,7.848661797481909e-10,-0.24900844237357087,2.602344209151234,1.1617307439741258,1.5469291660826012,3.3070389511889062,3.4882758125352447,0.18123686134633843,19.983825256983437,22.98382525698344,3.000000000000001,3.0,12.873098348957548,3.4276212936011197,True,0,ok
26.0625,0.1275,0.09723409197683974,-0.033140640497869044,-0.08542154693043286,0.1413091051386444,3.9271101461420757,3.816912665863975e-10,-0.236450017648903,2.0616725861810914,1.1811577374607674,1.5469291660826012,3.3480213140533093,3.348021314053309,-4.440892098500626e-16,19.69331607195679,19.69331607195679,0.0,0.0,12.023525477356813,3.398596106983864,True,0,ok
26.0625,0.13125,0.08905802569982911,-0.012336672552653551,-0.04821605503108699,0.14600347383614562,3.403373252865984,7.413221795810407e-11,-0.22847521331744114,2.457968087401341,1.1934941948749076,1.5469291660826012,3.3879289544134155,3.387928954413414,-1.3322676295501878e-15,19.420027570584647,19.420027570584647,0.0,0.0,11.768756097925866,3.44140266561593,True,0,ok
26.0625,0.135,0.08757306962619782,0.00893831258772513,-0.009699229251953033,0.15110644953563976,2.8558087879021605,1.2624384860037438e-09,-0.22100449271047407,3.031632177992769,1.2050508704734793,1.5469291660826012,3.4282696448495784,3.428269644849579,4.440892098500626e-16,19.138764029588877,19.138764029588877,0.0,0.0,11.513570603500876,3.4849363817425885,True,0,ok
26.0625,0.13874999999999998,0.09353403683241239,0.03003091293730005,0.029106955747478774,0.1565144642956933,2.304230437858083,1.4086357374175064e-09,-0.21400129201198478,3.8918061707535485,1.2158843258899024,1.5469291660826012,3.4677511773983944,3.467751177398395,4.440892098500626e-16,18.870911899708812,18.870911899708812,0.0,0.0,11.271848674752322,3.5275566663615656,True,0,ok
26.0625,0.1425,0.10606706907787102,0.05140502302431176,0.06897284078275188,0.16232972700813836,1.7323193215698725,1.1093339934585864e-08,-0.20746005814925103,5.368991808420463,1.2260031513343324,1.5469291660826012,3.5073332830107957,3.507333283010797,1.3322676295501878e-15,18.600831794285064,18.600831794285064,0.0,0.0,11.033127568647012,3.5704758444886773,True,0,ok
26.0625,0.14625,0.12337863346356098,0.0728111739106407,0.10944773257538097,0.1684831990848628,1.1499254918101933,6.522640266149949e-10,-0.20135904315672712,8.394784092688361,1.2354409893689748,1.5469291660826012,3.5463862329528935,3.5463862329528935,0.0,18.33868125214944,18.33868125214944,0.0,0.0,10.803301718235247,3.6128890720754057,True,0,ok
26.0625,0.15,0.14408074922766373,0.09435835177194381,0.15078571758256373,0.1750370124231107,0.5497613826702329,1.1144938709502752e-09,-0.19568351631424685,18.242245429666518,1.2442206273744922,1.5469291660826012,3.585292704510547,3.5852927045105467,-4.440892098500626e-16,18.078372675455046,18.078372675455046,0.0,0.0,10.578643453093434,3.655274806775877,True,0,ok
26.0625,0.15375,0.167076525606326,0.11597718881278006,0.19282979362386438,0.18196059626223077,-0.06448260276974144,6.201305775878233e-10,-0.19041431876352727,161.68041852680892,1.2523717027475514,1.5469291660826012,3.6238026569646977,3.6238026569646964,-1.3322676295501878e-15,17.82383387334916,17.82383387334916,0.0,0.0,10.361091600740023,3.6973127770391616,True,0,ok
26.0625,0.1575,0.19178308687564047,0.13770314387685031,0.2356881606631606,0.18929128961549196,-0.6965744486229697,2.2860222886874273e-10,-0.18554004068339733,15.569896390825786,1.2599118656733015,1.5469291660826012,3.662081485200188,3.6620814852001886,4.440892098500626e-16,17.57248887990123,17.57248887990123,0.0,0.0,10.149017544933267,3.739205604793357,True,0,ok
26.0625,0.16125,0.21776762482918394,0.15951230689368898,0.27929821988453674,0.1970191452372464,-1.345284878410436,8.93944821679658e-11,-0.18104269639462245,8.391059534325056,1.2668689387235224,1.5469291660826012,3.700020815514123,3.7000208155141223,-8.881784197001252e-16,17.32599238991189,17.32599238991189,0.0,0.0,9.943080626958777,3.7808127346054516,True,0,ok
26.0625,0.16499999999999998,0.24480097204462717,0.1814096770985235,0.3236981681681161,0.20516474531848422,-2.012464859985378,8.070448063545487e-10,-0.17690760794385565,5.841132556079001,1.2732656276523449,1.5469291660826012,3.7376729490784624,3.7376729490784624,0.0,17.083508393358542,17.083508393358542,0.0,0.0,9.742609151640183,3.8221962312438973,True,0,ok
26.0625,0.16875,0.2727096244642151,0.20338358322249322,0.36886456122421624,0.2137420673959276,-2.6989069936236625,9.779273042640765e-10,-0.1731316530678084,4.537584435151199,1.2791067623799142,1.5469291660826012,3.7750380178558034,3.775038017855802,-1.3322676295501878e-15,16.84510311741525,16.84510311741525,0.0,0.0,9.547611372563788,3.8633445197872316,True,0,ok
26.0625,0.1725,0.30142520053117816,0.22546154621732975,0.41486414666558397,0.22276957946387274,-3.4063208409563654,1.3378555397461666e-09,-0.16969241413893332,3.7470800030688083,1.2844270213881177,1.5469291660826012,3.812143337406294,3.812143337406294,0.0,16.61028413249193,16.61028413249193,0.0,0.0,9.357435866227759,3.904295829441385,True,0,ok
26.0625,0.17625,0.3308009845613825,0.24758017446940778,0.4615811081307464,0.2322386961443547,-4.1334909360754954,1.8784499996245244e-09,-0.1665771411821227,3.2191426894300172,1.2892461279853165,1.5469291660826012,3.8488911844074414,3.8488911844074405,-8.881784197001252e-16,16.38043570495905,16.38043570495905,0.0,0.0,9.172806192617173,3.9449181790250787,True,0,ok
26.0625,0.18,0.3608495282696459,0.26978435684630186,0.5091146227397831,0.24218969398146037,-4.883683290870749,3.154063502618921e-10,-0.16377889103079615,2.8413896807441206,1.2935748227583985,1.5469291660826012,3.885378888572513,3.8853788885725122,-8.881784197001252e-16,16.154174538184233,16.154174538184233,0.0,0.0,8.992764015831884,3.9853303030461205,True,0,ok
26.15625,0.12,0.11294631321695253,-0.013344629633904374,-0.10955894192754549,0.16152203599371967,3.7538738263489444,2.5593059095083918e-09,-0.2538879677449374,2.4653281886678005,1.154182463860519,1.5469291660826012,3.2986455507966372,3.4792803638232197,0.18063481302658246,20.174878115866754,23.174878115866754,3.000000000000001,3.0,13.008404787149253,3.4128830084758257,True,0,ok
26.15625,0.12375,0.10175061932525616,-0.03814843421371266,-0.09811413473261281,0.1413431255206008,4.072347710640747,6.318523826559573e-10,-0.24114633452229664,1.9886230574952695,1.1738928679161489,1.5469291660826012,3.3400874402509437,3.340087440250943,-8.881784197001252e-16,19.886094214318373,19.886094214318373,0.0,0.0,12.17071226615901,3.3865201699737524,True,0,ok
26.15625,0.1275,0.0917350258878277,-0.01677673877372805,-0.06024873257173599,0.14606360321291126,3.53658493049829,6.073009381594546e-10,-0.23285615802966286,2.3663585546619896,1.1867171837245765,1.5469291660826012,3.381230466993913,3.3812304669939124,-4.440892098500626e-16,19.601305221035535,19.601305221035535,0.0,0.0,11.905412935071595,3.43062407539526,True,0,ok
26.15625,0.13125,0.08819452532687944,0.004815862388777902,-0.021445934098489775,0.15116779509206424,2.984394883882525,5.44112172857879e-09,-0.22508495455711025,2.9021885487908023,1.1987386850318305,1.5469291660826012,3.422299021458249,3.4222990214582496,4.440892098500626e-16,19.31700206951865,19.31700206951865,0.0,0.0,11.645671540956245,3.4748238822549924,True,0,ok
26.15625,0.135,0.09228214359453984,0.02645663854661218,0.017976054694764813,0.15660424583527277,2.423413442400134,2.2910148301746576e-08,-0.217826957252511,3.7025305642044137,1.209966292749664,1.5469291660826012,3.4627735611601076,3.4627735611601076,0.0,19.041643186676072,19.041643186676072,0.0,0.0,11.396175782590465,3.5184506340694552,True,0,ok
26.15625,0.13874999999999998,0.10349496739359436,0.048298712538299704,0.058373141989930245,0.16246056594992403,1.842905001682899,3.13582775501003e-10,-0.2110421137741147,5.050886919150626,1.2204619650137005,1.5469291660826012,3.503258500978217,3.503258500978216,-8.881784197001252e-16,18.76552379163955,18.76552379163955,0.0,0.0,11.151209767920317,3.5622762213226213,True,0,ok
26.15625,0.1425,0.1200576233803666,0.07015480071430803,0.09936305719676297,0.16866174906147033,1.2523861424061464,2.574261448005813e-09,-0.2047213221399068,7.716155632280171,1.2302397819453876,1.5469291660826012,3.543147314349222,3.543147314349223,8.881784197001252e-16,18.498312740214388,18.498312740214388,0.0,0.0,10.91599252892297,3.605520080678445,True,0,ok
26.15625,0.14625,0.14048035549568,0.09220713898042802,0.14133134891021212,0.17529256737478005,0.641683637085014,1.2954305337532555e-09,-0.19884534382976102,15.65183169733359,1.2393295041726209,1.5469291660826012,3.58298444047309,3.5829844404730915,1.3322676295501878e-15,18.231433895338093,18.231433895338093,0.0,0.0,10.68520792767254,3.6488681441635094,True,0,ok
26.15625,0.15,0.16341893494910772,0.11427841012852377,0.1839261210992708,0.1822878818121912,0.018684955012077425,8.817148970434768e-10,-0.19339358768633397,558.9698384324287,1.2477629847572582,1.5469291660826012,3.6222846696261373,3.622284669626137,-4.440892098500626e-16,17.9724342430801,17.9724342430801,0.0,0.0,10.463011239230193,3.6916986289679765,True,0,ok
26.15625,0.15375,0.18829083413611378,0.13650834594690472,0.2274457722465972,0.18972139266042132,-0.6245586627512929,4.1307013450502445e-09,-0.18835685903358249,17.404666256490753,1.2555544472118434,1.5469291660826012,3.661438373375997,3.661438373375996,-1.3322676295501878e-15,17.71532549908998,17.71532549908998,0.0,0.0,10.245676420035121,3.7345009802028293,True,0,ok
26.15625,0.1575,0.214514940064269,0.15879118377557086,0.27167597393551063,0.19755379944125445,-1.2835821630338742,4.7607026664371946e-09,-0.18371351814680054,8.818289362952989,1.2627373666576702,1.5469291660826012,3.7001650662366266,3.7001650662366266,0.0,17.464343275020685,17.464343275020685,0.0,0.0,10.035416771723925,3.7769142050163946,True,0,ok
26.15625,0.16125,0.24190389710511004,0.1811964557575803,0.31678358398911804,0.20583607953859698,-1.9632943810661834,9.471317661743162e-10,-0.17945338436123973,6.007014914735379,1.2693274918619681,1.5469291660826012,3.738669974020199,3.7386699740201976,-1.3322676295501878e-15,17.21639991522987,17.21639991522987,0.0,0.0,9.830244248014544,3.819193789415392,True,0,ok
26.15625,0.16499999999999998,0.27017840400086646,0.203649383063333,0.362612722371711,0.21454149323025265,-2.6608033123550276,1.993913736761308e-09,-0.17555612985706134,4.6197785591480995,1.2753562685221285,1.5469291660826012,3.776766582935361,3.776766582935363,1.7763568394002505e-15,16.97423329538771,16.97423329538771,0.0,0.0,9.631518780172971,3.8610974148416757,True,0,ok
26.15625,0.16875,0.2993333375456346,0.2262355615754592,0.4093448701996247,0.22373106359760495,-3.3814421219083055,1.0191154154306028e-09,-0.17202215444091046,3.790940441376385,1.2808230781655912,1.5469291660826012,3.81466118846097,3.8146611884609687,-1.3322676295501878e-15,16.734843179651698,16.734843179651698,0.0,0.0,9.437403568207467,3.9028799723443295,True,0,ok
26.15625,0.1725,0.32919744262246214,0.24887595378827623,0.45684268136671086,0.23338464558568858,-4.123073305358407,1.3257041911908166e-09,-0.16882562216264843,3.2432009340794608,1.2857678871771592,1.5469291660826012,3.8522020078504724,3.8522020078504697,-2.6645352591003757e-15,16.50034349806931,16.50034349806931,0.0,0.0,9.248881889858067,3.944346449181688,True,0,ok
26.15625,0.17625,0.35974337385525595,0.27158852207483175,0.5051508669624438,0.2435326700518587,-4.888012702864694,1.6201541866242974e-08,-0.16595911659186027,2.8546149561652987,1.2902021682493496,1.5469291660826012,3.889443484303201,3.8894434843031997,-1.3322676295501878e-15,16.26996539584673,16.26996539584673,0.0,0.0,9.065381464658827,3.985559244483049,True,0,ok
26.15625,0.18,0.3909370124831753,0.2943767939446322,0.5542769651860611,0.25419400511975254,-5.677523271165674,7.2209156505192454e-09,-0.16341107871175503,2.5652459664684772,1.2941438023623677,1.5469291660826012,3.9263841699168625,3.9263841699168625,0.0,16.043690369547196,16.043690369547196,0.0,0.0,8.886720399722986,4.026512749113273,True,0,ok
26.25,0.12,0.10683443061107728,-0.04350998714301795,-0.11124070216792496,0.14132647979759733,4.224497944438986,4.487020826570361e-10,-0.24603410145804944,1.916774710827456,1.1663318386862187,1.5469291660826012,3.3315291676721364,3.3315291676721355,-8.881784197001252e-16,20.08269202644018,20.08269202644018,0.0,0.0,12.321908770282205,3.373773008135282,True,0,ok
26.25,0.12375,0.09501145641436705,-0.02153353358619367,-0.07267238088308588,0.14607040267628987,3.6757967550944444,3.445869374545516e-10,-0.23740082833753373,2.2768444891651307,1.1796869006751014,1.5469291660826012,3.374002083455355,3.374002083455356,8.881784197001252e-16,19.78518171165297,19.78518171165297,0.0,0.0,12.045014340222298,3.4192806391913257,True,0,ok
26.25,0.1275,0.08940039375956534,0.00037387711316143747,-0.03363418599847838,0.1511485790909726,3.1214551101953063,5.264720462322421e-10,-0.2293171582357465,2.77440339700102,1.192191765724546,1.5469291660826012,3.4156745159005406,3.415674515900541,4.440892098500626e-16,19.500189273469907,19.500189273469907,0.0,0.0,11.781630771507357,3.4639704712551764,True,0,ok
26.25,0.13125,0.0914452741524935,0.022598311947986307,0.006490292388817665,0.15663303258343445,2.548150231265951,3.7708069651522133e-10,-0.22177456933798187,3.5219319446904453,1.203859616478269,1.5469291660826012,3.4573505169127414,3.457350516912741,-4.440892098500626e-16,19.214263318937483,19.214263318937483,0.0,0.0,11.52256193063185,3.5088596414542534,True,0,ok
26.25,0.135,0.101074192672968,0.04482152026583289,0.047257021275304636,0.16249856163893175,1.962759078981505,3.4772917315574235e-10,-0.2147267343848493,4.743568305738548,1.214762117925006,1.5469291660826012,3.4985487475240666,3.498548747524067,4.440892098500626e-16,18.935441835323157,18.935441835323157,0.0,0.0,11.273240837838756,3.5533359307479446,True,0,ok
26.25,0.13874999999999998,0.11677047584232177,0.06721959867339092,0.08891317234635744,0.16876612640818048,1.3610146332003652,2.3363799076376884e-09,-0.20817013599935313,7.104689789574479,1.2249047111978202,1.5469291660826012,3.539482049009623,3.539482049009623,0.0,18.660183283432836,18.660183283432836,0.0,0.0,11.030601401160453,3.5976645307018553,True,0,ok
26.25,0.1425,0.13674275005186423,0.08971953238625179,0.13139319387001894,0.17544792158434874,0.7424736012704745,7.381720104855956e-10,-0.2020784047101225,13.539101476368074,1.234328188001069,1.5469291660826012,3.580130361284903,3.580130361284901,-1.7763568394002505e-15,18.38891719033458,18.38891719033458,0.0,0.0,10.794899032395877,3.6418082819249005,True,0,ok
26.25,0.14625,0.1596214267340393,0.11231498507142572,0.1746545444927857,0.18253255554627454,0.10832950357026976,1.906323905862126e-10,-0.19643605069500572,96.5419826719211,1.2430565099924165,1.5469291660826012,3.6203795085807067,3.620379508580707,4.440892098500626e-16,18.123352282962127,18.123352282962127,0.0,0.0,10.566674560109067,3.685620237225627,True,0,ok
26.25,0.15,0.18460273624208615,0.1350412972536754,0.21880558542967088,0.1900591342320046,-0.5452893362419485,1.1269268986129753e-09,-0.19122618424072374,19.97029012973852,1.2511158043619406,1.5469291660826012,3.6603948895809095,3.6603948895809095,0.0,17.860991474603733,17.860991474603733,0.0,0.0,10.344296913162303,3.7293023811115003,True,0,ok
26.25,0.15375,0.21108020368444946,0.1578369764794634,0.2637159534299861,0.19800490378963015,-1.2157753482567208,1.967006795265049e-11,-0.186429914810737,9.331366461992262,1.2585352934315774,1.5469291660826012,3.6999920994652413,3.6999920994652418,4.440892098500626e-16,17.60458166106693,17.60458166106693,0.0,0.0,10.129069961783008,3.772615857894835,True,0,ok
26.25,0.1575,0.23881853132160075,0.18076734577997597,0.30954263815135524,0.20642043158026036,-1.9079119469555152,3.7965249144551375e-09,-0.1820356905229219,6.198933631968944,1.2653328471447072,1.5469291660826012,3.7393665819010904,3.739366581901089,-1.3322676295501878e-15,17.351218584749777,17.351218584749777,0.0,0.0,9.919107587862378,3.815803091937821,True,0,ok
26.25,0.16125,0.2674728518511294,0.203720173819279,0.3560697033379413,0.21526178614886993,-2.6173094095685396,2.217844081276214e-09,-0.17801333831074376,4.7123170809259065,1.2715551410979824,1.5469291660826012,3.77825547783263,3.77825547783263,0.0,17.104685279426448,17.104685279426448,0.0,0.0,9.71628242720939,3.8585271819300253,True,0,ok
26.25,0.16499999999999998,0.29707581354570267,0.22683147537903364,0.40355611554305715,0.22461536093217863,-3.351456808230987,3.6040087869542234e-09,-0.17437813712182856,3.8399755484285887,1.2771785398416935,1.5469291660826012,3.8169705314701865,3.8169705314701874,8.881784197001252e-16,16.860543968573605,16.860543968573605,0.0,0.0,9.518055386990525,3.901171170425738,True,0,ok
26.25,0.16875,0.3274399270003238,0.2500109200265944,0.45185783925895284,0.23445628664981094,-4.107873175431287,4.197965157187193e-09,-0.1710948088792823,3.2701485979866507,1.282257616061911,1.5469291660826012,3.8553348218228245,3.8553348218228245,0.0,16.62122202822859,16.62122202822859,0.0,0.0,9.325482529912307,3.943511724830096,True,0,ok
26.25,0.1725,0.35850032364594303,0.2732532843586391,0.5009697093813466,0.24480489993528226,-4.887921065828557,7.364721241896712e-09,-0.16815515306355536,2.8695814399442434,1.2868050553815034,1.5469291660826012,3.893359418021682,3.893359418021682,0.0,16.38656792218314,16.38656792218314,0.0,0.0,9.138366504585557,3.985554399172585,True,0,ok
26.25,0.17625,0.3902526611478449,0.29658741354626994,0.5509516532516058,0.2556943497697597,-5.694086697875983,8.384083437470967e-10,-0.16554897530539847,2.5728809314782555,1.290836627767592,1.5469291660826012,3.9310911643542594,3.9310911643542594,0.0,16.15589323903888,16.15589323903888,0.0,0.0,8.956120389273119,4.027355235752769,True,0,ok
26.25,0.18,0.42263102149503134,0.3199804248401613,0.6017490964579119,0.2671357213496492,-6.5268196480694805,1.912906313505985e-09,-0.16326265987127117,2.3450547457742106,1.2943733957955084,1.5469291660826012,3.9684886678596816,3.9684886678596833,1.7763568394002505e-15,15.929742446950238,15.929742446950238,0.0,0.0,8.778929742448218,4.0688552882146,True,0,ok
