theta_B_deg,kdf,residual_norm,radius_residual,length_residual,sigma_E_rad,theta_Rao_E_deg,mass_residual,performance_residual,rao_exit_residual,thrust_coefficient,thrust_coefficient_target,D_M_pre,D_M_post,D_M_jump,D_theta_pre_deg,D_theta_post_deg,D_theta_jump_deg,fan_turn_deg,exit_angle_deg,exit_mach,success,failure_code,failure_reason
24.75,0.12,0.2770334953928122,-0.2449969598335726,-0.4021869259736062,0.09200455943531097,8.777202321997036,2.1980895903503124e-10,-0.3147024152225388,0.6005869248784118,1.0601068213382188,1.5469291660826012,2.884570715170111,2.884570715170111,0.0,21.159266270452342,21.159266270452342,0.0,0.0,14.04867527360089,2.946113097887097,True,0,ok
24.75,0.12375,0.2621874883801445,-0.231252893288947,-0.37954749584206926,0.09323430127785845,8.475268740415242,6.948644549447631e-10,-0.3038765781832858,0.6302964699631155,1.0768536244014966,1.5469291660826012,2.91425337021871,2.91425337021871,0.0,20.97236816898099,20.97236816898099,0.0,0.0,13.81720070948771,2.9771523946374936,True,0,ok
24.75,0.1275,0.24681839463621646,-0.21705686830170717,-0.35595002652236335,0.09457195321120013,8.15468821450757,3.611227342920803e-09,-0.2934253948301352,0.6644734460442726,1.0930208647505621,1.5469291660826012,2.9451508386949152,2.9451508386949152,0.0,20.76012436422193,20.76012436422193,0.0,0.0,13.57326199381803,3.009724756650922,True,0,ok
24.75,0.13125,0.23078432893988887,-0.20227481930826932,-0.33112873272226595,0.09603582296340057,7.809820749983424,1.2952405776578688e-09,-0.2833530996597655,0.7045548821181441,1.108601991919,1.5469291660826012,2.977638687451275,2.977638687451275,0.0,20.51542712653183,20.51542712653183,0.0,0.0,13.312268087851832,3.0443085018506557,True,0,ok
24.75,0.135,0.21420981445052664,-0.18701424804823338,-0.3051957307297692,0.0976666309036163,7.44451799314879,4.9045505020558506e-11,-0.27368597851915627,0.7516787191849225,1.1235563435634621,1.5469291660826012,3.011291491829833,3.011291491829833,0.0,20.246950649521537,20.246950649521537,0.0,0.0,13.040403743187982,3.080410685015638,True,0,ok
24.75,0.13874999999999998,0.19825382742646022,-0.17232078431556222,-0.27985300034386545,0.09950671213103132,7.099442724429743,1.3274489510343853e-09,-0.2645026224224073,0.8030650939280982,1.1377623449520455,1.5469291660826012,3.0427898285376584,3.0427898285376584,0.0,20.018807988625586,20.018807988625586,0.0,0.0,12.800757362761066,3.1140003755307846,True,0,ok
24.75,0.1425,0.18198483336357552,-0.15727104510464876,-0.25360122999066287,0.10152671196300754,6.738711189903832,1.1935018904041567e-09,-0.2556858585558405,0.8632291753408284,1.151401254127701,1.5469291660826012,3.075017429081659,3.075017429081659,0.0,19.776054538557066,19.776054538557066,0.0,0.0,12.55576329322453,3.1485710224630234,True,0,ok
24.75,0.14625,0.1658367073120152,-0.14220531533799735,-0.22698506456502412,0.10373460960694629,6.374864730453357,4.89366886439078e-10,-0.24727291092380413,0.9323421862619793,1.1644154881924236,1.5469291660826012,3.106942678501781,3.106942678501781,0.0,19.538104728331863,19.538104728331863,0.0,0.0,12.318420050368623,3.182870526797444,True,0,ok
24.75,0.15,0.14999586523839692,-0.12719652164919446,-0.20013764247134358,0.10612373774139625,6.010763503776317,3.385176536482529e-09,-0.23923426746493634,1.0115923334722983,1.1768507002146853,1.5469291660826012,3.1383374864538256,3.1383374864538256,0.0,19.309346079160836,19.309346079160836,0.0,0.0,12.09120578251153,3.216616315613602,True,0,ok
24.75,0.15375,0.13421801918354556,-0.11185470935527334,-0.17237099699767255,0.1087207128827782,5.630827625295717,2.6070951699361764e-09,-0.23154983137307072,1.1062739633251772,1.18873797853009,1.5469291660826012,3.1703506678866753,3.1703506678866753,0.0,19.06858497780995,19.06858497780995,0.0,0.0,11.860065619132506,3.2512106173661097,True,0,ok
24.75,0.1575,0.1193668247743804,-0.0967854316627499,-0.1447420780674861,0.11147926993263742,5.258229603639525,1.5038669459896604e-09,-0.2242293815076753,1.2147228538515638,1.2000621959357156,1.5469291660826012,3.201238647681368,3.201238647681368,0.0,18.847547546958758,18.847547546958758,0.0,0.0,11.645521273979305,3.2845221339786597,True,0,ok
24.75,0.16125,0.10517841496941735,-0.08132544559151825,-0.11606661163701117,0.11446488758078215,4.86702406553395,4.711445249575087e-10,-0.2172316091649209,1.347508225254429,1.2108872540703286,1.5469291660826012,3.2328778820005666,3.2328778820005666,0.0,18.612497986495743,18.612497986495743,0.0,0.0,11.425379026352198,3.3188438335547303,True,0,ok
24.75,0.16499999999999998,0.09278016660933178,-0.0660375784605991,-0.08734888258761939,0.11761670327772578,4.478587286962883,2.834817572854121e-09,-0.21057187097365346,1.5047023238049155,1.2211893973168744,1.5469291660826012,3.2637080615266942,3.2637080615266942,0.0,18.39121992709983,18.39121992709983,0.0,0.0,11.217527985019085,3.3522641094688934,True,0,ok
24.75,0.16875,0.08274684358481177,-0.0505310725887998,-0.057873862169589514,0.12098903731474484,4.07755368927659,1.1687875871144444e-09,-0.20422172677216854,1.7000784621711662,1.2310126205909817,1.5469291660826012,3.2947955062800225,3.2947955062800225,0.0,18.165060742473774,18.165060742473774,0.0,0.0,11.009714894762299,3.3860856460003963,True,0,ok
24.75,0.1725,0.07641775401092088,-0.03497542429961004,-0.027978469328383482,0.12455097082449337,3.6715446862920222,1.1962956179026916e-09,-0.19818342021849256,1.9436628373731113,1.2403534531126108,1.5469291660826012,3.3255842092819057,3.3255842092819057,0.0,17.943620960405976,17.943620960405976,0.0,0.0,10.807789648792545,3.419628316530003,True,0,ok
24.75,0.17625,0.07493842505478793,-0.019427210564259428,0.0023061405816789554,0.12831433222514801,3.2594783035724464,5.6715825438840064e-09,-0.192439784325063,2.2555357032083,1.249238450995516,1.5469291660826012,3.356137814515371,3.356137814515371,0.0,17.725884787337176,17.725884787337176,0.0,0.0,10.61134799111292,3.4529626902204065,True,0,ok
24.75,0.18,0.07878593075513622,-0.0037412339948303553,0.033228092781181814,0.13230104184465238,2.8367843062327296,3.7008153296470757e-10,-0.18698498367860464,2.672142293732922,1.2576766412106886,1.5469291660826012,3.3867313634885092,3.3867313634885092,0.0,17.507148799248434,17.507148799248434,0.0,0.0,10.41707562911501,3.4864268193999064,True,0,ok
24.84375,0.12,0.26823149310352323,-0.23552385224068684,-0.3892143247928257,0.09426094673515745,8.574672780784114,1.4657322420512019e-09,-0.3102863501120079,0.6298496232923425,1.0669381612570188,1.5469291660826012,2.9067599674603635,2.9067599674603635,0.0,21.144241843448892,21.144241843448892,0.0,0.0,13.975427201616093,2.966971594121756,True,0,ok
24.84375,0.12375,0.25292798849094,-0.2213234722549741,-0.3657814832774873,0.09559042424083197,8.259866372092635,7.386184842741364e-13,-0.2995172189942827,0.6630770552619885,1.0835972442763957,1.5469291660826012,2.9374102371329975,2.9374102371329975,0.0,20.945307314089614,20.945307314089614,0.0,0.0,13.736794242957345,2.999082607881569,True,0,ok
24.84375,0.1275,0.23686584636777763,-0.20644166970690112,-0.3410032185401211,0.09703055951851489,7.917349657843751,1.9162451641478523e-09,-0.2891206228495808,0.7021846684131323,1.099680042080617,1.5469291660826012,2.969958272414325,2.969958272414325,0.0,20.70760127330314,20.70760127330314,0.0,0.0,13.476791202047592,3.033576960886472,True,0,ok
24.84375,0.13125,0.22019551974954357,-0.19101771258593223,-0.3150274730669585,0.09863125997775679,7.552084275283198,1.1892391285555336e-09,-0.27912858706181537,0.7482907656735782,1.1151370136692524,1.5469291660826012,3.003873168161813,3.003873168161813,0.0,20.442052237026225,20.442052237026225,0.0,0.0,13.203239200066252,3.0698376617031333,True,0,ok
24.84375,0.135,0.2036336239129584,-0.17569646407078157,-0.2888642573895019,0.10043979131603531,7.188811273684969,1.867866953119335e-09,-0.2696137940875941,0.800518461049218,1.1298557244303131,1.5469291660826012,3.0370828133182193,3.0370828133182193,0.0,20.189087718412736,20.189087718412736,0.0,0.0,12.94358741126853,3.105349640367573,True,0,ok
24.84375,0.13874999999999998,0.187378846846026,-0.16061152340003465,-0.26275825777506856,0.10244282921791122,6.832901686850278,8.923861342448439e-10,-0.2605329475395841,0.8590115919363441,1.1439031508081503,1.5469291660826012,3.06917198654387,3.06917198654387,0.0,19.956601127337628,19.956601127337628,0.0,0.0,12.702443442416067,3.139598283744432,True,0,ok
24.84375,0.1425,0.17073111117700396,-0.14503924894854459,-0.23549986040857743,0.1046459219615658,6.455758419840066,4.0603453098591477e-10,-0.25183545677365676,0.928747527668737,1.1573575529456974,1.5469291660826012,3.1023648396151122,3.1023648396151122,0.0,19.702520141043305,19.702520141043305,0.0,0.0,12.45152809149316,3.1752944987420664,True,0,ok
24.84375,0.14625,0.15478129950370403,-0.12991758199766673,-0.2086608863362603,0.10702246693760989,6.093417443195129,1.1521071845171206e-10,-0.24356057691602706,1.0063212845283274,1.1701582059432942,1.5469291660826012,3.1338507844201704,3.1338507844201704,0.0,19.479241830524636,19.479241830524636,0.0,0.0,12.225353111798569,3.2090066290476353,True,0,ok
24.84375,0.15,0.138622952245728,-0.11423176362178852,-0.18050755615189207,0.1096225114649884,5.7064397380152005,1.7307279487034724e-09,-0.23563103417796516,1.1006700385752122,1.1824246468785007,1.5469291660826012,3.1666102480944165,3.1666102480944165,0.0,19.231831833669027,19.231831833669027,0.0,0.0,11.987346984583516,3.2443763618192007,True,0,ok
24.84375,0.15375,0.12332401290562824,-0.09879162988100007,-0.1524255420587411,0.11239708390788936,5.325550948160774,6.356935604197062e-09,-0.22808899902298344,1.2092417479780024,1.1940916410313622,1.5469291660826012,3.1983120041898507,3.1983120041898507,0.0,19.002926968803028,19.002926968803028,0.0,0.0,11.765429485660615,3.278548390371174,True,0,ok
24.84375,0.1575,0.10878302897332702,-0.08312884452777737,-0.12359938315964841,0.11538643710534685,4.932663721927332,1.0044163922227358e-10,-0.22088824107172117,1.340281079733716,1.205230703524071,1.5469291660826012,3.230272027633168,3.230272027633168,0.0,18.768885946911794,18.768885946911794,0.0,0.0,11.543819581115427,3.313131653813866,True,0,ok
24.84375,0.16125,0.09576352957118688,-0.06743954435565068,-0.0943609994677451,0.11857432447349295,4.534717290031935,1.5222618252359943e-09,-0.2140356449977418,1.4981768248000504,1.2158311842542928,1.5469291660826012,3.2619597923422456,3.2619597923422456,0.0,18.53907397068333,18.53907397068333,0.0,0.0,11.328525640977867,3.3474751674864724,True,0,ok
24.84375,0.16499999999999998,0.08511038486268155,-0.051703944358630134,-0.06467576536424423,0.1219634385655399,4.130833801720028,9.285359839468837e-10,-0.20750977828939424,1.6916658040802377,1.2259262377994031,1.5469291660826012,3.2934210556982637,3.2934210556982637,0.0,18.312800669163007,18.312800669163007,0.0,0.0,11.118824086428564,3.381631902735489,True,0,ok
24.84375,0.16875,0.07793665257266945,-0.03576086178945346,-0.03427035441934304,0.12557495377163064,3.715781553484538,1.162215799546396e-08,-0.20130557618398406,1.936312659961859,1.2355236989885332,1.5469291660826012,3.3249853115081254,3.3249853115081254,0.0,18.084296268109757,18.084296268109757,0.0,0.0,10.910696417149392,3.416007495146348,True,0,ok
24.84375,0.1725,0.07560583168884816,-0.019947011392439176,-0.0036921206839951324,0.12937237084266495,3.299206930784778,1.1082666726304144e-08,-0.19541036758654443,2.246749291692004,1.2446431691080535,1.5469291660826012,3.3559890101411853,3.3559890101411853,0.0,17.864986350538487,17.864986350538487,0.0,0.0,10.711697765670829,3.4497796144434183,True,0,ok
24.84375,0.17625,0.07870461662284657,-0.003903189567372432,0.027703680018534384,0.13341859412345636,2.8683316637085077,5.447366157651817e-10,-0.18981357515830335,2.6650761655503676,1.2533010105518099,1.5469291660826012,3.387250556039079,3.387250556039079,0.0,17.641007549107986,17.641007549107986,0.0,0.0,10.512654015551483,3.48395449702545,True,0,ok
24.84375,0.18,0.08682151380337357,0.012076355575324191,0.0593436478332912,0.13764599113372247,2.4351730761408756,4.3860139928736526e-08,-0.18450250305210045,3.2385929510010762,1.261516862896063,1.5469291660826012,3.417969154490177,3.417969154490177,0.0,17.42572116862349,17.42572116862349,0.0,0.0,10.321707434998324,3.517549090738866,True,0,ok
24.9375,0.12,0.2591040382972577,-0.22570000314527505,-0.3756839242693053,0.09657021078820355,8.362950797809825,1.5651289209492577e-09,-0.30586434041026633,0.6616164125109824,1.073778697037343,1.5469291660826012,2.9297129227725844,2.9297129227725844,0.0,21.12040932711069,21.12040932711069,0.0,0.0,13.89601630266262,2.9886100670738287,True,0,ok
24.9375,0.12375,0.2431357509510279,-0.21083612022591686,-0.3511261811129942,0.09799752811499043,8.027521106054998,3.974661851117653e-09,-0.2951412509708621,0.6994493928478634,1.0903665568416698,1.5469291660826012,2.9619307932052164,2.9619307932052164,0.0,20.897797780503645,20.897797780503645,0.0,0.0,13.642365869758576,3.0225330307330744,True,0,ok
24.9375,0.1275,0.22648100842985602,-0.19535155666653664,-0.32527512430981215,0.099573110584187,7.6663968763829455,7.68459084731789e-10,-0.28482476343068336,0.7441721425926299,1.1063254323091,1.5469291660826012,2.9957874406175042,2.9957874406175042,0.0,20.641880464766395,20.641880464766395,0.0,0.0,13.371515865846288,3.058548705956708,True,0,ok
24.9375,0.13125,0.20934141664841743,-0.1794185819295377,-0.2983457728245412,0.10134228371819881,7.285877767207618,2.7494107787292474e-10,-0.27495170751506154,0.796950666590107,1.1215983504633398,1.5469291660826012,3.030657903105692,3.030657903105692,0.0,20.365351535038005,20.365351535038005,0.0,0.0,13.09236291047777,3.0959153149057888,True,0,ok
24.9375,0.135,0.19301172893793678,-0.16421571829512974,-0.2722458812972886,0.10332453970046016,6.931624011336999,6.04930436594042e-10,-0.2655883166730254,0.8540653727446479,1.1360828528503162,1.5469291660826012,3.062870425166864,3.062870425166864,0.0,20.13828155815441,20.13828155815441,0.0,0.0,12.851684056305286,3.130152795997665,True,0,ok
24.9375,0.13874999999999998,0.17612498898943002,-0.1483816093942792,-0.2447674410555584,0.10550750225580094,6.550821899852565,7.496298847030577e-09,-0.2565988784473457,0.9228055164132092,1.149988877028318,1.5469291660826012,3.0966041299005735,3.0966041299005735,0.0,19.881626516344333,19.881626516344333,0.0,0.0,12.595956486076972,3.1663549997950273,True,0,ok
24.9375,0.1425,0.15968366014318428,-0.13277920965120676,-0.21731825023836562,0.10788453803909025,6.176168635773679,9.055667067453826e-10,-0.24804995885370465,1.0008354805202195,1.1632134500862163,1.5469291660826012,3.1292709429739656,3.1292709429739656,0.0,19.643937865400503,19.643937865400503,0.0,0.0,12.357497340132136,3.2013580269683755,True,0,ok
24.9375,0.14625,0.14338316131541617,-0.11697645966249572,-0.18917994674508432,0.110470124833656,5.791045789436046,6.748338842738552e-09,-0.23988000968965056,1.0929756291683927,1.1758517827335038,1.5469291660826012,3.1621299744563314,3.1621299744563314,0.0,19.40205377093874,19.40205377093874,0.0,0.0,12.12051770468788,3.2366994567753453,True,0,ok
24.9375,0.15,0.12755171751243302,-0.1010759923126679,-0.16050916692431094,0.11326417364898628,5.398792938824979,1.312725738934941e-10,-0.23209875669979785,1.2020388990017847,1.1878888299321744,1.5469291660826012,3.194892372885254,3.194892372885254,0.0,19.161140944958355,19.161140944958355,0.0,0.0,11.888352058948765,3.272026744823935,True,0,ok
24.9375,0.15375,0.11267307962381017,-0.08522369946818079,-0.13155963762032247,0.11625253293544635,5.004819603809604,7.042767857694727e-11,-0.2246862048101131,1.3308730428238766,1.1993555226454284,1.5469291660826012,3.2271473289232944,3.2271473289232944,0.0,18.928754476018657,18.928754476018657,0.0,0.0,11.665599098716278,3.3068307600627023,True,0,ok
24.9375,0.1575,0.09901802214663787,-0.06912049955622865,-0.10179472861585283,0.119473410835292,4.597206003978461,9.576586291855126e-10,-0.2176274898860993,1.4890179380629869,1.210274854636448,1.5469291660826012,3.2597218036237336,3.2597218036237336,0.0,18.69011254217804,18.69011254217804,0.0,0.0,11.442528208873252,3.3421277006328194,True,0,ok
24.9375,0.16125,0.08773853679947242,-0.05315564958785318,-0.07190398226557841,0.12287573711022808,4.190596071613718,2.185622635198708e-09,-0.21091657819586884,1.6800142558869973,1.22065615966107,1.5469291660826012,3.2915649907650217,3.2915649907650217,0.0,18.4637420263701,18.4637420263701,0.0,0.0,11.230857212588813,3.37662188009857,True,0,ok
24.9375,0.16499999999999998,0.07969769435758592,-0.03686814475457582,-0.04104341600233644,0.12653594494435305,3.7668369139175586,2.7483040395599138e-09,-0.20453413740277018,1.9246852910526218,1.2305293434747098,1.5469291660826012,3.3239004378943497,3.3239004378943497,0.0,18.228424913804954,18.228424913804954,0.0,0.0,11.016812515928736,3.4118183266122206,True,0,ok
24.9375,0.16875,0.07643249848787666,-0.020714717605606066,-0.010078270643954263,0.13036529220097273,3.344717116741354,2.348154132385508e-09,-0.19847673042419656,2.2331876739945806,1.2398997230006976,1.5469291660826012,3.355435852473638,3.355435852473638,0.0,18.00628346314727,18.00628346314727,0.0,0.0,10.814098154846839,3.446125276248744,True,0,ok
24.9375,0.1725,0.07866758325655979,-0.004376580727119537,0.02166192713831511,0.1344521194331894,2.9083913383380406,4.88106089059553e-09,-0.1927265430574098,2.6487284873130967,1.2487948555488197,1.5469291660826012,3.387204847945617,3.387204847945617,0.0,17.779868343660276,17.779868343660276,0.0,0.0,10.611930328448672,3.4808092389590417,True,0,ok
24.9375,0.17625,0.08618871429856388,0.011949997758096157,0.053777186054375134,0.13874687467101024,2.466661042116893,7.709825942721557e-11,-0.1872793797552789,3.222822351163863,1.2572212313333009,1.5469291660826012,3.41860923626328,3.41860923626328,0.0,17.559182420943138,17.559182420943138,0.0,0.0,10.416271381396362,3.515132374051812,True,0,ok
24.9375,0.18,0.098001122352597,0.028386652919555916,0.08648334379207817,0.14327417467803452,2.015272445853795,2.3579043183670993e-09,-0.18212147527251787,4.0733973905913565,1.265200144213552,1.5469291660826012,3.449898254802691,3.449898254802691,0.0,17.340144202468586,17.340144202468586,0.0,0.0,10.224277968125303,3.5494011933669247,True,0,ok
25.03125,0.12,0.2496521295659261,-0.21551710171505645,-0.36157928176008897,0.09895129741749764,8.142766829002797,9.628026404804643e-10,-0.3014176769192925,0.6962610913986702,1.0806573704832851,1.5469291660826012,2.9533591958923,2.9533591958923,0.0,21.090812633057812,21.090812633057812,0.0,0.0,13.812258548369174,3.010928221234212,True,0,ok
25.03125,0.12375,0.23297126982256178,-0.1999339958650877,-0.3357883248190473,0.10049594967384373,7.784394774039566,5.568621999459562e-10,-0.2907569007840232,0.7396841940330277,1.0971488360200106,1.5469291660826012,2.9872788292790378,2.9872788292790378,0.0,20.84227432884375,20.84227432884375,0.0,0.0,13.542388548509933,3.0468391487018387,True,0,ok
25.03125,0.1275,0.2156663000533256,-0.18377467457867988,-0.30872774142212506,0.10222479931976894,7.401840763111373,3.207792781181376e-08,-0.2805299225887454,0.7912963477658699,1.1129692468711767,1.5469291660826012,3.0226086494692885,3.0226086494692885,0.0,20.56512376214749,20.56512376214749,0.0,0.0,13.258890325705941,3.084592138145124,True,0,ok
25.03125,0.13125,0.19869531558778147,-0.16791051061685677,-0.28176674704510446,0.10417795349108541,7.028495956153245,1.8019615518272485e-09,-0.2708209475074113,0.8492509763947044,1.1279883435972615,1.5469291660826012,3.0566122051477547,3.0566122051477547,0.0,20.312271104374204,20.312271104374204,0.0,0.0,12.99745300950262,3.1208436560310244,True,0,ok
25.03125,0.135,0.18181128609280828,-0.15203979598837006,-0.25444530073928473,0.1063368262629306,6.652864969300786,1.2847240953017522e-09,-0.261548609765248,0.9157936287292704,1.1423319932883824,1.5469291660826012,3.090214636397557,3.090214636397557,0.0,20.066136582055606,20.066136582055606,0.0,0.0,12.7455163209826,3.156715468078784,True,0,ok
25.03125,0.13874999999999998,0.1648314776245829,-0.13590244702485418,-0.2263198258050407,0.10871112816976396,6.264268026728295,1.3914255661584407e-08,-0.2527030077908348,0.9943202946707808,1.15601551297416,1.5469291660826012,3.1242096629578944,3.1242096629578944,0.0,19.81167829484313,19.81167829484313,0.0,0.0,12.492956856961523,3.1931821792208055,True,0,ok
25.03125,0.1425,0.14839267023536604,-0.11998347601495998,-0.19819710221935746,0.11127905415649152,5.881133179875501,1.4109075255577835e-08,-0.24428175247404607,1.0841142270322903,1.1690425984387287,1.5469291660826012,3.1571724261906464,3.1571724261906464,0.0,19.57542921288541,19.57542921288541,0.0,0.0,12.256953331250186,3.228490682008355,True,0,ok
25.03125,0.14625,0.13202311299497715,-0.1036115768593928,-0.16893365487963374,0.11408930048156338,5.477302407553113,8.154412445281585e-10,-0.23624522402179893,1.1934406608952721,1.1814745386955625,1.5469291660826012,3.191031009501891,3.191031009501891,0.0,19.322149336847712,19.322149336847712,0.0,0.0,12.014137812746565,3.2650099761538742,True,0,ok
25.03125,0.15,0.11681062451578299,-0.08756544232485428,-0.13985803053398682,0.11707344107400601,5.0823063890146045,1.2948506665437673e-08,-0.22860972515454622,1.3198366161302302,1.1932861145909064,1.5469291660826012,3.2235913108175676,3.2235913108175676,0.0,19.091423911972566,19.091423911972566,0.0,0.0,11.790120455628688,3.300039075071044,True,0,ok
25.03125,0.15375,0.10255474156855497,-0.07108884990645466,-0.10964818741789803,0.12031656357096626,4.6667879000312515,1.1363212363559594e-09,-0.22133031716306498,1.4771683320100475,1.2045468431247435,1.5469291660826012,3.2569457167844273,3.2569457167844273,0.0,18.84597931747506,18.84597931747506,0.0,0.0,11.560419198165087,3.33615335973575,True,0,ok
25.03125,0.1575,0.0905844469414868,-0.05479728895298072,-0.07938208788212062,0.1237431506385866,4.253945174943305,6.342790355540441e-10,-0.2144203955126644,1.666678808416256,1.2152360024610938,1.5469291660826012,3.2894273499208846,3.2894273499208846,0.0,18.615234476742355,18.615234476742355,0.0,0.0,11.343905450185895,3.3712944776423694,True,0,ok
25.03125,0.16125,0.08170481663135715,-0.038240704917615,-0.04824899649342028,0.12742336523209902,3.8261696807447008,4.896497982784166e-10,-0.20785022590921984,1.908127879402442,1.2253995894467715,1.5469291660826012,3.3222324522203546,3.3222324522203546,0.0,18.378445169966184,18.378445169966184,0.0,0.0,11.126990719898007,3.4069361626214336,True,0,ok
25.03125,0.16499999999999998,0.07744218111434255,-0.021679293504107366,-0.01674514110216339,0.1313068266689562,3.39452101808173,6.397792497506539e-10,-0.2016222700438533,2.216314746414068,1.2350337960199822,1.5469291660826012,3.3545822071488396,3.3545822071488396,0.0,18.148942422440097,18.148942422440097,0.0,0.0,10.917848007468763,3.4421163068382445,True,0,ok
25.03125,0.16875,0.07874216818296921,-0.005059041599518265,0.015305564971610714,0.1354294389320844,2.9534443681473928,2.096629083249142e-09,-0.19571414978712548,2.6272833699930085,1.244173239561838,1.5469291660826012,3.3868292841255214,3.3868292841255214,0.0,17.920827990362145,17.920827990362145,0.0,0.0,10.712979640780548,3.477264114307333,True,0,ok
25.03125,0.1725,0.08558373713483185,0.011647682151140367,0.0479268881360914,0.13978938829535156,2.5029718668162855,2.0033075091088685e-09,-0.19012159824341748,3.199932878281523,1.25282452065762,1.5469291660826012,3.418942118006877,3.418942118006877,0.0,17.69457102169774,17.69457102169774,0.0,0.0,10.5123138368554,3.512340584569353,True,0,ok
25.03125,0.17625,0.0969810605027,0.028402130928613108,0.08102776757092649,0.14437381386481038,2.045162434803476,1.1349901630436765e-09,-0.18483008586956626,4.044671496939478,1.2610101154814175,1.5469291660826012,3.4507689224921863,3.4507689224921863,0.0,17.472742702201312,17.472742702201312,0.0,0.0,10.31717264146444,3.5471567810330993,True,0,ok
25.03125,0.18,0.11177429041967503,0.04525046088478939,0.11475139976490879,0.14921457046204906,1.5758903877837573,3.07430426068011e-10,-0.17983426412894568,5.42510138751223,1.268738297840533,1.5469291660826012,3.4825429250800664,3.4825429250800664,0.0,17.25150213964826,17.25150213964826,0.0,0.0,10.125255517116607,3.581994349593191,True,0,ok
25.125,0.12,0.23960013562018787,-0.2047019495626286,-0.3464711397174656,0.1013880474009472,7.902975322409603,5.13454070890473e-10,-0.2969496531241092,0.735053188471228,1.0875690868068053,1.5469291660826012,2.9785717421129494,2.9785717421129494,0.0,21.037155432941166,21.037155432941166,0.0,0.0,13.712082531556213,3.0350142661461734,True,0,ok
25.125,0.12375,0.2223060774946406,-0.18847983031310825,-0.319545031103782,0.10308396061068065,7.524871215826116,8.173658183972685e-10,-0.28637528003431306,0.7849005928583725,1.10392689295245,1.5469291660826012,3.013854718375825,3.013854718375825,0.0,20.76985703061403,20.76985703061403,0.0,0.0,13.431147094310937,3.0725170844949408,True,0,ok
25.125,0.1275,0.20468352737436402,-0.17193283451926317,-0.29171953710183174,0.1049992915333278,7.131970311251395,1.4848825478962735e-10,-0.2762892792998195,0.8435279444773536,1.1195292216577686,1.5469291660826012,3.0497155742518665,3.0497155742518665,0.0,20.490334587134157,20.490334587134157,0.0,0.0,13.147986567974796,3.110855693106068,True,0,ok
25.125,0.13125,0.18780898997874138,-0.15603279553951632,-0.26456282325810154,0.10713043179382305,6.76182444603465,1.9730222825332954e-10,-0.2667225995098691,0.9077611594604146,1.1343281976474158,1.5469291660826012,3.0831755059929447,3.0831755059929447,0.0,20.25508925259462,20.25508925259462,0.0,0.0,12.89994604523484,3.146372763113028,True,0,ok
25.125,0.135,0.1703632266734065,-0.13942609110271495,-0.23588762123354476,0.10949101459170334,6.361991845491737,1.9195475527056828e-06,-0.257558541448282,0.9860705865499308,1.1485043463425593,1.5469291660826012,3.118316554232341,3.118316554232341,0.0,19.98739458756118,19.98739458756118,0.0,0.0,12.63536487620165,3.1840734948230645,True,0,ok
25.125,0.13874999999999998,0.15364686461662624,-0.12325215964664787,-0.2075494004226865,0.11204565384779633,5.975635834045221,9.574212753061581e-10,-0.24886634000862723,1.074319663471966,1.1619505662670264,1.5469291660826012,3.151790938442563,3.151790938442563,0.0,19.749486809736755,19.749486809736755,0.0,0.0,12.395378912307704,3.219841346806894,True,0,ok
25.125,0.1425,0.13693958623999936,-0.10660960625189357,-0.17805083337422153,0.1148461728936062,5.568248342440553,1.3120715030572455e-08,-0.2405625941805005,1.1817362652236345,1.1747958728762924,1.5469291660826012,3.186177158086142,3.186177158086142,0.0,19.49420012705872,19.49420012705872,0.0,0.0,12.148449342473945,3.2568479286819736,True,0,ok
25.125,0.14625,0.12115763802689401,-0.09011712100985649,-0.14841849324043355,0.11784895044887708,5.16270974105685,1.5870190933300803e-09,-0.2326796647737495,1.3078882640000564,1.1869902062897657,1.5469291660826012,3.2197488395737826,3.2197488395737826,0.0,19.252755286669334,19.252755286669334,0.0,0.0,11.914957221823876,3.292964046290681,True,0,ok
25.125,0.15,0.10645144676850925,-0.07343374460549168,-0.11807114462190356,0.12108848631564946,4.745948588964399,1.1709310070089916e-09,-0.2251752838332482,1.4618487923882524,1.1985989520400215,1.5469291660826012,3.253433882557436,3.253433882557436,0.0,19.008712288258042,19.008712288258042,0.0,0.0,11.683807802478736,3.329331071754102,True,0,ok
25.125,0.15375,0.09370437714194685,-0.056707470480837414,-0.08725076722257069,0.12455158488521281,4.322948601598005,6.199139630295744e-09,-0.2180522732777251,1.6507899591843722,1.2096177448186745,1.5469291660826012,3.2868467790668365,3.2868467790668365,0.0,18.768768757061146,18.768768757061146,0.0,0.0,11.459228747186115,3.3654719928424868,True,0,ok
25.125,0.1575,0.08399218289592668,-0.0399070516078621,-0.055901127780119894,0.1282441090566991,3.8923394261436552,1.1711635962758592e-09,-0.21128738944791756,1.8877711812621163,1.2200825409201643,1.5469291660826012,3.3200608704459564,3.3200608704459564,0.0,18.53178941005869,18.53178941005869,0.0,0.0,11.24018562250797,3.401473860279086,True,0,ok
25.125,0.16125,0.07866768742372565,-0.022925664372291092,-0.023852297135873397,0.1321790337694374,3.4510270924603494,2.7541802898361363e-09,-0.20487721163106987,2.1945063229586808,1.2299986319448217,1.5469291660826012,3.3532526268428287,3.3532526268428287,0.0,18.294666092265757,18.294666092265757,0.0,0.0,11.024327867566297,3.4375553450404825,True,0,ok
25.125,0.16499999999999998,0.07894210618208546,-0.006019693164106396,0.0085073933979508,0.13633398672808433,3.005279701830173,6.838084561700613e-10,-0.19880184472247206,2.599212991374747,1.2393967942103847,1.5469291660826012,3.3859903019108972,3.3859903019108972,0.0,18.06481122335284,18.06481122335284,0.0,0.0,10.816641745541984,3.473175046428542,True,0,ok
25.125,0.16875,0.08498837234615296,0.011076535366553116,0.041639539587913096,0.14075698707106915,2.545973879817501,3.520698592764749e-10,-0.19305450588654377,3.167660658297033,1.2482875202830415,1.5469291660826012,3.4188347319652155,3.4188347319652155,0.0,17.832789453773188,17.832789453773188,0.0,0.0,10.61075517596726,3.509027514394959,True,0,ok
25.125,0.1725,0.09587851717076049,0.028154425988604476,0.07513618434238788,0.1453958467918198,2.08176788827396,3.1780003228216914e-10,-0.18762120742675567,4.001679739045771,1.2566924481385193,1.5469291660826012,3.4512145162218317,3.4512145162218317,0.0,17.60808889356488,17.60808889356488,0.0,0.0,10.412336268175965,3.544403351033321,True,0,ok
25.125,0.17625,0.11047317035810837,0.045376683661423556,0.10936237606909445,0.150312312826754,1.6039062572151628,4.66970458374421e-09,-0.1824949334277742,5.369553921920902,1.2646224309008747,1.5469291660826012,3.483648043142736,3.483648043142736,0.0,17.382233626338675,17.382233626338675,0.0,0.0,10.216167391038315,3.5799383102167153,True,0,ok
25.125,0.18,0.1275467565663904,0.06256627687452877,0.14395925014781555,0.15545327473796305,1.1199261179814604,2.5143183206629435e-09,-0.17766008208075285,7.953039411230507,1.2721016034632557,1.5469291660826012,3.515656701102859,3.515656701102859,0.0,17.162921431514178,17.162921431514178,0.0,0.0,10.0267426719544,3.615039220858554,True,0,ok
25.21875,0.12,0.229254387296127,-0.19353503332261732,-0.33078193339046874,0.103924134361777,7.654577601237792,7.034117263368659e-10,-0.29250162145183645,0.7778893361166594,1.0944498767323032,1.5469291660826012,3.004413042739297,3.004413042739297,0.0,20.979014695373852,20.979014695373852,0.0,0.0,13.608991889718109,3.059718431273903,True,0,ok
25.21875,0.12375,0.21129993022603238,-0.17660526227747295,-0.30259207471743027,0.10579035492276476,7.25401577831762,5.455187529566155e-10,-0.28202628532226054,0.8355841833681843,1.110654479715663,1.5469291660826012,3.0412133660168017,3.0412133660168017,0.0,20.690153951106424,20.690153951106424,0.0,0.0,13.315356628583073,3.0990165260580276,True,0,ok
25.21875,0.1275,0.19389908913114,-0.16015576485998134,-0.2747723806885203,0.10789272491940585,6.869605659785043,3.787274443589683e-09,-0.2721080882286233,0.8998766572929248,1.125997228074766,1.5469291660826012,3.076097131307897,3.076097131307897,0.0,20.436581089835396,20.436581089835396,0.0,0.0,13.051403437832963,3.1360914438965817,True,0,ok
25.21875,0.13125,0.1763859229549916,-0.14346121721967267,-0.24618323378275375,0.11022103251271323,6.4733552865351,1.2729372655824936e-09,-0.26263630497854806,0.9755682636002729,1.1406494058391201,1.5469291660826012,3.111268062203214,3.111268062203214,0.0,20.17669370412624,20.17669370412624,0.0,0.0,12.788555263087796,3.1736427048138407,True,0,ok
25.21875,0.135,0.15908615309362859,-0.12672472997889606,-0.21713566557771707,0.11277481041565086,6.072359271851901,1.328626256592291e-09,-0.25363299953846596,1.0640873477557278,1.1545768816155333,1.5469291660826012,3.146137747284441,3.146137747284441,0.0,19.921278607510125,19.921278607510125,0.0,0.0,12.533879944056693,3.2109482285010396,True,0,ok
25.21875,0.13874999999999998,0.14219873131834088,-0.10996334339286563,-0.1876631069785502,0.11555110970759655,5.6672550054762585,9.273660548934788e-11,-0.2450610219251897,1.168218281672692,1.1678371237965175,1.5469291660826012,3.180640306650819,3.180640306650819,0.0,19.671788043139003,19.671788043139003,0.0,0.0,12.287845909774697,3.247921232318845,True,0,ok
25.21875,0.1425,0.1258034936063671,-0.09297160742986828,-0.15740557618717996,0.11857201106412127,5.249563503817385,8.78503486138144e-10,-0.2369113850144417,1.2941410838086662,1.1804440348267369,1.5469291660826012,3.21536401001973,3.21536401001973,0.0,19.417423430917385,19.417423430917385,0.0,0.0,12.043239306170035,3.2852896775785205,True,0,ok
25.21875,0.14625,0.11066105846800399,-0.07608735684556325,-0.1269341454024374,0.12180331047629941,4.831883304023872,5.455126635080153e-10,-0.2291708301328632,1.4443261937228031,1.1924181249347137,1.5469291660826012,3.249375496720147,3.249375496720147,0.0,19.175051012611014,19.175051012611014,0.0,0.0,11.810698925037434,3.321894194867227,True,0,ok
25.21875,0.15,0.097127192973031,-0.0589128232547276,-0.09555336019768572,0.12529927954920478,4.398567397620199,3.6702031435951565e-10,-0.22181956883228046,1.6321495717181673,1.2037900054480795,1.5469291660826012,3.283751858964835,3.283751858964835,0.0,18.92559285317108,18.92559285317108,0.0,0.0,11.577687291819503,3.3590678173677193,True,0,ok
25.21875,0.15375,0.08658047974484301,-0.04186661942434735,-0.06398988490483656,0.12900007452084725,3.965243533597106,7.340482761662025e-11,-0.21484896601006284,1.8639863514795763,1.2145730342589456,1.5469291660826012,3.317385513169884,3.317385513169884,0.0,18.68842352742887,18.68842352742887,0.0,0.0,11.356403360514758,3.3954341479146906,True,0,ok
25.21875,0.1575,0.08014186833829869,-0.02445507473699315,-0.03139165346855797,0.13298372304300124,3.514136532992785,4.0080939510391547e-10,-0.20824457862595172,2.1682157203526753,1.224789553727535,1.5469291660826012,3.3514479825776147,3.3514479825776147,0.0,18.44341645350215,18.44341645350215,0.0,0.0,11.13354260729339,3.432445640286615,True,0,ok
25.21875,0.16125,0.07930796602393805,-0.007259124409291578,0.0012766039309647919,0.1371675465253214,3.0637866736487642,2.662660172454203e-11,-0.20199206384048785,2.565166031192893,1.2344617512105318,1.5469291660826012,3.384690042245101,3.384690042245101,0.0,18.21177003765732,18.21177003765732,0.0,0.0,10.92290817571404,3.4685464646879667,True,0,ok
25.21875,0.16499999999999998,0.08442933113201799,0.010215212050473151,0.03488749304818032,0.1416455016503414,2.5963814534973113,9.44754948169618e-10,-0.19607748710131087,3.125769297360413,1.2436111824733984,1.5469291660826012,3.418237641052496,3.418237641052496,0.0,17.974614747889387,17.974614747889387,0.0,0.0,10.71207088507521,3.5051344473423014,True,0,ok
25.21875,0.16875,0.09472491555057903,0.027648586778710356,0.0688329333130327,0.14634210542033588,2.124777080427513,2.2943125796004743e-09,-0.19049197686622946,3.9461951481313813,1.2522515711634987,1.5469291660826012,3.4512488310493774,3.4512488310493774,0.0,17.74591657769944,17.74591657769944,0.0,0.0,10.509562086071327,3.5411615294911285,True,0,ok
25.21875,0.1725,0.1090103923402158,0.04520891873500761,0.10348168108932511,0.15131917347197618,1.6400544803948425,8.626145995456917e-10,-0.1852247399808897,5.28637926544057,1.2603996135260969,1.5469291660826012,3.484255443979739,3.484255443979739,0.0,17.517001001823967,17.517001001823967,0.0,0.0,10.310004479747045,3.577281019571981,True,0,ok
25.21875,0.17625,0.12604492030559306,0.06278850866417143,0.1386120891139131,0.156544746752281,1.1468911337648315,2.1410828960186063e-10,-0.18026501757792043,7.820579503833844,1.2680719527669233,1.5469291660826012,3.516947279265551,3.516947279265551,0.0,17.292852917897736,17.292852917897736,0.0,0.0,10.116244427614834,3.6131067063160223,True,0,ok
25.21875,0.18,0.14507324119784404,0.08046842997059149,0.1743730133123084,0.16204203140357454,0.6421894221782056,2.53686372331996e-10,-0.1756011284277862,14.457299018816284,1.2752866589206422,1.5469291660826012,3.5494817946952155,3.5494817946952155,0.0,17.070986621964266,17.070986621964266,0.0,0.0,9.926513925329374,3.6488328082576476,True,0,ok
25.3125,0.12,0.21833092204942356,-0.1817279334816257,-0.31404674190328036,0.10655879438735527,7.386820482806178,3.4789026862627535e-10,-0.2880413296836134,0.8265219389869908,1.1013496321578056,1.5469291660826012,3.031703365520343,3.031703365520343,0.0,20.90041498051576,20.90041498051576,0.0,0.0,13.49218967120396,3.086061983253486,True,0,ok
25.3125,0.12375,0.2002399465071961,-0.1645604237894542,-0.28532192788889854,0.10862491850220955,6.981879095508626,1.7274807802447684e-09,-0.27772796134315086,0.8914146600064747,1.11730368244422,1.5469291660826012,3.0685359013523885,3.0685359013523885,0.0,20.61905708219328,20.61905708219328,0.0,0.0,13.205628475637761,3.1253284360043083,True,0,ok
25.3125,0.1275,0.18272212378506753,-0.1478366506930131,-0.2569123381321576,0.11091662990244773,6.591563729880649,3.060735846473684e-08,-0.2679399051060314,0.9641194459542709,1.1324451121166768,1.5469291660826012,3.1035697473638257,3.1035697473638257,0.0,20.37037780146557,20.37037780146557,0.0,0.0,12.946618501105448,3.1625117290081843,True,0,ok
25.3125,0.13125,0.16483076025753576,-0.13052075636282734,-0.22715195154976464,0.11346304088486489,6.175630866177504,7.002948197096525e-09,-0.25860177529355755,1.052678424973111,1.146890537480258,1.5469291660826012,3.139884747195957,3.139884747195957,0.0,20.096873486201634,20.096873486201634,0.0,0.0,12.676584239600567,3.2014078291469814,True,0,ok
25.3125,0.135,0.14776910638353474,-0.11364011694517231,-0.1977072680961293,0.1162105260586064,5.773019021072249,4.048598425794248e-10,-0.24974795694554822,1.153360599341405,1.160586767313991,1.5469291660826012,3.17450446805744,3.17450446805744,0.0,19.853354621730407,19.853354621730407,0.0,0.0,12.43139169922547,3.238337784822756,True,0,ok
25.3125,0.13874999999999998,0.13077647696484182,-0.0961598376530242,-0.16685959491483068,0.1192418634096685,5.343818147386365,1.3281566449213104e-08,-0.24131206076203227,1.2784970083592702,1.1736365011623167,1.5469291660826012,3.210358682378322,3.210358682378322,0.0,19.586708188065383,19.586708188065383,0.0,0.0,12.17587366203581,3.276924033101342,True,0,ok
25.3125,0.1425,0.11517346752335053,-0.07903427758867952,-0.13620092926963337,0.12246498559253871,4.923927661623874,1.1105810093391801e-09,-0.23332055899356074,1.4250263803162448,1.185998788328766,1.5469291660826012,3.2448067240946723,3.2448067240946723,0.0,19.344257807476275,19.344257807476275,0.0,0.0,11.940654474206776,3.3138929766121317,True,0,ok
25.3125,0.14625,0.10090500526345413,-0.06147520600919338,-0.10438312085524132,0.12597786864485536,4.482965613596067,1.4455642213549555e-10,-0.22572492126169788,1.6100949254468335,1.197748701871182,1.5469291660826012,3.279984054610071,3.279984054610071,0.0,19.088297918835377,19.088297918835377,0.0,0.0,11.700965798999746,3.3518910449673633,True,0,ok
25.3125,0.15,0.08946622855334763,-0.04408472085151785,-0.07243875161969086,0.1296988157459581,4.043381853884458,2.4634781309859738e-08,-0.218534323579143,1.8378661770342544,1.2088720471478922,1.5469291660826012,3.3142971257297744,3.3142971257297744,0.0,18.846671271782863,18.846671271782863,0.0,0.0,11.474576603972762,3.38893573440804,True,0,ok
25.3125,0.15375,0.08193253607372425,-0.02640085933719467,-0.03954825769307961,0.13370770861141779,3.587135236607879,9.777004558571738e-08,-0.21171879043954975,2.1356561396451994,1.2194151941439315,1.5469291660826012,3.348944039989951,3.348944039989951,0.0,18.5988083927109,18.5988083927109,0.0,0.0,11.248022628407131,3.42651447047541,True,0,ok
25.3125,0.1575,0.07988120851843544,-0.008738609817626234,-0.006299114409226557,0.13793832056108282,3.1273860886614293,3.2230671536410774e-10,-0.20527927111211894,2.527121173150515,1.2293766744070869,1.5469291660826012,3.3830197446016474,3.3830197446016474,0.0,18.360051821425806,18.360051821425806,0.0,0.0,11.0306696899341,3.463499072312021,True,0,ok
25.3125,0.16125,0.08393939111216163,0.009038993134509028,0.02763804286625079,0.14244963787415854,2.6550685618038123,3.025941354952297e-10,-0.1991896542243541,3.0740309914299284,1.2387968803810394,1.5469291660826012,3.417090331677188,3.417090331677188,0.0,18.120986580078252,18.120986580078252,0.0,0.0,10.81683160516002,3.500589071487621,True,0,ok
25.3125,0.16499999999999998,0.09354185722006897,0.0268591466595303,0.062099697714781056,0.1472156613305594,2.1741729282152056,2.109343091151957e-10,-0.1934451539014138,3.879560803561541,1.2476832154751667,1.5469291660826012,3.4508718306598833,3.4508718306598833,0.0,17.88625595860136,17.88625595860136,0.0,0.0,10.609009000683535,3.537429351847351,True,0,ok
25.3125,0.16875,0.10744224606206612,0.04478627040100206,0.09718994191563306,0.15224918354654282,1.6826721152563908,9.100272927183799e-10,-0.1880307140897895,5.184156540325355,1.2560589703377671,1.5469291660826012,3.4844633583890015,3.4844633583890015,0.0,17.65430555458074,17.65430555458074,0.0,0.0,10.40590776678591,3.5741417311373773,True,0,ok
25.3125,0.1725,0.12438688921659631,0.06276635756136184,0.13286147663811845,0.15755794810470017,1.1802249680788803,2.5467109903416334e-10,-0.18293795606655985,7.648885339068018,1.2639371062597022,1.5469291660826012,3.517860885909952,3.517860885909952,0.0,17.425156124108536,17.425156124108536,0.0,0.0,10.207630423219449,3.61071401054231,True,0,ok
25.3125,0.17625,0.14345611376718573,0.08080970447874045,0.1691018247528952,0.1631359379745952,0.6674909904905397,4.4148060698624213e-10,-0.17815263713539362,14.003186359089522,1.2713396556833305,1.5469291660826012,3.550998313024891,3.550998313024891,0.0,17.199895003971744,17.199895003971744,0.0,0.0,10.01449172334282,3.6470639706048087,True,0,ok
25.3125,0.18,0.16409050519550855,0.09893060235046762,0.20597784783825526,0.16900575080288205,0.1420779834650706,2.431242124301485e-10,-0.17366864830287357,68.15493856460509,1.2782760687887444,1.5469291660826012,3.5839872563924944,3.5839872563924944,0.0,16.976738583708904,16.976738583708904,0.0,0.0,9.825394217909937,3.6833246119133474,True,0,ok
25.40625,0.12,0.207150943548595,-0.16956118257429512,-0.2967034775802799,0.10931876323392282,7.109863071007596,3.324462613048295e-09,-0.2836431870960004,0.8809598289501293,1.108153247203174,1.5469291660826012,3.0595820127264513,3.0595820127264513,0.0,20.817941792971578,20.817941792971578,0.0,0.0,13.373366825901288,3.112993454644117,True,0,ok
25.40625,0.12375,0.18930312246241277,-0.1524874917618713,-0.2679653356745251,0.1115758049716428,6.713280572224155,5.982162324814474e-11,-0.2735003783481919,0.9522650888598173,1.1238434538811568,1.5469291660826012,3.0954434046094894,3.0954434046094894,0.0,20.562662775744812,20.562662775744812,0.0,0.0,13.106103292874074,3.1509870133489395,True,0,ok
25.40625,0.1275,0.1711662575807146,-0.1349305988353216,-0.2380579633836656,0.11408682119388491,6.295556609811671,4.6108769988284165e-10,-0.2638196400631153,1.0383026883255713,1.1388188702835542,1.5469291660826012,3.1322364480746323,3.1322364480746323,0.0,20.28899135466648,20.28899135466648,0.0,0.0,12.832249962284948,3.190270356973836,True,0,ok
25.40625,0.13125,0.15355943816274234,-0.11755182178570533,-0.20802466457098676,0.11682812705663598,5.881112678897316,2.834339149369025e-08,-0.2546466536316587,1.138178942359328,1.1530088305344544,1.5469291660826012,3.168061394032655,3.168061394032655,0.0,20.031939348302366,20.031939348302366,0.0,0.0,12.574871287660699,3.228492554108465,True,0,ok
25.40625,0.135,0.13628192291020982,-0.09990375456968294,-0.1771392307078865,0.11982996413006156,5.45291607848513,1.547999126334112e-10,-0.2459188084448953,1.259097170217947,1.1665101888109124,1.5469291660826012,3.2041631704907343,3.2041631704907343,0.0,19.76904567724209,19.76904567724209,0.0,0.0,12.3186672823417,3.2671923912998695,True,0,ok
25.40625,0.13874999999999998,0.1199694292059195,-0.08225433551731963,-0.14582587782020123,0.12307326874083727,5.020274165270697,1.5092977179339824e-10,-0.23764903595371475,1.4046202732334465,1.1793029410743872,1.5469291660826012,3.239823605520799,3.239823605520799,0.0,19.513069465527764,19.513069465527764,0.0,0.0,12.071853035000036,3.305478265049827,True,0,ok
25.40625,0.1425,0.10511677868602824,-0.06448394508778284,-0.11388526545411715,0.12657242441520747,4.57855572719778,3.1057927447587433e-09,-0.22980167883818692,1.5839199419701062,1.191442246673063,1.5469291660826012,3.275348556028742,3.275348556028742,0.0,19.25880709379606,19.25880709379606,0.0,0.0,11.830621448927785,3.3437254637158094,True,0,ok
25.40625,0.14625,0.09269597788934228,-0.04662279575793893,-0.0813536933566338,0.13032852505699818,4.128160130351326,1.366361114410076e-09,-0.22237340534724934,1.8088625925698993,1.2029332595898325,1.5469291660826012,3.3106758762746784,3.3106758762746784,0.0,19.007211892344635,19.007211892344635,0.0,0.0,11.595434566282318,3.38185568666875,True,0,ok
25.40625,0.15,0.08405986547252746,-0.02868126142432912,-0.04824596438097798,0.1343424546218988,3.6692346132248588,5.842120877554707e-09,-0.2153402076441255,2.0977823635260897,1.21381311824762,1.5469291660826012,3.345767421747036,3.345767421747036,0.0,18.759113809167296,18.759113809167296,0.0,0.0,11.366490272487441,3.419817171542262,True,0,ok
25.40625,0.15375,0.08069771300045468,-0.010564955428827289,-0.01441835109256259,0.1386248733780116,3.199205834602455,4.282856354786646e-10,-0.2086987672836157,2.4826849508051385,1.2240869560460907,1.5469291660826012,3.3807596858998576,3.3807596858998576,0.0,18.512094281004682,18.512094281004682,0.0,0.0,11.141826014697964,3.4577792788292325,True,0,ok
25.40625,0.1575,0.08355853500591658,0.007517580948045255,0.01983782837602264,0.14316435610520523,2.7221719430777793,5.791870363126889e-09,-0.2024230281485477,3.013297305629407,1.2337950799528534,1.5469291660826012,3.4153631687623083,3.4153631687623083,0.0,18.27113042846637,18.27113042846637,0.0,0.0,10.924885324614019,3.4953748378659535,True,0,ok
25.40625,0.16125,0.09232848033189887,0.025758687429780283,0.054842147090099436,0.14799484371300337,2.2319039410832877,8.763190687987503e-11,-0.19650777461043206,3.7992136571691693,1.2429455581757378,1.5469291660826012,3.449940404100639,3.449940404100639,0.0,18.03014595610845,18.03014595610845,0.0,0.0,10.711383875536606,3.5330552252125558,True,0,ok
25.40625,0.16499999999999998,0.10572892390764174,0.0440335282350068,0.09034800313388229,0.15308201322461285,1.7337540574292922,1.1991747579403583e-10,-0.19093654615529726,5.058937419383012,1.2515638539638951,1.5469291660826012,3.484132320078202,3.484132320078202,0.0,17.795080492669126,17.795080492669126,0.0,0.0,10.504707334565461,3.5703697645779813,True,0,ok
25.40625,0.16875,0.12251219335935838,0.06242238033378646,0.12656266728209842,0.15847097604630134,1.2219965554352692,1.8579565940782856e-09,-0.1857014549989452,7.430232157682049,1.2596621691607572,1.5469291660826012,3.5182579629404716,3.5182579629404716,0.0,17.560750857353412,17.560750857353412,0.0,0.0,10.3017146582071,3.6077097994737044,True,0,ok
25.40625,0.1725,0.1415780146012803,0.0808358338696045,0.16328249246783383,0.1641261657122913,0.7012892384562924,1.0203423492719432e-08,-0.18078611541108394,13.409212757462182,1.2672658513304202,1.5469291660826012,3.5520149494522832,3.5520149494522832,0.0,17.33199594393472,17.33199594393472,0.0,0.0,10.105025841435348,3.644697508134254,True,0,ok
25.40625,0.17625,0.16237164556989034,0.09936293906941426,0.20072002312223547,0.17009448113480755,0.16616215651947444,2.2865392751819555e-10,-0.17618539513844805,58.65171764516588,1.2743828397051482,1.5469291660826012,3.5856893103246508,3.5856893103246508,0.0,17.104305558698808,17.104305558698808,0.0,0.0,9.911858044011549,3.6816839215224384,True,0,ok
25.40625,0.18,0.1843543918449866,0.11790756985634818,0.23866669789967515,0.17633955217658953,-0.37897973198335455,2.173331744643235e-09,-0.17188221997432382,26.65976897516333,1.2810395468732942,1.5469291660826012,3.6190074867744473,3.6190074867744473,0.0,16.881917885108727,16.881917885108727,0.0,0.0,9.724532368962196,3.718326593702949,True,0,ok
25.5,0.12,0.19598093596394028,-0.1572733195748089,-0.2791026702876324,0.1122157928820154,6.834351662220449,1.7289080156500218e-09,-0.2792640086042988,0.9407609740650593,1.114927526135469,1.5469291660826012,3.0872267027001343,3.0872267027001343,0.0,20.749437644106017,20.749437644106017,0.0,0.0,13.263842989074117,3.1394598575918145,True,0,ok
25.5,0.12375,0.17781782561833082,-0.13968563377343898,-0.24938678552291368,0.11468082772091523,6.422983328465737,2.097559186614247e-10,-0.2692433618909201,1.023002409231676,1.1304287567994042,1.5469291660826012,3.1238942802328715,3.1238942802328715,0.0,20.487229136323386,20.487229136323386,0.0,0.0,12.993710747941075,3.1783674573995877,True,0,ok
25.5,0.1275,0.1595650661922293,-0.1216938427352856,-0.2186024221181532,0.11741644148579827,5.992871242213306,4.133976114178106e-11,-0.25971913484868697,1.122578188430496,1.1451620613954272,1.5469291660826012,3.1612371271286155,3.1612371271286155,0.0,20.211349172140352,20.211349172140352,0.0,0.0,12.720337784794337,3.218259659313058,True,0,ok
25.5,0.13125,0.1420590509036846,-0.10392241824762893,-0.1877510814406403,0.12038265753173041,5.5674025778295135,7.40474265613576e-10,-0.2506903920351305,1.2388933810182496,1.1591288869867764,1.5469291660826012,3.197477814041089,3.197477814041089,0.0,19.954497779325187,19.954497779325187,0.0,0.0,12.464820780966438,3.256923999839549,True,0,ok
25.5,0.135,0.12503678653425065,-0.08573091068469244,-0.15577406220387144,0.12364160488327938,5.121779642713254,4.5468303231304275e-10,-0.2421212437458687,1.3831407491563237,1.1723847524039224,1.5469291660826012,3.234392107366365,3.234392107366365,0.0,19.68461238979013,19.68461238979013,0.0,0.0,12.205921774749273,3.2965691858635617,True,0,ok
25.5,0.13874999999999998,0.10962575533289698,-0.06774643000675437,-0.12370664915132709,0.12712397442660045,4.679316692568225,2.1761194651023443e-10,-0.23400939884812996,1.5565664151651173,1.1849332018669727,1.5469291660826012,3.2702818363477233,3.2702818363477233,0.0,19.431998174573174,19.431998174573174,0.0,0.0,11.96298390214144,3.3350754031047254,True,0,ok
25.5,0.1425,0.09623340206074071,-0.04939893673210238,-0.09057795971716184,0.13091211280766374,4.21791935831774,3.2105119368146646e-09,-0.2263268165262347,1.7782965755920046,1.196817612531543,1.5469291660826012,3.306658543622585,3.306658543622585,0.0,19.170142273436007,19.170142273436007,0.0,0.0,11.718630909337403,3.3743262104679164,True,0,ok
25.5,0.14625,0.08651744636513323,-0.03119333760506606,-0.05724603983424725,0.13492839652565083,3.756289124360854,3.776099066970706e-11,-0.21906413322830676,2.058102398787756,1.2080524691491288,1.5469291660826012,3.342214467560834,3.342214467560834,0.0,18.921717960366724,18.921717960366724,0.0,0.0,11.487116781748288,3.4126846894178993,True,0,ok
25.5,0.15,0.08180004853147949,-0.012609587077532836,-0.022830024928496083,0.139260662409582,3.275801513068234,2.371882558146894e-11,-0.21220772121371556,2.4357544791508863,1.218658852869179,1.5469291660826012,3.3781551391461715,3.3781551391461715,0.0,18.66618951159468,18.66618951159468,0.0,0.0,11.254849721333436,3.451655658425069,True,0,ok
25.5,0.15375,0.0833819775451738,0.005786158016377629,0.011753954966127786,0.14382637955568287,2.79398205579148,2.8242763822750628e-09,-0.20573552695950523,2.949426433897724,1.2286708789295693,1.5469291660826012,3.4133133783436,3.4133133783436,0.0,18.42320539042561,18.42320539042561,0.0,0.0,11.034626586978776,3.4897747074053975,True,0,ok
25.5,0.1575,0.09120396709673417,0.02446067720528668,0.047312179112790426,0.14872028718639738,2.294173177947057,5.1324228982751994e-09,-0.1996390355123269,3.7142116670456287,1.2381017193599826,1.5469291660826012,3.4487145181881385,3.4487145181881385,0.0,18.175769047634933,18.175769047634933,0.0,0.0,10.815217961701164,3.5283224996362494,True,0,ok
25.5,0.16125,0.10401835992347606,0.04309258558575799,0.08324389918248001,0.1538601310279588,1.7892587557236508,4.1713181176593174e-10,-0.19390233706490045,4.926920779362912,1.2469759855053273,1.5469291660826012,3.483530080418928,3.483530080418928,0.0,17.93744855110638,17.93744855110638,0.0,0.0,10.604794898955536,3.566259834907322,True,0,ok
25.5,0.16499999999999998,0.12057815010917336,0.06189678133287871,0.12000407118706159,0.15932696636292137,1.268261261677297,2.080612538716633e-10,-0.18851537524166875,7.197856633376378,1.255309233866258,1.5469291660826012,3.5183950744239665,3.5183950744239665,0.0,17.697991797386294,17.697991797386294,0.0,0.0,10.397023996895523,3.60437482478976,True,0,ok
25.5,0.16875,0.13961422661439904,0.08069503025364624,0.15722535384093803,0.16506028299189746,0.7392586811359958,1.1540991747358055e-09,-0.1834616245392084,12.792893505339775,1.2631270282260043,1.5469291660826012,3.552804032389899,3.552804032389899,0.0,17.46544666113605,17.46544666113605,0.0,0.0,10.196516261806725,3.6420340417247163,True,0,ok
25.5,0.1725,0.16052585821581997,0.09961665376119962,0.19519355488725107,0.17111882389636618,0.19521360181462435,4.365258555935808e-10,-0.17873454660996832,50.223889695014414,1.2704394829450911,1.5469291660826012,3.587133246968174,3.587133246968174,0.0,17.233902864390092,17.233902864390092,0.0,0.0,9.999600006318783,3.679702128553574,True,0,ok
25.5,0.17625,0.1827369211515648,0.11857236983670066,0.2337164123769407,0.17746993760302088,-0.3598375196321006,1.4936870383909208e-09,-0.17431914328702505,28.25797161313043,1.27726979912537,1.5469291660826012,3.621126718386911,3.621126718386911,0.0,17.007320625297805,17.007320625297805,0.0,0.0,9.808440895471062,3.7170572559601447,True,0,ok
25.5,0.18,0.20602616088709497,0.13761620631141008,0.2729305542202666,0.18414947527239653,-0.9296570188803013,5.3606527496781025e-15,-0.17020836325507016,11.349333698749321,1.283628884652151,1.5469291660826012,3.654960355599673,3.654960355599673,0.0,16.78300891222046,16.78300891222046,0.0,0.0,9.621330713776736,3.754313986710144,True,0,ok
25.59375,0.12,0.18482726462007093,-0.14482642022181352,-0.2612075325715083,0.1152357851296735,6.557697859876069,1.50889444339849e-08,-0.27494659020997086,1.006835672805987,1.1216062665718363,1.5469291660826012,3.1148228209255895,3.1148228209255895,0.0,20.6893170274915,20.6893170274915,0.0,0.0,13.160221996682772,3.1657068803167494,True,0,ok
25.59375,0.12375,0.16607003334379364,-0.12635870050886464,-0.22991335256744608,0.11794531377436947,6.1173261156522125,1.4365524010263505e-09,-0.26504705596176975,1.1046932213286278,1.1369201448310122,1.5469291660826012,3.153313631747871,3.153313631747871,0.0,20.401557442599543,20.401557442599543,0.0,0.0,12.875094808269797,3.20679985512092,True,0,ok
25.59375,0.1275,0.14817891783958034,-0.10829157169298,-0.19882345660956746,0.12088483642878843,5.688322032710398,4.153870665409525e-11,-0.25569315426110706,1.2176158267183512,1.151389968188437,1.5469291660826012,3.1901756976172164,3.1901756976172164,0.0,20.142303663272017,20.142303663272017,0.0,0.0,12.614512967209283,3.2460162279774574,True,0,ok
25.59375,0.13125,0.13058941352894832,-0.08970656262693417,-0.16644661738741595,0.1241331581788327,5.235580544709124,5.744567887382765e-10,-0.2468054854064574,1.358456049055418,1.1651385623581785,1.5469291660826012,3.22795592802079,3.22795592802079,0.0,19.865618945993784,19.865618945993784,0.0,0.0,12.347886605986094,3.286527434842968,True,0,ok
25.59375,0.135,0.11450302082788087,-0.07135241810081124,-0.1340019199724557,0.12761325640776106,4.7867794148491045,6.478318747583298e-09,-0.2384084929689413,1.5274781577366683,1.1781281148671472,1.5469291660826012,3.2646275466961145,3.2646275466961145,0.0,19.60758300617962,19.60758300617962,0.0,0.0,12.098480416934622,3.325801530229663,True,0,ok
25.59375,0.13874999999999998,0.10023213061665331,-0.052642047382413605,-0.10050289524152083,0.13140556654617475,4.31932968633405,1.2669324381985565e-09,-0.23045458351419393,1.7430909225202902,1.190432249387076,1.5469291660826012,3.30174524519411,3.30174524519411,0.0,19.34101504751342,19.34101504751342,0.0,0.0,11.848314053955344,3.365777863467685,True,0,ok
25.59375,0.1425,0.08936358629232231,-0.034046646916126994,-0.06673948962750507,0.13544082849386566,3.850470305348764,3.494781141704073e-10,-0.2229464648033833,2.015387012769296,1.2020467772032395,1.5469291660826012,3.338093336087411,3.338093336087411,0.0,19.08690743657522,19.08690743657522,0.0,0.0,11.610658151802488,3.4049323034365444,True,0,ok
25.59375,0.14625,0.08325918951395014,-0.015151627582589897,-0.03198678033734013,0.1397982545699654,3.363980552082867,4.720958928328201e-10,-0.21585443859311343,2.381063102518548,1.2130176393945282,1.5469291660826012,3.3747207132420955,3.3747207132420955,0.0,18.827470640505226,18.827470640505226,0.0,0.0,11.373830522237357,3.444575887144303,True,0,ok
25.59375,0.15,0.08341867300263102,0.003715880876919914,0.003155498562388123,0.1444031165684832,2.8734503280226558,1.3677236154497325e-09,-0.20917703663420759,2.8793569344917884,1.2233471072384168,1.5469291660826012,3.410708671382148,3.410708671382148,0.0,18.57811519858829,18.57811519858829,0.0,0.0,11.147139455932395,3.483552972731942,True,0,ok
25.59375,0.15375,0.0900873132285504,0.022744201085700064,0.03910800059023576,0.1493333104870585,2.367531626374099,1.0482534300540364e-09,-0.20288474082207456,3.6139616199041176,1.2330808431518248,1.5469291660826012,3.446748351176716,3.446748351176716,0.0,18.327451964850756,18.327451964850756,0.0,0.0,10.923700057999266,3.5227272444629927,True,0,ok
25.59375,0.1575,0.1022156735661428,0.0418079847828562,0.07559042506206311,0.15453903007031553,1.8532863084910187,1.773713308905714e-10,-0.19697123581314546,4.777693631311531,1.2422286165239127,1.5469291660826012,3.4823669346391366,3.4823669346391366,0.0,18.083172037910575,18.083172037910575,0.0,0.0,10.707720501565415,3.5615040508411067,True,0,ok
25.59375,0.16125,0.11840887907170239,0.060981732839711006,0.1127951583022771,0.16006395113354374,1.325184625907773,6.079417478512919e-11,-0.19142118208523837,6.920536710768154,1.2508141565089377,1.5469291660826012,3.51787192584346,3.51787192584346,0.0,17.840365784710617,17.840365784710617,0.0,0.0,10.49617347804808,3.600260507704943,True,0,ok
25.59375,0.16499999999999998,0.13738513234614533,0.08019794730318607,0.15057987135768414,0.1658855489774872,0.7862893614698646,2.462719216423063e-09,-0.18622227982773723,12.087842344519624,1.2588564900426789,1.5469291660826012,3.5530500130914784,3.5530500130914784,0.0,17.60239215849221,17.60239215849221,0.0,0.0,10.29083120009059,3.638727675318425,True,0,ok
25.59375,0.16875,0.1583769585165351,0.09952978994767481,0.18907699723972493,0.1720275937012014,0.23368358780912535,9.8358690209616e-10,-0.18136160874572993,42.178636382975164,1.2663756039061702,1.5469291660826012,3.588036606131262,3.588036606131262,0.0,17.367153396748016,17.367153396748016,0.0,0.0,10.09013866667927,3.6770732551426497,True,0,ok
25.59375,0.1725,0.1808005327769162,0.11890622548201055,0.2281889504406279,0.17848700343631796,-0.3317561341767609,1.1666536119260725e-09,-0.17682858812166316,30.82550988910817,1.273387865719993,1.5469291660826012,3.62275425713657,3.62275425713657,0.0,17.135817646856623,17.135817646856623,0.0,0.0,9.89479586066128,3.715192892559852,True,0,ok
25.59375,0.17625,0.20435930183024043,0.13837068932269236,0.2679822447862473,0.1852761224478661,-0.9113848972387321,7.21962675196484e-10,-0.17261047938450902,11.647702187049845,1.2799129811512047,1.5469291660826012,3.6572432052740202,3.6572432052740202,0.0,16.907785038179295,16.907785038179295,0.0,0.0,9.704154963573046,3.7531360848731756,True,0,ok
25.59375,0.18,0.22881319270627193,0.15788956341531438,0.3084167407532055,0.19239654689469882,-1.5051332824042627,1.8997106512031905e-09,-0.16869404723353904,7.323942842024185,1.2859714242725238,1.5469291660826012,3.6914685724968805,3.6914685724968805,0.0,16.683533837167225,16.683533837167225,0.0,0.0,9.518376847552803,3.790855644117469,True,0,ok
25.6875,0.12,0.17314028087772063,-0.13161846563272372,-0.2420479334979467,0.11841472873384062,6.25701627668443,7.562012732740529e-10,-0.2706486417306065,1.08432899781919,1.1282548884288854,1.5469291660826012,3.144076365226729,3.144076365226729,0.0,20.606172181368464,20.606172181368464,0.0,0.0,13.041680465320017,3.1938564413670885,True,0,ok
25.6875,0.12375,0.15453866026559396,-0.11290765569167253,-0.21017339707149,0.12134907086457045,5.811553329715962,2.3419943930899523e-07,-0.2609247907769513,1.1963737083547756,1.1432969970757347,1.5469291660826012,3.1825395018799534,3.1825395018799534,0.0,20.327151902118064,20.327151902118064,0.0,0.0,12.764342938089792,3.2348339357085494,True,0,ok
25.6875,0.1275,0.13664529260778605,-0.09419702008808636,-0.1778474449856789,0.12455125729671693,5.362043758506917,5.117398911356724e-10,-0.25171358817381145,1.3308845838544594,1.1575460750372277,1.5469291660826012,3.2204690911591745,3.2204690911591745,0.0,20.05676227874424,20.05676227874424,0.0,0.0,12.498305134656796,3.2753019178759,True,0,ok
25.6875,0.13125,0.1197252940345382,-0.07527203456347226,-0.14470763085689775,0.12804788354138907,4.899629742272148,2.1800069905077734e-07,-0.24300195938295444,1.4973791262647542,1.1710223476978894,1.5469291660826012,3.2584632593219514,3.2584632593219514,0.0,19.784116275425653,19.784116275425653,0.0,0.0,12.23623304477642,3.316008723821846,True,0,ok
25.6875,0.135,0.10470558967451014,-0.056338156302904834,-0.11108729875976933,0.13181580226174655,4.431703978250851,1.3042684418247105e-08,-0.23476513174355168,1.7041953117342419,1.1837641366092768,1.5469291660826012,3.295967453274729,3.295967453274729,0.0,19.519249439649915,19.519249439649915,0.0,0.0,11.98419312097994,3.356253719235128,True,0,ok
25.6875,0.13874999999999998,0.0926167995799065,-0.037231841069328156,-0.07669956057595713,0.1358844439636748,3.951334090774222,1.2332386962875517e-08,-0.22699069550727402,1.9703737931901866,1.1957906387730242,1.5469291660826012,3.333422375753317,3.333422375753317,0.0,19.254358283172294,19.254358283172294,0.0,0.0,11.736939231374723,3.396588211926694,True,0,ok
25.6875,0.1425,0.08511561240650492,-0.018061338619050116,-0.04172282922697963,0.14023906729077823,3.462268791623859,5.666882583520546e-10,-0.219654648956006,2.3207633959708116,1.2071389831469204,1.5469291660826012,3.370540508270495,3.370540508270495,0.0,18.994562348415528,18.994562348415528,0.0,0.0,11.497375470236605,3.436646369283109,True,0,ok
25.6875,0.14625,0.08372997110238116,0.0012990871810435204,-0.005962977863070325,0.14489609880848184,2.9607874698647105,2.7803958319212534e-10,-0.21275277151532837,2.80396178858995,1.217815698660632,1.5469291660826012,3.4075285846273116,3.4075285846273116,0.0,18.736261908367386,18.736261908367386,0.0,0.0,11.262722399501277,3.476685516267011,True,0,ok
25.6875,0.15,0.08907189079199754,0.02065627291618985,0.03032566301629177,0.1498501843162657,2.4500417880938548,2.8683108552425262e-09,-0.2062528920919076,3.504341502378737,1.2278705517167419,1.5469291660826012,3.444153614125042,3.444153614125042,0.0,18.48347062323196,18.48347062323196,0.0,0.0,11.035824908673362,3.5164084029000153,True,0,ok
25.6875,0.15375,0.10035469833023136,0.04014995527423836,0.06736275917382252,0.15512393818757142,1.9258466364593751,8.57100697773183e-10,-0.20015037075784858,4.6150855376191275,1.237310719955039,1.5469291660826012,3.4806408240906737,3.4806408240906737,0.0,18.232407188243243,18.232407188243243,0.0,0.0,10.81379359605548,3.556095289382036,True,0,ok
25.6875,0.1575,0.1160809796761976,0.05972628317993349,0.10503558378035943,0.1607005873206034,1.3907302123204195,1.0712379632716743e-10,-0.19442729011255977,6.620597824923615,1.2461639203250792,1.5469291660826012,3.516803228141876,3.516803228141876,0.0,17.98618203943935,17.98618203943935,0.0,0.0,10.598195631064545,3.59550788903197,True,0,ok
25.6875,0.16125,0.13493789012895915,0.07938687230579165,0.14340407197845137,0.1666064201129963,0.8418842074347919,7.982572403817131e-10,-0.18907210519536893,11.338667037530305,1.2544480120632473,1.5469291660826012,3.5527760517607843,3.5527760517607843,0.0,17.74258418068403,17.74258418068403,0.0,0.0,10.387728919692991,3.6348088160530283,True,0,ok
25.6875,0.16499999999999998,0.15595954970823322,0.09912046098900644,0.18241547634750946,0.1728290242922834,0.28079249522127475,9.062100865957419e-10,-0.1840688473857829,35.26580602344227,1.2621876974943265,1.5469291660826012,3.5884399064564296,3.5884399064564296,0.0,17.503531913748315,17.503531913748315,0.0,0.0,10.183166164533093,3.673846912104005,True,0,ok
25.6875,0.16875,0.17857928188813704,0.11893887445972383,0.22213312474692426,0.17939369774735556,-0.29509008702775597,6.705609811016264e-10,-0.17940881133468004,34.83174191209693,1.269396443176774,1.5469291660826012,3.6239053739256564,3.6239053739256564,0.0,17.26727321376111,17.26727321376111,0.0,0.0,9.983411665141261,3.712754526853398,True,0,ok
25.6875,0.1725,0.20238583112676314,0.13882109554486163,0.2624972554212532,0.18629001114028051,-0.8844938051807296,2.327049264232769e-09,-0.17507619339630456,12.067502724456284,1.2760986962311396,1.5469291660826012,3.6590695982313295,3.6590695982313295,0.0,17.035398572352943,17.035398572352943,0.0,0.0,9.789137598602434,3.7514005641905093,True,0,ok
25.6875,0.17625,0.22717598120030996,0.15878268828904113,0.3035721656222341,0.19354270190865588,-1.489778583346964,1.903563941208896e-09,-0.17106158842403793,7.443508786393888,1.282309005753039,1.5469291660826012,3.6940234391298916,3.6940234391298916,0.0,16.80649643189342,16.80649643189342,0.0,0.0,9.5994013915776,3.789894480957942,True,0,ok
25.6875,0.18,0.25274178572138484,0.17878884849795265,0.34527201197806967,0.20113929538082584,-2.1094483499627565,1.8047609522018727e-08,-0.16735185433260502,5.463244795616828,1.2880477016174876,1.5469291660826012,3.7286588927807824,3.7286588927807824,0.0,16.582195327087856,16.582195327087856,0.0,0.0,9.414984369593778,3.828096427125163,True,0,ok
25.78125,0.12,0.16124662583195623,-0.11788450336143919,-0.22198164002024678,0.12177363584832757,5.941963707694502,4.2124692558248474e-10,-0.266386278863985,1.1742103677000229,1.1348484618636896,1.5469291660826012,3.1742222004996274,3.1742222004996274,0.0,20.516469970038795,20.516469970038795,0.0,0.0,12.919079097766657,3.222927670188334,True,0,ok
25.78125,0.12375,0.14306019259065222,-0.09903936779948123,-0.18969313536792218,0.124925474313247,5.49555385626031,1.48006225441664e-11,-0.25683430708758215,1.302453332099597,1.149624685598205,1.5469291660826012,3.2123300169869813,3.2123300169869813,0.0,20.252118587381492,20.252118587381492,0.0,0.0,12.653256288079339,3.263374886922225,True,0,ok
25.78125,0.1275,0.12531363451916713,-0.07952854446085288,-0.15585534043653393,0.12843225631655175,5.019312695591281,1.2135909641115321e-09,-0.2477834125996052,1.4660625242066074,1.1636257782607928,1.5469291660826012,3.2516947652153347,3.2516947652153347,0.0,19.964383242714366,19.964383242714366,0.0,0.0,12.377938935872105,3.3055624377716533,True,0,ok
25.78125,0.13125,0.10958321044558642,-0.06036941063096115,-0.12211410162034843,0.13217080040693802,4.551025586700838,1.4463672508037724e-09,-0.23924740817278903,1.6639829625025864,1.176830372470445,1.5469291660826012,3.289599892622757,3.289599892622757,0.0,19.701222419171874,19.701222419171874,0.0,0.0,12.123854624884371,3.3460812136493723,True,0,ok
25.78125,0.135,0.0962874659765746,-0.0407358971202935,-0.08709480965884027,0.13626778463329212,4.058982604960455,4.673686452374016e-10,-0.23118639737998942,1.9235285545554484,1.1893001851739333,1.5469291660826012,3.3282016338574354,3.3282016338574354,0.0,19.425188145571948,19.425188145571948,0.0,0.0,11.866551548045747,3.3876351773280247,True,0,ok
25.78125,0.13874999999999998,0.08740421841025149,-0.021285576978662867,-0.051892633371250205,0.14061497431711625,3.56742185033503,1.011391810301215e-09,-0.22359180231572356,2.2583941296302252,1.2010484857834332,1.5469291660826012,3.3658284883753087,3.3658284883753087,0.0,19.16497931802309,19.16497931802309,0.0,0.0,11.624066415046256,3.428118389371293,True,0,ok
25.78125,0.1425,0.0843811428234651,-0.0014183821854222532,-0.015507991852919664,0.14532041210114943,3.0548476126880315,5.522555475109857e-09,-0.21644929934097093,2.725584823254493,1.2120974319539097,1.5469291660826012,3.4038526270618137,3.4038526270618137,0.0,18.897432892139634,18.897432892139634,0.0,0.0,11.381093903185748,3.4692545568189113,True,0,ok
25.78125,0.14625,0.08825794339036114,0.018273443624113855,0.021119501833319648,0.1502945162503187,2.5393089340251973,4.6060580389452504e-08,-0.2097291744811157,3.391175193265468,1.2224929890993366,1.5469291660826012,3.44108412170488,3.44108412170488,0.0,18.642411599602017,18.642411599602017,0.0,0.0,11.150550399128825,3.50954149710443,True,0,ok
25.78125,0.15,0.09854668577961928,0.03823657802655347,0.05874560245198083,0.1556318287748819,2.0050167780658397,1.1781248015552923e-10,-0.2034249366713141,4.447367744875102,1.2322451984372393,1.5469291660826012,3.478471011899133,3.478471011899133,0.0,18.384330502057495,18.384330502057495,0.0,0.0,10.922063724769254,3.5501704782250147,True,0,ok
25.78125,0.15375,0.11368776830204039,0.05819823512675705,0.09686727701999172,0.16125886659454775,1.4628950396870917,2.56372281735274e-10,-0.19751732304439967,6.315868339335577,1.2413838582586603,1.5469291660826012,3.515314307976624,3.515314307976624,0.0,18.134550524038637,18.134550524038637,0.0,0.0,10.702347504617856,3.59025655358386,True,0,ok
25.78125,0.1575,0.13235588951190289,0.07831505001145102,0.13582867056275302,0.1672470318430799,0.90398530879598,2.7762897782415092e-11,-0.19199540944385476,10.600337159750508,1.2499258674599314,1.5469291660826012,3.5521101115181226,3.5521101115181226,0.0,17.885131325913843,17.885131325913843,0.0,0.0,10.486534369494544,3.630417952596161,True,0,ok
25.78125,0.16125,0.1533683008724345,0.0984604157368872,0.17536264045641903,0.1735482584256172,0.3343431217489344,9.888460603975746e-10,-0.18684039336760327,29.74065294844154,1.2579003121799095,1.5469291660826012,3.588475219396709,3.588475219396709,0.0,17.642121789600946,17.642121789600946,0.0,0.0,10.277925871382529,3.670169845738516,True,0,ok
25.78125,0.16499999999999998,0.17616392334791137,0.1187333517501978,0.21569732737654987,0.18021719621824006,-0.2521132546597138,7.827237942859523e-10,-0.1820448097870306,40.956532622305474,1.2653187402890842,1.5469291660826012,3.624714905899885,3.624714905899885,0.0,17.400766539307284,17.400766539307284,0.0,0.0,10.073571484326463,3.709890623142765,True,0,ok
25.78125,0.16875,0.2002084703776379,0.13904453168779674,0.25664304099016877,0.18721982414237115,-0.8513986149584162,3.854123389341385e-08,-0.17759016455456839,12.599158110050796,1.2722097609237308,1.5469291660826012,3.660578144609129,3.660578144609129,0.0,17.164908683168733,17.164908683168733,0.0,0.0,9.875507149580928,3.749261360433134,True,0,ok
25.78125,0.1725,0.2253388873530196,0.15947028175987907,0.29838072869212373,0.19460475955400633,-1.4684133516887847,2.0276774108426435e-09,-0.17347018715480134,7.593251166491629,1.2785830741270316,1.5469291660826012,3.696286360109373,3.696286360109373,0.0,16.931188343813638,16.931188343813638,0.0,0.0,9.681618043913963,3.7885558268253634,True,0,ok
25.78125,0.17625,0.251245269340938,0.17990259770265488,0.3406916298244356,0.20232850715113745,-2.0986435209177876,8.562243283391458e-09,-0.16965915768119397,5.523839289234296,1.2844784667725553,1.5469291660826012,3.731575302459906,3.731575302459906,0.0,16.70350134985327,16.70350134985327,0.0,0.0,9.493926014024884,3.827440520428716,True,0,ok
25.78125,0.18,0.2779689611167881,0.20046534877790867,0.3838215631047333,0.21046349248320953,-2.7486893097836056,2.0946616810383425e-11,-0.16617152119507317,4.387061796307771,1.2898735933736294,1.5469291660826012,3.766739210139353,3.766739210139353,0.0,16.477564228520905,16.477564228520905,0.0,0.0,9.309980551087627,3.866273901702164,True,0,ok
25.875,0.12,0.14973105969963724,-0.10412846624079353,-0.20180254567264863,0.1252643835841117,5.630871229737934,1.394580408658559e-09,-0.26219703033072755,1.2746021370144993,1.1413289326037543,1.5469291660826012,3.2038695681423635,3.2038695681423635,0.0,20.443738367782498,20.443738367782498,0.0,0.0,12.807991732415369,3.2512066833726387,True,0,ok
25.875,0.12375,0.1315224609771008,-0.08442322341474406,-0.16792218263700737,0.12872192179697578,5.155930416484154,2.5491890736166815e-09,-0.25279484948236214,1.4304349077714935,1.155873440382874,1.5469291660826012,3.24356912836318,3.24356912836318,0.0,20.159480617922068,20.159480617922068,0.0,0.0,12.531153266263903,3.293561677690218,True,0,ok
25.875,0.1275,0.11484770640659415,-0.06471578582425154,-0.13354082076794127,0.1324715186534069,4.675377666104765,1.885105231927999e-10,-0.24393221660776246,1.6234108700040781,1.1695833056648748,1.5469291660826012,3.2827310183919733,3.2827310183919733,0.0,19.883490089703237,19.883490089703237,0.0,0.0,12.265436590633538,3.335414383742372,True,0,ok
25.875,0.13125,0.10051388748385315,-0.04477535363251942,-0.09827717886241029,0.13654994893180558,4.1802956334034524,1.0373424733116037e-07,-0.2355676299141467,1.8715747527524909,1.1825227287834554,1.5469291660826012,3.3219329431440445,3.3219329431440445,0.0,19.605973638690557,19.605973638690557,0.0,0.0,12.004031399922836,3.3774864812243455,True,0,ok
25.875,0.135,0.09016223825933191,-0.02485703583443626,-0.06254278892745366,0.1409191787745697,3.6794276891891706,6.489982465619658e-10,-0.22769688866321486,2.1943831699575123,1.1946982079832114,1.5469291660826012,3.360547034760947,3.360547034760947,0.0,19.337571649669034,19.337571649669034,0.0,0.0,11.753501885421546,3.418983689745272,True,0,ok
25.875,0.13874999999999998,0.08544052759241062,-0.004660362577740118,-0.02581836348172816,0.1456432092257576,3.1609095275126267,5.434855062971869e-10,-0.22028968426564075,2.6399810341751047,1.206156628504954,1.5469291660826012,3.399310155957145,3.399310155957145,0.0,19.065995884279598,19.065995884279598,0.0,0.0,11.50565073088935,3.460831879427966,True,0,ok
25.875,0.1425,0.08768532413721845,0.015529219515980762,0.011378240429254585,0.15065034747090947,2.6366923090011585,4.693764577279579e-10,-0.2133423024501079,3.273658083954564,1.2169037360633137,1.5469291660826012,3.437421511218582,3.437421511218582,0.0,18.804517092195493,18.804517092195493,0.0,0.0,11.268321401263627,3.5020138215122585,True,0,ok
25.875,0.14625,0.09675307032783624,0.03591049780035017,0.04948375586161795,0.1560296891849385,2.0946994871868485,2.4526077285299386e-09,-0.20682076290146134,4.267840195560024,1.2269920957988762,1.5469291660826012,3.4755937422930336,3.4755937422930336,0.0,18.541523122349446,18.541523122349446,0.0,0.0,11.034542156221852,3.5434293932597565,True,0,ok
25.875,0.15,0.11118883809279284,0.05630684988707569,0.08813016311283775,0.16171421135687128,1.5439871514592478,1.292394830888705e-10,-0.20071739162671787,6.001048512144854,1.2364335788352077,1.5469291660826012,3.513239887343967,3.513239887343967,0.0,18.28647530824142,18.28647530824142,0.0,0.0,10.809528949494538,3.5843320309576674,True,0,ok
25.875,0.15375,0.12954640084972802,0.07686371368507626,0.12763765236433758,0.16777189614716279,0.9760846979820229,1.7045280547091769e-07,-0.19501540235690332,9.848142881466035,1.2452541523413738,1.5469291660826012,3.5508256893511834,3.5508256893511834,0.0,18.031981460623104,18.031981460623104,0.0,0.0,10.588706268121609,3.62530238143811,True,0,ok
25.875,0.1575,0.15051129390953275,0.09744974444308428,0.16773432349296735,0.17415422134791736,0.3971173821198773,1.6830612579451862e-09,-0.18969876062292876,25.126832309270892,1.253478620505271,1.5469291660826012,3.587961708111943,3.587961708111943,0.0,17.784146703405437,17.784146703405437,0.0,0.0,10.375419249742684,3.665846457515754,True,0,ok
25.875,0.16125,0.1734285284787916,0.11816934497157991,0.20865595363164363,0.18091728052901473,-0.19918430648306767,6.059805149224481e-11,-0.18475630622696593,52.04123155243693,1.2611242473624191,1.5469291660826012,3.624962338589486,3.624962338589486,0.0,17.53810403129822,17.53810403129822,0.0,0.0,10.166612308813821,3.7063548160046755,True,0,ok
25.875,0.16499999999999998,0.19770633445190136,0.1389324047726494,0.2502135336366318,0.18802754728065807,-0.8088736223669457,7.286650569040859e-10,-0.18017076510316798,13.318749175988074,1.2682177546690934,1.5469291660826012,3.661576368375419,3.661576368375419,0.0,17.297677365281277,17.297677365281277,0.0,0.0,9.9643112690113,3.7465073137510108,True,0,ok
25.875,0.16875,0.22313776702816435,0.1598090015228238,0.29257447636453865,0.19553170595900854,-1.4366299112642114,3.6871594457807025e-08,-0.17593375410092615,7.798209841381914,1.2747721105654741,1.5469291660826012,3.6980125102236103,3.6980125102236103,0.0,17.059717358081617,17.059717358081617,0.0,0.0,9.766511601179987,3.7865617219309966,True,0,ok
25.875,0.1725,0.24941463963900123,0.1807082532550186,0.3355568884220331,0.20339392625346964,-2.0787264568328534,4.3477582135572293e-10,-0.17202081435151562,5.60613134768793,1.2808251511889612,1.5469291660826012,3.7340434149078097,3.7340434149078097,0.0,16.827550942931158,16.827550942931158,0.0,0.0,9.57488709608607,3.8262305188162387,True,0,ok
25.875,0.17625,0.2765434750363021,0.20173847058761646,0.3793698620569466,0.21168131236206061,-2.741128495634168,1.570150149654921e-09,-0.16844636683062583,4.4246177512122,1.2863545683116573,1.5469291660826012,3.7699302550284846,3.7699302550284846,0.0,16.59741949776145,16.59741949776145,0.0,0.0,9.387317304502364,3.8658294644736215,True,0,ok
25.875,0.18,0.30436937888874344,0.22283031674515155,0.4239135821189423,0.22037713413532856,-3.422142377484058,1.2370117619323088e-09,-0.1651785841746487,3.689700279631798,1.2914095966106072,1.5469291660826012,3.805540375661226,3.805540375661226,0.0,16.37115024320322,16.37115024320322,0.0,0.0,9.204537309658695,3.90519532955006,True,0,ok
25.96875,0.12,0.13820000046282638,-0.08976783801529441,-0.18058366287701066,0.1289534658074674,5.301994885255001,1.6097007882813976e-09,-0.2580565931800203,1.393530077688315,1.1477338955925154,1.5469291660826012,3.234590968096731,3.234590968096731,0.0,20.360664522300578,20.360664522300578,0.0,0.0,12.690484229607453,3.2806408879696676,True,0,ok
25.96875,0.12375,0.1205476367270646,-0.06943867018869739,-0.1454669825992143,0.13271332343569048,4.8069455726259855,2.9141821966883285e-09,-0.24883536112625054,1.5818596660052806,1.1619984884037076,1.5469291660826012,3.2751999942184686,3.2751999942184686,0.0,20.068839965869913,20.068839965869913,0.0,0.0,12.410858890645688,3.3240556350327566,True,0,ok
25.96875,0.1275,0.10527379760276545,-0.04926368791133281,-0.11008715107233348,0.13675388699147129,4.311770627924481,1.110332894182884e-09,-0.24015068268675038,1.8172164599562621,1.175433070779819,1.5469291660826012,3.314831802381814,3.314831802381814,0.0,19.793030803247444,19.793030803247444,0.0,0.0,12.147191184544797,3.366416573450995,True,0,ok
25.96875,0.13125,0.09342244162073496,-0.028790369293564384,-0.07369063708109914,0.1411526210796697,3.79868641031158,1.5821568150534754e-09,-0.23197884096098306,2.129012132488992,1.1880743310860193,1.5469291660826012,3.354657321212181,3.354657321212181,0.0,19.5129256856918,19.5129256856918,0.0,0.0,11.88613586538599,3.4091994574064524,True,0,ok
25.96875,0.135,0.08697633470986704,-0.008299847919870536,-0.03673756041108233,0.14586333527736695,3.2777889059815246,2.3277072209236572e-09,-0.22429624540681722,2.5496924105892758,1.199958762219975,1.5469291660826012,3.3939628132632693,3.3939628132632693,0.0,19.24085289260746,19.24085289260746,0.0,0.0,11.635142403076344,3.4514964485875677,True,0,ok
25.96875,0.13874999999999998,0.08743166679302619,0.012425886172410201,0.0011176242408225093,0.15092129519556513,2.7419437917633562,9.032629352579543e-10,-0.21709696224930045,3.1536581017194694,1.211095543311225,1.5469291660826012,3.433168623777572,3.433168623777572,0.0,18.969659783311283,18.969659783311283,0.0,0.0,11.389097045117266,3.493835007497677,True,0,ok
25.96875,0.1425,0.09504564288265598,0.03315997705341132,0.03957400496875365,0.15631806276141735,2.1950889832260447,1.099814400008627e-10,-0.2103425362011804,4.080183230079119,1.2215441619652099,1.5469291660826012,3.4719850257415903,3.4719850257415903,0.0,18.70428056941177,18.70428056941177,0.0,0.0,11.151454241116378,3.535846114939668,True,0,ok
25.96875,0.14625,0.10863442553946533,0.054053583819108145,0.07884187637412356,0.162069379720498,1.6337863194865594,4.598879192348707e-09,-0.20402901694276365,5.683663362541738,1.231310729046679,1.5469291660826012,3.510581979317645,3.510581979317645,0.0,18.441852260252983,18.441852260252983,0.0,0.0,10.91967776577423,3.577742156281554,True,0,ok
25.96875,0.15,0.1265296534165438,0.07501645205142599,0.11881821443636363,0.1681785462563596,1.0586134275689254,4.500144810052344e-10,-0.19813360812854475,9.102398150440719,1.2404305088873746,1.5469291660826012,3.5488892390601636,3.5488892390601636,0.0,18.183598065566994,18.183598065566994,0.0,0.0,10.694534332704022,3.6194232872636234,True,0,ok
25.96875,0.15375,0.1473988661550991,0.09606835653317478,0.15952390426815777,0.17464899676632817,0.46907918163379325,2.0154895781863152e-10,-0.19264398913767594,21.33254001179845,1.2489225606150305,1.5469291660826012,3.5868950357600276,3.5868950357600276,0.0,17.929638878028776,17.929638878028776,0.0,0.0,10.47572959253836,3.660873007908061,True,0,ok
25.96875,0.1575,0.17038395881697393,0.11724159768645717,0.2010134968496424,0.1814939726895594,-0.13622565936937964,7.241920477342134e-10,-0.18754384455743725,76.33538857740187,1.2568121230174398,1.5469291660826012,3.6246377613161407,3.6246377613161407,0.0,17.67942315683925,17.67942315683925,0.0,0.0,10.262612982805,3.702136434948112,True,0,ok
25.96875,0.16125,0.19488511360252894,0.1384739435290009,0.24321140976374372,0.188716188059931,-0.7570830748622543,4.0350701854312147e-10,-0.18281943452248745,14.281974410269925,1.264120450693037,1.5469291660826012,3.6620698437128074,3.6620698437128074,0.0,17.43363550707064,17.43363550707064,0.0,0.0,10.055558026768932,3.7431450993355253,True,0,ok
25.96875,0.16499999999999998,0.2206043295833027,0.159817487746227,0.2861998236557858,0.1963334975050794,-1.3953250783763598,5.320211163834805e-10,-0.17845677646445657,8.061978501220002,1.2708691736846502,1.5469291660826012,3.699245065519935,3.699245065519935,0.0,17.191482267479486,17.191482267479486,0.0,0.0,9.853755705706968,3.783965424004792,True,0,ok
25.96875,0.16875,0.24726200955168035,0.1812091419746271,0.32988578439096194,0.2043382495378312,-2.0499149515627044,2.618153904796331e-10,-0.17443692947094083,5.711319527028995,1.2770875922421092,1.5469291660826012,3.736072435564969,3.736072435564969,0.0,16.95425276069986,16.95425276069986,0.0,0.0,9.657804340046066,3.8244780093536805,True,0,ok
25.96875,0.1725,0.27479000639586737,0.20271168322944202,0.3743831366954536,0.2127766041779079,-2.724724383034289,7.95422348291354e-10,-0.1707690539469995,4.474287922268131,1.2827615358676545,1.5469291660826012,3.7727065334258336,3.7727065334258336,0.0,16.719773736682413,16.719773736682413,0.0,0.0,9.466477015485513,3.8648646249731007,True,0,ok
25.96875,0.17625,0.30307156566625115,0.22430076026363896,0.4196676904720349,0.22164232507623685,-3.4192169940049255,3.438801301836448e-09,-0.1674191739814042,3.714057870735036,1.2879435628893097,1.5469291660826012,3.8090653334671947,3.8090653334671947,0.0,16.489112840494798,16.489112840494798,0.0,0.0,9.279952794330057,3.9050290662750697,True,0,ok
25.96875,0.18,0.3319583866991447,0.24590923948128487,0.46560931985706094,0.23092362092189245,-4.131900298876162,2.5934515872684924e-10,-0.16437767438767573,3.202146206747062,1.2926485473194766,1.5469291660826012,3.8450452134875746,3.8450452134875746,0.0,16.263748506875636,16.263748506875636,0.0,0.0,9.099048569827193,3.9448309022530723,True,0,ok
26.0625,0.12,0.12680587454934145,-0.0746924591896117,-0.15812588196966965,0.1328775054408843,4.951176401542502,2.1899275926564508e-10,-0.2539710850310629,1.5376790557527764,1.1540538873064057,1.5469291660826012,3.266611756375607,3.266611756375607,0.0,20.26386578412298,20.26386578412298,0.0,0.0,12.564496655531807,3.311517227989083,True,0,ok
26.0625,0.12375,0.11054096520652397,-0.05414541139953756,-0.12241681331678587,0.13689526364380855,4.451021453615888,1.4917491265719847e-09,-0.24494601854796683,1.7621844612204842,1.1680150258749415,1.5469291660826012,3.3070389511889062,3.3070389511889062,0.0,19.983825256983437,19.983825256983437,0.0,0.0,12.294542295736816,3.3546110155379196,True,0,ok
26.0625,0.1275,0.09723409197683976,-0.033140640497869044,-0.08542154693043275,0.14130910513864448,3.9271101461420703,3.8169077870310386e-10,-0.2364500176489033,2.061672586181096,1.181157737460767,1.5469291660826012,3.3480213140533093,3.3480213140533093,0.0,19.69331607195679,19.69331607195679,0.0,0.0,12.023525477356813,3.3985961069838644,True,0,ok
26.0625,0.13125,0.08905802569982932,-0.012336672552653442,-0.04821605503108699,0.14600347383614604,3.4033732528659617,7.413141347778354e-11,-0.22847521331744214,2.457968087401364,1.193494194874906,1.5469291660826012,3.3879289544134155,3.3879289544134155,0.0,19.420027570584647,19.420027570584647,0.0,0.0,11.768756097925868,3.4414026656159313,True,0,ok
26.0625,0.135,0.08757306962619776,0.00893831258772513,-0.009699229251953033,0.15110644953563968,2.8558087879021667,1.262438963836938e-09,-0.22100449271047348,3.0316321779927606,1.2050508704734801,1.5469291660826012,3.4282696448495784,3.4282696448495784,0.0,19.138764029588877,19.138764029588877,0.0,0.0,11.513570603500877,3.484936381742588,True,0,ok
26.0625,0.13874999999999998,0.09353403683241238,0.030030912937300272,0.029106955747478774,0.1565144642956932,2.3042304378580885,1.4086366839924595e-09,-0.21400129201198406,3.891806170753537,1.2158843258899035,1.5469291660826012,3.4677511773983944,3.4677511773983944,0.0,18.870911899708812,18.870911899708812,0.0,0.0,11.271848674752322,3.527556666361565,True,0,ok
26.0625,0.1425,0.10606706907787075,0.05140502302431176,0.06897284078275125,0.16232972700813808,1.7323193215698915,1.1093342123374885e-08,-0.20746005814924948,5.368991808420395,1.2260031513343348,1.5469291660826012,3.5073332830107957,3.5073332830107957,0.0,18.600831794285064,18.600831794285064,0.0,0.0,11.033127568647014,3.570475844488676,True,0,ok
26.0625,0.14625,0.12337863346356098,0.0728111739106407,0.10944773257538097,0.1684831990848628,1.1499254918101933,6.522640266149949e-10,-0.20135904315672712,8.394784092688361,1.2354409893689748,1.5469291660826012,3.5463862329528935,3.5463862329528935,0.0,18.33868125214944,18.33868125214944,0.0,0.0,10.803301718235247,3.6128890720754057,True,0,ok
26.0625,0.15,0.14408074922766373,0.09435835177194359,0.15078571758256373,0.17503701242311082,0.5497613826702259,1.1144929484256342e-09,-0.1956835163142477,18.242245429666763,1.244220627374491,1.5469291660826012,3.585292704510547,3.585292704510547,0.0,18.078372675455046,18.078372675455046,0.0,0.0,10.578643453093434,3.6552748067758776,True,0,ok
26.0625,0.15375,0.16707652560632613,0.11597718881278006,0.19282979362386438,0.18196059626223116,-0.06448260276976575,6.201296621486087e-10,-0.190414318763528,161.68041852674833,1.2523717027475503,1.5469291660826012,3.6238026569646977,3.6238026569646977,0.0,17.82383387334916,17.82383387334916,0.0,0.0,10.361091600740021,3.697312777039163,True,0,ok
26.0625,0.1575,0.19178308687564044,0.13770314387685031,0.2356881606631606,0.18929128961549183,-0.6965744486229614,2.286026832487741e-10,-0.18554004068339675,15.56989639082596,1.2599118656733024,1.5469291660826012,3.662081485200188,3.662081485200188,0.0,17.57248887990123,17.57248887990123,0.0,0.0,10.149017544933267,3.7392056047933564,True,0,ok
26.0625,0.16125,0.2177676248291841,0.15951230689368898,0.27929821988453696,0.19701914523724653,-1.3452848784104452,8.939327889466982e-11,-0.18104269639462361,8.391059534325006,1.2668689387235206,1.5469291660826012,3.700020815514123,3.700020815514123,0.0,17.32599238991189,17.32599238991189,0.0,0.0,9.943080626958777,3.7808127346054525,True,0,ok
26.0625,0.16499999999999998,0.24480097204462717,0.1814096770985235,0.3236981681681161,0.20516474531848422,-2.012464859985378,8.070448063545487e-10,-0.17690760794385565,5.841132556079001,1.2732656276523449,1.5469291660826012,3.7376729490784624,3.7376729490784624,0.0,17.083508393358542,17.083508393358542,0.0,0.0,9.742609151640183,3.8221962312438973,True,0,ok
26.0625,0.16875,0.2727096244642152,0.20338358322249322,0.36886456122421624,0.21374206739592794,-2.6989069936236825,9.779265618798475e-10,-0.17313165306780898,4.537584435151174,1.2791067623799133,1.5469291660826012,3.7750380178558034,3.7750380178558034,0.0,16.84510311741525,16.84510311741525,0.0,0.0,9.547611372563786,3.8633445197872325,True,0,ok
26.0625,0.1725,0.30142520053117816,0.22546154621732975,0.41486414666558397,0.22276957946387274,-3.4063208409563654,1.3378555397461666e-09,-0.16969241413893332,3.7470800030688083,1.2844270213881177,1.5469291660826012,3.812143337406294,3.812143337406294,0.0,16.61028413249193,16.61028413249193,0.0,0.0,9.357435866227759,3.904295829441385,True,0,ok
26.0625,0.17625,0.3308009845613825,0.24758017446940755,0.4615811081307464,0.23223869614435488,-4.133490936075505,1.87844911916334e-09,-0.1665771411821237,3.219142689430012,1.289246127985315,1.5469291660826012,3.8488911844074414,3.8488911844074414,0.0,16.38043570495905,16.38043570495905,0.0,0.0,9.172806192617173,3.944918179025079,True,0,ok
26.0625,0.18,0.36084952826964606,0.26978435684630186,0.5091146227397833,0.24218969398146084,-4.883683290870776,3.154053286617392e-10,-0.1637788910307967,2.841389680744111,1.2935748227583976,1.5469291660826012,3.885378888572513,3.885378888572513,0.0,16.154174538184233,16.154174538184233,0.0,0.0,8.992764015831884,3.9853303030461213,True,0,ok
26.15625,0.12,0.1162965486045786,-0.05939677237108539,-0.13521757272780205,0.1369777102652485,4.595982725615164,3.583633557142654e-10,-0.24998615133141142,1.7076314586265287,1.160218297471302,1.5469291660826012,3.2986455507966372,3.2986455507966372,0.0,20.174878115866754,20.174878115866754,0.0,0.0,12.444227411179714,3.3422325445855625,True,0,ok
26.15625,0.12375,0.10175061932525625,-0.03814843421371255,-0.09811413473261281,0.14134312552060102,4.072347710640734,6.318518918609927e-10,-0.24114633452229736,1.9886230574952783,1.1738928679161478,1.5469291660826012,3.3400874402509437,3.3400874402509437,0.0,19.886094214318373,19.886094214318373,0.0,0.0,12.17071226615901,3.3865201699737533,True,0,ok
26.15625,0.1275,0.09173502588782775,-0.01677673877372805,-0.0602487325717361,0.14606360321291134,3.5365849304982837,6.073009381594546e-10,-0.23285615802966328,2.366358554661995,1.1867171837245758,1.5469291660826012,3.381230466993913,3.381230466993913,0.0,19.601305221035535,19.601305221035535,0.0,0.0,11.905412935071595,3.4306240753952606,True,0,ok
26.15625,0.13125,0.08819452532687938,0.004815862388777902,-0.02144593409848999,0.1511677950920641,2.9843948838825365,5.441122208850422e-09,-0.2250849545571094,2.9021885487907886,1.1987386850318318,1.5469291660826012,3.422299021458249,3.422299021458249,0.0,19.31700206951865,19.31700206951865,0.0,0.0,11.645671540956249,3.474823882254992,True,0,ok
26.15625,0.135,0.09228214359453984,0.02645663854661218,0.017976054694764813,0.15660424583527277,2.423413442400134,2.2910148301746576e-08,-0.217826957252511,3.7025305642044137,1.209966292749664,1.5469291660826012,3.4627735611601076,3.4627735611601076,0.0,19.041643186676072,19.041643186676072,0.0,0.0,11.396175782590465,3.5184506340694552,True,0,ok
26.15625,0.13874999999999998,0.10349496739359447,0.048298712538299704,0.058373141989930245,0.16246056594992422,1.8429050016828854,3.1358230441833155e-10,-0.21104211377411555,5.05088691915067,1.2204619650136992,1.5469291660826012,3.503258500978217,3.503258500978217,0.0,18.76552379163955,18.76552379163955,0.0,0.0,11.151209767920314,3.5622762213226222,True,0,ok
26.15625,0.1425,0.12005762338036645,0.07015480071430803,0.09936305719676254,0.16866174906147025,1.2523861424061515,2.5742622262018505e-09,-0.20472132213990624,7.7161556322801355,1.2302397819453885,1.5469291660826012,3.543147314349222,3.543147314349222,0.0,18.498312740214388,18.498312740214388,0.0,0.0,10.91599252892297,3.6055200806784446,True,0,ok
26.15625,0.14625,0.14048035549567983,0.09220713898042802,0.14133134891021212,0.17529256737477966,0.6416836370850356,1.2954323857778243e-09,-0.19884534382975944,15.651831697333026,1.2393295041726233,1.5469291660826012,3.58298444047309,3.58298444047309,0.0,18.231433895338093,18.231433895338093,0.0,0.0,10.68520792767254,3.648868144163508,True,0,ok
26.15625,0.15,0.16341893494910778,0.11427841012852377,0.1839261210992708,0.18228788181219133,0.018684955012070053,8.817147439341358e-10,-0.19339358768633452,558.9698384326497,1.2477629847572573,1.5469291660826012,3.6222846696261373,3.6222846696261373,0.0,17.9724342430801,17.9724342430801,0.0,0.0,10.463011239230193,3.691698628967977,True,0,ok
26.15625,0.15375,0.18829083413611394,0.13650834594690472,0.2274457722465972,0.18972139266042173,-0.6245586627513172,4.130700585274813e-09,-0.18835685903358348,17.404666256490113,1.2555544472118418,1.5469291660826012,3.661438373375997,3.661438373375997,0.0,17.71532549908998,17.71532549908998,0.0,0.0,10.245676420035121,3.7345009802028306,True,0,ok
26.15625,0.1575,0.214514940064269,0.15879118377557086,0.27167597393551063,0.19755379944125445,-1.2835821630338742,4.7607026664371946e-09,-0.18371351814680054,8.818289362952989,1.2627373666576702,1.5469291660826012,3.7001650662366266,3.7001650662366266,0.0,17.464343275020685,17.464343275020685,0.0,0.0,10.035416771723925,3.7769142050163946,True,0,ok
26.15625,0.16125,0.24190389710511037,0.18119645575758053,0.3167835839891185,0.2058360795385973,-1.963294381066203,9.47130567457138e-10,-0.17945338436124103,6.007014914735329,1.2693274918619661,1.5469291660826012,3.738669974020199,3.738669974020199,0.0,17.21639991522987,17.21639991522987,0.0,0.0,9.830244248014544,3.8191937894153933,True,0,ok
26.15625,0.16499999999999998,0.27017840400086635,0.20364938306333322,0.36261272237171077,0.21454149323025218,-2.660803312355,1.9939159697909844e-09,-0.17555612985705948,4.619778559148137,1.2753562685221314,1.5469291660826012,3.776766582935361,3.776766582935361,0.0,16.97423329538771,16.97423329538771,0.0,0.0,9.631518780172971,3.861097414841674,True,0,ok
26.15625,0.16875,0.2993333375456349,0.22623556157545943,0.40934487019962507,0.2237310635976051,-3.3814421219083153,1.0191146756758699e-09,-0.17202215444091104,3.790940441376377,1.2808230781655903,1.5469291660826012,3.81466118846097,3.81466118846097,0.0,16.734843179651698,16.734843179651698,0.0,0.0,9.437403568207467,3.9028799723443304,True,0,ok
26.15625,0.1725,0.32919744262246253,0.24887595378827623,0.4568426813667111,0.2333846455856896,-4.123073305358466,1.3257019849701224e-09,-0.16882562216265073,3.2432009340794283,1.2857678871771556,1.5469291660826012,3.8522020078504724,3.8522020078504724,0.0,16.50034349806931,16.50034349806931,0.0,0.0,9.248881889858067,3.944346449181691,True,0,ok
26.15625,0.17625,0.3597433738552561,0.27158852207483175,0.5051508669624438,0.2435326700518593,-4.888012702864729,1.6201540696187444e-08,-0.1659591165918614,2.854614956165286,1.2902021682493479,1.5469291660826012,3.889443484303201,3.889443484303201,0.0,16.26996539584673,16.26996539584673,0.0,0.0,9.065381464658827,3.9855592444830505,True,0,ok
26.15625,0.18,0.3909370124831753,0.2943767939446322,0.5542769651860611,0.25419400511975254,-5.677523271165674,7.2209156505192454e-09,-0.16341107871175503,2.5652459664684772,1.2941438023623677,1.5469291660826012,3.9263841699168625,3.9263841699168625,0.0,16.043690369547196,16.043690369547196,0.0,0.0,8.886720399722986,4.026512749113273,True,0,ok
26.25,0.12,0.10683443061107738,-0.04350998714301795,-0.11124070216792496,0.14132647979759755,4.224497944438972,4.487015887916198e-10,-0.24603410145804988,1.9167747108274655,1.166331838686218,1.5469291660826012,3.3315291676721364,3.3315291676721364,0.0,20.08269202644018,20.08269202644018,0.0,0.0,12.321908770282205,3.373773008135283,True,0,ok
26.25,0.12375,0.09501145641436692,-0.02153353358619378,-0.07267238088308588,0.14607040267628962,3.6757967550944586,3.4458726288825123e-10,-0.23740082833753332,2.276844489165118,1.179686900675102,1.5469291660826012,3.374002083455355,3.374002083455355,0.0,19.78518171165297,19.78518171165297,0.0,0.0,12.045014340222298,3.419280639191325,True,0,ok
26.25,0.1275,0.0894003937595653,0.00037387711316143747,-0.033634185998478595,0.15114857909097248,3.121455110195311,5.264726900020427e-10,-0.2293171582357462,2.7744033970010133,1.1921917657245464,1.5469291660826012,3.4156745159005406,3.4156745159005406,0.0,19.500189273469907,19.500189273469907,0.0,0.0,11.781630771507356,3.463970471255176,True,0,ok
26.25,0.13125,0.09144527415249355,0.02259831194798587,0.006490292388817665,0.1566330325834346,2.5481502312659385,3.770792629233501e-10,-0.22177456933798304,3.521931944690466,1.2038596164782671,1.5469291660826012,3.4573505169127414,3.4573505169127414,0.0,19.214263318937483,19.214263318937483,0.0,0.0,11.522561930631847,3.508859641454254,True,0,ok
26.25,0.135,0.10107419267296792,0.04482152026583289,0.047257021275304636,0.16249856163893164,1.9627590789815121,3.4772948863862155e-10,-0.21472673438484915,4.743568305738528,1.2147621179250063,1.5469291660826012,3.4985487475240666,3.4985487475240666,0.0,18.935441835323157,18.935441835323157,0.0,0.0,11.273240837838758,3.553335930747944,True,0,ok
26.25,0.13874999999999998,0.11677047584232177,0.06721959867339092,0.08891317234635744,0.16876612640818048,1.3610146332003652,2.3363799076376884e-09,-0.20817013599935313,7.104689789574479,1.2249047111978202,1.5469291660826012,3.539482049009623,3.539482049009623,0.0,18.660183283432836,18.660183283432836,0.0,0.0,11.030601401160453,3.5976645307018553,True,0,ok
26.25,0.1425,0.13674275005186456,0.08971953238625179,0.13139319387001938,0.17544792158434913,0.7424736012704528,7.381699962992956e-10,-0.20207840471012423,13.539101476368499,1.2343281880010664,1.5469291660826012,3.580130361284903,3.580130361284903,0.0,18.38891719033458,18.38891719033458,0.0,0.0,10.794899032395877,3.6418082819249022,True,0,ok
26.25,0.14625,0.15962142673403923,0.11231498507142572,0.17465454449278547,0.18253255554627454,0.10832950357026976,1.9063285157724072e-10,-0.19643605069500514,96.5419826719211,1.2430565099924173,1.5469291660826012,3.6203795085807067,3.6203795085807067,0.0,18.123352282962127,18.123352282962127,0.0,0.0,10.566674560109067,3.6856202372256264,True,0,ok
26.25,0.15,0.18460273624208615,0.1350412972536754,0.21880558542967088,0.1900591342320046,-0.5452893362419485,1.1269268986129753e-09,-0.19122618424072374,19.97029012973852,1.2511158043619406,1.5469291660826012,3.6603948895809095,3.6603948895809095,0.0,17.860991474603733,17.860991474603733,0.0,0.0,10.344296913162303,3.7293023811115003,True,0,ok
26.25,0.15375,0.21108020368444932,0.1578369764794634,0.26371595342998594,0.19800490378963007,-1.215775348256714,1.9670975983546776e-11,-0.18642991481073656,9.33136646199231,1.258535293431578,1.5469291660826012,3.6999920994652413,3.6999920994652413,0.0,17.60458166106693,17.60458166106693,0.0,0.0,10.129069961783008,3.7726158578948343,True,0,ok
26.25,0.1575,0.2388185313216008,0.18076734577997597,0.30954263815135524,0.20642043158026052,-1.9079119469555228,3.7965240128019985e-09,-0.1820356905229229,6.1989336319689246,1.2653328471447056,1.5469291660826012,3.7393665819010904,3.7393665819010904,0.0,17.351218584749777,17.351218584749777,0.0,0.0,9.91910758786238,3.815803091937822,True,0,ok
26.25,0.16125,0.2674728518511294,0.203720173819279,0.3560697033379413,0.21526178614886993,-2.6173094095685396,2.217844081276214e-09,-0.17801333831074376,4.7123170809259065,1.2715551410979824,1.5469291660826012,3.77825547783263,3.77825547783263,0.0,17.104685279426448,17.104685279426448,0.0,0.0,9.71628242720939,3.8585271819300253,True,0,ok
26.25,0.16499999999999998,0.2970758135457026,0.22683147537903364,0.40355611554305715,0.2246153609321783,-3.3514568082309655,3.604009380248813e-09,-0.17437813712182784,3.8399755484286078,1.2771785398416946,1.5469291660826012,3.8169705314701865,3.8169705314701865,0.0,16.860543968573605,16.860543968573605,0.0,0.0,9.518055386990527,3.9011711704257372,True,0,ok
26.25,0.16875,0.3274399270003238,0.2500109200265944,0.45185783925895284,0.23445628664981094,-4.107873175431287,4.197965157187193e-09,-0.1710948088792823,3.2701485979866507,1.282257616061911,1.5469291660826012,3.8553348218228245,3.8553348218228245,0.0,16.62122202822859,16.62122202822859,0.0,0.0,9.325482529912307,3.943511724830096,True,0,ok
26.25,0.1725,0.35850032364594303,0.2732532843586391,0.5009697093813466,0.24480489993528226,-4.887921065828557,7.364721241896712e-09,-0.16815515306355536,2.8695814399442434,1.2868050553815034,1.5469291660826012,3.893359418021682,3.893359418021682,0.0,16.38656792218314,16.38656792218314,0.0,0.0,9.138366504585557,3.985554399172585,True,0,ok
26.25,0.17625,0.3902526611478449,0.29658741354626994,0.5509516532516058,0.2556943497697597,-5.694086697875983,8.384083437470967e-10,-0.16554897530539847,2.5728809314782555,1.290836627767592,1.5469291660826012,3.9310911643542594,3.9310911643542594,0.0,16.15589323903888,16.15589323903888,0.0,0.0,8.956120389273119,4.027355235752769,True,0,ok
26.25,0.18,0.4226310214950311,0.31998042484016154,0.6017490964579116,0.2671357213496487,-6.526819648069451,1.912908923648301e-09,-0.16326265987126914,2.345054745774217,1.2943733957955115,1.5469291660826012,3.9684886678596816,3.9684886678596816,0.0,15.929742446950238,15.929742446950238,0.0,0.0,8.778929742448218,4.068855288214598,True,0,ok
