theta_B_deg,kdf,residual_norm,radius_residual,length_residual,mass_residual,performance_residual,rao_exit_residual,D_M_pre,D_M_post,D_M_jump,D_theta_pre_deg,D_theta_post_deg,D_theta_jump_deg,fan_turn_deg,exit_angle_deg,exit_mach,success,failure_code,failure_reason
24.5,0.1,0.3447954567722204,-0.28807723683006736,-0.5231283080207433,2.266746126273508e-09,-0.39436023885473886,0.7203048117068656,2.6711080037823227,2.960653818155778,0.2895458143734553,22.233102300147696,28.2331023001477,6.000000000000002,6.0,16.864198527163012,2.8382232453285905,True,0,ok
24.5,0.10333333333333333,0.3314944771511418,-0.27510866312027593,-0.5039652652924616,1.9632686430285304e-09,-0.38242286207185466,0.739405497060501,2.6992231828346642,2.9920975451572636,0.29287436232259934,22.018429184653463,28.018429184653467,6.000000000000002,6.0,16.569299208446655,2.8677262289467516,True,0,ok
24.5,0.10666666666666667,0.3180001649687632,-0.2620433307843836,-0.4844642479604742,9.912113019452261e-09,-0.37091109488731916,0.7612083798465198,2.7273383618870057,3.0235877406784533,0.2962493787914475,21.803756069159224,27.803756069159228,6.000000000000002,6.0,16.281828562527295,2.8973932989807807,True,0,ok
24.5,0.11,0.3050037939666045,-0.24981456550845507,-0.46548321759424427,3.713876615176037e-11,-0.3598628010103362,0.7818264820974188,2.753911001731096,3.0533927178500178,0.2994817161189216,21.620227210739202,27.620227210739202,6.000000000000002,6.0,16.01457512628847,2.9242698454067217,True,0,ok
24.5,0.11333333333333334,0.29280217738204195,-0.2388440747186029,-0.44738445794507514,1.1785744911631606e-09,-0.34920209332467955,0.799057705089055,2.7786383998627517,3.08116491332858,0.3025265134658284,21.4736610136087,27.4736610136087,6.000000000000002,6.0,15.767468031560313,2.9474472529176827,True,0,ok
24.5,0.11666666666666667,0.2805440055416748,-0.22797565124836927,-0.4291176057609192,1.429869992522373e-09,-0.3388690536640577,0.8174731173899484,2.8034137908681807,3.1090265565138226,0.305612765645642,21.325195275442933,27.32519527544293,5.999999999999999,6.0,15.522488581523298,2.970455508489978,True,0,ok
24.5,0.12000000000000001,0.2681199318886935,-0.21733184374357728,-0.4104043899899344,4.284357260666746e-09,-0.3286118463557748,0.8415718977183144,2.827902730709104,3.029554417197523,0.20165168648841902,21.181609675783484,25.181609675783484,3.999999999999999,4.0,15.275273087279228,2.9955491849205584,True,0,ok
24.5,0.12333333333333334,0.25478917414395835,-0.20483100918525468,-0.3908923476598527,1.851959131086324e-10,-0.3189878136569464,0.8748002519258408,2.8526617946161106,3.0563297216932064,0.2036679270770958,21.031635077506238,25.031635077506238,3.999999999999999,4.0,15.064121123456342,3.0217761296353474,True,0,ok
24.5,0.12666666666666668,0.24125290969756905,-0.192201668658845,-0.3710356019001219,7.598173068601137e-10,-0.3096749098841552,0.9119169032142445,2.8775570113341455,3.08327469238683,0.2057176810526844,20.878053867729996,24.878053867729996,3.999999999999999,4.0,14.855331595460525,3.048284347961439,True,0,ok
24.5,0.13,0.22736687579137382,-0.1792855201036697,-0.35063341384207336,3.577787868488405e-09,-0.3006608327528399,0.954162862597035,2.9029003435617997,3.110727677480884,0.20782733391908437,20.714600009564297,24.714600009564293,3.999999999999999,4.0,14.644881987355596,3.0755335648061766,True,0,ok
24.5,0.13333333333333333,0.21285609213838125,-0.16579706961368484,-0.329293910646377,5.563018646611987e-10,-0.29193173035978054,1.0040570617534366,2.9293207360395304,3.1393719915013403,0.21005125546180992,20.52879507475851,24.52879507475851,3.999999999999999,4.0,14.425367480483683,3.1044502832164835,True,0,ok
24.5,0.13666666666666666,0.19768273661640684,-0.15171125749718223,-0.30695127857215165,7.995625669548098e-09,-0.2835045995668618,1.0634011485052666,2.9568064314975255,3.1691978403158036,0.21239140881827812,20.32113256759438,24.321132567594375,3.999999999999999,4.0,14.197291891297112,3.1350466446426752,True,0,ok
24.5,0.14,0.18179365281008442,-0.13698933294937637,-0.28351493658039506,8.852409685927338e-10,-0.2753862275011404,1.1346533584525096,2.985363385694049,3.2002147375904912,0.2148513518964421,20.09148662355083,24.09148662355083,3.999999999999999,4.0,13.96075481329608,3.1673692656895267,True,0,ok
24.5,0.14333333333333334,0.1661609163677133,-0.12266360773331304,-0.2603497450014548,2.3378375001060823e-10,-0.26762461352584904,1.21254209765634,3.0127428763357704,3.2299799970862186,0.2172371207504482,19.884061583079898,23.884061583079898,3.999999999999999,4.0,13.741782001466845,3.198142932377797,True,0,ok
24.5,0.14666666666666667,0.1506186634968742,-0.10854507741813023,-0.2372254445649665,8.34696466844566e-10,-0.2601710108925521,1.299198907169472,3.0393792630398093,3.2589629209753004,0.21958365793549106,19.690385502607693,23.690385502607693,3.999999999999999,4.0,13.534788036257996,3.227978537535467,True,0,ok
24.5,0.15000000000000002,0.13430455352346413,-0.09373152221679254,-0.21290265624067267,2.9650302697308874e-10,-0.2530044157969856,1.4052503916702186,3.0671452674713127,3.2892016879199653,0.2220564204486526,19.474571895652083,23.474571895652083,3.999999999999999,4.0,13.318801798200154,3.259621696705856,True,0,ok
24.5,0.15333333333333335,0.11828983325153859,-0.07933458694763294,-0.18890070742556495,7.922762504375444e-10,-0.24614641461085515,1.5231443993769749,3.093755749677979,3.3182075407099396,0.22445179103196056,19.279856696240284,23.279856696240284,3.999999999999999,4.0,13.118780809171996,3.2897280978208063,True,0,ok
24.5,0.15666666666666668,0.1019568537937769,-0.06469701399179785,-0.1643164522715906,6.691362337550606e-10,-0.2395633776512467,1.66341321029234,3.1205448545316274,3.3474332540663303,0.22688839953470286,19.081415521194447,23.081415521194447,3.999999999999999,4.0,12.920051943736546,3.3202408493214017,True,0,ok
24.5,0.16,0.08528297669777556,-0.04994176031103564,-0.1390157506196152,6.464622552033648e-10,-0.23329887499251709,1.827520731007569,3.1478024703457286,3.3771959378904954,0.22939346754476686,18.873920061801805,22.873920061801805,3.999999999999999,4.0,12.712998866386002,3.350765889715392,True,0,ok
24.5,0.16333333333333333,0.06885912220235894,-0.03530239602249902,-0.11392311866565458,5.8648386295558835e-09,-0.2272662899271054,2.0245966181377644,3.1739923408755892,3.4058172495680448,0.23182490869245553,18.685340655483312,22.68534065548331,3.999999999999999,4.0,12.526877742514035,3.3807247021176035,True,0,ok
24.5,0.16666666666666669,0.05209141555386645,-0.02021596369844622,-0.08793100440094657,2.4807933231146587e-08,-0.22149372759427663,2.273452462736833,3.2007148356234,3.4350453321345493,0.23433049651114946,18.48677145577563,22.48677145577563,3.999999999999999,4.0,12.338204791366135,3.4116264808137964,True,0,ok
24.5,0.17,0.03567016987429034,-0.005062352426815781,-0.06157479715345317,3.026265376208608e-10,-0.21598499856416378,2.584459259900273,3.2272636180340935,3.4641080707337593,0.2368444526996658,18.29095856090795,22.29095856090795,3.999999999999999,4.0,12.15410648943764,3.442417939896467,True,0,ok
24.5,0.17333333333333334,0.02106290962231018,0.010004155434202838,-0.03508354827153505,2.965293832435081e-10,-0.21072268011169387,2.9770281663472513,3.2533615886334797,3.492701219351076,0.23933963071759612,18.102831810936056,22.102831810936056,3.999999999999999,4.0,11.97708214946928,3.4726784128541657,True,0,ok
24.5,0.1766666666666667,0.015391537392224573,0.02553626941498061,-0.00765488172699197,5.6528627227695355e-09,-0.2057181937656045,3.5124891160177016,3.279889564200393,3.521789738664707,0.2419001744643139,17.906818615172863,21.906818615172863,3.999999999999999,4.0,11.79804465503105,3.503730192804905,True,0,ok
24.5,0.18,0.0030671150001276098,0.0049170772788991,-0.0020109535809708797,2.319447691434812e-08,-0.19767821071852174,2.892332850126483,3.3059266720806404,3.4252922469316887,0.11936557485104826,17.719027005564335,19.719027005564335,1.9999999999999996,2.0,11.253590453454484,3.482158237929051,True,0,ok
24.5,0.18333333333333335,0.007702222324888629,0.005768696458067462,0.012028916302008174,5.403831232046795e-10,-0.19317310100098362,2.784799894206659,3.331876045401766,3.7116143437790607,0.37973829837729456,17.532550986960526,23.532550986960526,5.999999999999999,6.0,11.018060282811327,3.4805936485619733,True,0,ok
24.5,0.18666666666666668,0.015273822965609644,-0.01749443195441222,0.019844743751099254,1.1724775597697619e-09,-0.18434281103664968,2.2952613282995915,3.3579677001189823,3.357967700118982,-4.440892098500626e-16,17.343456145695527,17.343456145695527,0.0,0.0,10.333175465674676,3.462832613717268,True,0,ok
24.5,0.19,0.026807030372899686,-0.004375106003696681,0.04622455061649724,8.516107357512973e-10,-0.17980863950937107,2.659833835208986,3.383616917535579,3.38361691753558,8.881784197001252e-16,17.161544262205098,17.161544262205098,0.0,0.0,10.171633066382414,3.4909244427993396,True,0,ok
24.5,0.19333333333333336,0.04251667756540131,0.008866865021650268,0.07310528242397211,2.307618552513566e-09,-0.17547137568233112,3.1461172569021842,3.4093102046461903,3.40931020464619,-4.440892098500626e-16,16.978745875126965,16.978745875126965,0.0,0.0,10.011325021672738,3.5191239107545558,True,0,ok
24.5,0.19666666666666668,0.05932811259986547,0.0221369923645986,0.10034654155991947,2.397827211065003e-09,-0.1713317696718402,3.8214514038630814,3.4349151850986583,3.4349151850986583,0.0,16.797260261655477,16.797260261655477,0.0,0.0,9.85378396950351,3.547263811682515,True,0,ok
24.5,0.2,0.07659216570902379,0.0353977509712508,0.12785178438399397,4.126887413005285e-08,-0.16737989353774999,4.812901553425904,3.4602860341013786,3.460286034101379,4.440892098500626e-16,16.619477299780005,16.619477299780005,0.0,0.0,9.700299304496571,3.575167772223441,True,0,ok
24.566666666666666,0.1,0.34062152975129567,-0.2844277424591174,-0.5168848410525776,2.3623688250492843e-09,-0.3910343479006419,0.7223402015438489,2.6851111031424733,2.9763089156974853,0.2911978125550121,22.21720281064052,28.217202810640522,6.000000000000002,6.0,16.748640013896217,2.8466223149365084,True,0,ok
24.566666666666666,0.10333333333333333,0.32718622957874516,-0.27142697071182015,-0.49747350286027364,7.117986407735119e-10,-0.3791202671352954,0.7417376522346838,2.7135894458581387,3.0081825805933886,0.29459313473524995,22.000138918568066,28.000138918568066,5.999999999999999,6.0,16.45152950955249,2.876234138754529,True,0,ok
24.566666666666666,0.10666666666666667,0.3135538032880619,-0.2583276533421761,-0.4777183125943053,1.5794596627807949e-09,-0.36763821898026505,0.7639408249983837,2.742067788573804,3.040103790269185,0.2980360016953809,21.783075026495617,27.783075026495617,5.999999999999999,6.0,16.16202729009928,2.9060200704149763,True,0,ok
24.566666666666666,0.11,0.301152560700989,-0.2471277581177825,-0.4593544008910411,1.2058642112311152e-09,-0.35663376281710885,0.7799631454311275,2.767706346736359,3.0688823674502603,0.30117602071390115,21.6232224288764,27.6232224288764,5.999999999999999,6.0,15.899607708525947,2.930010764867987,True,0,ok
24.566666666666666,0.11333333333333334,0.28864488293592394,-0.23616903849105988,-0.44064928298306355,1.874369805944924e-09,-0.3457312856552822,0.8017301105975438,2.7927815827988938,2.991611541286889,0.19882995848799512,21.473936043551344,25.47393604355134,3.999999999999999,4.0,15.642436251483149,2.955947705085474,True,0,ok
24.566666666666666,0.11666666666666667,0.2754333835357989,-0.2236609858286084,-0.4213862951213654,1.303218150723195e-10,-0.33548951459288606,0.8304831048158241,2.8177652789027947,3.018597867661631,0.20083258875883647,21.325655697989028,25.325655697989028,3.999999999999999,4.0,15.423358737275743,2.9822006321416374,True,0,ok
24.566666666666666,0.12000000000000001,0.262113470795942,-0.21113089464719664,-0.4019131249953898,7.57905713427938e-10,-0.3255807977429246,0.862172951422758,2.8426526673522594,3.0455028230764833,0.20285015572422394,21.1784714480132,25.1784714480132,3.999999999999999,4.0,15.209938118248438,3.0083960263312046,True,0,ok
24.566666666666666,0.12333333333333334,0.24853321344012094,-0.19840596215782696,-0.382022707085384,3.4523520666465993e-09,-0.3159905166639107,0.89776866887011,2.8678013806353566,3.0727131559027674,0.20491177526741078,21.025031723021332,25.02503172302133,3.999999999999999,4.0,14.997290072006955,3.035052658719458,True,0,ok
24.566666666666666,0.12666666666666668,0.23473509804997375,-0.18553926076079938,-0.36176909968366355,4.644118901201697e-10,-0.30671644047945673,0.9376242270272921,2.8930875554872495,3.100095296813359,0.20700774132610933,20.867926954341414,24.867926954341414,3.999999999999999,4.0,14.786990618122282,3.0620001215846218,True,0,ok
24.566666666666666,0.13,0.22050935817101786,-0.17230842062129947,-0.34085618566482856,4.607564785223244e-10,-0.2977439953530529,0.983571699019347,2.9190110186957527,3.1281914767076744,0.20918045801192164,20.697119719208978,24.697119719208978,3.999999999999999,4.0,14.572955415543033,3.0899711437072344,True,0,ok
24.566666666666666,0.13333333333333333,0.20542197435419132,-0.15825416673604262,-0.3186693919305758,1.0952926418799955e-11,-0.289056893081703,1.0394071885504748,2.9465210566289395,3.1580335957410495,0.21151253911211,20.493808410737074,24.493808410737074,3.999999999999999,4.0,14.343959944578172,3.1203716316696317,True,0,ok
24.566666666666666,0.13666666666666666,0.18970520610803618,-0.14364790058273577,-0.2955156109779142,3.1455266236450245e-09,-0.28068447502577576,1.105751009588988,2.9749381177047036,3.1888880506776194,0.21394993297291576,20.27191095110269,24.27191095110269,3.999999999999999,4.0,14.108543839609819,3.1522470545313137,True,0,ok
24.566666666666666,0.14,0.17350839102993196,-0.12865916874050226,-0.27159216404821085,1.6570024215100825e-09,-0.2726536179341487,1.183861867216357,3.003847558678566,3.2203066470002755,0.21645908832170946,20.039923635396494,24.039923635396494,3.999999999999999,4.0,13.87187753384127,3.185007289994475,True,0,ok
24.566666666666666,0.14333333333333334,0.15806765994514682,-0.11459318260619832,-0.24864544609098757,4.5250520800036856e-10,-0.2649782215636391,1.265124115587568,3.0304677708330336,3.2492635723952494,0.21879580156221579,19.85104617007241,23.85104617007241,3.999999999999999,4.0,13.664815579744468,3.214599554819571,True,0,ok
24.566666666666666,0.14666666666666667,0.14188679975498164,-0.09985899109452767,-0.22455238527282187,5.406099005931609e-10,-0.25758724215742196,1.3639644922264376,3.0581751027003587,3.279429688780249,0.22125458607989046,19.640873560819703,23.6408735608197,3.999999999999999,4.0,13.449237554815054,3.2459302590495294,True,0,ok
24.566666666666666,0.15000000000000002,0.12545122444834822,-0.08496837543531655,-0.19998601031735352,3.9527135888782995e-10,-0.25051120191162657,1.4797328557314757,3.0858846247367433,3.3096252912182416,0.22374066648149826,19.43012161841704,23.43012161841704,3.999999999999999,4.0,13.23731490353704,3.277423587628908,True,0,ok
24.566666666666666,0.15333333333333335,0.10931689667622127,-0.07048623588911199,-0.17573344088972756,1.2251027455343963e-09,-0.24373403566099078,1.6091277146446452,3.1124681863562254,3.3386193165882183,0.22615113023199296,19.239867532491658,23.239867532491658,3.999999999999999,4.0,13.04083249467795,3.3074134265962716,True,0,ok
24.566666666666666,0.15666666666666668,0.09241952529481554,-0.05529146947212917,-0.1502230320915197,2.7647372198576354e-10,-0.2372311116930917,1.7712604131255256,3.1401333897517385,3.3688194105098304,0.22868602075809186,19.02897974544585,23.02897974544585,3.999999999999999,4.0,12.836017672833751,3.3391571575749195,True,0,ok
24.566666666666666,0.16,0.0758032589969675,-0.04062085072064118,-0.12485330876839185,1.4206784535164445e-09,-0.23105102154382182,1.9522750402363596,3.167117080770517,3.398301375685021,0.23118429491450376,18.830136981600585,22.830136981600585,3.999999999999999,4.0,12.634444150069212,3.369135321293522,True,0,ok
24.566666666666666,0.16333333333333333,0.05906256447351617,-0.02558352303558595,-0.0990486896210768,6.617046084527628e-10,-0.2251043117805821,2.181398949362228,3.1938503008887107,3.4275347779828276,0.23368447709411688,18.635487643859655,22.635487643859655,3.999999999999999,4.0,12.44591469498453,3.3998399713065806,True,0,ok
24.566666666666666,0.16666666666666669,0.04803797096157945,-0.021329332660381443,-0.0804238741331167,6.073089468424688e-09,-0.21876651773079275,2.228308190476897,3.221044298480706,3.5839380985210982,0.3628938000403923,18.432208894432787,24.432208894432787,5.999999999999999,6.0,12.173034276221536,3.4114995687416343,True,0,ok
24.566666666666666,0.17,0.02660498897208307,0.005067792913017935,-0.04580167889504434,2.64662532128742e-10,-0.21400582371585927,2.837061556057503,3.2474581122286854,3.486231250094932,0.23877313786624654,18.24230163346806,22.24230163346806,3.999999999999999,4.0,12.075852104826545,3.4619262665077972,True,0,ok
24.566666666666666,0.17333333333333334,0.015973249123615592,0.020585761256659237,-0.018484060597689374,5.800812672282318e-09,-0.2088367966053321,3.3221174985539457,3.274146892246445,3.5154906985112646,0.24134380626481944,18.047300014212798,22.047300014212794,3.999999999999999,4.0,11.895990668047164,3.4930237467639085,True,0,ok
24.566666666666666,0.1766666666666667,0.006818539553950635,0.001259656154136308,-0.011742687567996776,1.1332643511942716e-08,-0.20075878888740445,2.7819618813513407,3.300792030308548,3.4199173292309477,0.11912529892239965,17.852771077895213,19.852771077895213,1.9999999999999996,2.0,11.352920317172948,3.4734451460648934,True,0,ok
24.566666666666666,0.18,0.012702276481682859,0.015815084798386714,0.015294658422834352,2.9747249961063996e-10,-0.1959032628907833,3.264570245858039,3.326947048128304,3.447300731554538,0.12035368342623398,17.66643021577856,19.66643021577856,1.9999999999999996,2.0,11.182545274261724,3.503136678698583,True,0,ok
24.566666666666666,0.18333333333333335,0.009672818293048276,-0.0019398233353173835,0.016641133573730673,4.5166626862515863e-11,-0.19029688501945996,2.5492578421832266,3.353366066061132,3.736449605842793,0.3830835397816612,17.47529218863332,23.475292188633315,5.999999999999999,6.0,10.765501368727596,3.4709703729742163,True,0,ok
24.566666666666666,0.18666666666666668,0.02207669541903592,-0.006727459518327075,0.03764150276362401,1.2231741679442351e-09,-0.18257764141078262,2.585824871414918,3.379491749462289,3.37949174946229,8.881784197001252e-16,17.28889970703765,17.28889970703765,0.0,0.0,10.268337278864754,3.484326242953024,True,0,ok
24.566666666666666,0.19,0.03752279826784936,0.006671558511683892,0.06464805855215239,1.4183831051080268e-06,-0.17812959771399733,3.0473930031587466,3.405468109649116,3.4054681096491173,1.3322676295501878e-15,17.10484740703895,17.10484740703895,0.0,0.0,10.106124358682571,3.5128042041764203,True,0,ok
24.566666666666666,0.19333333333333336,0.05444818760756906,0.020152106005745796,0.09212875785974915,2.3920118768654388e-09,-0.17388645162806135,3.6872238703959495,3.4314877470834984,3.431487747083498,-4.440892098500626e-16,16.919920011138437,16.919920011138437,0.0,0.0,9.945369452667848,3.5413858737275428,True,0,ok
24.566666666666666,0.19666666666666668,0.07184358454789722,0.0335903988595469,0.11981730687396172,2.0836280810482693e-09,-0.16983153755407596,4.613820529097794,3.4571811722952868,3.457181172295288,1.3322676295501878e-15,16.7401369220422,16.7401369220422,0.0,0.0,9.789573738753495,3.5696242270033856,True,0,ok
24.566666666666666,0.2,0.08964718549405117,0.04711256512241126,0.1479535731525242,4.103626250308124e-08,-0.1659652716258322,6.094329214585386,3.482835176222162,3.4828351762221614,-4.440892098500626e-16,16.56088812027528,16.56088812027528,0.0,0.0,9.63580458461383,3.5978657034745294,True,0,ok
24.633333333333333,0.1,0.3366595183976011,-0.2812879632229342,-0.5107797722394725,1.1272617895456639e-10,-0.3876828006259034,0.7213782164317242,2.6993102614151288,2.99219500526263,0.2928847438475013,22.200114498701335,28.20011449870134,6.000000000000002,6.0,16.621563002391746,2.853907062028905,True,0,ok
24.633333333333333,0.10333333333333333,0.32312623615239616,-0.268326390004203,-0.4911543972086116,6.319623700407406e-10,-0.3757915819385591,0.7406362257406677,2.728158191822995,3.024506679757006,0.29634848793401103,21.980620133781155,27.98062013378116,6.000000000000002,6.0,16.321372715215155,2.8834999252964173,True,0,ok
24.633333333333333,0.10666666666666667,0.3094105432837492,-0.2554850015974956,-0.47109666401298383,1.9604700043191057e-09,-0.3641059270253987,0.7667188077665489,2.7563294771408002,2.9522786317353047,0.19594915459450446,21.77472799868532,25.77472799868532,3.999999999999999,4.0,16.03268377371749,2.915185234961793,True,0,ok
24.633333333333333,0.11,0.29625890969009283,-0.24289718234757943,-0.4520055127096289,8.610243325816284e-10,-0.3531919824072891,0.791685447090533,2.781695783842578,2.9796444596578398,0.19794867581526177,21.62521499752174,25.62521499752174,3.999999999999999,4.0,15.802787298651698,2.941678750373354,True,0,ok
24.633333333333333,0.11333333333333334,0.28295008653253334,-0.230237301603444,-0.4326349955293366,1.7360755573643653e-09,-0.342631809810622,0.8194829639868453,2.807123568190941,3.0071003520258204,0.19997678383487916,21.473189034338205,25.473189034338205,3.999999999999999,4.0,15.577074787346056,2.968347056873157,True,0,ok
24.633333333333333,0.11666666666666667,0.2695628268490488,-0.2175834818272128,-0.4130977865984007,1.1457063007898287e-09,-0.3324257621702324,0.8499175543246779,2.832317732920526,3.034327318966704,0.20200958604617814,21.32510677553813,25.32510677553813,3.999999999999999,4.0,15.358767467408521,2.9947659220410565,True,0,ok
24.633333333333333,0.12000000000000001,0.25596562765485237,-0.20479447555508673,-0.3932104149235427,2.0559079014574355e-09,-0.32254828548445097,0.8839301668105465,2.85766401574864,3.061741999740962,0.20407798399232213,21.17299949774905,25.17299949774905,3.999999999999999,4.0,15.14290166520995,3.021486927639758,True,0,ok
24.633333333333333,0.12333333333333334,0.24214201387279632,-0.19185625660577446,-0.3729469686809905,9.210264489499944e-10,-0.31299548161271673,0.9220833018090195,2.8831887124539035,3.089373190357806,0.2061844779039026,21.016348317149628,25.016348317149625,3.999999999999999,4.0,14.929082377547788,3.048555405826098,True,0,ok
24.633333333333333,0.12666666666666668,0.2279898548488705,-0.17865544944117834,-0.35216523412596773,4.682519785819988e-10,-0.3037574899453174,0.9654483191490155,2.9090938070991057,3.1174402214621257,0.20834641436302004,20.851146733788458,24.851146733788458,3.999999999999999,4.0,14.71464517393695,3.076274086153246,True,0,ok
24.633333333333333,0.13,0.21324323684744612,-0.1649133418123511,-0.3304869496301036,1.9022139388874867e-09,-0.29481995210630935,1.0165358935237545,2.935991764683011,3.146608511373187,0.21061674669017583,20.665273023587552,24.665273023587552,3.999999999999999,4.0,14.49238921040556,3.1055471525729192,True,0,ok
24.633333333333333,0.13333333333333333,0.19778802220654873,-0.15052162650963305,-0.30773941109001485,1.9859500315722086e-09,-0.2861959265807495,1.0776898989506654,2.964056789024439,3.1770700008985373,0.21301321187409838,20.45552408092417,24.45552408092417,3.999999999999999,4.0,14.260609384489127,3.1366575011988487,True,0,ok
24.633333333333333,0.13666666666666666,0.18155135334085373,-0.13542184249596778,-0.2838020547400667,3.478531135049993e-09,-0.27789011110213324,1.1517192977752493,2.9933248418188296,3.208867184714295,0.21554234289546548,20.221157641326524,24.221157641326524,3.999999999999999,4.0,14.01904943640624,3.169702046015843,True,0,ok
24.633333333333333,0.14,0.16551595868245664,-0.12066636122322512,-0.2600504316567543,1.188030343512903e-10,-0.2699559438871439,1.2334208014016173,3.0215226921936083,3.239530495407257,0.21800780321364854,20.006901780866837,24.006901780866837,3.999999999999999,4.0,13.794018685590958,3.201356568149269,True,0,ok
24.633333333333333,0.14333333333333334,0.14964804296572412,-0.10620268915634833,-0.23644153422436948,9.637913947524549e-11,-0.2623460561963019,1.323931901674637,3.0487809666093,3.2691988646982577,0.22041789808895773,19.81005129869218,23.81005129869218,3.999999999999999,4.0,13.583254462860083,3.231792417976834,True,0,ok
24.633333333333333,0.14666666666666667,0.13296837554718097,-0.0909966344291732,-0.2115688521723646,2.810400718228361e-09,-0.25503523038108245,1.4354262864359697,3.0772356697876346,3.30019745271144,0.22296178292380553,19.589829461344344,23.58982946134434,3.999999999999999,4.0,13.362983442601223,3.26414876038816,True,0,ok
24.633333333333333,0.15000000000000002,0.11659466243598315,-0.07621625096769534,-0.18701344607838194,3.7510906282170773e-10,-0.24804566172190987,1.5599742589857784,3.1045141414330857,3.3299414345372917,0.22542729310420606,19.390986955622267,23.390986955622267,3.999999999999999,4.0,13.1589829965427,3.294940624523524,True,0,ok
24.633333333333333,0.15333333333333335,0.09989011474688844,-0.061174463925682966,-0.1618387779113675,5.603892860674621e-12,-0.24134304920662844,1.7091431286464882,3.1319929667695434,3.359930315128177,0.22793734835863377,19.187997905506222,23.187997905506222,3.999999999999999,4.0,12.956195570764665,3.3261807829902765,True,0,ok
24.633333333333333,0.15666666666666668,0.08294328454395683,-0.04615862129643829,-0.13604465087915568,6.076724959358774e-10,-0.23496855868271735,1.8824130164343416,3.1598648520026527,3.3903751990866526,0.23051034708399998,18.977334752141978,22.977334752141978,3.999999999999999,4.0,12.7446321807381,3.3571195197650217,True,0,ok
24.633333333333333,0.16,0.06619540908587367,-0.03111859576873912,-0.11035003194163695,3.1308973996563267e-09,-0.22883912146683666,2.0943825830349563,3.186704114220044,3.419717812070358,0.23301369785031412,18.784878876323543,22.784878876323543,3.999999999999999,4.0,12.555169832133005,3.387766567242799,True,0,ok
24.633333333333333,0.16333333333333333,0.04914628805015981,-0.015587102734742972,-0.0836846169595369,4.650962235561774e-10,-0.22298138187438116,2.365286594793718,3.2141340907103455,3.449732214037393,0.23559812332704766,18.58137656227539,22.58137656227539,3.999999999999999,4.0,12.362740913165053,3.4194596849129093,True,0,ok
24.633333333333333,0.16666666666666669,0.032761156409233154,-5.676683018931303e-05,-0.05674395902065436,2.0868273256773628e-09,-0.2173967735527764,2.7055284316491033,3.2412500746246895,3.479428800928732,0.2381787263040427,18.383088220379125,22.383088220379125,3.999999999999999,4.0,12.176343669162979,3.450838977495869,True,0,ok
24.633333333333333,0.17,0.019249543223902463,0.015468861733032824,-0.02953555585512055,5.884359521322975e-09,-0.21206882622846704,3.1442234829434375,3.268049873940297,3.5088042343751726,0.24075436043487564,18.19007104087885,22.190071040878845,3.999999999999999,4.0,11.99576738056435,3.481894725753404,True,0,ok
24.633333333333333,0.17333333333333334,0.012689396641098645,-0.0026451394881653683,-0.021818927527112602,1.1528263333412641e-08,-0.20393321101144699,2.6735837796639217,3.295223771635772,3.4140889872282907,0.1188652155925185,17.990211852716495,19.990211852716495,1.9999999999999996,2.0,11.45532577241613,3.464221410673161,True,0,ok
24.633333333333333,0.1766666666666667,0.007627833465383769,0.012070140439185051,0.005372451945363067,1.1535385369162356e-10,-0.19893355374758942,3.1241576543636898,3.3217902741108536,3.441900889113844,0.12011061500299025,17.80047397825461,19.80047397825461,1.9999999999999996,2.0,11.281575657312342,3.494338111294555,True,0,ok
24.633333333333333,0.18,0.013237194696356537,-0.022852005600950572,0.0018589809846592284,2.3407298130210826e-08,-0.1902003381576804,2.1750349954442005,3.3484176011042206,3.348417601104221,4.440892098500626e-16,17.60949238605937,17.60949238605937,0.0,0.0,10.536810663394524,3.448219928958851,True,0,ok
24.633333333333333,0.18333333333333335,0.013430595212642917,-0.016965633106540996,0.015915714140177298,1.0645682889812504e-09,-0.18714605501264264,2.145666809406283,3.3750469626812,3.761531478401696,0.38648451572049636,17.418252267976868,23.418252267976868,5.999999999999999,6.0,10.436419467851369,3.4482946716645473,True,0,ok
24.633333333333333,0.18666666666666668,0.028222525962164506,0.004861813432391139,0.04864047373539623,3.384841517129246e-10,-0.18297441658962688,2.7356596870805623,3.4013172549088715,3.79195767400122,0.3906404190923487,17.232810171103882,23.232810171103882,6.000000000000002,6.0,10.360540867578074,3.4913806380434,True,0,ok
24.633333333333333,0.19,0.04933679837026671,0.017939605110435044,0.08354956366592636,5.102512454606732e-09,-0.17650544472699117,3.5512631860012256,3.4276440105434034,3.4276440105434047,1.3322676295501878e-15,17.04621998905647,17.04621998905647,0.0,0.0,10.03974439218556,3.5350252211019155,True,0,ok
24.633333333333333,0.19333333333333336,0.06691022008215684,0.03160091765331336,0.1115002899448988,3.337447694577854e-10,-0.1723489769290675,4.419126103695386,3.4537774767683653,3.4537774767683644,-8.881784197001252e-16,16.86264627263282,16.86264627263282,0.0,0.0,9.880550614602123,3.563735267635093,True,0,ok
24.633333333333333,0.19666666666666668,0.08485042384256367,0.045300853708397475,0.1398092126151866,2.090980474515492e-09,-0.16838649031618777,5.777704040477454,3.4797506277674906,3.47975062776749,-4.440892098500626e-16,16.681559403948896,16.681559403948896,0.0,0.0,9.724654839160825,3.59230327907786,True,0,ok
24.633333333333333,0.2,0.10312385355922447,0.05906484869630725,0.1685672897308237,2.5994961542424456e-10,-0.16461486093325053,8.21974796346905,3.505696968820248,3.5056969688202484,4.440892098500626e-16,16.50077664988108,16.50077664988108,0.0,0.0,9.57073067286018,3.6208891948125874,True,0,ok
24.7,0.1,0.3318694128935491,-0.2769611003973689,-0.5036908481495425,4.6111354840347025e-10,-0.38408376153050977,0.7315547387240184,2.7137510998921863,2.90639749977645,0.1926463998842638,22.18149782078341,26.18149782078341,3.999999999999999,4.0,16.51181073305236,2.866667322899504,True,0,ok
24.7,0.10333333333333333,0.31772723187300417,-0.2630804445752357,-0.4833636946473552,2.219112719344382e-09,-0.37225374055461646,0.7563506127509997,2.742976564898137,2.9378827096508693,0.1949061447527325,21.95952191356415,25.95952191356415,3.999999999999999,4.0,16.22358167630149,2.898190935448885,True,0,ok
24.7,0.10666666666666667,0.3040155498648923,-0.2498073580630797,-0.4635435767395583,2.884860131712083e-10,-0.36094010191793374,0.7819524686003313,2.770219687127299,2.9672608122849407,0.1970411251576416,21.77730898574255,25.77730898574255,3.999999999999999,4.0,15.967577873917767,2.9270812267205333,True,0,ok
24.7,0.11,0.2906543619028815,-0.23704088341771276,-0.44413004161851516,5.275620808922982e-10,-0.3500474137555149,0.8085559935506462,2.795946083320968,2.9950284361491386,0.19908235282817044,21.625009760276427,25.625009760276427,3.999999999999999,4.0,15.736826451845168,2.9539461179213706,True,0,ok
24.7,0.11333333333333334,0.2771360610903587,-0.22419471368823216,-0.42444071367422886,2.5968863950179636e-10,-0.33951661349271484,0.8380391777372476,2.8216548679799045,3.022801289107093,0.20114642112718828,21.472077735411055,25.47207773541105,3.999999999999999,4.0,15.510943418817693,2.9808724925179853,True,0,ok
24.7,0.11666666666666667,0.2635503355453795,-0.21137598660437182,-0.40459427873522236,1.8599412837715585e-09,-0.32934032288435156,0.8704034475831123,2.8471378894108326,3.050354049406128,0.20321615999529552,21.322804982012475,25.322804982012475,3.999999999999999,4.0,15.29260569224087,3.007561813978832,True,0,ok
24.7,0.12000000000000001,0.2496806859463296,-0.19833807119564284,-0.38429590723592294,4.236920089631236e-09,-0.3194965100083115,0.9069233894729563,2.872932071197909,3.0782672601536105,0.20533518895570158,21.166157795877044,25.166157795877044,3.999999999999999,4.0,15.074637537377043,3.0347904702805266,True,0,ok
24.7,0.12333333333333334,0.235596609728875,-0.18516460778244648,-0.3636362957296648,1.30278804112103e-10,-0.3099847171193375,0.9478563146529609,2.8988396695291256,3.106327423506631,0.2074877539775053,21.00624349620292,25.00624349620292,3.999999999999999,4.0,14.859522671225577,3.062281962175639,True,0,ok
24.7,0.12666666666666668,0.22108310237954862,-0.1716255520814837,-0.34231255359104756,3.824237993176207e-09,-0.30078789678930357,0.9951158332442285,2.925375032116612,3.1350925681473902,0.20971753603077836,20.83282291554365,24.83282291554365,3.999999999999999,4.0,14.641022924624336,3.090790644558332,True,0,ok
24.7,0.13,0.20575078367979596,-0.15730593019854042,-0.3197733561116725,3.3305209316017794e-09,-0.29189230020714285,1.0523234428068704,2.953381454043499,3.165479783827773,0.2120983297842738,20.62928976239415,24.62928976239415,3.999999999999999,4.0,14.409232761928067,3.1215715374346567,True,0,ok
24.7,0.13333333333333333,0.18974243330395313,-0.14238161933658391,-0.2961993373784071,6.480678019703578e-10,-0.2833241066479894,1.1207321526972247,2.9823950829495596,3.1969893869901838,0.21459430404062418,20.405177648157807,24.405177648157803,3.999999999999999,4.0,14.170086283635653,3.153983810416345,True,0,ok
24.7,0.13666666666666666,0.17318885911081294,-0.12700518150452544,-0.27175876550962913,7.962993527630742e-10,-0.2751084457191843,1.2019534452868237,3.012029403760406,3.2292040167781124,0.21717461301770635,20.16838237891355,24.16838237891355,3.999999999999999,4.0,13.928394399070434,3.1874823507207353,True,0,ok
24.7,0.14,0.15734004428973322,-0.1125065452930759,-0.2482135086523348,3.28972891451013e-09,-0.26726316491698154,1.2873141877789045,3.0394686677913434,3.2590602441492362,0.21959157635789284,19.972746981981004,23.972746981981004,3.999999999999999,4.0,13.715315527635076,3.2179491249749272,True,0,ok
24.7,0.14333333333333334,0.14082280091352453,-0.09741218708159612,-0.22361585270139192,4.4067724569564866e-11,-0.2597183572017676,1.3906678157938672,3.067817021474052,3.289933603603377,0.22211658212932495,19.759249127323887,23.759249127323887,3.999999999999999,4.0,13.49594688124357,3.2499078657035603,True,0,ok
24.7,0.14666666666666667,0.12401536357059842,-0.08212197213163118,-0.1984827773330843,3.909218173035491e-10,-0.2525011093769086,1.512617423859029,3.0962298773887795,3.3209056461564535,0.22467576876767392,19.54395084881773,23.54395084881773,3.999999999999999,4.0,13.279707497094837,3.28213053074157,True,0,ok
24.7,0.15000000000000002,0.10751217074221056,-0.06724287977051381,-0.1736519383516203,1.1326530284342142e-09,-0.24559451380001093,1.649693728674026,3.123503358638814,3.3506623946607523,0.2271590360219382,19.349282241996583,23.349282241996583,3.999999999999999,4.0,13.079107102960077,3.3128336180468154,True,0,ok
24.7,0.15333333333333335,0.09025020823158553,-0.05163850575190384,-0.14754241756608247,1.2232730502701264e-09,-0.23897628329244816,1.8223709275401183,3.151855242282511,3.381623395971181,0.2297681536886702,19.134107941472607,23.134107941472607,3.999999999999999,4.0,12.870451995204052,3.345300280250291,True,0,ok
24.7,0.15666666666666668,0.07338015059795787,-0.03672081811512031,-0.12167793975200757,1.0674123539979106e-09,-0.23268708100717014,2.013880153401516,3.179457204551581,3.411792489003805,0.23233528445222396,18.93212490942394,22.93212490942394,3.999999999999999,4.0,12.664253552352896,3.375666099274304,True,0,ok
24.7,0.16,0.056319760260858415,-0.02124118085970341,-0.0952079745778003,1.428974904166929e-09,-0.22664641346745193,2.2619212276933647,3.206903845863883,3.441818196813883,0.23491435095000002,18.732578629839836,22.732578629839836,3.999999999999999,4.0,12.471882431238573,3.407158009171651,True,0,ok
24.7,0.16333333333333333,0.039322478379087235,-0.005367761213290962,-0.06789667927946429,1.5205885306046069e-09,-0.22089001158175955,2.5816746153524814,3.2347379754715044,3.472294616895859,0.23755664142435462,18.52574671679996,22.52574671679996,3.999999999999999,4.0,12.278751255010665,3.439398240351176,True,0,ok
24.7,0.16666666666666669,0.024231672976116038,0.010223841688612019,-0.04070620329618688,3.2499874492083097e-10,-0.21539451352634445,2.9813759641438162,3.2617549801483907,3.5019021186103023,0.2401471384619116,18.33284975961809,22.332849759618085,3.999999999999999,4.0,12.09633111021259,3.470570115979975,True,0,ok
24.7,0.17,0.01682131305348655,0.026274811404458743,-0.012589837337722657,4.418324530888104e-10,-0.2101754982760216,3.5283610897400677,3.2891593697425336,3.531960045992448,0.2428006762499142,18.132877614388065,22.13287761438806,3.999999999999999,4.0,11.91254567390347,3.502481782428716,True,0,ok
24.7,0.17333333333333334,0.005460326502974649,0.008191093784762335,-0.004727735099018336,4.8494116460481836e-12,-0.2020492557221894,2.990746484758336,3.316354400619541,3.436209258187924,0.1198548575683831,17.936217332566798,19.936217332566798,1.9999999999999996,2.0,11.38214976388259,3.4852242724367826,True,0,ok
24.7,0.1766666666666667,0.01550581605146998,-0.02579132156645345,-0.007489908285277233,9.52522860422662e-10,-0.19325182371146157,2.115458426411835,3.3431959568171865,3.343195956817187,4.440892098500626e-16,17.74536557991235,17.74536557991235,0.0,0.0,10.641459675853005,3.44040867823457,True,0,ok
24.7,0.18,0.013293743480611867,-0.011994877334727653,0.01965435740261268,1.1504857826004284e-08,-0.1883473091618643,2.437455117992942,3.3702611894344536,3.370261189434454,4.440892098500626e-16,17.550456418638763,17.550456418638763,0.0,0.0,10.467982094448889,3.4700127944141066,True,0,ok
24.7,0.18333333333333335,0.025637980244520294,-0.04398336321844514,0.006114070088691207,1.1717592915570931e-08,-0.18374227182785316,1.5734925742150923,3.3969307322307833,3.7868745453101207,0.38994381307933734,17.361919312017363,23.361919312017367,6.000000000000002,6.0,9.970391594423633,3.4029677616435774,True,0,ok
24.7,0.18666666666666668,0.026366098501055753,-0.018550423500398924,0.041730028018897435,2.3414106788509806e-09,-0.17954146212384944,2.0632153547916494,3.4235527585344845,3.8177407564709736,0.39418799793648907,17.17400849938386,23.174008499383856,5.999999999999999,6.0,9.947200121572477,3.453936567103069,True,0,ok
24.7,0.19,0.045425185079490255,0.007442524261022254,0.07832592898358708,9.730589352735774e-10,-0.17572649501339777,2.813566292578914,3.450136509284105,3.848601887040224,0.3984653777561187,16.986561964643887,22.986561964643887,5.999999999999999,6.0,9.918989800613645,3.5047791882401658,True,0,ok
24.7,0.19333333333333336,0.0688448463606022,0.03255053244897675,0.11471399848550688,8.252902365730399e-11,-0.17220591555758116,4.017981180999909,3.476431598275177,3.8791665373618005,0.4027349390866237,16.80364191188619,22.803641911886192,6.000000000000002,6.0,9.875804547970397,3.552937491701966,True,0,ok
24.7,0.19666666666666668,0.09393311887152422,0.05806350309488041,0.15198329536875596,1.1663676819841301e-10,-0.16902979836799858,6.466268749135115,3.5026952915191947,3.909733041688379,0.4070377501691844,16.62108073114096,22.62108073114096,6.000000000000002,6.0,9.828443106519131,3.600897722382634,True,0,ok
24.7,0.2,0.11699247391025264,0.07125588583550005,0.18969532305442224,6.421091090299388e-10,-0.16330927105559004,12.407348717150901,3.528807304574785,3.5288073045747845,-4.440892098500626e-16,16.440828710624007,16.440828710624007,0.0,0.0,9.505834294333004,3.6441569147154973,True,0,ok
24.766666666666666,0.1,0.32643032518285015,-0.2711527184148979,-0.49613150967576625,8.188445291672155e-11,-0.3807813964976024,0.7456555500594141,2.728413307941449,2.92218943596208,0.19377612802063116,22.161516048645783,26.161516048645783,3.999999999999999,4.0,16.430329372105998,2.879757527218527,True,0,ok
24.766666666666666,0.10333333333333333,0.3120393168787251,-0.2570488581837255,-0.47542769202147583,1.4194669629505162e-10,-0.3689931244481557,0.7721876334467931,2.758023574612866,2.9541055283196473,0.1960819537067815,21.937013021865912,25.937013021865912,3.999999999999999,4.0,16.141426929227205,2.9116991928114695,True,0,ok
24.766666666666666,0.10666666666666667,0.29852465174335385,-0.24405192354315886,-0.45583940342005996,1.1843756803398068e-10,-0.357753370781192,0.7978921531014711,2.78432177260561,2.9824787974811793,0.1981570248755693,21.778800095519525,25.778800095519525,3.999999999999999,4.0,15.901597792838578,2.9391401673895547,True,0,ok
24.766666666666666,0.11,0.2849346407398903,-0.23108018509902314,-0.43607934660484926,1.6681064169249024e-10,-0.34688846033562065,0.8262233927166391,2.8104141032109227,3.010655069386652,0.20024096617572917,21.623674276171542,25.62367427617154,3.999999999999999,4.0,15.669743989250462,2.9663829292585313,True,0,ok
24.766666666666666,0.11333333333333334,0.2712340143655071,-0.2180826997851009,-0.4161052843943776,1.9414498624524577e-09,-0.3363936071972918,0.8574363727889954,2.8363450940662926,3.0386817747902466,0.20233668072395394,21.470885732717186,25.470885732717186,3.999999999999999,4.0,15.444618146937065,2.993484753986813,True,0,ok
24.766666666666666,0.11666666666666667,0.25737006641922194,-0.20500766473483167,-0.3958407642801269,9.7064013729628e-10,-0.32624740735179636,0.8921878149713119,2.8623007949128474,3.0667596888692463,0.20445889395639893,21.31660549388783,25.31660549388783,3.999999999999999,4.0,15.223876742743396,3.020711265879138,True,0,ok
24.766666666666666,0.12000000000000001,0.24324582488378663,-0.1917425995843181,-0.3751537944294702,3.9215218180106726e-09,-0.31644148274839295,0.9313240683699842,2.888480217065295,3.095104337196199,0.20662412013090403,21.156781774449506,25.156781774449506,3.999999999999999,4.0,15.00468369926386,3.0483584168359674,True,0,ok
24.766666666666666,0.12333333333333334,0.2288226280759332,-0.1782517182735217,-0.3539854662147411,6.554559291221861e-10,-0.30696687270035966,0.9757423431637423,2.9149655017285516,3.123805302498905,0.20883980077035336,20.989851434803253,24.989851434803253,3.999999999999999,4.0,14.78608533987633,3.0765539088401477,True,0,ok
24.766666666666666,0.12666666666666668,0.21383975115013942,-0.16425594396448973,-0.3319673212655051,5.12661278908251e-10,-0.29780927146252156,1.0279146533322672,2.9423488094402175,3.1535059148433615,0.21115710540314403,20.804120696927463,24.80412069692746,3.999999999999999,4.0,14.561040950145621,3.1061747261155315,True,0,ok
24.766666666666666,0.13,0.19808843402718257,-0.14954374083524083,-0.3087940295132448,1.1883188192329014e-09,-0.2889761061709086,1.090882411322619,2.971039639254256,3.184653485673943,0.21361384641968684,20.591720284232196,24.591720284232196,3.999999999999999,4.0,14.325102213279294,3.1378484948623164,True,0,ok
24.766666666666666,0.13333333333333333,0.1815084306198627,-0.1340686590481086,-0.2843616110154437,5.461532672618451e-10,-0.2804728720912201,1.1675569956795315,3.001015602811106,3.2172275825287664,0.21621197971766026,20.353096853271634,24.353096853271634,3.999999999999999,4.0,14.07865633935522,3.171592892257989,True,0,ok
24.766666666666666,0.13666666666666666,0.1650473890549896,-0.11885442068030933,-0.259991439448216,3.1073875600247325e-10,-0.27235569683781397,1.2531684442941602,3.030081490637404,3.248843205096855,0.21876171445945092,20.131448318465896,24.131448318465893,3.999999999999999,4.0,13.847088530179528,3.2041862638471836,True,0,ok
24.766666666666666,0.14,0.14885070306079484,-0.10404115151410495,-0.23589199688988563,1.6344946125489218e-09,-0.26458097953437576,1.3474997055574185,3.0579757555343043,3.279212554414361,0.22123679888005654,19.93150649981651,23.93150649981651,3.999999999999999,4.0,13.632499297407263,3.2352262640205676,True,0,ok
24.766666666666666,0.14333333333333334,0.13179753454355264,-0.08843237580156824,-0.2104554234163783,4.375236188533008e-10,-0.2571180185307824,1.4645293756907043,3.087146601861573,3.311001136158104,0.2238545342965308,19.706708056556614,23.706708056556614,3.999999999999999,4.0,13.407772283629628,3.2683206735072425,True,0,ok
24.766666666666666,0.14666666666666667,0.11505065152857374,-0.07325039839556417,-0.18532225011136427,6.359938751735408e-10,-0.2499897540861772,1.5959836130891012,3.1151309728802685,3.3415249194777483,0.2263939465974798,19.50337719127322,23.50337719127322,3.999999999999999,4.0,13.199505460143268,3.2998387521199266,True,0,ok
24.766666666666666,0.15000000000000002,0.09797071576119913,-0.057794972217428776,-0.1595447417706758,5.963108991180604e-09,-0.24316136574106517,1.7543572266228162,3.1433187226743087,3.3722983295609965,0.22897960688668784,19.29582601055614,23.29582601055614,3.999999999999999,4.0,12.992583574160854,3.3318203104657775,True,0,ok
24.766666666666666,0.15333333333333335,0.08076094498957592,-0.042540676786962,-0.13325645022037452,1.3886979089636473e-09,-0.23666869818552005,1.9366483952123592,3.1718376848929015,3.40346165222656,0.23162396733365842,19.08171931975176,23.08171931975176,3.999999999999999,4.0,12.77588155323251,3.3631417147258555,True,0,ok
24.766666666666666,0.15666666666666668,0.06369221810528669,-0.027086767254448803,-0.10694111922556984,3.0883595885956482e-09,-0.23043760827214427,2.1643727135467588,3.199352147393831,3.433554270973344,0.2342021235795131,18.885239959635904,22.8852399596359,3.999999999999999,4.0,12.582970759481029,3.394503728273122,True,0,ok
24.766666666666666,0.16,0.04639126898048798,-0.01109446044279833,-0.07958242557464017,8.250115827508958e-10,-0.22449052246020818,2.459002100503009,3.2275120257434686,3.464380116560856,0.23686809081738724,18.676726995977127,22.676726995977127,3.999999999999999,4.0,12.386727754990616,3.427012849601859,True,0,ok
24.766666666666666,0.16333333333333333,0.030170242638979064,0.004829738221713624,-0.05203272289044963,3.0124685579441462e-09,-0.21882612895070053,2.831285214616017,3.255223557067774,3.4947421119968833,0.23951855492910923,18.47575782595127,22.47575782595127,3.999999999999999,4.0,12.197890615438746,3.4590112366970356,True,0,ok
24.766666666666666,0.16666666666666669,0.018384690728612423,0.020829934605857643,-0.024085356212351854,1.0407625608898543e-09,-0.21343003315164508,3.3219149398166823,3.282748395915867,3.524925969590529,0.24217757367466186,18.27775364267498,22.27775364267498,3.999999999999999,4.0,12.01371271854285,3.490888611944145,True,0,ok
24.766666666666666,0.17,0.00902927134864818,0.00411301632563859,-0.015088615574911701,1.0917472108953239e-08,-0.2052607420991625,2.863261188556998,3.3105866790417138,3.430170689567499,0.11958401052578527,18.074020791880706,20.074020791880706,1.9999999999999996,2.0,11.48483215338898,3.4757358774217595,True,0,ok
24.766666666666666,0.17333333333333334,0.00609566118468487,-0.006608681577087067,-0.008233868085419534,9.563553192743685e-10,-0.19895395006682243,2.4928494156083167,3.3377153316818458,3.7183600606154212,0.3806447289335755,17.88205223476698,23.88205223476698,6.000000000000002,6.0,11.144798165051924,3.4584540679753366,True,0,ok
24.766666666666666,0.1766666666666667,0.010445650443555105,-0.01495271499146452,0.010185831038794087,2.4832991696773285e-10,-0.1913481913609193,2.362448501300991,3.3650441471744523,3.3650441471744523,0.0,17.686455848156506,17.686455848156506,0.0,0.0,10.5720454496051,3.462165809224914,True,0,ok
24.766666666666666,0.18,0.02182732470254797,-0.0009702147986535009,0.037793584035598626,9.327939743854832e-10,-0.18653639202490802,2.7591407545474222,3.392235141819215,3.3922351418192154,4.440892098500626e-16,17.492932407681504,17.492932407681504,0.0,0.0,10.400266998498209,3.4919078313884544,True,0,ok
24.766666666666666,0.18333333333333335,0.038672083161521494,0.013025986886199464,0.06570322453118616,2.150788685959862e-10,-0.1819435298117195,3.2904910749958893,3.4191591253059013,3.4191591253059017,4.440892098500626e-16,17.303660657294454,17.303660657294454,0.0,0.0,10.233155091865063,3.5213857804784507,True,0,ok
24.766666666666666,0.18666666666666668,0.03601465165707265,-0.05846894493378158,0.021738166442257116,6.938367512451177e-10,-0.1760686307041721,1.274271291737421,3.446134338566802,3.843953248130996,0.3978189095641942,17.113334359727563,23.113334359727563,5.999999999999999,6.0,9.332677835240148,3.3839107224820557,True,0,ok
24.766666666666666,0.19,0.03915034283303223,-0.028413341733190108,0.061570529016606694,5.1017843227568444e-09,-0.17200697628172315,1.7880596285208894,3.472818637708819,3.8749646600133243,0.40214602230450547,16.927556976082776,22.927556976082776,6.000000000000002,6.0,9.377958307540537,3.4446053288338043,True,0,ok
24.766666666666666,0.19333333333333336,0.05890432386509178,0.0016696730044249216,0.10201161846608041,3.546396577443937e-11,-0.16841176937304078,2.5952453532597337,3.499414820067476,3.9059130322610693,0.4064982121935934,16.743079284386567,22.743079284386564,5.999999999999999,6.0,9.406274991208731,3.503592544808615,True,0,ok
24.766666666666666,0.19666666666666668,0.08465165850787286,0.03182483462856223,0.14312543367712546,1.3417315459641998e-10,-0.16525437137337334,4.067780094582508,3.525948124035407,3.936827400384314,0.41087927634890686,16.559490180921593,22.559490180921593,6.000000000000002,6.0,9.419751533010334,3.5610972648058086,True,0,ok
24.766666666666666,0.2,0.11175357087430791,0.0607298945402456,0.18378917737072425,2.4979140700840443e-10,-0.16242725818898573,7.4017994010792,3.552228370087801,3.9674854908843344,0.41525712079653365,16.37977568211893,22.37977568211893,5.999999999999999,6.0,9.411326995966295,3.6150227488253313,True,0,ok
24.833333333333332,0.1,0.3208744015351102,-0.2652352633345931,-0.48839676469585086,9.592415252915193e-09,-0.37747155918046427,0.760457941362892,2.7433000162670678,2.9382313481239226,0.19493133185685485,22.14015379680292,26.140153796802917,3.999999999999999,4.0,16.347740853238395,2.8930435243808135,True,0,ok
24.833333333333332,0.10333333333333333,0.30657665016535945,-0.25129590093173604,-0.46777996692328144,2.0152561205708517e-08,-0.36576553221104213,0.7875607068456351,2.7722429505227804,2.969443727000809,0.19720077647802858,21.934236783510382,25.934236783510382,3.999999999999999,4.0,16.071857783536032,2.9239351424392015,True,0,ok
24.833333333333332,0.10666666666666667,0.29291955608830095,-0.23819189401210514,-0.44796229823929146,2.361163724443895e-09,-0.3545550877076666,0.8145765058371385,2.7986473283220494,2.9979454175717826,0.19929808924973313,21.77881883217898,25.778818832178978,3.999999999999999,4.0,15.834369882238724,2.951379595591044,True,0,ok
24.833333333333332,0.11,0.27908937379016374,-0.2250003638161088,-0.4278404749090201,5.665990981524547e-10,-0.34371871604612386,0.8447344683555299,2.8251029257561253,3.0265280157130885,0.20142508995696318,21.62119517457033,25.62119517457033,3.999999999999999,4.0,15.601416600271738,2.9789917941151414,True,0,ok
24.833333333333332,0.11333333333333334,0.26521141771345697,-0.2118627656783401,-0.4075849074436761,2.0959340140181817e-10,-0.33325909500103923,0.877813073984399,2.851259665236669,3.05481281567489,0.20355315043822086,21.46854803993218,25.468548039932177,3.999999999999999,4.0,15.37718923127484,3.0062697842339716,True,0,ok
24.833333333333332,0.11666666666666667,0.25105575796739804,-0.19851526379487192,-0.386883278090701,2.007966798054601e-09,-0.3231471848392793,0.9151559472649621,2.877695679190226,3.0834248402981244,0.2057291611078984,21.309193080727795,25.309193080727795,3.999999999999999,4.0,15.15398122125992,3.0340458013887743,True,0,ok
24.833333333333332,0.12000000000000001,0.2366747044586655,-0.18502481332033022,-0.36580126523505485,2.2867578851848532e-10,-0.3133815929825538,0.9571610531599175,2.9042704087879616,3.112212450379322,0.2079420415913602,21.1460386782947,25.146038678294698,3.999999999999999,4.0,14.933609156240886,3.0621252138351496,True,0,ok
24.833333333333332,0.12333333333333334,0.22187878300704075,-0.17118118693027573,-0.3440749689925121,1.68745496105575e-08,-0.3039482068494044,1.0055718156183786,2.931400180821012,3.1416275360224035,0.21022735520139157,20.9708001394289,24.9708001394289,3.999999999999999,4.0,14.710860709145814,3.091126126274473,True,0,ok
24.833333333333332,0.12666666666666668,0.20630187580347625,-0.15659681236290152,-0.3211834837563679,4.4672807082405966e-11,-0.2948321802722601,1.064022086513388,2.959909851491867,3.1725671851709314,0.21265733367906448,20.767279744503536,24.767279744503536,3.999999999999999,4.0,14.476240030610041,3.1222770482673377,True,0,ok
24.833333333333332,0.13,0.18999958963667285,-0.14135114542318242,-0.29718577670182433,2.2703165049618202e-10,-0.28605677360439247,1.1343806305056325,2.9895342932854994,3.2047473655576635,0.21521307227216413,20.541049672792973,24.54104967279297,3.999999999999999,4.0,14.233268107356661,3.1552278121284627,True,0,ok
24.833333333333332,0.13333333333333333,0.17308025850245817,-0.12557538251963915,-0.272215265837314,2.916583377739027e-09,-0.27764508414647837,1.2186638484307826,3.0199221125841316,3.237789215016451,0.21786710243231955,20.299265075961564,24.299265075961564,3.999999999999999,4.0,13.986315903463598,3.189489774628312,True,0,ok
24.833333333333332,0.13666666666666666,0.15680360006030647,-0.11062040390411716,-0.24804280520851155,3.700967995564872e-09,-0.26962006511662795,1.308236424905939,3.0482318466221594,3.2686009338105086,0.22036908718834924,20.096279936248795,24.096279936248795,3.999999999999999,4.0,13.766769312408298,3.2208906618410507,True,0,ok
24.833333333333332,0.14,0.13994747247063144,-0.09516145661523513,-0.22293537702128202,1.7278871563114553e-09,-0.26191274559448185,1.4160527541158587,3.077234499158688,3.3001961768395645,0.2229616776808765,19.879559988731682,23.879559988731682,3.999999999999999,4.0,13.543564652885093,3.253480059582965,True,0,ok
24.833333333333332,0.14333333333333334,0.12275305059866175,-0.07945257772849836,-0.19721111070659725,3.3005528383587117e-10,-0.25454623900255113,1.5443625794743372,3.106391091771963,3.331988991504613,0.2255978997326502,19.659316795601754,23.659316795601754,3.999999999999999,4.0,13.32269203298764,3.2864760731732607,True,0,ok
24.833333333333332,0.14666666666666667,0.10587720392872291,-0.06416843033615849,-0.17179161645286042,3.8923022723675555e-10,-0.24750327883489748,1.6892839338494532,3.1343724967594664,3.362528449626769,0.2281559528673025,19.460243982876673,23.460243982876673,3.999999999999999,4.0,13.11790145258227,3.3179037332549326,True,0,ok
24.833333333333332,0.15000000000000002,0.08824482926533614,-0.048141019293866105,-0.14506512998495738,2.853033282597476e-09,-0.24076331713303575,1.872923995422154,3.1634380580214647,3.3942802324443204,0.2308421744228557,19.24062249831421,23.24062249831421,3.999999999999999,4.0,12.905246637313521,3.351118851658058,True,0,ok
24.833333333333332,0.15333333333333335,0.08535321109154345,-0.061257606160590894,-0.1345474548937536,1.3900322985996555e-09,-0.23200531193633533,1.6680187915940943,3.1916920243498184,3.305813454078812,0.11412142972899364,19.035209252811427,21.035209252811427,1.9999999999999996,2.0,12.360419672168922,3.3390734835602958,True,0,ok
24.833333333333332,0.15666666666666668,0.05377060280299962,-0.017068574006958926,-0.09155597718752619,1.5085321556018528e-09,-0.22821700363543926,2.342805982945073,3.21987386949293,3.45601610680986,0.23614223731693018,18.830702981137616,22.830702981137616,3.999999999999999,4.0,12.497472876998636,3.414135131890057,True,0,ok
24.833333333333332,0.16,0.036737674367236926,-0.0007896412102820409,-0.06362661880454151,1.9081112403063798e-10,-0.22237400269341082,2.6903229640318678,3.2483282377380176,3.4871847960442555,0.23885655830623786,18.620944455981203,22.620944455981203,3.999999999999999,4.0,12.30173105643298,3.447025917906351,True,0,ok
24.833333333333332,0.16333333333333333,0.02243991909801388,0.015243387873894853,-0.03575316816034935,1.1294718381527251e-09,-0.21680378737977457,3.132090629289972,3.2760237021108867,3.5175492137682705,0.24152551165738378,18.424063437139704,22.4240634371397,3.999999999999999,4.0,12.116197060650933,3.478935278320391,True,0,ok
24.833333333333332,0.16666666666666669,0.014980610101064312,-0.0003140280177349944,-0.02594527747788367,5.480246676564201e-09,-0.20856502103226351,2.736153126388139,3.3041667182266656,3.4234498877154715,0.1192831694888059,18.21903089472298,20.219030894722977,1.9999999999999996,2.0,11.592662305111745,3.4654495653337603,True,0,ok
24.833333333333332,0.17,0.008815856894915321,0.015103487748295839,0.0022455859395612635,5.093517490725921e-10,-0.2033663505038557,3.2219681198492514,3.3319384823738436,3.4525278510687443,0.12058936869490067,18.020057229261873,20.020057229261873,1.9999999999999996,2.0,11.411091926393555,3.4968827923611245,True,0,ok
24.833333333333332,0.17333333333333334,0.010455825277290796,-0.018104502925940787,0.0004470128547103542,4.9590134553318764e-09,-0.19444015646382937,2.2884139300661572,3.359491967659807,3.3594919676598076,4.440892098500626e-16,17.824554728475416,17.824554728475416,0.0,0.0,10.678210397752116,3.4539433436428433,True,0,ok
24.833333333333332,0.1766666666666667,0.01134308847615048,-0.01308189316684104,0.01465813902597088,7.327312847883554e-10,-0.19010076227632117,2.300378219652361,3.387216588344713,3.77562154368404,0.3884049553393272,17.625932013538527,23.625932013538527,6.000000000000002,6.0,10.588169106450772,3.4570639984768206,True,0,ok
24.833333333333332,0.18,0.03046727834199727,0.013243064272134758,0.05108215341379324,2.7420902075347932e-09,-0.18612674858556033,3.102100451637357,3.414464390700168,3.807199058790539,0.39273466809037094,17.4349462541262,23.4349462541262,6.000000000000002,6.0,10.539268046930582,3.507232133186522,True,0,ok
24.833333333333332,0.18333333333333335,0.05106036756210847,0.024558001291568547,0.08496109685789241,1.5349642163818567e-10,-0.18027295535830865,3.869120292797443,3.44175530051189,3.4417553005118893,-8.881784197001252e-16,17.243067087783533,17.243067087783533,0.0,0.0,10.164506773158243,3.543968337087644,True,0,ok
24.833333333333332,0.18666666666666668,0.06949480789682559,0.03886212890741174,0.11392242935714543,2.2670200086929343e-10,-0.1759899941444003,4.925152954083055,3.4689061049665098,3.4689061049665098,0.0,17.053295166586807,17.053295166586807,0.0,0.0,9.999976700600817,3.573769713410526,True,0,ok
24.833333333333332,0.19,0.05398428675689296,-0.09068821774196552,0.022771842541551082,8.705007283109455e-11,-0.16893500731408326,0.7858692048632216,3.495842259436901,3.901753574019097,0.405911314582196,16.866850310292282,22.866850310292282,6.000000000000002,6.0,8.487839035430104,3.3287412608318845,True,0,ok
24.833333333333332,0.19333333333333336,0.05052140140231451,-0.05149359777003129,0.07075058577608802,1.9308046431231088e-10,-0.16466644882011283,1.2873950807584291,3.5227429491972635,3.9330909235900715,0.410347974392808,16.680816061841295,22.680816061841295,6.000000000000002,6.0,8.670226128017198,3.4098782172216375,True,0,ok
24.833333333333332,0.19666666666666668,0.0683011264239015,-0.014674010302035901,0.11738741429121383,1.0473181058674622e-09,-0.16110756535800907,2.055085893890239,3.549406585346346,3.9641918051268332,0.4147852197804873,16.498400787343222,22.498400787343222,6.000000000000002,6.0,8.793655755072933,3.483167261375011,True,0,ok
24.833333333333332,0.2,0.09545876378576768,0.02127585956954969,0.1639648271736892,1.958242617521932e-09,-0.15814383414656485,3.491162746981654,3.5759665250912884,3.9952110171474993,0.41924449205621084,16.31752744654485,22.317527446544847,5.999999999999999,6.0,8.881872440849577,3.5522225312193374,True,0,ok
24.9,0.1,0.3152171788460475,-0.25922450994896956,-0.48050833807614607,5.081948472769523e-09,-0.3741707071144366,0.7759822391081175,2.7583777395389952,2.95448746938616,0.1961097298471648,22.117672388500797,26.117672388500793,3.999999999999999,4.0,16.26441442929585,2.9064884861550393,True,0,ok
24.9,0.10333333333333333,0.30109079255245014,-0.24553134759874026,-0.4600884191386777,6.37703856514429e-07,-0.3625511111672943,0.8032374179385787,2.786388035908948,2.984709178685861,0.19832114277691293,21.935622482733194,25.935622482733194,3.999999999999999,4.0,16.004472660444417,2.9359436561695658,True,0,ok
24.9,0.10666666666666667,0.2872144036910959,-0.23224055785475725,-0.43993256795809804,2.638896994698791e-10,-0.3513630480669376,0.8320353751652748,2.813169817125478,3.0136323318118317,0.20046251468635345,21.777321925491414,25.77732192549141,3.999999999999999,4.0,15.766133039681854,2.96377568187766,True,0,ok
24.9,0.11,0.2731924870873106,-0.21888874644348272,-0.41951176584602706,7.17307281604909e-11,-0.34056143012089746,0.8639726277960745,2.839869517199428,3.0424929291489686,0.2026234119495407,21.619603777206034,25.619603777206034,3.999999999999999,4.0,15.533782392688558,2.9915862778674085,True,0,ok
24.9,0.11333333333333334,0.25905202824766976,-0.2055133589799427,-0.3988585204035081,6.175716321434787e-10,-0.3301311037437343,0.8993743031092681,2.8664543905169277,3.0712551623779163,0.20480077186098855,21.463149797661185,25.463149797661185,3.999999999999999,4.0,15.307836942211843,3.0193272239470983,True,0,ok
24.9,0.11666666666666667,0.24462753684914035,-0.19192359458565797,-0.37774757338195114,2.1793268309977344e-09,-0.32005619643424,0.9394253975220752,2.8933122225906605,3.1003386899622822,0.20702646737162178,21.300072621293566,25.300072621293566,3.999999999999999,4.0,15.083076140156916,3.047566201445906,True,0,ok
24.9,0.12000000000000001,0.22993144728815973,-0.17814017470107413,-0.35619024342835964,8.064818541601863e-10,-0.3103310133480572,0.9847896923484402,2.920392027300541,3.1296889092343956,0.20929688193385454,21.13150290225577,25.13150290225577,3.999999999999999,4.0,14.860160694836072,3.0762387825267195,True,0,ok
24.9,0.12333333333333334,0.21472034060790687,-0.16390124296376324,-0.3338425625459703,1.0947309944961998e-09,-0.3009405830357126,1.0378789079040003,2.94825963266759,3.159920464866383,0.21166083219879273,20.946287918543597,24.946287918543597,3.999999999999999,4.0,14.632393549066798,3.106183944473589,True,0,ok
24.9,0.12666666666666668,0.19862006665290352,-0.14880731740024503,-0.31017120259584746,4.5442582003053707e-10,-0.2918816184707106,1.1028279570868005,2.977694799674512,3.191882712202216,0.21418791252770397,20.72919306358305,24.72919306358305,3.999999999999999,4.0,14.39085132451961,3.1385795444988682,True,0,ok
24.9,0.13,0.18173896640673262,-0.13300059158680505,-0.28530334447623,9.91434020682286e-10,-0.2831721399495237,1.1816940718060016,3.008294945582956,3.225142675296466,0.21684772971350963,20.48839438377982,24.48839438377982,3.999999999999999,4.0,14.140597854954073,3.1728799661222085,True,0,ok
24.9,0.13333333333333333,0.16483297400637523,-0.1173043231973879,-0.26028719468802336,3.024775023465598e-08,-0.27486048072980274,1.2712800728267892,3.038288201253662,3.257775248532829,0.21948704727916724,20.258604024411415,24.258604024411415,3.999999999999999,4.0,13.90195815248657,3.2064827856262528,True,0,ok
24.9,0.13666666666666666,0.14830962909386933,-0.10214198258437776,-0.2356994985985671,5.882014487091842e-10,-0.2669112310931176,1.3692643439665444,3.0668241460756738,3.2888518128045154,0.22202766672884167,20.05580085759683,24.05580085759683,3.999999999999999,4.0,13.68355336512954,3.238117484955092,True,0,ok
24.9,0.14,0.1308770930168855,-0.08612173084358869,-0.20968902667081976,1.3622549229376877e-08,-0.2592867343141461,1.4917919911119275,3.0967371798967873,3.3214589003215527,0.22472172042476535,19.82627074196173,23.826270741961725,3.999999999999999,4.0,13.4541897012508,3.271972305173057,True,0,ok
24.9,0.14333333333333334,0.11374012845775641,-0.07051572519614241,-0.18395103414991423,2.654760353889829e-09,-0.2520112296325971,1.630309683638939,3.125471591382395,3.3528108464543394,0.2273392550719442,19.617968922780804,23.617968922780804,3.999999999999999,4.0,13.241275048808808,3.3042663226748497,True,0,ok
24.9,0.14666666666666667,0.09628584429790606,-0.054641868867309464,-0.15756635936382352,2.8621963955901864e-09,-0.24504968396403182,1.797963511193017,3.1543808320950313,3.3843827718887565,0.23000193979372519,19.405952256446234,23.405952256446234,3.999999999999999,4.0,13.030192845427232,3.3369926624258133,True,0,ok
24.9,0.15000000000000002,0.07882845376427076,-0.03918384483784647,-0.1307914434216585,4.348207495580801e-11,-0.23842847001404918,1.9886881718164575,3.1835841421883955,3.416305541706074,0.23272139951767867,19.188038487706248,23.188038487706248,3.999999999999999,4.0,12.807518485463298,3.3686486742286674,True,0,ok
24.9,0.15333333333333335,0.06144311855534635,-0.02330325969329669,-0.1038399178595864,1.27995487416625e-08,-0.23208954583412053,2.2327064419550187,3.2117982892656602,3.447175314062421,0.23537702479676081,18.987400245194383,22.987400245194383,3.999999999999999,4.0,12.611049984690256,3.4007508499611143,True,0,ok
24.9,0.15666666666666668,0.04392704416102281,-0.0068385874629981235,-0.07577591535365467,5.560179315170816e-09,-0.22604797086293477,2.5522888071788556,3.2407057445592646,3.478832415859575,0.2381266713003103,18.7738736935915,22.7738736935915,3.999999999999999,4.0,12.410983381024248,3.434094094111854,True,0,ok
24.9,0.16,0.028020482363836214,0.00949611861669846,-0.04759481092434092,6.919964818153629e-10,-0.22029911365330263,2.959057604407043,3.2690441539838098,3.5098945510934434,0.24085039710963363,18.569957736467583,22.569957736467583,3.999999999999999,4.0,12.219540438432558,3.4667476128216,True,0,ok
24.9,0.16333333333333333,0.018548432144805563,0.025985317692358564,-0.018891698428636892,2.0661712246725073e-09,-0.2148310270615809,3.507088009374292,3.2973134327040032,3.5409086867479544,0.24359525404395121,18.366926345534683,22.366926345534683,3.999999999999999,4.0,12.031735105013285,3.4994681209684533,True,0,ok
24.9,0.16666666666666669,0.007941798723460923,0.010735975143897064,-0.008599728984189698,2.9494066212033566e-09,-0.2066341342446522,3.0673972612334306,3.325751229879331,3.4460485091435773,0.12029727926424627,18.160654580484973,20.16065458048497,1.9999999999999996,2.0,11.515735074745203,3.4868617236708146,True,0,ok
24.9,0.17,0.013583110901398717,-0.021476623971961612,-0.009605067831413449,6.046273443243327e-10,-0.19763774212301674,2.21514232633875,3.35355913967563,3.3535591396756304,4.440892098500626e-16,17.9647714460938,17.9647714460938,0.0,0.0,10.786636448884252,3.445302553514051,True,0,ok
24.9,0.17333333333333334,0.011388386856516403,-0.007075766860459881,0.018412484593799797,2.3011140444047052e-08,-0.19254678848193674,2.571265137724487,3.381610234570929,3.3816102345709296,4.440892098500626e-16,17.764487905673494,17.764487905673494,0.0,0.0,10.607776825776666,3.475934591515067,True,0,ok
24.9,0.1766666666666667,0.02730862102750228,0.007319913652567208,0.04673008892983383,5.358627059440686e-10,-0.18769447581008328,3.042076934308258,3.4093880013588347,3.4093880013588342,-4.440892098500626e-16,17.56851392253747,17.56851392253747,0.0,0.0,10.43392348173353,3.5062981758605436,True,0,ok
24.9,0.18,0.0287049677721742,-0.04663544599122174,0.017235448981808354,3.816001455374365e-10,-0.18043473119895528,1.5474972416631185,3.436992180838461,3.833337701609586,0.39634552077112506,17.375217329133115,23.375217329133115,5.999999999999999,6.0,9.757289769505205,3.406608331433506,True,0,ok
24.9,0.18333333333333335,0.03717385351729226,-0.007617878508428633,0.0639347642758314,3.338850559326785e-10,-0.17701533239230388,2.400801300206901,3.464620022559045,3.8654323512171316,0.4008123286580867,17.181352596104674,23.181352596104677,6.000000000000002,6.0,9.863224101614538,3.481447821805044,True,0,ok
24.9,0.18666666666666668,0.06424328161641059,0.0270770427148334,0.10792789934190047,3.7784067652761644e-10,-0.17393543330064729,3.811824425659629,3.4918920420068393,3.89715524335781,0.4052632013509707,16.99302030206915,22.99302030206915,5.999999999999999,6.0,9.904680551419567,3.546161337737987,True,0,ok
24.9,0.19,0.09464201760039156,0.06110058321524098,0.15211197591634884,1.1117115281843967e-09,-0.1712848203739365,7.130707812977195,3.5191323689813605,3.928882523619737,0.4097501546383766,16.805056908871475,22.805056908871475,6.000000000000002,6.0,9.920959940271251,3.6078402905822693,True,0,ok
24.9,0.19333333333333336,0.12143400382313667,0.08004515525888911,0.1945030204730329,4.3333019737301407e-10,-0.16672874652298877,17.100748675904974,3.546232201316655,3.546232201316654,-1.3322676295501878e-15,16.619193663856684,16.619193663856684,0.0,0.0,9.614282803764203,3.6565679788042647,True,0,ok
24.9,0.19666666666666668,0.06602537313860073,-0.09759201073666378,0.059614168908483,1.1604485827209463e-08,-0.15829817018624068,0.6090423357262285,3.5731470905431317,3.9919163542186396,0.4187692636755078,16.43613552234252,22.43613552234252,5.999999999999999,6.0,7.6852499859475,3.326709110444139,True,0,ok
24.9,0.2,0.07356734587935851,-0.04801190795939765,0.11803101216755629,2.513415083378983e-09,-0.1540954038332072,1.2539500326468178,3.599982286748182,4.023292658660631,0.4233103719124487,16.254208889332205,22.254208889332205,5.999999999999999,6.0,8.002647232851462,3.4294939698919342,True,0,ok
24.966666666666665,0.1,0.3094146582872397,-0.25308114141531224,-0.4724004955003229,5.748324022963841e-10,-0.370833182407796,0.7923313639241971,2.773714427168921,2.9710314093798558,0.19731698221093463,22.094348072581234,26.094348072581234,3.999999999999999,4.0,16.179943472642233,2.9201445289985677,True,0,ok
24.966666666666665,0.10333333333333333,0.29546691410452836,-0.23965011405106312,-0.4521834968535125,9.67467472931791e-09,-0.35928308237750206,0.8197415967028546,2.8008305492271406,3.0003031979826136,0.199472648755473,21.935425044752936,25.935425044752936,3.999999999999999,4.0,15.935501337470049,2.9481992519264377,True,0,ok
24.966666666666665,0.10666666666666667,0.2813490975216085,-0.22614301379336446,-0.43166107230224615,1.7122694977315872e-09,-0.3481239492560663,0.8504341726905885,2.827998672197517,3.0296581285783377,0.2016594563808205,21.774176829239714,25.774176829239714,3.999999999999999,4.0,15.696033246692227,2.9764282330271756,True,0,ok
24.966666666666665,0.11,0.26713411111867086,-0.2126315022007977,-0.41093764033161917,8.969190852212115e-09,-0.3373596066167989,0.8842727815683509,2.8549371431999027,3.05879147938987,0.20385433618996718,21.61654046684274,25.61654046684274,3.999999999999999,4.0,15.464430988431626,3.0044262398078057,True,0,ok
24.966666666666665,0.11333333333333334,0.25269453952520776,-0.1989765739253933,-0.3898357525246791,2.2811872558716743e-10,-0.326963028279528,0.9223230683770376,2.8820177362349613,3.088105060687571,0.2060873244526098,21.454915586332227,25.454915586332227,3.999999999999999,4.0,15.235970977511052,3.0327304238431045,True,0,ok
24.966666666666665,0.11666666666666667,0.23800566891602476,-0.1851545978778655,-0.36831762134491897,5.217776204566248e-10,-0.31692852936035476,0.965321768957578,2.909285450363193,3.1176479485494126,0.20836249818621955,21.288423243957453,25.288423243957453,3.999999999999999,4.0,15.010002818957304,3.061414692855869,True,0,ok
24.966666666666665,0.12000000000000001,0.22292824788594742,-0.1710093851156119,-0.34618896764466023,2.0500689869524378e-10,-0.30724438655843683,1.0147852457645525,2.9370271311068135,3.147731786907799,0.21070465580098574,21.111419109081897,25.111419109081897,3.999999999999999,4.0,14.782884909295618,3.090910836860913,True,0,ok
24.966666666666665,0.12333333333333334,0.20710896445772853,-0.1561630441167574,-0.32294809664781376,1.4284060920525395e-09,-0.2978949071731395,1.0743108479156136,2.9660441558278454,3.1792281353197858,0.21318397949194035,20.908208018248562,24.90820801824856,3.999999999999999,4.0,14.545413561864278,3.122415667842204,True,0,ok
24.966666666666665,0.12666666666666668,0.19051196118541694,-0.14059437593444962,-0.2985257836766265,8.006173905497975e-09,-0.2888997454421154,1.1464593940222276,2.996291826106579,3.2120922561488308,0.2158004300422518,20.68000121665791,24.680001216657907,3.999999999999999,4.0,14.298530220288605,3.1559024961955977,True,0,ok
24.966666666666665,0.13,0.17321845215175702,-0.12440802436139062,-0.27301380912336143,1.6283410238996998e-09,-0.2802796095883505,1.2337098481113524,3.0274623331049635,3.2459930606722445,0.21853072756728098,20.43304411895333,24.43304411895333,3.999999999999999,4.0,14.046070227123906,3.1909530402647226,True,0,ok
24.966666666666665,0.13333333333333333,0.15649262038302925,-0.10897079614306969,-0.24818377523719448,4.200580173644349e-10,-0.2720638849787883,1.3275814640723849,3.0566992674531503,3.277822202059696,0.22112293460654575,20.222032964143086,24.222032964143082,3.999999999999999,4.0,13.819547377687643,3.2233548256073195,True,0,ok
24.966666666666665,0.13666666666666666,0.13929690865478517,-0.09314479950058445,-0.22256444596640904,3.7203576660387063e-10,-0.26418444566003413,1.439729385856532,3.0863671555911814,3.3101513540668215,0.22378419847564013,20.0022456837395,24.0022456837395,3.999999999999999,4.0,13.592479318419903,3.2565728726274292,True,0,ok
24.966666666666665,0.14,0.12169927558373286,-0.07699666077330253,-0.19622348295394426,1.3937462416513191e-08,-0.25665970512749803,1.5745286678483736,3.1163115566899573,3.3428132389813765,0.2265016822914192,19.77660441080603,23.776604410806026,3.999999999999999,4.0,13.366618964422242,3.2903911056471995,True,0,ok
24.966666666666665,0.14333333333333334,0.10444838540674355,-0.0613008443781978,-0.17020752662778135,9.868212884299498e-10,-0.24947263480939627,1.7273524067621233,3.14501736843174,3.3741536815683832,0.2291363131366433,19.57317327422755,23.573173274227546,3.999999999999999,4.0,13.157577387982549,3.3225513971291956,True,0,ok
24.966666666666665,0.14666666666666667,0.08644016573435463,-0.044837122609978006,-0.14284725826072367,1.0677341914576898e-09,-0.24260369181371894,1.922267154952366,3.174824127629496,3.4067266514298886,0.23190252380039267,19.348942533540924,23.348942533540924,3.999999999999999,4.0,12.940756271273235,3.3565406726142863,True,0,ok
24.966666666666665,0.15000000000000002,0.06911313716640957,-0.02952389575887708,-0.11600955463308894,1.208303017216068e-08,-0.23606838715591622,2.13367219928883,3.203766660350124,3.438384890854782,0.23461823050465824,19.139769254578365,23.139769254578365,3.999999999999999,4.0,12.723052201903561,3.3875411952391112,True,0,ok
24.966666666666665,0.15333333333333335,0.051459592546802886,-0.013119565882567545,-0.08815977533037322,4.989167830790204e-10,-0.22982494655685565,2.422732456399813,3.23270475143764,3.470067466122855,0.23736271468521508,18.930261000159174,22.930261000159174,3.999999999999999,4.0,12.52286637025906,3.4206753731878132,True,0,ok
24.966666666666665,0.15666666666666668,0.03446522316935022,0.003583493213853348,-0.05958786286422432,2.89562945754499e-09,-0.22389035580509034,2.7999078814205753,3.2618112862088844,3.501963850002384,0.24015256379349958,18.717322975559394,22.71732297555939,3.999999999999999,4.0,12.324361190678623,3.4542545063902965,True,0,ok
24.966666666666665,0.16,0.02132659225119758,0.02007707323728275,-0.031006156507560022,9.672794687862629e-11,-0.21824110997380533,3.287775659997419,3.2902145331796935,3.5331179006541493,0.24290336747445584,18.516254877451495,22.516254877451495,3.999999999999999,4.0,12.135590933687785,3.4869363192348457,True,0,ok
24.966666666666665,0.16333333333333333,0.011939763947293583,0.006123330498724876,-0.01975294188101255,1.0198159728417773e-09,-0.20997661458702194,2.919354604266449,3.319115563964562,3.4391002742052574,0.11998471024069524,18.306145208204352,20.306145208204352,1.9999999999999996,2.0,11.623915176600718,3.4762925747968323,True,0,ok
24.966666666666665,0.16666666666666669,0.013731910340484967,0.021965422621535762,0.009122296523034786,2.250187873896229e-08,-0.20471871709440215,3.4781559087491845,3.3474927339001197,3.468819128928028,0.12132639502790843,18.104653209924265,20.104653209924265,1.9999999999999996,2.0,11.440058330504165,3.508359248283657,True,0,ok
24.966666666666665,0.17,0.007702345155805837,-0.010416177498480953,0.008335562907364733,1.870861547406924e-07,-0.19566790373361584,2.4803185135323593,3.375781574721706,3.3757815747217066,4.440892098500626e-16,17.904402974782656,17.904402974782656,0.0,0.0,10.715082202849198,3.467359261638177,True,0,ok
24.966666666666665,0.17333333333333334,0.021472186965841574,0.004239775854067708,0.03694846059033359,6.109656098916254e-10,-0.19067824845617612,2.9251583761578765,3.404112307762152,3.4041123077621527,8.881784197001252e-16,17.70318228420444,17.70318228420444,0.0,0.0,10.536545289132977,3.4983150887338432,True,0,ok
24.966666666666665,0.1766666666666667,0.03951958052937231,0.01886571821633531,0.06579875691709124,8.231925807443619e-10,-0.18592307381378256,3.5312763689635815,3.432042986044175,3.4320429860441752,4.440892098500626e-16,17.508334311671952,17.508334311671952,0.0,0.0,10.36414309991901,3.5288497635510434,True,0,ok
24.966666666666665,0.18,0.058286409260692076,0.03359643725075936,0.09520081889128075,5.054735386912173e-09,-0.18139549498039953,4.422045847408971,3.460026333161638,3.4600263331616374,-4.440892098500626e-16,17.312378164906974,17.312378164906974,0.0,0.0,10.193275971802725,3.5595174839179182,True,0,ok
24.966666666666665,0.18333333333333335,0.07734347704767365,0.04833382451634237,0.12493951229733313,5.2080527532255044e-09,-0.17709248719679183,5.834662409368682,3.487768330548108,3.487768330548108,0.0,17.120146446460343,17.120146446460343,0.0,0.0,10.02681238065248,3.589953379584282,True,0,ok
24.966666666666665,0.18666666666666668,0.04772994434772049,-0.07092018976149289,0.04248257815273601,2.451551306038422e-10,-0.16714125530454327,1.0697936086420705,3.51536346280852,3.9244903556990614,0.40912689289054116,16.93012835161617,22.93012835161617,5.999999999999999,6.0,8.721823658955646,3.3746673465431707,True,0,ok
24.966666666666665,0.19,0.06092476404620007,-0.014717744453702412,0.10449339031944062,1.0879930721308046e-09,-0.1643001775684997,2.1503511781890565,3.5429105152114366,3.9566110471151483,0.4137005319037117,16.74074303283656,22.74074303283656,5.999999999999999,6.0,9.043883328062346,3.483764492521848,True,0,ok
24.966666666666665,0.19333333333333336,0.09464773094771843,0.033212402601957895,0.16053509035117697,1.0804428181261565e-09,-0.16217433936665676,4.404785096327687,3.570168601514683,3.988436307460812,0.41826770594612883,16.555743501958148,22.55574350195815,6.000000000000002,6.0,9.22693650947687,3.5723333450921375,True,0,ok
24.966666666666665,0.19666666666666668,0.13165881672585553,0.077529612918891,0.21445580240600662,2.3240368092327964e-09,-0.16060087592557473,14.310245228358841,3.5973565445055695,4.020220815577459,0.4228642710718895,16.371736885359613,22.371736885359617,6.000000000000002,6.0,9.340355977799629,3.6510747886756225,True,0,ok
24.966666666666665,0.2,0.16783424849913153,0.11771488331828128,0.2657973121631747,2.6454852361737053e-10,-0.15933069859542542,23.85488949508349,3.624380593288382,4.051854452889697,0.427473859601315,16.190160167406205,22.19016016740621,6.000000000000002,6.0,9.39535761173527,3.7204528833386235,True,0,ok
25.033333333333335,0.1,0.3039082199984168,-0.24729245059320676,-0.4646795265851775,4.93391470429047e-09,-0.3675494615549507,0.8078172871430409,2.787983277752458,2.9864312336900998,0.19844795593764175,22.09515312839903,26.09515312839903,3.999999999999999,4.0,16.11061097762197,2.932183531884224,True,0,ok
25.033333333333335,0.10333333333333333,0.2897365981238154,-0.23367187530899433,-0.4441163626423392,1.6006703466390282e-09,-0.35601725241223187,0.8370260374306661,2.8154856680617395,3.016134582591308,0.20064891452956868,21.933545113429034,25.933545113429034,3.999999999999999,4.0,15.86537763778465,2.960625845160566,True,0,ok
25.033333333333335,0.10666666666666667,0.27538302219806504,-0.21995320279822198,-0.42323517732299165,3.450196390053036e-11,-0.34488963112149323,0.8696432704800388,2.842990348176856,3.045868033976179,0.20287768579932264,21.770663293144565,25.770663293144565,3.999999999999999,4.0,15.625369284203073,2.98917435430511,True,0,ok
25.033333333333335,0.11,0.260958559700514,-0.20626943483721422,-0.4021828314272458,3.824507761086291e-09,-0.334158125450701,0.9056309806221079,2.870231121626486,3.0753432941970167,0.2051121725705305,21.61196838895213,25.61196838895213,3.999999999999999,4.0,15.393913533588558,3.017444573742486,True,0,ok
25.033333333333335,0.11333333333333334,0.2462250106535526,-0.1923452526871827,-0.3806357463280743,1.5637975740020812e-09,-0.3237979947392967,0.9465387181915407,2.89779716773352,3.1051978367235495,0.2074006689900294,21.44550833887465,25.44550833887465,3.999999999999999,4.0,15.16326502479294,3.046295371031075,True,0,ok
25.033333333333335,0.11666666666666667,0.23124950285316986,-0.17826288006139296,-0.3586800012570147,7.674244311813333e-10,-0.31380745674085403,0.9927694622366037,2.9254946667082202,3.135222312975236,0.2097276462670159,21.275283578363016,25.275283578363016,3.999999999999999,4.0,14.935798886449344,3.0754550802135854,True,0,ok
25.033333333333335,0.12000000000000001,0.2157916196645125,-0.16376040051510543,-0.3359770834081293,5.883719165310612e-10,-0.30416997074471513,1.0467313725491068,2.953890205072818,3.1660320427297104,0.2121418376568922,21.090125116501248,25.090125116501245,3.999999999999999,4.0,14.704791972083349,3.1057653560039387,True,0,ok
25.033333333333335,0.12333333333333334,0.19934789721057306,-0.14829180068730663,-0.31181451893032125,7.871779004812395e-09,-0.29487230821620564,1.1135251247528253,2.984071580625937,3.1988110267757675,0.21473944614983065,20.86875456669076,24.86875456669076,3.999999999999999,4.0,14.457763080154857,3.1388640011236233,True,0,ok
25.033333333333335,0.12666666666666668,0.18215947203067306,-0.13214652333523963,-0.2865022096282848,1.2335416690422595e-09,-0.28594437075905604,1.1944747798078361,3.01531752225726,3.232780359323634,0.21746283706637382,20.625785125050545,24.625785125050545,3.999999999999999,4.0,14.203548439381988,3.1737311325132453,True,0,ok
25.033333333333335,0.13,0.16478821647737651,-0.11594364479697318,-0.2608113112972239,8.951955851440262e-10,-0.27742669135872206,1.2881156990115923,3.0462905684591832,3.266487182174386,0.22019661371520272,20.38730815734674,24.387308157346737,3.999999999999999,4.0,13.957404902972213,3.208403375319607,True,0,ok
25.033333333333335,0.13333333333333333,0.14793176862023308,-0.1004250507657461,-0.23572491102984391,3.2487684927485523e-09,-0.2692929967078512,1.389693568138627,3.0754886083366517,3.2982933791142273,0.22280477077757554,20.181657667649212,24.181657667649212,3.999999999999999,4.0,13.73506883886414,3.240643012603907,True,0,ok
25.033333333333335,0.13666666666666666,0.1301064725415948,-0.08397645188566953,-0.20911967415894686,1.7113890965579993e-09,-0.26149753308538876,1.5177843744912145,3.1061758825966566,3.331754214468019,0.22557833187136245,19.94719730484271,23.94719730484271,3.999999999999999,4.0,13.500844297948337,3.275288680381528,True,0,ok
25.033333333333335,0.14,0.11256495245483068,-0.06792870180064205,-0.18275200966105484,6.5427246918214115e-09,-0.254066944410543,1.663603882329723,3.1357008641469686,3.363978938813934,0.22827807466696548,19.733575383241632,23.733575383241632,3.999999999999999,4.0,13.283011066082016,3.308401455730003,True,0,ok
25.033333333333335,0.14333333333333334,0.0947292205689383,-0.051623987057123046,-0.1557428638786434,6.3817111196905905e-09,-0.24696517790267827,1.8408330643643052,3.1653569987140364,3.3963775606548645,0.2310205619408281,19.517014742484115,23.517014742484115,3.999999999999999,4.0,13.067649522722062,3.3418937194881706,True,0,ok
25.033333333333335,0.14666666666666667,0.07704724828328102,-0.03601619516747025,-0.12849773962889519,9.04058595373317e-10,-0.24020417093046428,2.0391877128245928,3.195280154479403,3.429099059178534,0.23381890469913102,19.29502477403294,23.29502477403294,3.999999999999999,4.0,12.838035600476768,3.373800865459143,True,0,ok
25.033333333333335,0.15000000000000002,0.05933351859917756,-0.01967809221399078,-0.10086710055758777,3.551500588205216e-10,-0.23375135069769304,2.300619557917323,3.2242471952961647,3.460804780963488,0.23655758566732343,19.089626764588072,23.089626764588072,3.999999999999999,4.0,12.637662763343553,3.4067131260143158,True,0,ok
25.033333333333335,0.15333333333333335,0.041652300999995125,-0.0027351254427383964,-0.07209203579172276,5.926282727807574e-09,-0.22761137839347528,2.646597642285408,3.253907321053827,3.493299380967542,0.23939205991371493,18.871382634713584,22.87138263471358,3.999999999999999,4.0,12.433954890118692,3.440889083843831,True,0,ok
25.033333333333335,0.15666666666666668,0.026252315826250525,0.014029204733371704,-0.043251978836496625,4.660713657041357e-10,-0.22177397809589983,3.091015574765641,3.282903691211871,3.5250963416751624,0.24219265046329141,18.664316988577973,22.664316988577973,3.999999999999999,4.0,12.239791654499932,3.4742338399962422,True,0,ok
25.033333333333335,0.16,0.018093395846025075,0.0012118250355279757,-0.03131524229199159,1.1695600207953523e-09,-0.21343841843292838,2.7770357429415062,3.311946012090645,3.4315938070901377,0.11964779499949252,18.45611477329296,20.45611477329296,1.9999999999999996,2.0,11.735907647429544,3.465104943391609,True,0,ok
25.033333333333335,0.16333333333333333,0.010103045448772132,0.017374865920215365,-0.0020805326900577765,2.3465527389650235e-09,-0.20801741955817618,3.2935795627454674,3.3410122924965,3.4620311410016247,0.12101884850512468,18.247130833043247,20.247130833043247,1.9999999999999996,2.0,11.545809495848344,3.497947948277925,True,0,ok
25.033333333333335,0.16666666666666669,0.00816572071771293,-0.01399020197155061,-0.0020763509612487323,1.1850390858789948e-09,-0.19889783054519852,2.3909563242138954,3.3695427987173647,3.3695427987173647,0.0,18.046914298075674,18.046914298075674,0.0,0.0,10.824977484616904,3.458329540994522,True,0,ok
25.033333333333335,0.17,0.015453847799493943,0.0008863703452425954,0.026752169688472376,5.069799529192802e-09,-0.19375794248424716,2.8088363029009757,3.3983304491564374,3.3983304491564366,-8.881784197001252e-16,17.842052004702452,17.842052004702452,0.0,0.0,10.642631942426696,3.4897580577462253,True,0,ok
25.033333333333335,0.17333333333333334,0.03347628029548681,0.01571445276810916,0.05581254340616309,4.864128955045274e-09,-0.18886421307157228,3.3736202982154806,3.426721847907836,3.426721847907837,8.881784197001252e-16,17.643484680150937,17.643484680150937,0.0,0.0,10.46659593983844,3.5207705597381684,True,0,ok
25.033333333333335,0.1766666666666667,0.05236754051097013,0.03064411189516343,0.08536987937007405,7.008049896945362e-11,-0.1842073291356942,4.188627417110272,3.4550336747465047,3.4550336747465056,8.881784197001252e-16,17.446023871092297,17.446023871092297,0.0,0.0,10.293383585436061,3.5517579972668902,True,0,ok
25.033333333333335,0.18,0.07163880251407614,0.04562903324168321,0.11538780439189304,2.0809587465213306e-09,-0.17978459936736152,5.464338943257626,3.483270729603134,3.4832707296031336,-4.440892098500626e-16,17.249574771679015,17.249574771679015,0.0,0.0,10.12308559527401,3.582720258429831,True,0,ok
25.033333333333335,0.18333333333333335,0.049533631126902386,-0.08110699400274238,0.02797136681835928,9.10926946006614e-12,-0.16844140667997523,0.9712283111491499,3.5112278071895178,3.9196716974432575,0.4084438902537397,17.057454237773108,23.057454237773108,6.000000000000002,6.0,8.744330766452274,3.355890176453752,True,0,ok
25.033333333333335,0.18666666666666668,0.06537544157019663,0.004672257833085789,0.11313715167103118,4.285331130613273e-08,-0.16720120012660816,2.8442480166344883,3.5391384231049132,3.952210182417543,0.4130717593126296,16.865879395167312,22.865879395167315,6.000000000000002,6.0,9.362138588361566,3.517534541690405,True,0,ok
25.033333333333335,0.19,0.130928903753009,0.09076936322573036,0.2078173626372044,7.877872931382625e-08,-0.16782593676323262,34.683999550304144,3.5668291686711893,3.56682916867119,8.881784197001252e-16,16.67763140023969,16.67763140023969,0.0,0.0,9.63482641356491,3.674586468734499,True,0,ok
25.033333333333335,0.19333333333333336,0.07701245690046254,-0.12767649788547047,0.03861952150452223,3.43394636017081e-10,-0.15556941416921782,0.3554684601951085,3.5943872636485494,4.016747530236127,0.4223602665875772,16.491351313961506,22.49135131396151,6.000000000000002,6.0,7.3050467081680495,3.2728719935908632,True,0,ok
25.033333333333335,0.19666666666666668,0.07850042138492178,-0.039985675197648805,0.1299542005932051,1.011197373700516e-10,-0.15205066127481415,1.4658022987297312,3.6218587594250353,4.0489007424622825,0.42704198303724716,16.306317166890203,22.306317166890203,5.999999999999999,6.0,8.069456274352218,3.4519162651739643,True,0,ok
25.033333333333335,0.2,0.19240655515841987,0.13628641154181395,0.3041165260765116,1.951578887797741e-10,-0.15771068924620135,9.33013974559469,3.6490275726595605,3.6490275726595587,-1.7763568394002505e-15,16.1257882652093,16.1257882652093,0.0,0.0,9.175142014960809,3.765334247792414,True,0,ok
25.1,0.1,0.29830237196498766,-0.24142497943764935,-0.45680071657490223,6.972970861228761e-10,-0.36424193204540783,0.8240410954024241,2.802478150032371,3.0020826483518808,0.19960449831950955,22.094798979148695,26.094798979148692,3.999999999999999,4.0,16.040343600206683,2.944391750249446,True,0,ok
25.1,0.10333333333333333,0.2838841292857065,-0.22758359071385387,-0.4358627144167074,1.181771291890122e-11,-0.3527379270527964,0.8551628043580926,2.830379788248588,3.0322321885221717,0.20185240027358375,21.93017902688606,25.93017902688606,3.999999999999999,4.0,15.793947641883472,2.9732402303997385,True,0,ok
25.1,0.10666666666666667,0.2693314383197696,-0.21370025710959165,-0.41466911039222826,5.502554890307385e-10,-0.34164748778622206,0.889714356959475,2.858135711412526,3.0622524094554318,0.20411669804290566,21.767313932702947,25.767313932702944,3.999999999999999,4.0,15.55466035338543,3.0019851329863525,True,0,ok
25.1,0.11,0.2546084170321414,-0.19974128863671609,-0.39316632063871204,5.1285640489103915e-12,-0.33094793289243213,0.9283921893772894,2.8858852065756424,3.0922935951962436,0.20640838862060118,21.603384023059593,25.60338402305959,3.999999999999999,4.0,15.320738240868243,3.03082735183701,True,0,ok
25.1,0.11333333333333334,0.23959863009530294,-0.1855700904714679,-0.3711957060002832,5.359590596974042e-11,-0.320628810876102,0.9722923472045257,2.913873906336248,3.1226218888272683,0.20874798249102033,21.433443981960576,25.433443981960576,3.999999999999999,4.0,15.088772947353464,3.0601343697703918,True,0,ok
25.1,0.11666666666666667,0.22423583068251304,-0.17111945569659298,-0.3486592249858474,2.140137174949936e-09,-0.3106787400788948,1.0226927530768828,2.942247082995759,3.1533955301024243,0.21114844710666514,21.25471368511113,25.254713685111128,3.999999999999999,4.0,14.857078434197362,3.090130105039271,True,0,ok
25.1,0.12000000000000001,0.20817578871494596,-0.1560139726359477,-0.32507094204745407,1.1941266203804803e-09,-0.30108186163305994,1.083112748757047,2.9717777378671655,3.185455173951697,0.2136774360845317,21.052090544397945,25.052090544397945,3.999999999999999,4.0,14.616705884087862,3.1219734217262904,True,0,ok
25.1,0.12333333333333334,0.19128238372415973,-0.14012013383533248,-0.30022191636114537,3.709248388010071e-10,-0.2918534311459717,1.1568758965611352,3.0026634838760233,3.2190192184697883,0.216355734593765,20.822026695861467,24.822026695861467,3.999999999999999,4.0,14.365798065957936,3.1559956492534402,True,0,ok
25.1,0.12666666666666668,0.17360531698347031,-0.12351102677606583,-0.27415587631768085,7.398877546941667e-09,-0.2830114589521875,1.246980384495867,3.034648114355775,3.2538131461092767,0.21916503175350188,20.56969896379197,24.56969896379197,3.999999999999999,4.0,14.107567513943113,3.191862326382883,True,0,ok
25.1,0.13,0.15640817222202738,-0.1075645722957079,-0.24863710865505884,3.4203842346917405e-09,-0.27459316720371874,1.3452198094015226,3.0648709057032573,3.2867237545246435,0.22185284882138623,20.349983109266404,24.349983109266404,3.999999999999999,4.0,13.873554257946743,3.2253339424479823,True,0,ok
25.1,0.13333333333333333,0.1388709319513205,-0.09136827752056481,-0.22250223613710024,7.147813888198033e-10,-0.26653127561782186,1.4615394494303748,3.095217567830723,3.319801668256337,0.22458410042561372,20.12725779233216,24.12725779233216,3.999999999999999,4.0,13.642572527720308,3.259181030338638,True,0,ok
25.1,0.13666666666666666,0.12085283041169144,-0.07475922346071306,-0.19551797452690203,2.718930079998044e-11,-0.2588387357716076,1.6029335390958317,3.1259956146515373,3.3533828742373637,0.2273872595858264,19.89576253124029,23.89576253124029,3.999999999999999,4.0,13.41136705178228,3.2938724061370395,True,0,ok
25.1,0.14,0.10322307852604659,-0.05864411725373414,-0.1688960607377017,2.66905814990816e-09,-0.25149918974083235,1.7636800215587032,3.1554449102752073,3.3855454153495206,0.23010050507431323,19.687994752819037,23.687994752819037,3.999999999999999,4.0,13.19799442224328,3.326776014238114,True,0,ok
25.1,0.14333333333333334,0.08483226882998253,-0.041729613238829774,-0.14088357208512622,3.4442417749551527e-10,-0.2444935364206512,1.9701490251111708,3.1860225121964367,3.418972324335011,0.23294981213857424,19.458979343424478,23.458979343424474,3.999999999999999,4.0,12.976831854052602,3.3615676622288637,True,0,ok
25.1,0.14666666666666667,0.06731635241597464,-0.026305584155632767,-0.11358912866117957,3.948431593285029e-10,-0.2378172316064397,2.189960618002251,3.2156917623332877,3.4514374348638226,0.2357456725305349,19.245714447674846,23.245714447674846,3.999999999999999,4.0,12.751820426508262,3.3927558989620894,True,0,ok
25.1,0.15000000000000002,0.049389129087978725,-0.009417222533734575,-0.08502455019555939,1.160459709549371e-09,-0.2314638590724992,2.5007848714160947,3.2454096463442585,3.483986498144463,0.23857685180020427,19.031140568079202,23.031140568079202,3.999999999999999,4.0,12.547684205499724,3.426749412907859,True,0,ok
25.1,0.15333333333333335,0.03251456401258559,0.00773036453913579,-0.055783797673497,1.1216226564498529e-09,-0.22543244001095847,2.9094430855405102,3.275201857767808,3.51664778662612,0.24144592885831218,18.814767052379953,22.814767052379953,3.999999999999999,4.0,12.34627824185333,3.461058317240619,True,0,ok
25.1,0.15666666666666668,0.02089727468281394,0.02473007264535269,-0.026429373327086426,6.232446420739681e-10,-0.219698756575192,3.44883129219657,3.304385366403476,3.548671615474876,0.24428624907140017,18.608552213060857,22.608552213060857,3.999999999999999,4.0,12.153753478937647,3.494617567744117,True,0,ok
25.1,0.16,0.010693289932763998,0.01249967867074968,-0.013667383871335918,2.8227474597984875e-09,-0.21142165350283537,3.1181686114993856,3.334025080808813,3.454713093973074,0.12068801316426114,18.394073584526158,20.394073584526158,1.9999999999999996,2.0,11.655200030633319,3.4869430870031897,True,0,ok
25.1,0.16333333333333333,0.012588288786199841,-0.017732909824392917,-0.012686171717823389,1.1875684692797274e-08,-0.20222364065709125,2.305302062861031,3.3630378046310927,3.3630378046310936,8.881784197001252e-16,18.189855902718534,18.189855902718534,0.0,0.0,10.93595823266189,3.449025211695366,True,0,ok
25.1,0.16666666666666669,0.009481750713105258,-0.0027166477179190063,0.016196623565828083,2.0336802167928538e-09,-0.19693067916732995,2.694749483139488,3.392087662654464,3.392087662654464,0.0,17.984744490007007,17.984744490007007,0.0,0.0,10.751910926234642,3.4806787588312096,True,0,ok
25.1,0.17,0.027257540446173248,0.012380449378240085,0.045559247214118304,1.4886952009895673e-10,-0.19189422726041655,3.222594702970481,3.421052223435029,3.4210522234350305,1.3322676295501878e-15,17.780757611078798,17.780757611078798,0.0,0.0,10.571036665494907,3.512304116578375,True,0,ok
25.1,0.17333333333333334,0.04625157708004432,0.027486969747455563,0.07524687130556529,9.34263440093201e-10,-0.1871027959265824,3.9685840134097354,3.4497001913286747,3.4497001913286742,-4.440892098500626e-16,17.58174597132161,17.58174597132161,0.0,0.0,10.395500286166135,3.5436142268377284,True,0,ok
25.1,0.1766666666666667,0.0657144170573222,0.04270286640403483,0.10550648808689533,1.2067307219085825e-09,-0.1825505356088247,5.119667800546771,3.4783942512548154,3.478394251254814,-1.3322676295501878e-15,17.38174751641132,17.38174751641132,0.0,0.0,10.221682409087071,3.5750537841271686,True,0,ok
25.1,0.18,0.08536669454106886,0.05789200446922857,0.13605489123563067,1.2895405466512964e-09,-0.17822750480980692,7.083676245972527,3.506753114064136,3.5067531140641375,1.3322676295501878e-15,17.18691666599994,17.18691666599994,0.0,0.0,10.05318744186551,3.60615059905959,True,0,ok
25.1,0.18333333333333335,0.10532819608402808,0.07317522147643343,0.16711515081769612,1.7647294573068305e-09,-0.17412953310001933,11.241221019375152,3.5350320882710182,3.535032088271019,8.881784197001252e-16,16.993208288230434,16.993208288230434,0.0,0.0,9.887373344710678,3.637218984213269,True,0,ok
25.1,0.18666666666666668,0.09066915260384698,-0.1568536027886212,-0.007722240214375016,1.4892023016476653e-09,-0.16000789423924988,0.206763196987616,3.563186396198917,3.9802802782581703,0.41709388205925313,16.801319353181515,22.801319353181512,5.999999999999999,6.0,7.34194189401711,3.2098755857652885,True,0,ok
25.1,0.19,0.1459789904507808,0.10385988263831478,0.2305270518554442,1.0014004352529253e-05,-0.16657990969575934,108.2772332791796,3.5911232161019635,3.5911232161019635,0.0,16.612706693125418,16.612706693125418,0.0,0.0,9.565919312178096,3.6989746560648706,True,0,ok
25.1,0.19333333333333336,0.0713296048557045,-0.0990351321479421,0.07386325329318005,3.7034882502961876e-10,-0.15179018392886584,0.6227679562410732,3.6189682415187097,4.045515644127004,0.4265474026082945,16.42538566454564,22.425385664545644,6.000000000000002,6.0,7.528698575831499,3.338505870943923,True,0,ok
25.1,0.19666666666666668,0.18758264587650914,0.1346864118202125,0.2956709616670051,1.1067327322363845e-09,-0.15986115075552912,10.06826142937534,3.6465593995897394,3.6465593995897385,-8.881784197001252e-16,16.241831934684736,16.241831934684736,0.0,0.0,9.257462437477901,3.7601771851747032,True,0,ok
25.1,0.2,0.1447478754378288,-0.2481763229183138,-0.035557770937453756,3.3370155435132727e-09,-0.1527497505467815,-0.41483845373903216,3.6740658425846937,4.110120710802599,0.4360548682179055,16.05953534562178,22.059535345621782,6.000000000000002,6.0,4.812662265806111,3.0026657371066676,True,0,ok
25.166666666666668,0.1,0.2926158180598014,-0.23548834405669164,-0.4487953773713112,5.033815434570316e-10,-0.360945519502249,0.8409413385913075,2.8171345893946937,3.017916342857875,0.20078175346318128,22.093666824999,26.093666824999,3.999999999999999,4.0,15.969448260109946,2.9566983129928697,True,0,ok
25.166666666666668,0.10333333333333333,0.2779465747154357,-0.2214226344950308,-0.42747504268835373,4.315687580371488e-09,-0.3494722289957471,0.8741109968257168,2.845439831719012,3.048517340393062,0.20307750867404994,21.926009328870485,25.926009328870485,3.999999999999999,4.0,15.721908977173944,2.98595755796506,True,0,ok
25.166666666666668,0.10666666666666667,0.2631923634141355,-0.2073733953361798,-0.4059642045615594,2.7255024392268092e-11,-0.3384201434172911,0.9107231620466946,2.8734498027593363,3.0788277707475684,0.20537796798823216,21.763156351435537,25.763156351435537,3.999999999999999,4.0,15.483342395084906,3.014898899896683,True,0,ok
25.166666666666668,0.11,0.24815862003317846,-0.1931241363079862,-0.38399371097142815,1.417747409863079e-09,-0.3277571477537147,0.9523077259453502,2.9017134602302073,3.1094414778564334,0.20772801762622617,21.59395238174556,25.59395238174556,3.999999999999999,4.0,15.246904076706967,3.0443222386886073,True,0,ok
25.166666666666668,0.11333333333333334,0.2328734987112748,-0.1787110336051571,-0.36159724234826063,3.8115168840124946e-10,-0.31748107076183757,0.9994638716344054,2.9301293461910367,3.140249061145683,0.21011971495464632,21.42050613845241,25.42050613845241,3.999999999999999,4.0,15.013730881716668,3.0740903201914347,True,0,ok
25.166666666666668,0.11666666666666667,0.21711416807881528,-0.16388291562050547,-0.3384642904493358,1.3453470280101408e-07,-0.30757700625984924,1.054458958415632,2.9591851138575667,3.171780315668698,0.21259520181113123,21.23321596209909,25.23321596209909,3.999999999999999,4.0,14.777872736251503,3.104936287983914,True,0,ok
25.166666666666668,0.12000000000000001,0.2004252333782528,-0.1481474195983069,-0.31394770996225546,1.4719584418536223e-10,-0.29803101963807316,1.1222393224926932,2.989892261090063,3.2051364068221107,0.21524414573204753,21.01241520180312,25.01241520180312,3.999999999999999,4.0,14.527969041139027,3.13838715546179,True,0,ok
25.166666666666668,0.12333333333333334,0.18293459841225734,-0.13166760806629846,-0.28819931102426527,5.397596619621861e-10,-0.288870229382311,1.2049748369675386,3.021788252572763,3.2398194089566528,0.2180311563838897,20.7675665024919,24.7675665024919,3.999999999999999,4.0,14.269772596510952,3.1738050855309523,True,0,ok
25.166666666666668,0.12666666666666668,0.16507335135415094,-0.11492648747572241,-0.2618005661918353,1.8447981229946279e-09,-0.2801320677957465,1.3026664267464698,3.05381172936999,3.2746773043529878,0.22086557498299797,20.519473349180327,24.519473349180327,3.999999999999999,4.0,14.01544595726244,3.2096339603910544,True,0,ok
25.166666666666668,0.13,0.14789012392685524,-0.09905712419030242,-0.23622479212065953,1.2989441218671652e-09,-0.27180216407299995,1.4074984616657866,3.0836721643984277,3.307213336549529,0.22354117215110136,20.311318067825606,24.311318067825606,3.999999999999999,4.0,13.78922258945277,3.2424579905478996,True,0,ok
25.166666666666668,0.13333333333333333,0.12966575219106508,-0.08217006467460279,-0.2090160337036269,2.20958093017918e-10,-0.26382387963955645,1.5409356521494508,3.115160576321891,3.3415572238214604,0.22639664749956934,20.07177109926602,24.07177109926602,3.999999999999999,4.0,13.54992468620413,3.2779171552055306,True,0,ok
25.166666666666668,0.13666666666666666,0.11170157481355975,-0.06565701938986951,-0.18199143181019856,1.6885965797333918e-09,-0.25622792845104486,1.6940694398302705,3.1455279993616827,3.374711439810682,0.2291834404489994,19.85222981234319,23.85222981234319,3.999999999999999,4.0,13.3267260204737,3.311908619277169,True,0,ok
25.166666666666668,0.14,0.09348808372868242,-0.04892007192742025,-0.15435961894355477,4.6171369396617475e-10,-0.24897668836648357,1.8806342971819239,3.1759399671719883,3.407946649375579,0.23200668220359066,19.631300494637188,23.631300494637188,3.999999999999999,4.0,13.107086606971496,3.3461629565828437,True,0,ok
25.166666666666668,0.14333333333333334,0.07561442944902146,-0.033242479926545186,-0.126678977541802,2.1856838942308347e-10,-0.24206041091968666,2.0848256548651816,3.2066261887812093,3.44151431770937,0.2348881289281608,19.404785663088845,23.404785663088845,3.999999999999999,4.0,12.869150486324132,3.3782026523822357,True,0,ok
25.166666666666668,0.14666666666666667,0.0575714892905226,-0.01643164826094942,-0.09835359715239049,3.590755869014074e-10,-0.235485723013646,2.363694973279454,3.2363743129710123,3.474087130961771,0.23771281799075883,19.194440088072373,23.194440088072373,3.999999999999999,4.0,12.66475807336658,3.411958333932195,True,0,ok
25.166666666666668,0.15000000000000002,0.03976201343574383,0.0009985161829469769,-0.06886258855739599,2.415450611945269e-09,-0.22924062290432878,2.736402930949668,3.2667999484979644,3.507433628373793,0.2406336798758284,18.97157404302899,22.97157404302899,3.999999999999999,4.0,12.457476982556676,3.446979946060419,True,0,ok
25.166666666666668,0.15333333333333335,0.0250287886423385,0.01821291142679171,-0.039339682765223184,3.229794906470763e-10,-0.22330855004902828,3.2201801730263404,3.2964900657949223,3.540004981719005,0.2435149159240826,18.761032798230524,22.761032798230524,3.999999999999999,4.0,12.260412978115232,3.4810610584839825,True,0,ok
25.166666666666668,0.15666666666666668,0.015476801071277349,0.007232586297331112,-0.025812473915751005,2.669705513862397e-09,-0.21495901663046937,2.948381794799969,3.3263236864988026,3.446647964414076,0.12032427791527356,18.547651987296845,20.547651987296845,1.9999999999999996,2.0,11.76984689773442,3.475097315694076,True,0,ok
25.166666666666668,0.16,0.013974786408976524,0.023848114541218234,0.0041414246773876775,2.166732212095148e-09,-0.20946885466257104,3.538064731729564,3.3560508472591137,3.4777844308838533,0.12173358362473952,18.33568420436194,20.335684204361936,1.9999999999999996,2.0,11.577084165483372,3.508631617726992,True,0,ok
25.166666666666668,0.16333333333333333,0.004860273495327853,-0.006597280560799242,0.0052290213759612555,6.38314880188592e-11,-0.20022823219256816,2.583099237136845,3.3853509861250473,3.385350986125047,-4.440892098500626e-16,18.130599152079867,18.130599152079867,0.0,0.0,10.864298550486122,3.4710553583646195,True,0,ok
25.166666666666668,0.16666666666666669,0.020756738949209704,0.008760135556330668,0.034868132448578726,2.844100736381708e-10,-0.19503894592628276,3.0751105623245967,3.414872999197725,3.4148729991977245,-4.440892098500626e-16,17.92151148081916,17.92151148081916,0.0,0.0,10.678683805508644,3.503270844029595,True,0,ok
25.166666666666668,0.17,0.03986520027309822,0.024061963835417845,0.0647203559540874,4.426933324336994e-08,-0.19010094675190245,3.7582218645442587,3.4439059089711677,3.443905908971169,1.3322676295501878e-15,17.7201515742624,17.7201515742624,0.0,0.0,10.500196544272677,3.5349628403276143,True,0,ok
25.166666666666668,0.17333333333333334,0.05945520763236294,0.039460340738231944,0.09511911822890705,1.869769012958437e-10,-0.18541139911158633,4.790889477004282,3.472947371855434,3.4729473718554327,-1.3322676295501878e-15,17.518436767699075,17.518436767699075,0.0,0.0,10.323926158767717,3.5667396102758695,True,0,ok
25.166666666666668,0.1766666666666667,0.07932710582479173,0.05490508359460862,0.12595158177284696,2.8852166798536496e-10,-0.1809638111937852,6.513273334137009,3.501819148648147,3.5018191486481474,4.440892098500626e-16,17.319241065015216,17.319241065015216,0.0,0.0,10.151462812313554,3.598380661877641,True,0,ok
25.166666666666668,0.18,0.09943940834694218,0.07039000834870666,0.1571936211232461,9.992298455014884e-09,-0.17674785568127513,9.94215087496479,3.5304729551784355,3.530472955178436,4.440892098500626e-16,17.123354652977138,17.123354652977138,0.0,0.0,9.983110892491743,3.6298251887173034,True,0,ok
25.166666666666668,0.18333333333333335,0.11985903491218032,0.08595870515300708,0.18897001285562784,4.879788135115404e-09,-0.17276104029304853,20.20102050279022,3.5590875080701085,3.5590875080701085,0.0,16.927932550906373,16.927932550906373,0.0,0.0,9.817158322342726,3.6612903256638134,True,0,ok
25.166666666666668,0.18666666666666668,0.1404459236214653,0.10150852815535691,0.2210682950976745,2.037157298756031e-09,-0.1689879204862354,1255.1758365233266,3.587392704728256,3.587392704728256,0.0,16.737164700430036,16.737164700430036,0.0,0.0,9.655957888918762,3.6924424315364477,True,0,ok
25.166666666666668,0.19,0.16133198274153843,0.11714690243411356,0.2536939676382559,3.151641011328934e-11,-0.1654289973022893,21.732118796447068,3.615615461909218,3.6156154619092185,4.440892098500626e-16,16.54756701142615,16.54756701142615,0.0,0.0,9.497310115035054,3.723559676735979,True,0,ok
25.166666666666668,0.19333333333333336,0.07578489364817663,-0.06497887949320845,0.1140517230716109,6.036235751329662e-10,-0.14909163918461607,1.0623833038371129,3.643670097642769,4.074459083430325,0.43078898578755576,16.36043318022772,22.36043318022772,5.999999999999999,6.0,7.7787938201041555,3.411414636826856,True,0,ok
25.166666666666668,0.19666666666666668,0.20379609662971993,0.14850678697551764,0.32022536006184554,3.745464158956843e-09,-0.15892473686907807,7.486838064913216,3.671518414701048,3.671518414701048,0.0,16.1763518371306,16.1763518371306,0.0,0.0,9.190191428856252,3.785312458015067,True,0,ok
25.166666666666668,0.2,0.2254212730512348,0.1642644253895486,0.3542053776886504,1.1006844893741377e-10,-0.15597531522961702,5.728853067735612,3.6992822355538495,3.69928223555385,4.440892098500626e-16,15.993489082724931,15.993489082724931,0.0,0.0,9.040884117154489,3.8160448481401,True,0,ok
25.233333333333334,0.1,0.28672942453213135,-0.22936590554823122,-0.44049128260343756,3.043348827166339e-10,-0.3575825744376069,0.8588646207847379,2.8321899560070434,3.0341891739169693,0.20199921790992592,22.089513054334024,26.089513054334024,3.999999999999999,4.0,15.895737121694808,2.969367241564143,True,0,ok
25.233333333333334,0.10333333333333333,0.271830172760598,-0.21509957689202538,-0.41881630876798637,8.681960616987839e-10,-0.34614466497672053,0.8940529674414355,2.8608008199445396,3.0651364061759434,0.2043355862314038,21.921165463199706,25.921165463199706,3.999999999999999,4.0,15.648276511357992,2.9988871015815435,True,0,ok
25.233333333333334,0.10666666666666667,0.2568128572919607,-0.20082186854261347,-0.39689936775766743,4.4848478930268564e-11,-0.3351239430086755,0.9332422044474377,2.8892441177496084,3.095931789666655,0.2066876719170465,21.754902281616346,25.754902281616346,3.999999999999999,4.0,15.408480742668416,3.028277226647034,True,0,ok
25.233333333333334,0.11,0.2414817220964662,-0.18630373703631775,-0.37447454370935196,3.1171756865338927e-10,-0.3245012772278506,0.977945786359637,2.9179827608450766,3.127076577550295,0.20909381670521832,21.581404288978675,25.581404288978675,3.999999999999999,4.0,15.170253662031827,3.058221557076965,True,0,ok
25.233333333333334,0.11333333333333334,0.22583069072634462,-0.17154534603596705,-0.3515262392414172,7.145128509407332e-10,-0.31426874301114527,1.0291385668390867,2.9470069843151774,3.158560960091857,0.21155397577667978,21.401004155545866,25.401004155545863,3.999999999999999,4.0,14.933753636512426,3.0887182119459125,True,0,ok
25.233333333333334,0.11666666666666667,0.209536727872291,-0.15619153125227236,-0.32759903319049954,1.916920962876935e-09,-0.3044092195636388,1.0902370221934377,2.9770557978117647,3.1911885223151772,0.21413272450341259,21.19929452519169,25.19929452519169,3.999999999999999,4.0,14.69047055376319,3.1208782987420403,True,0,ok
25.233333333333334,0.12000000000000001,0.19234577794742583,-0.13997085100540116,-0.3023224367317535,3.8887806979812125e-09,-0.2949328510463123,1.1653932181632303,3.008593580162007,3.2254674316492427,0.21687385148723548,20.967524572855403,24.967524572855403,3.999999999999999,4.0,14.43541202307487,3.1554319675586995,True,0,ok
25.233333333333334,0.12333333333333334,0.1742754270172302,-0.12292597243820295,-0.2756900046904779,1.5333093032975183e-08,-0.28585436001073183,1.2581902480303944,3.041424835809244,3.2611897373016756,0.21976490149243144,20.709622671839156,24.709622671839156,3.999999999999999,4.0,14.171127940517811,3.1921433582925087,True,0,ok
25.233333333333334,0.12666666666666668,0.15658289323300997,-0.10644048900630584,-0.24944945311577474,1.6697293315956784e-09,-0.2772203830395464,1.360830309399504,3.0726971356081414,3.2952512539800507,0.2225541183719093,20.480452158051733,24.480452158051733,3.999999999999999,4.0,13.929058596100337,3.226760842533389,True,0,ok
25.233333333333334,0.13,0.1387014666678451,-0.08986935126405154,-0.22279540002166237,3.1248572083383832e-09,-0.26896449056384836,1.4810744145698373,3.1037348352748975,3.3290913292045867,0.22535649392968926,20.25495425990201,24.25495425990201,3.999999999999999,4.0,13.694100455602166,3.2612342770330702,True,0,ok
25.233333333333334,0.13333333333333333,0.12024426197327082,-0.07277604052358677,-0.19514019457353987,1.4037098006243223e-09,-0.2610935483620843,1.6291051055394716,3.13539592998295,3.3636459654393858,0.22825003545643563,20.017102715299973,24.017102715299973,3.999999999999999,4.0,13.457163266882988,3.2968547704798867,True,0,ok
25.233333333333334,0.13666666666666666,0.10223237080960994,-0.056235125872705176,-0.1679046858850037,1.1902465985655375e-10,-0.2535922764770783,1.797670757152801,3.1656071997504416,3.396651030230344,0.2310438304799023,19.805043080352974,23.805043080352974,3.999999999999999,4.0,13.23938405772374,3.3305103099939664,True,0,ok
25.233333333333334,0.14,0.08345157014687622,-0.03885508233889651,-0.13922203940603145,9.113642215392632e-11,-0.24644129868138584,2.0158379987825086,3.196986282699912,3.430965682258767,0.23397939955885505,19.57106294949216,23.571062949492156,3.999999999999999,4.0,13.013699344025792,3.366133693933727,True,0,ok
25.233333333333334,0.14333333333333334,0.06578701339795674,-0.023417779378089462,-0.1115141291696615,1.948148616575773e-10,-0.23960809036396458,2.24196970700065,3.2274232108058927,3.464282849875846,0.23685963906995333,19.353341022426687,23.353341022426687,3.999999999999999,4.0,12.779908451202354,3.3973605659265553,True,0,ok
25.233333333333334,0.14666666666666667,0.047596311395392915,-0.006029645447073375,-0.08221842829393065,2.1406995955811342e-10,-0.2331381918130216,2.574953262591923,3.257944481256159,3.497724717598609,0.23978023634244972,19.133649556564986,23.133649556564983,3.999999999999999,4.0,12.571822918022836,3.432242618433988,True,0,ok
25.233333333333334,0.15000000000000002,0.03091694108945291,0.011585037126439494,-0.05228153262639804,6.722568506665553e-10,-0.22700406779763807,3.016488873581838,3.288458113995419,3.5311905635828142,0.24273244958739504,18.913560180734923,22.91356018073492,3.999999999999999,4.0,12.367388139212046,3.4673283949901403,True,0,ok
25.233333333333334,0.15333333333333335,0.01929517901942574,0.031003167030969468,-0.012478599048966366,2.2970433689812664e-09,-1.377392713325111,3.6478502545078695,3.3184470506819213,3.696107966895858,0.3776609162139368,18.702113009321643,24.702113009321646,6.000000000000002,6.0,65.85784888777864,2.353816306218962,True,0,ok
25.233333333333334,0.15666666666666668,0.011730307270879127,0.01878873892543488,-0.007731986523496943,5.374027797473211e-09,-0.21290642063748644,3.3336388152758705,3.3488546836425446,3.4702457999841827,0.12139111634163813,18.48310202105201,20.48310202105201,1.9999999999999996,2.0,11.686754650955962,3.4973521210837926,True,0,ok
25.233333333333334,0.16,0.0069328328114292535,-0.010547310415861495,-0.005739926425064153,7.209949199751155e-12,-0.2035861319342509,2.4799181334249827,3.378535047303708,3.3785350473037083,4.440892098500626e-16,18.27593147442162,18.27593147442162,0.0,0.0,10.976802001960106,3.461355911888648,True,0,ok
25.233333333333334,0.16333333333333333,0.014145286892631373,0.0049726456467851805,0.023990419318887596,4.2114772792379876e-11,-0.1982341022407078,2.9351860947520274,3.4083721744672504,3.4083721744672504,0.0,18.06584707355711,18.06584707355711,0.0,0.0,10.788916239868595,3.4938576365408767,True,0,ok
25.233333333333334,0.16666666666666669,0.03342576240817712,0.020529684391451284,0.05413295517973429,3.4949647279969274e-10,-0.1931491456991553,3.5668996307556684,3.4379998353998635,3.4379998353998635,0.0,17.858911889555284,17.858911889555284,0.0,0.0,10.605565405999487,3.526182141652687,True,0,ok
25.233333333333334,0.17,0.05316272055309893,0.036137439783859096,0.08469303404465223,1.4534548068153474e-11,-0.18831941049547998,4.498453040132141,3.467394769998707,3.467394769998708,8.881784197001252e-16,17.65554491589284,17.65554491589284,0.0,0.0,10.426745038375007,3.558299820375274,True,0,ok
25.233333333333334,0.17333333333333334,0.07325999121118583,0.05184385530206541,0.11581577441871888,7.223609622122527e-10,-0.18374152320870413,6.022712562974062,3.496793194963974,3.496793194963973,-1.3322676295501878e-15,17.45189924126674,17.45189924126674,0.0,0.0,10.250202700851888,3.590498300597159,True,0,ok
25.233333333333334,0.1766666666666667,0.0935152346856292,0.06751704595409849,0.14723024777727253,2.5592507072183486e-09,-0.17940039753118567,8.901326333044869,3.5258269945793024,3.5258269945793024,0.0,17.253843018848706,17.253843018848706,0.0,0.0,10.079296746086364,3.6223214347245363,True,0,ok
25.233333333333334,0.18,0.1141041438150447,0.08330704412196671,0.17921831186280576,3.8485286746878616e-10,-0.17529231730632,16.519107738960773,3.5548155770261873,3.554815577026187,-4.440892098500626e-16,17.0563232252271,17.0563232252271,0.0,0.0,9.91075391205114,3.6541653513340737,True,0,ok
25.233333333333334,0.18333333333333335,0.1349121882195477,0.09911297865915346,0.21161406629019291,4.2007002900220986e-09,-0.17141335177359818,91.59531632614767,3.5836027829480104,3.583602782948012,1.7763568394002505e-15,16.861799108984016,16.861799108984016,0.0,0.0,9.74615646532143,3.6858291444836673,True,0,ok
25.233333333333334,0.18666666666666668,0.1559768983155985,0.11497391206421033,0.24447367541131063,4.110085419709813e-09,-0.16775450323884739,27.30981899195515,3.612221364167058,3.612221364167058,0.0,16.669769590025854,16.669769590025854,0.0,0.0,9.584989643493147,3.717354092007328,True,0,ok
25.233333333333334,0.19,0.177329770512764,0.13090295049606318,0.27785240701090547,2.1470857635532863e-09,-0.16431328121722424,12.15780801823498,3.6407521925244595,3.6407521925244595,0.0,16.47898263884027,16.47898263884027,0.0,0.0,9.426496660435511,3.7488366133286397,True,0,ok
25.233333333333334,0.19333333333333336,0.19884831687124838,0.14680896687027883,0.31155912218079346,4.161305951277863e-09,-0.16106666046342094,7.960824866305159,3.668953736772717,3.6689537367727154,-1.7763568394002505e-15,16.29305280404484,16.29305280404484,0.0,0.0,9.27256879790115,3.7799811991159062,True,0,ok
25.233333333333334,0.19666666666666668,0.22068726357327417,0.16281175737396694,0.3458336833959062,5.06473112924203e-11,-0.15804031045437517,5.97776005818002,3.69713684978588,3.697136849785881,1.3322676295501878e-15,16.107387907972967,16.107387907972967,0.0,0.0,9.120733304299254,3.811158319866906,True,0,ok
25.233333333333334,0.2,0.24277517822047107,0.178849095833831,0.38056847268181004,7.742118690527472e-10,-0.1552000234232169,4.829891399563169,3.7251291526072765,3.7251291526072756,-8.881784197001252e-16,15.924465801973891,15.924465801973891,0.0,0.0,8.972049506003469,3.842165541814295,True,0,ok
25.3,0.1,0.2807527731221369,-0.22316740192809562,-0.4320447541215771,8.656446762759258e-09,-0.3542292540577395,0.877592989971729,2.8474250203221585,3.050664635738081,0.20323961541592261,22.084475565387393,26.084475565387393,3.999999999999999,4.0,15.821290934330749,2.982146731540934,True,0,ok
25.3,0.10333333333333333,0.2656438204098831,-0.20872909373101758,-0.41003912422609473,1.0724483169666347e-09,-0.34282974036630115,0.9148846919735225,2.8763057725507952,3.0819198972823325,0.20561412473153728,21.916070059684863,25.916070059684863,3.999999999999999,4.0,15.574519270061975,3.0118736110630735,True,0,ok
25.3,0.10666666666666667,0.2503133737228559,-0.19416344485612094,-0.38764792257299463,8.712800421110375e-10,-0.3318437291250834,0.9570375495198856,2.905282337480411,3.1133091454041875,0.2080268079237766,21.744408189301417,25.744408189301417,3.999999999999999,4.0,15.332220918653336,3.041859312118262,True,0,ok
25.3,0.11,0.23469201174308102,-0.17938645267160436,-0.3647759884174693,5.180940809198506e-10,-0.3212650512490294,1.0050607880600648,2.93446614037426,3.144953421959068,0.210487281584808,21.567296803110366,25.567296803110366,3.999999999999999,4.0,15.09265155570338,3.0722801564093736,True,0,ok
25.3,0.11333333333333334,0.21863414454736146,-0.16424035666089923,-0.3412151414134054,1.723704725079491e-09,-0.31107823325026596,1.0609506028930573,2.964194728835648,3.177219788853534,0.21302506001788624,21.378168571303533,25.378168571303533,3.999999999999999,4.0,14.851911144020313,3.10364888415333,True,0,ok
25.3,0.11666666666666667,0.20169402163221636,-0.14823416584778715,-0.31633537134177964,8.880672629806175e-10,-0.3012687540837332,1.129571239597792,2.99544949703613,3.2111766241346595,0.2157271270985297,21.15799434953791,25.157994349537905,3.999999999999999,4.0,14.598937039811794,3.137455033757849,True,0,ok
25.3,0.12000000000000001,0.18389174713385778,-0.13141066913242685,-0.2901374847033659,8.365984016869121e-10,-0.2918609724010555,1.2139673089352454,3.0280245529659413,3.2466048429555157,0.21858028998957435,20.911194297447846,24.911194297447842,3.999999999999999,4.0,14.33653840481126,3.1734415842025916,True,0,ok
25.3,0.12333333333333334,0.1655182332948176,-0.11410409908914469,-0.263000211464112,3.2312889445450524e-10,-0.2828888276878727,1.3157613519258413,3.061153933064078,3.2826744790614684,0.22152054599739035,20.652964627286522,24.652964627286522,3.999999999999999,4.0,14.073614260784423,3.210491354770796,True,0,ok
25.3,0.12666666666666668,0.1479500594872791,-0.09782205859023754,-0.23685123001588235,1.0535963251439237e-09,-0.2743490834083593,1.4242855854095584,3.091806051431077,3.3160814919453343,0.22427544051425752,20.440291282331295,24.440291282331295,3.999999999999999,4.0,13.842212645323645,3.2440710586269197,True,0,ok
25.3,0.13,0.12935899240777562,-0.08053088421853735,-0.20908377133877556,2.1541612107941903e-10,-0.2661795555203549,1.5625769673494383,3.124032315459853,3.351239771474623,0.22720745601476988,20.197362969320867,24.197362969320867,3.999999999999999,4.0,13.598710932620232,3.2802271529307854,True,0,ok
25.3,0.13333333333333333,0.11095516724519111,-0.06353261015246872,-0.1813746257403152,6.431914949605748e-10,-0.25840926945642656,1.7232279803468347,3.1552857081921504,3.3853714638994976,0.23008575570734724,19.971570002632845,23.971570002632845,3.999999999999999,4.0,13.369885357876512,3.315143261522056,True,0,ok
25.3,0.13666666666666666,0.09235076519699931,-0.046345209878740384,-0.15309511102157833,8.505947529842451e-10,-0.25100033608302225,1.9193980057951765,3.186486605327844,3.4194799145780186,0.2329933092501748,19.746113831021372,23.746113831021372,3.999999999999999,4.0,13.145789823146824,3.350190497483885,True,0,ok
25.3,0.14,0.07433415912257094,-0.030717546135413155,-0.12503253175393134,7.305501815775075e-10,-0.2439118640035587,2.1272200366550438,3.2179745273106173,3.4539365856088047,0.2359620582981874,19.514814854073308,23.514814854073308,3.999999999999999,4.0,12.897876352163191,3.3821711564483823,True,0,ok
25.3,0.14333333333333334,0.05595476403989094,-0.01341214308198857,-0.09598396363053503,3.2182472558726437e-09,-0.23720905196926215,2.424074224367697,3.2485384827148756,3.487415201518693,0.23887671880381767,19.29933182586596,23.299331825865956,3.999999999999999,4.0,12.68939743442967,3.4168141337549858,True,0,ok
25.3,0.14666666666666667,0.03804722615173439,0.004531890135122528,-0.06574371624213841,5.363905567097791e-09,-0.23085385606822664,2.8250023937961517,3.279765581081071,3.521653731584257,0.2418881505031858,19.071629885246466,23.071629885246466,3.999999999999999,4.0,12.47849976912834,3.4527327605698575,True,0,ok
25.3,0.15000000000000002,0.024182438819956745,0.022219626368899056,-0.03550576355846147,2.8809835198411963e-09,-0.22482267088462135,3.3511867335876335,3.3101837630556394,3.5550378632762376,0.24485410022059817,18.857414325256986,22.857414325256986,3.999999999999999,4.0,12.278469438916689,3.487594473910532,True,0,ok
25.3,0.15333333333333335,0.013977572411829984,0.013287331344388557,-0.02023769792561103,5.558832401096204e-10,-0.21647576338387026,3.135837448158363,3.340843918555822,3.4618547854847193,0.12101086692889718,18.638653545652357,20.638653545652357,1.9999999999999996,2.0,11.802548070037249,3.4850996026454353,True,0,ok
25.3,0.15666666666666668,0.013030371909957846,-0.014758524465636438,-0.01707506169630625,1.10275466054847e-09,-0.20707437337385795,2.3797705624640173,3.371264159597991,3.3712641595979904,-4.440892098500626e-16,18.423530635566525,18.423530635566525,0.0,0.0,11.091898233688376,3.451171106263374,True,0,ok
25.3,0.16,0.007347363193835174,0.0009005364169686976,0.01269410382295987,4.224757128354895e-10,-0.20155597221602936,2.799855659598982,3.4013682947865873,3.4013682947865878,4.440892098500626e-16,18.213384749792745,18.213384749792745,0.0,0.0,10.902299266471596,3.483891479601044,True,0,ok
25.3,0.16333333333333333,0.026719836655071855,0.01674095508951561,0.04314614044514274,1.9098766257826946e-09,-0.19631411472678423,3.3835295338400333,3.431604986506315,3.431604986506314,-8.881784197001252e-16,18.00072636236016,18.00072636236016,0.0,0.0,10.71378284498509,3.5168643763476126,True,0,ok
25.3,0.16666666666666669,0.04658856067093976,0.032535867935912094,0.07384374891503256,4.582839212316728e-09,-0.19133503831633872,4.223817062012977,3.4613639009573998,3.4613639009573998,0.0,17.795575640519335,17.795575640519335,0.0,0.0,10.532347172016744,3.5493303439333133,True,0,ok
25.3,0.17,0.06684334131801133,0.048450815796956696,0.10515044119868172,2.0768344306596507e-08,-0.18661266717730238,5.566060437126396,3.491167689482842,3.491167689482843,1.3322676295501878e-15,17.589433529483077,17.589433529483077,0.0,0.0,10.352794454107462,3.581934004181027,True,0,ok
25.3,0.17333333333333334,0.08731024351900123,0.06437731083616531,0.13683858271534982,2.5851044181877196e-09,-0.18214115361233252,8.003448053400856,3.5207036344029574,3.5207036344029565,-8.881784197001252e-16,17.38735450987546,17.38735450987546,0.0,0.0,10.178076184125457,3.614284301459337,True,0,ok
25.3,0.1766666666666667,0.10805529572912045,0.08037812981987034,0.16901833347889544,1.8560623567122551e-09,-0.17791132826973552,13.819737652765518,3.5500851120601857,3.550085112060188,2.220446049250313e-15,17.187549602497565,17.187549602497565,0.0,0.0,10.006894598736157,3.6465217012902067,True,0,ok
25.3,0.18,0.12908275767884672,0.09644310039168041,0.2017072219251652,1.3155854022284117e-11,-0.17391986172956844,45.899045147589966,3.5793650821464302,3.5793650821464285,-1.7763568394002505e-15,16.989171417877525,16.989171417877525,0.0,0.0,9.83877867965591,3.6787069052234123,True,0,ok
25.3,0.18333333333333335,0.15032216860280861,0.11252677225671126,0.23479350213717565,2.4012022562772253e-09,-0.1701544505156366,37.73388739356235,3.6083843553838055,3.6083843553838046,-8.881784197001252e-16,16.79469252030682,16.79469252030682,0.0,0.0,9.675021058657668,3.710642122767708,True,0,ok
25.3,0.18666666666666668,0.17185232794599029,0.12867684501971513,0.26840629168695135,2.393250737195638e-10,-0.16660843069335188,13.727664969172979,3.6373011822724624,3.6373011822724624,0.0,16.60164238353136,16.60164238353136,0.0,0.0,9.51404878540389,3.742522602820217,True,0,ok
25.3,0.19,0.19359691227200768,0.14484156035365353,0.3024239007057565,2.2481517460479786e-10,-0.16327230049724117,8.545447276725596,3.6659647513444704,3.6659647513444704,0.0,16.412314633874004,16.412314633874004,0.0,0.0,9.35710713010871,3.774159514104239,True,0,ok
25.3,0.19333333333333336,0.21562205893158262,0.1610692260349333,0.33695002792430845,1.0256618622624068e-09,-0.16015579296498675,6.2761581083328135,3.6945243314507965,3.694524331450796,-4.440892098500626e-16,16.224516165431567,16.224516165431567,0.0,0.0,9.203007781976119,3.80572829980016,True,0,ok
25.3,0.19666666666666668,0.23791791619390182,0.17734808865424767,0.3719710472453879,7.540318435506317e-10,-0.1572375319295671,5.006289305404951,3.7229223351037963,3.7229223351037963,0.0,16.03903265867353,16.03903265867353,0.0,0.0,9.051920413897165,3.8371641165387076,True,0,ok
25.3,0.2,0.26046080547564887,0.19365637530697352,0.4074514717976069,4.052348507861037e-09,-0.15451715183313516,4.196393513895701,3.751144778338999,3.7511447783389986,-4.440892098500626e-16,15.856075253399627,15.856075253399627,0.0,0.0,8.904003497825155,3.868443541846837,True,0,ok
25.366666666666667,0.1,0.2746518160184199,-0.2168621252077356,-0.4234048639033713,1.0193323235402878e-09,-0.3508600928078135,0.8972525011523478,2.862905597712685,3.0674142334610077,0.20450863574832256,22.078229400148327,26.078229400148327,3.999999999999999,4.0,15.745564483997722,2.995097613788554,True,0,ok
25.366666666666667,0.10333333333333333,0.2593262942949409,-0.20224651329486457,-0.40105701414924677,2.0035496613072972e-09,-0.339499939935538,0.9368133757054057,2.8920696190385566,3.0989925379675256,0.20692291892896897,21.909596478777825,25.909596478777825,3.999999999999999,4.0,15.499373048221434,3.0250442802649453,True,0,ok
25.366666666666667,0.10666666666666667,0.24366763963341995,-0.18737520335877555,-0.37816965634464134,1.0238654463437117e-09,-0.3285540075576253,0.982195208634665,2.9215893357017477,3.130987210391192,0.20939787468944449,21.732419374013265,25.732419374013265,3.999999999999999,4.0,15.254491265922391,3.0556405759084515,True,0,ok
25.366666666666667,0.11,0.227730240295255,-0.17231496355308765,-0.3548108515399463,1.1649758713086658e-11,-0.31802058538990313,1.0340183730927772,2.9512860353641868,3.163205264573832,0.21191922920964545,21.550398129522332,25.550398129522332,3.999999999999999,4.0,15.012971732004804,3.086636973294444,True,0,ok
25.366666666666667,0.11333333333333334,0.21119811463913868,-0.1567072358954247,-0.3305401232821758,9.218368080277676e-11,-0.3078824548424797,1.0955373604006522,2.98185907513384,3.1964069956239762,0.21454792049013616,21.34992280007108,25.34992280007108,3.999999999999999,4.0,14.766583268083744,3.119091641316003,True,0,ok
25.366666666666667,0.11666666666666667,0.19367235780543046,-0.1401194260903237,-0.3047843384523921,7.910197470245716e-09,-0.2981391555055711,1.1721325523332646,3.0141486620695077,3.231508997336601,0.21736033526709342,21.114897171024456,25.114897171024456,3.999999999999999,4.0,14.50626954749058,3.15430061507594,True,0,ok
25.366666666666667,0.12000000000000001,0.1752364656694634,-0.12266789312910072,-0.2776257277275335,6.9542040656029055e-09,-0.28881085671378254,1.2671372967599204,3.0477775037386494,3.2681062127531004,0.220328709014451,20.85289148473912,24.85289148473912,3.999999999999999,4.0,14.236620083955538,3.1917597790612215,True,0,ok
25.366666666666667,0.12333333333333334,0.15702399565753825,-0.10561304610816713,-0.25063018598830017,9.017635083129944e-10,-0.27994679434476283,1.374179763630668,3.0801659134899073,3.3033912850932317,0.22322537160332434,20.613496816591407,24.613496816591407,3.999999999999999,4.0,13.985929744454205,3.227603431738671,True,0,ok
25.366666666666667,0.12666666666666668,0.13880020384037045,-0.08867068490813164,-0.22345916717894568,9.288701530484203e-11,-0.27148484554162494,1.4980519893356756,3.1119089545753487,3.338009120753146,0.2261001661777975,20.38537766921638,24.38537766921638,3.999999999999999,4.0,13.746969424496765,3.262700595947314,True,0,ok
25.366666666666667,0.13,0.11988214763837483,-0.07106569226176587,-0.19510216644241365,3.097473111239449e-09,-0.26342388652634496,1.6527095447575935,3.1445049578390893,3.373593988592077,0.2290890307529878,20.140653756346683,24.140653756346683,3.999999999999999,4.0,13.503893665765247,3.2993102448970824,True,0,ok
25.366666666666667,0.13333333333333333,0.10147968206742819,-0.05408787892713321,-0.16723898759165784,3.132202866394458e-09,-0.2557506765816537,1.8289697802674074,3.1755062200438013,3.4074724088140025,0.23196618877020114,19.924193788804388,23.924193788804388,3.999999999999999,4.0,13.281540242838357,3.333739476072572,True,0,ok
25.366666666666667,0.13666666666666666,0.08230399684926694,-0.03623162472117653,-0.13787354010888475,1.7028758781810396e-10,-0.24844537923702498,2.0588240577070787,3.207712251271973,3.442702963581164,0.234990712309191,19.68519283925426,23.68519283925426,3.999999999999999,4.0,13.05123411131325,3.3702156493851008,True,0,ok
25.366666666666667,0.14,0.06454640749455054,-0.020924337064303283,-0.10982207555759059,6.476183633747163e-11,-0.24143508496877844,2.288004395713776,3.2389599342952287,3.476919720968428,0.2379597866731995,19.46263860513057,23.46263860513057,3.999999999999999,4.0,12.806689436016086,3.4012560479819336,True,0,ok
25.366666666666667,0.14333333333333334,0.04609224581221592,-0.003018008665836091,-0.07977704554402942,1.2873235731089307e-09,-0.2348414366840298,2.643114433761438,3.270310456340565,3.5112832142165544,0.24097275787598926,19.237760971238576,23.237760971238576,3.999999999999999,4.0,12.594685282847346,3.437062719618058,True,0,ok
25.366666666666667,0.14666666666666667,0.029664432647735297,0.0150892673605584,-0.049114658743166034,1.5092640753368177e-09,-0.22859828580287975,3.118391274148152,3.3015832260701456,3.545595472147077,0.2440122460769314,19.013666601844353,23.013666601844353,3.999999999999999,4.0,12.387128168479666,3.472979194559983,True,0,ok
25.366666666666667,0.15000000000000002,0.019569347700090018,0.0075407412846068,-0.03304565522273209,1.1280433159695514e-09,-0.2201770123591242,2.9535261879472676,3.3324050015586577,3.4530164189476364,0.12061141738897874,18.796885568119983,20.796885568119983,1.9999999999999996,2.0,11.921197007896222,3.4723807312752983,True,0,ok
25.366666666666667,0.15333333333333335,0.014465131383745498,0.024977322956409646,-0.001963011914958365,5.990326822318129e-11,-0.21442699406543925,3.5670374748555624,3.363583468086311,3.485676427614775,0.1220929595284641,18.57362648915083,20.57362648915083,1.9999999999999996,2.0,11.718757719325168,3.5074864852568504,True,0,ok
25.366666666666667,0.15666666666666668,0.002060210844468106,-0.003388788399243366,0.001117819017615875,1.350139506352105e-09,-0.20498884348533153,2.671598994321277,3.3939937431282137,3.3939937431282137,0.0,18.362809179897358,18.362809179897358,0.0,0.0,11.017836607644078,3.473526663486561,True,0,ok
25.366666666666667,0.16,0.01971982980196098,0.012654142942933407,0.03172519075805109,1.989038556880202e-09,-0.19957573030161943,3.2067816809638092,3.42464655084646,3.424646550846462,1.7763568394002505e-15,18.147625595811153,18.147625595811153,0.0,0.0,10.826010042657316,3.506905505452492,True,0,ok
25.366666666666667,0.16333333333333333,0.03979940639409773,0.028691261513532306,0.06268005871670623,7.080859684191097e-10,-0.19444037618694765,3.9703879457535236,3.4549683611726643,3.4549683611726643,0.0,17.93755253925022,17.93755253925022,0.0,0.0,10.640037314755293,3.539960593233558,True,0,ok
25.366666666666667,0.16666666666666669,0.060200683664026235,0.04482088447005451,0.09414592532962054,2.3763791225178437e-09,-0.18957146632376146,5.154221545835878,3.485138788890681,3.4851387888906804,-4.440892098500626e-16,17.72969316162944,17.72969316162944,0.0,0.0,10.4578304631909,3.572915461924011,True,0,ok
25.366666666666667,0.17,0.08089464312965473,0.06101777334504754,0.12612954133443519,7.47036850068867e-11,-0.18496414701979813,7.236861821603748,3.515220943697557,3.515220943697556,-1.3322676295501878e-15,17.523005766763593,17.523005766763593,0.0,0.0,10.278886748890997,3.6058426113146247,True,0,ok
25.366666666666667,0.17333333333333334,0.10179513147225534,0.07723176388258259,0.1584992145783261,1.0779004735718711e-09,-0.18060615021327595,11.794402668278023,3.5450047087233134,3.545004708723312,-1.3322676295501878e-15,17.320852677755855,17.320852677755855,0.0,0.0,10.104967461093183,3.63848083061527,True,0,ok
25.366666666666667,0.1766666666666667,0.1230141023221343,0.09353581569904562,0.19143787319095393,2.5330579370792073e-10,-0.1764912742337007,30.00951288301904,3.5747347284299793,3.57473472842998,8.881784197001252e-16,17.11934032120291,17.11934032120291,0.0,0.0,9.933665319074121,3.6711321834476878,True,0,ok
25.366666666666667,0.18,0.14443274552883698,0.10984235214572122,0.2247601201683446,1.6105937314216817e-09,-0.17261064143198943,63.334699425558924,3.604182132384688,3.604182132384689,1.3322676295501878e-15,16.922042740375783,16.922042740375783,0.0,0.0,9.767025616485563,3.7035088816693187,True,0,ok
25.366666666666667,0.18333333333333335,0.16615176989228964,0.1262328081454915,0.2586203976153556,9.619469262105517e-11,-0.16895979497510183,15.898380655567108,3.63350916286536,3.63350916286536,0.0,16.726474071410383,16.726474071410383,0.0,0.0,9.603403802781587,3.7358115728694243,True,0,ok
25.366666666666667,0.18666666666666668,0.1881274862961598,0.14266134690977542,0.29295664081604994,5.4090496705294095e-11,-0.16553166957936735,9.263013747343216,3.6626665099728917,3.6626665099728912,-4.440892098500626e-16,16.5333613522761,16.5333613522761,0.0,0.0,9.443217795592258,3.7679751489203945,True,0,ok
25.366666666666667,0.19,0.2103354696807442,0.15911589755258954,0.3277272655173683,1.082523611890129e-09,-0.16231645495198108,6.62660291858035,3.691591245844058,3.6915912458440587,8.881784197001252e-16,16.34365917345342,16.34365917345342,0.0,0.0,9.286884429026246,3.7999201419766404,True,0,ok
25.366666666666667,0.19333333333333336,0.23284452190341062,0.1756421968878291,0.36304205378123994,2.5795223890847627e-10,-0.1593192976837658,5.207263541151025,3.720423804430435,3.720423804430435,0.0,16.15527333421215,16.15527333421215,0.0,0.0,9.133204510771904,3.8318151144931787,True,0,ok
25.366666666666667,0.19666666666666668,0.25563426672726014,0.19222422453198554,0.39886900415879495,9.936435162359815e-10,-0.1565240029401634,4.323232044001658,3.749099524549517,3.7490995245495173,4.440892098500626e-16,15.969130047649973,15.969130047649973,0.0,0.0,8.982518071988771,3.863582485852956,True,0,ok
25.366666666666667,0.2,0.27862960525571756,0.2088016424198621,0.43509222573799106,3.982829979763498e-12,-0.15392067702910744,3.7227957503950964,3.7775126224175963,3.777512622417596,-4.440892098500626e-16,15.786760763523958,15.786760763523958,0.0,0.0,8.835659382015347,3.8950877443383614,True,0,ok
25.433333333333334,0.1,0.26851894644458413,-0.21054131834842757,-0.4147042645877112,1.6645328168324694e-09,-0.3475338742942857,0.9175299246881125,2.8784015261804456,3.084189133823768,0.20578760764332227,22.073352210677943,26.073352210677943,3.999999999999999,4.0,15.670758712267464,3.007939019409444,True,0,ok
25.433333333333334,0.10333333333333333,0.25288695193853356,-0.19565101938082946,-0.39188787937052716,1.0568616061202542e-09,-0.33620433232614766,0.9600515666934023,2.9081099556183645,3.1163738202071656,0.20826386458880108,21.89928812580431,25.89928812580431,3.999999999999999,4.0,15.422168347974182,3.0384833995275575,True,0,ok
25.433333333333334,0.10666666666666667,0.23693475950258291,-0.18051878885507633,-0.3685474293112581,1.7296982747187081e-09,-0.32530155289476137,1.0087510964624289,2.9380864175371553,3.148881053141583,0.21079463560442768,21.718450550558938,25.718450550558934,3.999999999999999,4.0,15.175905926735139,3.069560625926164,True,0,ok
25.433333333333334,0.11,0.2205834974036895,-0.16506120104751243,-0.3445664491636764,1.3700059906372806e-07,-0.31481285654249896,1.0652632267217648,2.9684981223734415,3.181893157210598,0.2133950348371565,21.527686430486323,25.527686430486323,3.999999999999999,4.0,14.930077834691565,3.10143472304682,True,0,ok
25.433333333333334,0.11333333333333334,0.20340775706311306,-0.14880299392491947,-0.3193459188706185,3.950412653778533e-09,-0.3047224192132592,1.13431095447233,3.0002863008014766,3.2164346897764364,0.2161483889749598,21.30879074379861,25.30879074379861,3.999999999999999,4.0,14.674116375221613,3.1355429089746254,True,0,ok
25.433333333333334,0.11666666666666667,0.18530405113625234,-0.13164592545764878,-0.292715090852726,1.9654366953653794e-09,-0.29505024208443914,1.2199215783714075,3.033539112159692,3.252606130660259,0.2190670185005672,21.060448994563455,25.06044899456345,3.999999999999999,4.0,14.407516730930505,3.1720694934787157,True,0,ok
25.433333333333334,0.12000000000000001,0.16645889551833515,-0.11381337606967476,-0.26490037206311134,1.746465773017607e-09,-0.28582677398662737,1.3250225065483325,3.067701531717953,3.289807769556492,0.22210623783853922,20.793808694358667,24.793808694358663,3.999999999999999,4.0,14.136828484786667,3.210216540235784,True,0,ok
25.433333333333334,0.12333333333333334,0.14842431625230043,-0.09702604874150711,-0.23806570275976158,1.4710402318564668e-08,-0.277060993892834,1.4376503178581728,3.099345158863057,3.324303253868224,0.22495809500516684,20.57328655473797,24.573286554737965,3.999999999999999,4.0,13.89817588143397,3.244826855249219,True,0,ok
25.433333333333334,0.12666666666666668,0.12948522336631035,-0.0793492130558724,-0.2097688527834474,2.779646190861859e-10,-0.26868665366213096,1.5800397464397282,3.1322868062002467,3.3602511384871474,0.22796433228690072,20.327765116285914,24.327765116285914,3.999999999999999,4.0,13.650765282227002,3.281624476693427,True,0,ok
25.433333333333334,0.13,0.11061902344228773,-0.06183646569296176,-0.1813448553242671,3.6823112893599975e-10,-0.2607290915042487,1.7479841632865538,3.1644869071061255,3.395426568112819,0.2309396610066936,20.09498432941676,24.09498432941676,3.999999999999999,4.0,13.415772134988805,3.317538639717722,True,0,ok
25.433333333333334,0.13333333333333333,0.09163069278310586,-0.044203545431447853,-0.1524289938004765,1.4945138665240588e-09,-0.2531510063330601,1.9530451794447339,3.1964808286112874,3.4304126697048547,0.23393184109356735,19.865273271586727,23.865273271586727,3.999999999999999,4.0,13.187271734065618,3.3533658156801285,True,0,ok
25.433333333333334,0.13666666666666666,0.07354088523238055,-0.028801990716569664,-0.12407751904776762,1.3117735959455093e-09,-0.24586570002852612,2.160319814713199,3.228820428398568,3.465813060361833,0.23699263196326514,19.628641792783576,23.628641792783576,3.999999999999999,4.0,12.926900459509424,3.385014812413254,True,0,ok
25.433333333333334,0.14,0.05481756576987064,-0.010996294466541955,-0.09430788969544053,1.2006808735746765e-10,-0.23902468103227315,2.4737319189945643,3.2602129400331754,3.500211539083272,0.23999859905009657,19.408128292776535,23.408128292776535,3.999999999999999,4.0,12.714434130939571,3.4205583707172513,True,0,ok
25.433333333333334,0.14333333333333334,0.036803740354231756,0.007481332686707398,-0.06330541504022999,1.209232794096465e-08,-0.23255017557873464,2.9016668352959503,3.2922674737060182,3.53537074925638,0.2431032755503617,19.175452312524836,23.175452312524836,3.999999999999999,4.0,12.499938865539816,3.4574171986222226,True,0,ok
25.433333333333334,0.14666666666666667,0.023832186041098553,0.02566757325045122,-0.03232792845088159,4.3425834101631634e-10,-0.22641197309238312,3.469720883502481,3.3234544990642987,3.569612616707305,0.24615811764300632,18.95716644957946,22.95716644957946,3.999999999999999,4.0,12.296786365331938,3.4931189931548974,True,0,ok
25.433333333333334,0.15000000000000002,0.014056219987755783,0.01906476756476786,-0.015141552058290812,4.277073460333283e-10,-0.218089640527496,3.330491286862445,3.354957603177219,3.4766391051073917,0.12168150193017269,18.733059382604672,20.733059382604672,1.9999999999999996,2.0,11.837571642887342,3.49448967864181,True,0,ok
25.433333333333334,0.15333333333333335,0.007785714697694609,-0.007973143235849096,-0.01087570903446395,2.5695498192382937e-09,-0.2085685036458286,2.5483726876816957,3.3861075360823207,3.3861075360823194,-1.3322676295501878e-15,18.514452684174717,18.514452684174717,0.0,0.0,11.136102261615678,3.4626257724041607,True,0,ok
25.433333333333334,0.15666666666666668,0.01235368234343791,0.00820977289886121,0.01975955544228744,1.216910803754507e-09,-0.20297997785995864,3.0359734034867962,3.4170353756104945,3.417035375610495,4.440892098500626e-16,18.299213888038317,18.299213888038317,0.0,0.0,10.942479704686889,3.496225785670204,True,0,ok
25.433333333333334,0.16,0.03269022209361369,0.024539101760779034,0.05102729021184152,5.861393319011718e-10,-0.1976802937504165,3.730441993642722,3.4479888212358594,3.447988821235861,1.7763568394002505e-15,18.08320512807606,18.08320512807606,0.0,0.0,10.751142205046403,3.5299519970670543,True,0,ok
25.433333333333334,0.16333333333333333,0.05321313791344791,0.040856981781039886,0.08261731767329812,4.228515490672135e-10,-0.1926565847783416,4.774825686922653,3.4785304628996534,3.478530462899653,-4.440892098500626e-16,17.87360915668504,17.87360915668504,0.0,0.0,10.56630494096037,3.5632564492151566,True,0,ok
25.433333333333334,0.16666666666666669,0.07410266133750461,0.057303017593470944,0.11484762699588119,1.9045164971827114e-09,-0.18790077397967675,6.555669210259533,3.50911549769288,3.50911549769288,0.0,17.66302989484977,17.66302989484977,0.0,0.0,10.383453746456908,3.596703646927853,True,0,ok
25.433333333333334,0.17,0.09516303770549321,0.07372966017579811,0.14741759883532457,1.896346734970317e-09,-0.18340316398616335,10.180963373562275,3.5393434016224954,3.539343401622495,-4.440892098500626e-16,17.457878690735942,17.457878690735942,0.0,0.0,10.206332238550278,3.6297913512550624,True,0,ok
25.433333333333334,0.17333333333333334,0.11654651577570992,0.09026377598154195,0.18055946877394,8.016421294442997e-11,-0.179158211387778,21.77028269126171,3.569475278350863,3.5694752783508625,-4.440892098500626e-16,17.254054914851697,17.254054914851697,0.0,0.0,10.032236228122692,3.662844548821866,True,0,ok
25.433333333333334,0.1766666666666667,0.13818597279510864,0.10683705162562343,0.21417734154652165,8.906060271401332e-11,-0.17516013498867788,238.96771346335075,3.599433040049425,3.599433040049425,0.0,17.052762496634003,17.052762496634003,0.0,0.0,9.86194978783148,3.695759877863303,True,0,ok
25.433333333333334,0.18,0.16008004433273032,0.12345724631643495,0.2482643150206326,7.692322130074036e-08,-0.17139836147256768,19.19412323951402,3.6291770108101638,3.6291770108101633,-4.440892098500626e-16,16.8546230367982,16.8546230367982,0.0,0.0,9.695628218115921,3.7284878863643565,True,0,ok
25.433333333333334,0.18333333333333335,0.18228846179150385,0.1401587437128643,0.2829183211949507,7.268876911926142e-10,-0.1678707242728195,10.195600843848306,3.6588360935689646,3.658836093568963,-1.3322676295501878e-15,16.657660542803914,16.657660542803914,0.0,0.0,9.532069915670665,3.7611853743188486,True,0,ok
25.433333333333334,0.18666666666666668,0.20466818071273862,0.15683239814765318,0.31791632779717793,3.793680259612752e-09,-0.16455137353800553,7.056755954688311,3.6881326072372738,3.6881326072372738,0.0,16.465998046897518,16.465998046897518,0.0,0.0,9.373442844784359,3.7935101240860822,True,0,ok
25.433333333333334,0.19,0.2273915031513749,0.17361380443680782,0.35352359755086094,6.878375821100672e-10,-0.16146887466614432,5.446605936229234,3.717408304486699,3.717408304486699,0.0,16.27463304572807,16.27463304572807,0.0,0.0,9.21705628754217,3.825872038042319,True,0,ok
25.433333333333334,0.19333333333333336,0.25038136163246266,0.19043457548515838,0.38962437195145483,4.009231711009072e-10,-0.1585867236885559,4.473720375961221,3.7464796873050488,3.746479687305048,-8.881784197001252e-16,16.086176248163582,16.086176248163582,0.0,0.0,9.06402140795409,3.8580539916870182,True,0,ok
25.433333333333334,0.19666666666666668,0.2735992780535136,0.20726436112606927,0.4261586318041838,2.8726206515138976e-10,-0.15590789487319348,3.823988537742185,3.77531959261194,3.7753195926119396,-4.440892098500626e-16,15.901035716021541,15.901035716021541,0.0,0.0,8.914656297091103,3.890013656353429,True,0,ok
25.433333333333334,0.2,0.29710436345979385,0.22414996724936065,0.46321679648158093,3.7990018822200854e-10,-0.1534293081904861,3.358735424366697,3.8040077261144947,3.8040077261144947,0.0,15.718056785339925,15.718056785339925,0.0,0.0,8.768185766543214,3.9218485491156385,True,0,ok
25.5,0.1,0.26214764847383004,-0.20401546390610908,-0.4056375959994973,4.291460303122082e-09,-0.3440997812484345,0.9391642085836367,2.894386073691268,3.1015020718846764,0.2071159981934083,22.065833909214195,26.065833909214195,3.999999999999999,4.0,15.592718688596966,3.021183724906986,True,0,ok
25.5,0.10333333333333333,0.24617878688481526,-0.18881317505738943,-0.38231082937968874,3.128936799652369e-10,-0.3328089556427058,0.9849443315856932,2.9246592241907994,3.134316278517867,0.20965705432706772,21.88614334079279,25.88614334079279,3.999999999999999,4.0,15.341453061720971,3.052352488927386,True,0,ok
25.5,0.10666666666666667,0.22992597869364576,-0.1734192576979292,-0.3585019220230092,4.0641317366924855e-10,-0.3219523579715673,1.0373395281482984,2.955109336559352,3.167355470740811,0.21224613418145877,21.7015129604389,25.7015129604389,3.999999999999999,4.0,15.093874247349886,3.083928435398676,True,0,ok
25.5,0.11,0.21314373740182213,-0.1575506666623373,-0.3338690548929382,9.01036815425561e-10,-0.311515295654311,1.0991648218377816,2.986262929473896,3.20119224160905,0.21492931213515387,21.501697243496285,25.501697243496285,3.999999999999999,4.0,14.843750641946794,3.1167208802080846,True,0,ok
25.5,0.11333333333333334,0.19528462910134292,-0.14059900966963818,-0.3076364373244238,7.626111954654476e-09,-0.30148597200875155,1.176937261292334,3.0193119631417806,3.237125453593259,0.21781349045147858,21.263745820654535,25.26374582065453,3.999999999999999,4.0,14.578121023298257,3.1525683300074276,True,0,ok
25.5,0.11666666666666667,0.1765289142588635,-0.1227911719455822,-0.28001732232215565,8.696049872269179e-10,-0.29189460179848875,1.2734486192733125,3.0536502825409113,3.274501476830325,0.22085119428941358,20.99989742447982,24.99989742447982,3.999999999999999,4.0,14.304214069570417,3.190614859324918,True,0,ok
25.5,0.12000000000000001,0.15776961892940972,-0.10513305854301398,-0.2522316355511034,3.1935711875540123e-09,-0.2827845000595751,1.3848447839098876,3.0872267027001343,3.3110884663630427,0.22386176366290833,20.749437644106017,24.749437644106017,3.999999999999999,4.0,14.04430028045668,3.2277741070953785,True,0,ok
25.5,0.12333333333333334,0.13920150706613563,-0.08781760158376044,-0.22454230683888088,2.2528208869530973e-10,-0.27410264036672133,1.511933561409609,3.119688485516643,3.3464986038882945,0.22681011837165155,20.51888077146464,24.51888077146464,3.999999999999999,4.0,13.80125972338798,3.263489290680967,True,0,ok
25.5,0.12666666666666668,0.11980194763888065,-0.06967596053837108,-0.1954553158582868,3.7316536947823125e-11,-0.26583915278290216,1.673119865998085,3.1532750953192368,3.383174652981269,0.22989955766203218,20.266721714414366,24.266721714414366,3.999999999999999,4.0,13.551654000079573,3.301154399144712,True,0,ok
25.5,0.13,0.10098557676789276,-0.05223495137523914,-0.16693043461350987,5.473650034290641e-08,-0.25798210852110603,1.857041337559329,3.1851232225567516,3.417988770204659,0.23286554764790734,20.045231545318302,24.045231545318302,3.999999999999999,4.0,13.324261777482056,3.3364226025746446,True,0,ok
25.5,0.13333333333333333,0.08142118376772124,-0.03390467879002755,-0.13688937232143392,2.3962556117700806e-12,-0.2505127113780301,2.098105306395211,3.2181538902557505,3.454132958252016,0.23597906799626545,19.80168796994091,23.80168796994091,3.999999999999999,4.0,13.089519996243931,3.373730101196498,True,0,ok
25.5,0.13666666666666666,0.06365202852899325,-0.0189434819992233,-0.10860887025152417,5.51045856156298e-10,-0.24329938042027027,2.325269786486209,3.2502584572916997,3.4893001630233766,0.23904170573167693,19.573892122766598,23.573892122766598,3.999999999999999,4.0,12.831513149565339,3.4042457924435503,True,0,ok
25.5,0.14,0.04491699994128336,-0.000498555693228347,-0.07779692856017195,5.418135432286149e-10,-0.2365737389979271,2.7016498056481004,3.2824645047224634,3.524614519083851,0.24215001436138772,19.34376812092637,23.34376812092637,3.999999999999999,4.0,12.615684119168888,3.4410194836513828,True,0,ok
25.5,0.14333333333333334,0.028749798054621828,0.01813072485026335,-0.04637811424528443,3.5785538808526344e-10,-0.23021443531799,3.2104201712203566,3.314536599954748,3.559817749346853,0.24528114939210477,19.11535482259004,23.11535482259004,3.999999999999999,4.0,12.404957963395061,3.4778306383944932,True,0,ok
25.5,0.14666666666666667,0.01799680375213703,0.013087584327492218,-0.02829081074040791,7.805971254772226e-10,-0.2218227701773707,3.1215755661180253,3.346219290302867,3.4674851970612837,0.12126590675841653,18.89314199668384,20.89314199668384,1.9999999999999996,2.0,11.957274064102213,3.4813789368413737,True,0,ok
25.5,0.15000000000000002,0.015057796701394994,-0.012609587077532836,-0.022830024928495868,2.3718509923897428e-11,-0.2122077212137157,2.4357544791508863,3.3781551391461715,3.3781551391461715,0.0,18.666189511594677,18.666189511594677,0.0,0.0,11.254849721333436,3.451655658425069,True,0,ok
25.5,0.15333333333333335,0.005014725116299454,0.0037206400438007164,0.007848518436015525,1.1168304717712414e-08,-0.20643744287808063,2.8822451698540257,3.4093773415655693,3.4093773415655693,0.0,18.450735219747052,18.450735219747052,0.0,0.0,11.059266445081494,3.485495201674917,True,0,ok
25.5,0.15666666666666668,0.02557217413167985,0.020306790220908665,0.039362958989218176,2.1819398037795855e-09,-0.20096074107961087,3.5150308593588426,3.4408751563117748,3.4408751563117743,-4.440892098500626e-16,18.23032540575871,18.23032540575871,0.0,0.0,10.863390264013793,3.5197807771166243,True,0,ok
25.5,0.16,0.04628659866372085,0.03687118520947479,0.07118892715034902,8.550115247168114e-10,-0.19577294567900783,4.448398718659579,3.4719239521932885,3.4719239521932885,0.0,18.016910342548883,18.016910342548883,0.0,0.0,10.67451381535969,3.553602065975454,True,0,ok
25.5,0.16333333333333333,0.0673069560937327,0.053517731014049226,0.10356896969130697,1.7676324458501912e-10,-0.1908636336361954,5.984561568999183,3.5028995215328385,3.502899521532839,4.440892098500626e-16,17.804417021261887,17.804417021261887,0.0,0.0,10.48893760021018,3.5874222958810305,True,0,ok
25.5,0.16666666666666669,0.08860053378191367,0.07022666418461804,0.13644918247032828,4.7248238248989175e-09,-0.18622599893648525,8.959110195461768,3.533696146660437,3.5336961466604384,1.3322676295501878e-15,17.59451409470423,17.59451409470423,0.0,0.0,10.307463818146648,3.6211095496361803,True,0,ok
25.5,0.17,0.11014568441003347,0.08698465726478201,0.16979365354156342,9.121995763766688e-10,-0.18184868970094525,17.099831644968546,3.5642509012528754,3.5642509012528745,-8.881784197001252e-16,17.388219954507132,17.388219954507132,0.0,0.0,10.130515342523173,3.6545834368347223,True,0,ok
25.5,0.17333333333333334,0.13201373613306844,0.10383280039646141,0.20371948641517548,2.1698164013864904e-10,-0.17772843808606967,136.31903642136916,3.59473462268224,3.5947346226822385,-1.3322676295501878e-15,17.182850399780065,17.182850399780065,0.0,0.0,9.956482882511288,3.688052624995922,True,0,ok
25.5,0.1766666666666667,0.15408622686044732,0.12068469710820455,0.2380397021678708,8.346080486888378e-11,-0.1738486732181705,24.167845539736362,3.6248970177732933,3.624897017773294,8.881784197001252e-16,16.98224494322891,16.98224494322891,0.0,0.0,9.78744515162162,3.7212050543596726,True,0,ok
25.5,0.18,0.17647408465695136,0.13761620631140986,0.2729305542202668,4.1693965830829734e-15,-0.1702083632550713,11.349333698749232,3.654960355599673,3.6549603555996737,8.881784197001252e-16,16.78300891222046,16.78300891222046,0.0,0.0,9.621330713776734,3.754313986710145,True,0,ok
25.5,0.18333333333333335,0.199103155070265,0.15457431479450248,0.30827419658903016,1.370877319380776e-10,-0.16679456257866,7.539032241587022,3.6847710204600013,3.6847710204600013,0.0,16.587444282786063,16.587444282786063,0.0,0.0,9.459340485824233,3.787187369613675,True,0,ok
25.5,0.18666666666666668,0.22202214341771398,0.17159384384507279,0.34414684258011236,8.050323938030754e-10,-0.16361480561015282,5.707001669290344,3.714448110059675,3.7144481100596747,-4.440892098500626e-16,16.39382637306226,16.39382637306226,0.0,0.0,9.30054953143423,3.819964027408667,True,0,ok
25.5,0.19,0.24523346480648844,0.18867269795768968,0.38055350455402714,8.013256055793654e-09,-0.16064926821242922,4.6326174547203,3.7439557807881796,3.7439557807881814,1.7763568394002505e-15,16.20261212104661,16.20261212104661,0.0,0.0,9.144940943932843,3.8526049651338465,True,0,ok
25.5,0.19333333333333336,0.26870624623895467,0.20578271031686665,0.41744774096661946,5.273354459887753e-10,-0.1578954951416846,3.9281652142263477,3.7732678832575615,3.773267883257563,1.3322676295501878e-15,16.014185685030974,16.014185685030974,0.0,0.0,8.992755502072352,3.8850716340469056,True,0,ok
25.5,0.19666666666666668,0.2924481436480152,0.22293297141571175,0.45483913686629013,1.264482988923757e-09,-0.15534741814822492,3.4313748574889655,3.802385710383955,3.8023857103839553,4.440892098500626e-16,15.828529458169161,15.828529458169161,0.0,0.0,8.843882893921343,3.917363469384322,True,0,ok
25.5,0.2,0.31648343399059986,0.2401343883929712,0.49276847249248884,8.326043765115869e-11,-0.15299799238824405,3.062253440514827,3.831347238343939,3.831347238343939,0.0,15.645081517301847,15.645081517301847,0.0,0.0,8.697890046780607,3.9495268893606057,True,0,ok
25.566666666666666,0.1,0.25568135624011057,-0.1974136428542221,-0.3964173575934493,1.3313637586569631e-09,-0.3406937857748184,0.9618872588137378,2.9105860552938543,3.1190577427422164,0.2084716874483621,22.056228732178976,26.056228732178976,3.999999999999999,4.0,15.513374452450229,3.0345746209533466,True,0,ok
25.566666666666666,0.10333333333333333,0.23938774009750946,-0.18191836006753115,-0.37259251280362343,3.894476674008171e-10,-0.329445492145154,1.011142108071602,2.941397342893076,3.152473480090864,0.21107613719778806,21.87145959223687,25.87145959223687,3.999999999999999,4.0,15.25991648405314,3.0663275446547695,True,0,ok
25.566666666666666,0.10666666666666667,0.22273425957577128,-0.16614496748114418,-0.3481773986734211,1.6950121495043557e-08,-0.3186356139103015,1.0681255581067142,2.9725291505413627,3.1862713432919505,0.2137421927505878,21.678932356585083,25.678932356585083,3.999999999999999,4.0,15.008569659859344,3.0987176628258437,True,0,ok
25.566666666666666,0.11,0.20531915815089158,-0.14963880371005106,-0.3226082741276133,5.633235051306041e-11,-0.30824620498146815,1.1374127246386367,3.0048814573029508,3.221430831716889,0.21654937441393818,21.461279556254976,25.461279556254976,3.999999999999999,4.0,14.74932746698787,3.1331302125156406,True,0,ok
25.566666666666666,0.11333333333333334,0.18690057190106021,-0.13213643650434856,-0.29552569004870355,1.2708722752364742e-10,-0.29829303587662653,1.224076598813299,3.0388501253227855,3.258386924244479,0.21953679892169342,21.211230821966346,25.211230821966343,3.999999999999999,4.0,14.478202105120461,3.1702212835238073,True,0,ok
25.566666666666666,0.11666666666666667,0.16762303780989307,-0.113820174642273,-0.2670906517612569,1.841385554899149e-09,-0.2888031523616574,1.3317881650357049,3.0739535613152436,3.29662046289891,0.22266690158366664,20.938418813156222,24.938418813156222,3.999999999999999,4.0,14.20088022333076,3.20931037248647,True,0,ok
25.566666666666666,0.12000000000000001,0.14903747389032018,-0.0964326918162605,-0.23945196140331307,3.1951246331834485e-10,-0.2797968977175737,1.4491460971972157,3.1067827415837366,3.3324162561906334,0.22563351460689685,20.707065416297056,24.707065416297056,3.999999999999999,4.0,13.95316187942584,3.2452170328975156,True,0,ok
25.566666666666666,0.12333333333333334,0.12973297339871134,-0.07835347938773722,-0.21060072513751626,1.134867020718188e-09,-0.27120564426081145,1.5955493700448535,3.1404794131480234,3.3691973090238876,0.22871789587586422,20.458745807837452,24.458745807837452,3.999999999999999,4.0,13.70161165276443,3.2826912199434526,True,0,ok
25.566666666666666,0.12666666666666668,0.11038256273512155,-0.06030145670261323,-0.1814295036300932,8.746895313974957e-10,-0.26305027401416725,1.7709109431196335,3.1736733099606167,3.405468455874994,0.23179514591437744,20.21866579860421,24.218665798604206,3.999999999999999,4.0,13.460209741456033,3.3196551136602155,True,0,ok
25.566666666666666,0.13,0.09099125187956875,-0.042201589602710976,-0.15184613788580448,5.4538721303833746e-08,-0.2552937178663957,1.9850603001492813,3.2065027870750344,3.4413792627698587,0.23487647569482428,19.984444803432304,23.984444803432304,3.999999999999999,4.0,13.227090953321179,3.3563053313251197,True,0,ok
25.566666666666666,0.13333333333333333,0.07133523930723587,-0.02362680406348964,-0.12127622698124846,1.419799442417048e-09,-0.24794323439131433,2.2611633997796443,3.239736453953068,3.4777704562202416,0.23803400226717342,19.742233781604913,23.742233781604913,3.999999999999999,4.0,12.994568614510749,3.3938232887765283,True,0,ok
25.566666666666666,0.13666666666666666,0.05383678888316716,-0.008954712347112596,-0.09281709238352924,2.5463445719420206e-10,-0.24079685809093532,2.516266687114375,3.272000825551748,3.513137007833662,0.24113618228191402,19.51642106143626,23.51642106143626,3.999999999999999,4.0,12.734651566099947,3.423703186323383,True,0,ok
25.566666666666666,0.14,0.03570232210294505,0.01009596118930384,-0.06100851562111016,1.1959464216463906e-08,-0.23419740274911696,2.971620600329663,3.304925370859317,3.5492644547029424,0.24433908384362546,19.278515303086607,23.278515303086607,3.999999999999999,4.0,12.516641658734821,3.4615793979437166,True,0,ok
25.566666666666666,0.14333333333333334,0.023705326716790348,0.02881103683725804,-0.029253234019702413,2.8569404263823507e-09,-0.22794711877562193,3.5830322703097153,3.3369194515450658,3.5844069008330415,0.24748744928797572,19.055965720321307,23.055965720321304,3.999999999999999,4.0,12.310416039276754,3.4981811831629273,True,0,ok
25.566666666666666,0.14666666666666667,0.01547879735032093,0.024921545244278677,-0.009884132985460859,1.436873262681441e-09,-0.21968049920343471,3.546109123601541,3.3693088446715063,3.4916755708607328,0.1223667261892265,18.826240989638,20.826240989638,1.9999999999999996,2.0,11.870697603676977,3.5039897892058876,True,0,ok
25.566666666666666,0.15000000000000002,0.0026470848711361403,-0.0010579274099122979,-0.004461161792666579,1.296529659008676e-09,-0.2100415896874163,2.736637065525028,3.4012245679507562,3.401224567950755,-1.3322676295501878e-15,18.603981787528035,18.603981787528035,0.0,0.0,11.178465162135153,3.474256478313268,True,0,ok
25.566666666666666,0.15333333333333335,0.018069312929931927,0.01567638461110435,0.027087841826253792,1.35693236246057e-09,-0.2043818998633827,3.3075270781725816,3.4330177780280535,3.4330177780280535,0.0,18.383401856178278,18.383401856178278,0.0,0.0,10.980647759750228,3.5087804564191307,True,0,ok
25.566666666666666,0.15666666666666668,0.039004191265773834,0.03251925169277717,0.05921553071815694,5.012717697983028e-09,-0.19902379724534092,4.145012382422449,3.464723370891029,3.464723370891029,0.0,18.163879369729198,18.163879369729198,0.0,0.0,10.786371805417557,3.5432958813954616,True,0,ok
25.566666666666666,0.16,0.060161991809073,0.04939007833666634,0.09175519569595425,1.1575079617184765e-09,-0.19395387325932945,5.4730125656252575,3.4960915211650123,3.496091521165012,-4.440892098500626e-16,17.949521678669875,17.949521678669875,0.0,0.0,10.597905037397593,3.5774877538214493,True,0,ok
25.566666666666666,0.16333333333333333,0.0816826218221398,0.06638342092347861,0.12493755860313738,1.0620139096953667e-09,-0.18916684709427212,7.934968921797797,3.527469788658122,3.5274697886581223,4.440892098500626e-16,17.734735530570248,17.734735530570248,0.0,0.0,10.411908807256863,3.6117859180880076,True,0,ok
25.566666666666666,0.16666666666666669,0.1033808739754755,0.08336214124677238,0.15847261188783573,6.61158297063583e-10,-0.18464601474000172,13.886965502411025,3.5584469088458617,3.558446908845862,4.440892098500626e-16,17.52601181806563,17.52601181806563,0.0,0.0,10.232022243259532,3.6456765078424858,True,0,ok
25.566666666666666,0.17,0.12541839764080595,0.1004416218402717,0.1926156899176643,2.2523105885740932e-09,-0.18038907616163352,50.054495630271944,3.589366067710447,3.5893660677104475,4.440892098500626e-16,17.317982754085754,17.317982754085754,0.0,0.0,10.054972717103063,3.679583864166874,True,0,ok
25.566666666666666,0.17333333333333334,0.14769908237029925,0.11754980157908375,0.22721597863663406,4.223894596174849e-09,-0.17638727290313466,33.64261962246668,3.620034546397085,3.6200345463970853,4.440892098500626e-16,17.113638781922567,17.113638781922567,0.0,0.0,9.882436402514065,3.713264068459356,True,0,ok
25.566666666666666,0.1766666666666667,0.17028051287962478,0.13473403063456854,0.2623606300278442,1.1169270412527819e-10,-0.17263248835061198,12.937431503708323,3.6505355401194466,3.6505355401194466,0.0,16.911712707637957,16.911712707637957,0.0,0.0,9.713477681578839,3.746820129864634,True,0,ok
25.566666666666666,0.18,0.19314904450207449,0.15197107820960673,0.2980343127292605,1.0045296375399395e-09,-0.1691180461564095,8.144592784269951,3.680872185422511,3.6808721854225115,4.440892098500626e-16,16.71213088326914,16.71213088326914,0.0,0.0,9.548025695867986,3.7802520485744453,True,0,ok
25.566666666666666,0.18333333333333335,0.21625511518838927,0.1692281846424748,0.33415661905466276,1.2871029045178502e-10,-0.1658308036938701,6.021976892321274,3.710937071209199,3.7109370712091994,4.440892098500626e-16,16.51649776329592,16.51649776329592,0.0,0.0,9.386850953311628,3.8134245834286893,True,0,ok
25.566666666666666,0.18666666666666668,0.2396878936018784,0.18656860272089856,0.3708679219030511,1.0789663117173578e-09,-0.16277920272734359,4.819868533033571,3.740908034886309,3.740908034886308,-8.881784197001252e-16,16.322192854043383,16.322192854043383,0.0,0.0,9.228472503775526,3.8465525205326005,True,0,ok
25.566666666666666,0.19,0.26341768754197153,0.2039677754518016,0.40812226220475,1.2303329244261579e-09,-0.1599441254051945,4.049217584092054,3.7707023873484053,3.770702387348406,4.440892098500626e-16,16.130389356521825,16.130389356521825,0.0,0.0,9.07334229660188,3.8795359273743975,True,0,ok
25.566666666666666,0.19333333333333336,0.2873762768553169,0.22137036591241885,0.4458144620730389,4.344018973707584e-12,-0.15731659721341365,3.5155817243837593,3.8002283359182574,3.800228335918257,-4.440892098500626e-16,15.942407660195316,15.942407660195316,0.0,0.0,8.922180067402337,3.9122559164476933,True,0,ok
25.566666666666666,0.19666666666666668,0.3116313501617633,0.23882283191011353,0.4840515986641964,8.134837049473456e-09,-0.15489503468400673,3.123338077231138,3.829594364992485,3.829594364992486,1.3322676295501878e-15,15.756677851757892,15.756677851757892,0.0,0.0,8.773991293514651,3.944845633559267,True,0,ok
25.566666666666666,0.2,0.3361698465117429,0.25631870280797775,0.5228108833048734,4.4683618028031137e-10,-0.1526752055828098,2.823580826018918,3.8587757165292054,3.858775716529205,-4.440892098500626e-16,15.57353679865669,15.57353679865669,0.0,0.0,8.628923529447478,3.9772709603302334,True,0,ok
25.633333333333333,0.1,0.2490610565546109,-0.19068060124581407,-0.38695624815313123,2.9054161992516237e-07,-0.3372825440177011,0.985970320024638,2.9271234607752534,3.1369888063742732,0.20986534559901981,22.043359605110208,26.043359605110208,3.999999999999999,4.0,15.431580828705512,3.0482410773836794,True,0,ok
25.633333333333333,0.10333333333333333,0.23245904607181309,-0.17491518867530462,-0.36265176281459677,2.1813158099321263e-09,-0.32608051357120793,1.0388643458793374,2.95842081268281,3.1709505111568577,0.21252969847404746,21.854748405963225,25.854748405963225,3.999999999999999,4.0,15.176649746660361,3.0804930566787014,True,0,ok
25.633333333333333,0.10666666666666667,0.21537335523861978,-0.15873074585485417,-0.3375819852429685,3.4061277891602505e-10,-0.31532046180393875,1.1011076119508874,2.990305675191292,3.205585713080531,0.21528003788923922,21.653158667890235,25.653158667890235,3.999999999999999,4.0,14.920986265251877,3.113802970942974,True,0,ok
25.633333333333333,0.11,0.19726939742188307,-0.14151979335353415,-0.3109948449198982,7.218206709599824e-10,-0.30499006454996563,1.1790684451637774,3.023928035047302,3.24214745340148,0.2182194183541779,21.41650876150118,25.41650876150118,3.999999999999999,4.0,14.652131209068237,3.1499657052023617,True,0,ok
25.633333333333333,0.11333333333333334,0.1781943982182757,-0.12335733658560748,-0.28291818283670883,4.0464623044602116e-10,-0.29511727280682604,1.2766698521435542,3.058992239200434,3.280319750783677,0.22132751158324293,21.15098803187406,25.15098803187406,3.999999999999999,4.0,14.373847987593056,3.1885947524890974,True,0,ok
25.633333333333333,0.11666666666666667,0.1588588476091278,-0.10505800407301012,-0.2543053600915554,2.7368919586383986e-10,-0.28574339406111504,1.392312897394424,3.0938337128547055,3.3182925584488285,0.224458845594123,20.888558184518722,24.888558184518722,3.999999999999999,4.0,14.10409759572351,3.2271699999304615,True,0,ok
25.633333333333333,0.12000000000000001,0.13994742096097765,-0.08737321242260179,-0.2261012243483926,1.5828758745279222e-09,-0.2768264498567392,1.5220784211364928,3.1270273711180634,3.3545091755853367,0.22748180446727329,20.65577022268141,24.65577022268141,3.999999999999999,4.0,13.856904949745966,3.2634926112815412,True,0,ok
25.633333333333333,0.12333333333333334,0.12007391924151128,-0.06870183220385613,-0.19629899769964215,1.5517376101033602e-10,-0.2683459200336711,1.6891099506239822,3.1615984985401635,3.3922697857073834,0.23067128716721985,20.396722838919498,24.396722838919498,3.999999999999999,4.0,13.601007887307809,3.3021889828492297,True,0,ok
25.633333333333333,0.12666666666666668,0.10079869214715828,-0.0507470591077697,-0.16705048640349804,3.025745816859088e-09,-0.26029295091506743,1.8807544903104385,3.1943939468773848,3.4281295264157547,0.23373557953837,20.168855040757048,24.168855040757045,3.999999999999999,4.0,13.367709679009167,3.338425784442938,True,0,ok
25.633333333333333,0.13,0.08083803144548554,-0.03193319466532597,-0.13632546740213405,3.031105206341749e-09,-0.2526481665075005,2.1324772832092846,3.228270872392691,3.465211187258479,0.23694031486578782,19.920816471557814,23.920816471557814,3.999999999999999,4.0,13.128493582899921,3.376580426183849,True,0,ok
25.633333333333333,0.13333333333333333,0.06317638718852792,-0.017638906979672325,-0.10799368803382359,6.006572053623333e-09,-0.24519713731207304,2.349972187628633,3.261281514580456,3.5013830369498784,0.2401015223694225,19.687339058732032,23.687339058732032,3.999999999999999,4.0,12.853171861163272,3.406059916074586,True,0,ok
25.633333333333333,0.13666666666666666,0.04411507095615989,0.0013683977103216244,-0.07639729016206934,5.794627555605799e-09,-0.23833004676956837,2.7455934503418353,3.294370246950794,3.5376784345836896,0.24330818763289574,19.451911296181287,23.451911296181287,3.999999999999999,4.0,12.633709357816542,3.443853720391619,True,0,ok
25.633333333333333,0.14,0.028137492263615557,0.02055477588584949,-0.04418887417594588,3.1293777255930617e-10,-0.23184654740152794,3.2858990298481237,3.3272843978427917,3.5738199850141217,0.24653558717132995,19.218842402552553,23.218842402552553,3.999999999999999,4.0,12.419855767006629,3.4816381920473813,True,0,ok
25.633333333333333,0.14333333333333334,0.017389920767117917,0.018478938184956998,-0.02378564433469177,6.682844740415285e-10,-0.22351993273013165,3.2977028805419577,3.359857173290828,3.481772239401438,0.12191506611061032,18.99109886709758,20.99109886709758,1.9999999999999996,2.0,11.994085690450323,3.4900222763548396,True,0,ok
25.633333333333333,0.14666666666666667,0.010501453018115722,-0.006107094868832489,-0.017133153204771007,4.146838763804706e-10,-0.2137851228593018,2.5990233614487717,3.3925895218380617,3.3925895218380595,-2.220446049250313e-15,18.760169982205284,18.760169982205284,0.0,0.0,11.300763972461294,3.462499770696538,True,0,ok
25.633333333333333,0.15000000000000002,0.010404771163284171,0.010774921617595742,0.014445720924052111,6.852561145073672e-10,-0.20793333747796752,3.114663310829556,3.4246843070277837,3.4246843070277846,8.881784197001252e-16,18.539406795596776,18.539406795596776,0.0,0.0,11.100905314002466,3.4972638219014858,True,0,ok
25.633333333333333,0.15333333333333335,0.03149737330109801,0.02791314119051393,0.04687334128782157,1.3705191675714843e-09,-0.2023926085339683,3.866886230751562,3.4570302694381776,3.457030269438179,1.3322676295501878e-15,18.314132722935966,18.314132722935966,0.0,0.0,10.901200382515892,3.5324505022837847,True,0,ok
25.633333333333333,0.15666666666666668,0.05278298406767616,0.04500128771015207,0.07958023828623399,7.826158506225478e-11,-0.1971501030715924,5.022184198069745,3.4888408083435487,3.488840808343548,-8.881784197001252e-16,18.097157573029172,18.097157573029172,0.0,0.0,10.709373714402524,3.5670707127451813,True,0,ok
25.633333333333333,0.16,0.07444118096213906,0.06221242340390082,0.11293397470791319,6.076260995152626e-10,-0.19219887435207955,7.067414503225626,3.5206525896010445,3.5206525896010454,8.881784197001252e-16,17.87988205888485,17.87988205888485,0.0,0.0,10.52019182938356,3.6017905767965397,True,0,ok
25.633333333333333,0.16333333333333333,0.09634627528994812,0.07945516505719878,0.14674703074499565,1.117144261656646e-09,-0.1875300857605579,11.58714227340154,3.5521961586407484,3.5521961586407484,0.0,17.66657836958364,17.66657836958364,0.0,0.0,10.336053792192015,3.6362710005097383,True,0,ok
25.633333333333333,0.16666666666666669,0.11855422686860988,0.09678022877737387,0.1811046698543156,8.457612239767283e-10,-0.18313341428415128,29.972120675427856,3.583552395672881,3.5835523956728803,-8.881784197001252e-16,17.45599644929979,17.45599644929979,0.0,0.0,10.155970888277457,3.6706123312952594,True,0,ok
25.633333333333333,0.17,0.1410642788680131,0.11417132158692948,0.21601458664810494,1.6870737755833662e-09,-0.17900365110841676,57.405808265582074,3.6147659448550513,3.614765944855049,-2.220446049250313e-15,17.24742191958619,17.24742191958619,0.0,0.0,9.979545697895857,3.704864889200958,True,0,ok
25.633333333333333,0.17333333333333334,0.16382863250917676,0.13159945950400792,0.25139817968261735,9.196645496137105e-09,-0.17512838970203845,15.183134802253475,3.6457147294304306,3.6457147294304315,8.881784197001252e-16,17.042735532872374,17.042735532872374,0.0,0.0,9.807683041435203,3.738874879396769,True,0,ok
25.633333333333333,0.1766666666666667,0.1869256085562192,0.14911320608730905,0.2873826737517458,2.202691333558556e-11,-0.1715029666770728,8.90530404470619,3.6765581242344707,3.6765581242344716,8.881784197001252e-16,16.83949769459262,16.83949769459262,0.0,0.0,9.638864985419456,3.772839075137867,True,0,ok
25.633333333333333,0.18,0.2102272916298064,0.1666157160860995,0.3237680428812073,1.7187799053995332e-09,-0.16810614218390915,6.395935712021872,3.70705042303849,3.7070504230384893,-8.881784197001252e-16,16.641345995049463,16.641345995049463,0.0,0.0,9.475011779131002,3.8064507684402265,True,0,ok
25.633333333333333,0.18333333333333335,0.23388647736218188,0.18422766116150932,0.36078916522206067,9.353910243288146e-10,-0.1649623582212588,5.035699748112431,3.737495968428116,3.7374959684281155,-4.440892098500626e-16,16.443865965882495,16.443865965882495,0.0,0.0,9.313744373050021,3.8400764524902997,True,0,ok
25.633333333333333,0.18666666666666668,0.25783120607365717,0.20188347417028163,0.39833886997520995,1.5164785900180626e-09,-0.16203449331228986,4.1878534895761055,3.767720182102823,3.7677201821028232,4.440892098500626e-16,16.24950579038529,16.24950579038529,0.0,0.0,9.156063739844194,3.873508684446777,True,0,ok
25.633333333333333,0.19,0.2820257634061564,0.21955659096939814,0.4363605126914812,1.3696721919501923e-11,-0.1593246819820274,3.6103265652951584,3.7976956105813353,3.797695610581335,-4.440892098500626e-16,16.058677225198043,16.058677225198043,0.0,0.0,9.002272015160996,3.9067044633440857,True,0,ok
25.633333333333333,0.19333333333333336,0.30652031262658624,0.23728151894861305,0.4749332447023892,1.797598049255143e-09,-0.15683067244749466,3.1911043834904125,3.8275058700572324,3.827505870057231,-1.3322676295501878e-15,15.870177004690703,15.870177004690703,0.0,0.0,8.851600049442697,3.9397651800783278,True,0,ok
25.633333333333333,0.19666666666666668,0.3313268693380753,0.2550679286750256,0.5140747365875327,3.236843920446555e-08,-0.1545463290128831,2.873343307092742,3.857156801340137,3.8571568013401394,2.220446049250313e-15,15.68390797068102,15.68390797068102,0.0,0.0,8.70389412321838,3.9726966496749414,True,0,ok
25.633333333333333,0.2,0.3563952947977508,0.27287474288669805,0.553707678433707,8.941961507096653e-10,-0.15246158806379242,2.6251557487721175,3.886580956395296,3.8865809563952967,4.440892098500626e-16,15.500805109426516,15.500805109426516,0.0,0.0,8.559619174837907,4.0054117971462135,True,0,ok
25.7,0.1,0.24228632972963338,-0.18382538041700652,-0.37724822893701265,1.0503910100791404e-09,-0.3338480379812234,1.0113524027329077,2.943975198576392,3.1552707819855157,0.2112955834091239,22.028834029234396,26.028834029234392,3.999999999999999,4.0,15.347710139970623,3.062095336935434,True,0,ok
25.7,0.10333333333333333,0.2253437706565459,-0.16775885880952449,-0.3524151106466008,9.810436871098025e-10,-0.32269357602444126,1.068443696366334,2.9758419688666216,3.189869899902175,0.2140279310355533,21.8347538238935,25.834753823893497,3.999999999999999,4.0,15.09053739540403,3.0949681897765933,True,0,ok
25.7,0.10666666666666667,0.20769912668516669,-0.15101921208967434,-0.32651183632015046,6.916144304939091e-10,-0.3119849411414953,1.1374441545789296,3.0087510549252166,3.225638682113752,0.2168876271885356,21.618930340047136,25.618930340047136,3.999999999999999,4.0,14.827802810177547,3.129621405510181,True,0,ok
25.7,0.11,0.18897610336188922,-0.13318595018821383,-0.29899398923388565,3.8491729536822855e-10,-0.30173008973949844,1.2246271514088316,3.043441664439231,3.2633854075310254,0.21994374309179454,21.36751249593786,25.367512495937856,3.999999999999999,4.0,14.552056474270104,3.1672478262146306,True,0,ok
25.7,0.11333333333333334,0.1692633832126301,-0.11438158181685976,-0.26993912726914937,4.200649393676322e-10,-0.2919532783621805,1.3344943056468686,3.0795208155816094,3.302688131746576,0.22316731616496677,21.08831978414921,25.08831978414921,3.999999999999999,4.0,14.267897083052782,3.207312717926668,True,0,ok
25.7,0.11666666666666667,0.15009506614781215,-0.09635380919182263,-0.2414570978455057,6.575198393874116e-09,-0.2826882957956485,1.4563766621758942,3.113621774140211,3.3398780681200138,0.22625629397980296,20.845030253603824,24.845030253603824,3.999999999999999,4.0,14.01036235217096,3.2446271314961974,True,0,ok
25.7,0.12000000000000001,0.1304299778570122,-0.07787805170223835,-0.21206354338830982,3.4653317365529886e-09,-0.2738638580814873,1.6059644062576883,3.1480756302180373,3.377494333820818,0.22941870360278083,20.594295363154504,24.594295363154504,3.999999999999999,4.0,13.754705977450255,3.2827553792198447,True,0,ok
25.7,0.12333333333333334,0.11056895229879635,-0.05925507691982923,-0.18211346874019402,1.1849179527668113e-09,-0.2654959780456585,1.7883329748740315,3.1823282848227272,3.4149321237509316,0.23260383892820435,20.346184529563452,24.346184529563452,3.999999999999999,4.0,13.506410137932983,3.320851575052523,True,0,ok
25.7,0.12666666666666668,0.09077425501371589,-0.040689961071830164,-0.15186909885772773,6.4949426772324305e-09,-0.25754776712840327,2.0105781867724732,3.2160051869320583,3.4517805585714307,0.23577537163937246,20.107648491487492,24.107648491487492,3.999999999999999,4.0,13.268690406840093,3.3583218967464297,True,0,ok
25.7,0.13,0.07068998202960768,-0.02156596982786823,-0.12052439430845319,5.2421435532028197e-08,-0.25002582641816906,2.3004132858529265,3.250187032802123,3.4892218851613896,0.23903485235926647,19.85931023812465,23.85931023812465,3.999999999999999,4.0,13.030885059986813,3.3968432759096334,True,0,ok
25.7,0.13333333333333333,0.053392408849078775,-0.007782359524092857,-0.09215032744575202,4.275168349943806e-11,-0.24262675904446243,2.5405330791643324,3.283343236466295,3.5255785645588755,0.24223532809258064,19.628240398237423,23.628240398237423,3.999999999999999,4.0,12.752034366259489,3.4253261893801796,True,0,ok
25.7,0.13666666666666666,0.03503799534521451,0.011874961838222535,-0.059514440556659484,4.9242223674402544e-08,-0.23589204419617565,3.0197066149072227,3.317169583208264,3.5627093684237248,0.2455397852154606,19.384930721176516,23.384930721176513,3.999999999999999,4.0,12.530762654423794,3.464298042827442,True,0,ok
25.7,0.14,0.02293498206022488,0.011816930023784962,-0.03792624910430085,1.1342468622520705e-10,-0.22750400940687918,3.0755794929457214,3.350015541698211,3.471461846939647,0.12144630524143585,19.157718877450655,21.157718877450655,1.9999999999999996,2.0,12.119903401377547,3.4756607179020587,True,0,ok
25.7,0.14333333333333334,0.017863786193044337,0.03052618686876289,-0.005049404589233486,5.431893080029802e-10,-0.22135331433648478,3.771475166149535,3.3833145962054485,3.506353256919945,0.12303866071449665,18.922351439739558,20.922351439739558,1.9999999999999996,2.0,11.905657109166475,3.512940633916754,True,0,ok
25.7,0.14666666666666667,0.0034070270693947404,0.005680897912275435,0.0015971534882604351,2.76966313127395e-09,-0.21160008411674766,2.9384899412684296,3.4160366731823544,3.4160366731823544,0.0,18.69610742291687,18.69610742291687,0.0,0.0,11.22259708349238,3.485433381499604,True,0,ok
25.7,0.15000000000000002,0.02373346556066647,0.022984243514681677,0.03408161839783773,2.551629379333994e-09,-0.205864746036174,3.6084745889771774,3.4487213356541235,3.448721335654124,4.440892098500626e-16,18.470106254982095,18.470106254982095,0.0,0.0,11.020487096634954,3.520905765437579,True,0,ok
25.7,0.15333333333333335,0.04520823949124719,0.04036179793551572,0.06709903144685835,1.075320047983282e-09,-0.20044425152451661,4.625802078968966,3.481214596812979,3.481214596812978,-8.881784197001252e-16,18.246818035297295,18.246818035297295,0.0,0.0,10.823069244522612,3.5562461219165677,True,0,ok
25.7,0.15666666666666668,0.06699457419977282,0.05780505447311172,0.10061508134463334,4.9709068937375824e-11,-0.19532524669437495,6.342516700699962,3.513437266694552,3.513437266694553,8.881784197001252e-16,18.027577094608233,18.027577094608233,0.0,0.0,10.63086218457691,3.5913529929686705,True,0,ok
25.7,0.16,0.08912799331410688,0.07534334330074584,0.13473966823791872,7.684396344457274e-10,-0.19050086856755677,9.880655996022838,3.5455858174065398,3.54558581740654,4.440892098500626e-16,17.80921996390087,17.80921996390087,0.0,0.0,10.442041157540368,3.6264673959982754,True,0,ok
25.7,0.16333333333333333,0.11149169396039764,0.09290045854129302,0.1692947083322287,2.5652823603364733e-09,-0.1859574918463126,21.12728111724521,3.5773908129181744,3.5773908129181744,0.0,17.596007680038184,17.596007680038184,0.0,0.0,10.258876629123977,3.661250245394783,True,0,ok
25.7,0.16666666666666669,0.13421402938086366,0.11056453633148461,0.20448887586796852,1.949313346438527e-08,-0.18168950269607329,221.4509854616291,3.6091310571176205,3.609131057117621,4.440892098500626e-16,17.383573280949328,17.383573280949328,0.0,0.0,10.078689314253387,3.696048225473276,True,0,ok
25.7,0.17,0.15716538970721072,0.12824126547562967,0.24011883931642541,1.1542050461464668e-09,-0.17768303466504368,18.562668805121923,3.640540211615138,3.6405402116151375,-4.440892098500626e-16,17.176004764431063,17.176004764431063,0.0,0.0,9.903731023935133,3.7305253258595648,True,0,ok
25.7,0.17333333333333334,0.18044593998769318,0.1459995695153124,0.27634459914293596,2.57276557593738e-10,-0.1739362712006204,9.886017136319174,3.6718255581305295,3.671825558130529,-4.440892098500626e-16,16.970165168602833,16.970165168602833,0.0,0.0,9.732089788131592,3.7649365694288393,True,0,ok
25.7,0.1766666666666667,0.20400217960529643,0.16380095384578597,0.31308132389260396,1.1534158503743615e-11,-0.17043495590852487,6.839926359059775,3.7028649040266797,3.7028649040266783,-1.3322676295501878e-15,16.76785521416311,16.76785521416311,0.0,0.0,9.564630105598948,3.799129091172116,True,0,ok
25.7,0.18,0.22785439793520193,0.18165771637342007,0.35036174742290876,3.977698083301599e-09,-0.16718273476967818,5.28591109070891,3.7337289989455145,3.733728998945514,-4.440892098500626e-16,16.56807639416796,16.56807639416796,0.0,0.0,9.400829596358257,3.8331821371379338,True,0,ok
25.7,0.18333333333333335,0.2520265467956011,0.19958582234056704,0.3882236989028175,3.818607614668025e-09,-0.1641635068934663,4.344539610383431,3.764421229945453,3.7644212299454525,-4.440892098500626e-16,16.370712310658845,16.370712310658845,0.0,0.0,9.24035945946686,3.8671040507276953,True,0,ok
25.7,0.18666666666666668,0.2764781337892669,0.21754822908452784,0.42660666123839774,7.30275149434055e-11,-0.16137138126018508,3.7151107990067533,3.794898070671892,3.7948980706718913,-8.881784197001252e-16,16.176389445286294,16.176389445286294,0.0,0.0,9.083569661894868,3.90083489888312,True,0,ok
25.7,0.19,0.3012186699936624,0.2355555129869355,0.4655229980996797,3.2070524456005083e-09,-0.15880016963786417,3.2652645507552003,3.8251639927313614,3.8251639927313614,0.0,15.985044922253769,15.985044922253769,0.0,0.0,8.930316135767459,3.9343776784953954,True,0,ok
25.7,0.19333333333333336,0.32628146744459174,0.2536261343308969,0.5050272982500593,5.014952986355319e-10,-0.15644462214569307,2.927637803692538,3.855272797886921,3.855272797886919,-1.7763568394002505e-15,15.79589810914156,15.79589810914156,0.0,0.0,8.780056308692856,3.9677978742834323,True,0,ok
25.7,0.19666666666666668,0.35158346264966023,0.27169469195737234,0.5449906311014563,1.3632595526977666e-09,-0.15429114474701644,2.6663752283000806,3.8851064449853956,3.8851064449853965,8.881784197001252e-16,15.610580926457994,15.610580926457994,0.0,0.0,8.633635614807467,4.000945358137741,True,0,ok
25.7,0.2,0.37720586943492507,0.2898235098180826,0.5855383309102838,6.526755278902816e-10,-0.15234231633502066,2.4576678851568947,3.914780338063885,3.914780338063885,0.0,15.427475211481456,15.427475211481456,0.0,0.0,8.490075846414028,4.033961249701903,True,0,ok
25.766666666666666,0.1,0.23536661103862833,-0.1768661594008827,-0.36730190094009646,9.548765828333833e-10,-0.33040289176307935,1.0382059081473873,2.9611623742382998,3.1739271310948096,0.21276475685650986,22.011397640203317,26.011397640203313,3.999999999999999,4.0,15.261452487985647,3.0761730577737314,True,0,ok
25.766666666666666,0.10333333333333333,0.21798130474246225,-0.16037898873890588,-0.3417983727620196,9.827320436944535e-10,-0.3192969706618536,1.1005010674756914,2.993805632719477,3.209389776615748,0.21558414389627112,21.808063872751955,25.80806387275195,3.999999999999999,4.0,14.999760613749332,3.1099781257547483,True,0,ok
25.766666666666666,0.10666666666666667,0.19964154371991738,-0.14292799454153693,-0.31486795059667383,3.780073549047711e-09,-0.3086444135790686,1.1781703636703982,3.0280118532233096,3.246591023545077,0.21857917032176744,21.57303275984404,25.57303275984404,3.999999999999999,4.0,14.727437961543343,3.146415036627708,True,0,ok
25.766666666666666,0.11,0.18024675850796623,-0.1244137225657006,-0.28633530605783175,1.899847290959421e-09,-0.29847015734361754,1.2763926805727095,3.063823679891567,3.2855828558670006,0.22175917597543382,21.3059531900153,25.3059531900153,3.999999999999999,4.0,14.444602666176074,3.1856237301387496,True,0,ok
25.766666666666666,0.11333333333333334,0.16030272955628588,-0.1054307137054615,-0.25685649673921856,5.089340797526263e-10,-0.2888132933864669,1.3961318326243357,3.1000089961173494,3.3250272962962595,0.2250183001789101,21.03067166033442,25.03067166033442,3.999999999999999,4.0,14.164485012903924,3.225725111253467,True,0,ok
25.766666666666666,0.11666666666666667,0.14104774029285516,-0.0873821809979714,-0.22813975885233137,3.497649347637844e-09,-0.2796446240021086,1.5279405697127078,3.133953365301035,3.3620707986746012,0.22811743337356605,20.79579514793442,24.79579514793442,3.999999999999999,4.0,13.912999988538989,3.262645569354886,True,0,ok
25.766666666666666,0.12000000000000001,0.1207094651442087,-0.06819042480194891,-0.19764207773531567,5.641934297870458e-10,-0.2709309456290158,1.6998970766629997,3.169489745217552,3.4008949304182834,0.23140518520073128,20.53066864983648,24.530668649836475,3.999999999999999,4.0,13.651193925162325,3.302331049529361,True,0,ok
25.766666666666666,0.12333333333333334,0.10092201785223165,-0.04966379976045825,-0.16759853237857306,4.3908244285994715e-10,-0.2626694232446599,1.8993393338114237,3.203351898935113,3.437931005586748,0.23457910665163473,20.294803293226785,24.29480329322678,3.999999999999999,4.0,13.411037889399852,3.3396966333953886,True,0,ok
25.766666666666666,0.12666666666666668,0.08055090157778406,-0.030352830651060557,-0.13617653581454334,1.0656817975330487e-09,-0.2548373511810278,2.1610099925185065,3.238102208665265,3.4759800428864254,0.23787783422116027,20.042259099024793,24.042259099024793,3.999999999999999,4.0,13.167307325372194,3.3787244185625105,True,0,ok
25.766666666666666,0.13,0.06318187504965754,-0.017212536891729847,-0.10807208972774816,6.709291591804478e-11,-0.24710214507669842,2.3575223952904736,3.2720701076655767,3.513212990237896,0.2411428825723192,19.80266995331763,23.80266995331763,3.999999999999999,4.0,12.86907176358753,3.406380828847171,True,0,ok
25.766666666666666,0.13333333333333333,0.04370817214303874,0.0023906504110560952,-0.075667018752351,8.648998028643275e-10,-0.2400830154287586,2.7690156756743125,3.3060736379148645,3.5505251033530514,0.24445146543818685,19.561834172814354,23.56183417281435,3.999999999999999,4.0,12.646304642681567,3.445271572372198,True,0,ok
25.766666666666666,0.13666666666666666,0.027744432922094036,0.02217814722189741,-0.04263086276759562,1.6814012799012716e-11,-0.23346660421312876,3.3367430425497226,3.3398747926113037,3.587654848271993,0.2477800556606895,19.323776444857135,23.32377644485713,3.999999999999999,4.0,12.42954145488269,3.484129482284121,True,0,ok
25.766666666666666,0.14,0.017730018775503047,0.02373970629488496,-0.019480427160913878,5.175254385477243e-10,-0.22525696775923776,3.4830897320634544,3.3733714580402876,3.4959327646375176,0.12256130659722997,19.09036267197037,21.09036267197037,1.9999999999999996,2.0,12.03124631766984,3.4983668771960255,True,0,ok
25.766666666666666,0.14333333333333334,0.006684723347347456,0.00033229419994472783,-0.011573511103221856,2.529677817317424e-10,-0.21540458932687306,2.7750037020310807,3.406941644422373,3.406941644422371,-2.220446049250313e-15,18.855176169164086,18.855176169164086,0.0,0.0,11.347003316431568,3.473131912880094,True,0,ok
25.766666666666666,0.14666666666666667,0.015863170482234432,0.017788832429181438,0.020939865664604356,1.1307342136052546e-08,-0.20946747289769033,3.372798547085442,3.439945135354375,3.4399451353543733,-1.7763568394002505e-15,18.628916683882583,18.628916683882583,0.0,0.0,11.142711476196224,3.508856751066523,True,0,ok
25.766666666666666,0.15000000000000002,0.03744688659884978,0.035487309643196845,0.054290503793289785,8.22940082942895e-10,-0.2038580789275645,4.272750324176275,3.4731385686785585,3.4731385686785585,0.0,18.39915846558564,18.39915846558564,0.0,0.0,10.939361671428237,3.544935591643052,True,0,ok
25.766666666666666,0.15333333333333335,0.05932309110202374,0.05313858481319333,0.08794303962081401,4.613153375380404e-09,-0.19856050277201365,5.727182024097201,3.5057841662758147,3.5057841662758134,-1.3322676295501878e-15,18.177844951494674,18.177844951494674,0.0,0.0,10.744086414749619,3.5804369509686396,True,0,ok
25.766666666666666,0.15666666666666668,0.08163368798257993,0.07093893114101041,0.1223104455452707,2.0595746092363123e-09,-0.1935662822475129,8.546706939084823,3.538466877978048,3.538466877978048,0.0,17.955615272661795,17.955615272661795,0.0,0.0,10.551171200948339,3.616092332908869,True,0,ok
25.766666666666666,0.16,0.1041709677636567,0.08874052509358041,0.15709834747878776,9.692133470546581e-09,-0.18886556797042717,16.120119087346918,3.5707924098196013,3.5707924098196,-1.3322676295501878e-15,17.738719504881686,17.738719504881686,0.0,0.0,10.364227874780793,3.6514018218704893,True,0,ok
25.766666666666666,0.16333333333333333,0.12706532881342172,0.10665749351647187,0.192512265677209,1.9988133189489598e-08,-0.18445006472587078,108.2007493078268,3.6029839333374056,3.602983933337405,-4.440892098500626e-16,17.52368452715768,17.52368452715768,0.0,0.0,10.18089907327592,3.6866459653667296,True,0,ok
25.766666666666666,0.16666666666666669,0.15024333171668186,0.12461673935725341,0.22845096727296446,1.0902513168996498e-09,-0.18031155452061182,24.249989693072465,3.6349606122187788,3.6349606122187805,1.7763568394002505e-15,17.311735694536246,17.311735694536246,0.0,0.0,10.001964851874273,3.721716410945113,True,0,ok
25.766666666666666,0.17,0.17372181965581054,0.14264079841695476,0.264936623554675,7.024340987987352e-10,-0.1764392639045858,11.181639391772846,3.6667136651429573,3.6667136651429577,4.440892098500626e-16,17.103018567963087,17.103018567963087,0.0,0.0,9.827262467980619,3.756601744039219,True,0,ok
25.766666666666666,0.17333333333333334,0.19752591174509754,0.1607372354039263,0.302014897955215,4.457510835008678e-09,-0.17282737426976744,7.379427106435502,3.6983141447301526,3.6983141447301526,0.0,16.896439366069302,16.896439366069302,0.0,0.0,9.656100758753853,3.791387277363354,True,0,ok
25.766666666666666,0.1766666666666667,0.221569280205163,0.17884278209287902,0.3395498447727242,4.0579717646307815e-10,-0.16945767663714026,5.5786959772584375,3.729590758241347,3.729590758241348,8.881784197001252e-16,16.694523671220004,16.694523671220004,0.0,0.0,9.489749952972609,3.82585734500518,True,0,ok
25.766666666666666,0.18,0.24597684451696536,0.19705412097140335,0.3777346919780566,1.75576056439005e-08,-0.16634366115810348,4.523009903687267,3.7607777074227604,3.7607777074227617,1.3322676295501878e-15,16.493863723310756,16.493863723310756,0.0,0.0,9.326291663856908,3.860297156772723,True,0,ok
25.766666666666666,0.18333333333333335,0.27069062492054474,0.21531559285722593,0.4164846200427638,3.3911918304255055e-08,-0.16346337543378742,3.832514193192192,3.791768411985073,3.791768411985071,-1.7763568394002505e-15,16.29595637956292,16.29595637956292,0.0,0.0,9.16638646395413,3.894575193472348,True,0,ok
25.766666666666666,0.18666666666666668,0.29566029573029906,0.23359268936810645,0.45571864882596036,4.977021063039428e-10,-0.1608067946223436,3.3478148658276,3.822476929111262,3.8224769291112612,-8.881784197001252e-16,16.10203031748028,16.10203031748028,0.0,0.0,9.010638524140994,3.9285803591413972,True,0,ok
25.766666666666666,0.19,0.32094718361486274,0.2519245175108043,0.4955353887341304,8.27914297500696e-10,-0.15837142922149386,2.988162342764722,3.8530086426779677,3.8530086426779677,0.0,15.910569123479368,15.910569123479368,0.0,0.0,8.858089476790315,3.962442145763462,True,0,ok
25.766666666666666,0.19333333333333336,0.3465323247164848,0.27030019181324616,0.5359027547288371,4.7336771768013506e-11,-0.15615221905285095,2.7114465983642684,3.8833308064466214,3.8833308064466214,0.0,15.722016914864875,15.722016914864875,0.0,0.0,8.70894105367066,3.9961158321225976,True,0,ok
25.766666666666666,0.19666666666666668,0.3724236736554617,0.2887215004547142,0.5768345285021242,1.4347365221786326e-09,-0.15414378631802833,2.4921454564518704,3.9134616925348316,3.913461692534831,-4.440892098500626e-16,15.536111938328249,15.536111938328249,0.0,0.0,8.562976070627185,4.029621135493333,True,0,ok
25.766666666666666,0.2,0.39864681362836185,0.30720422551232446,0.6183715791298227,5.52412819775011e-10,-0.1523422456833506,2.3141038339041096,3.943436592811382,3.943436592811381,-8.881784197001252e-16,15.352355866667489,15.352355866667489,0.0,0.0,8.419837743205866,4.062999934910902,True,0,ok
25.833333333333332,0.1,0.22832247158022162,-0.16983416303952958,-0.35714116277764146,8.946923477413234e-10,-0.32694677124067967,1.066391505599794,2.9786453310501284,3.192915364066012,0.21427003301588377,21.992375183509004,25.992375183509004,3.999999999999999,4.0,15.173096038975189,3.090364408673177,True,0,ok
25.833333333333332,0.10333333333333333,0.21048696444561996,-0.15292277160915127,-0.33095152594897065,1.3497192968472966e-07,-0.31589543676458554,1.1344392541670438,3.012077477395054,3.2292563016034834,0.2171788242084296,21.77970516570862,25.77970516570862,3.999999999999999,4.0,14.907018747874165,3.125120318589131,True,0,ok
25.833333333333332,0.10666666666666667,0.19142029757441892,-0.13472036307362736,-0.3029449038088399,1.9001681775987073e-09,-0.3053133534005095,1.222013473472452,3.04760345135466,3.267916693989612,0.2203132426349521,21.52520695601317,25.52520695601317,3.999999999999999,4.0,14.625360781242867,3.1634116526361646,True,0,ok
25.833333333333332,0.11,0.1713244068344185,-0.11548593797168237,-0.27334804784797123,7.429037118003046e-10,-0.29523258956477916,1.333002467154261,3.0845550900143324,3.30817585362098,0.22362076360664762,21.24227369501955,25.24227369501955,3.999999999999999,4.0,14.335683815632676,3.2042668575990896,True,0,ok
25.833333333333332,0.11333333333333334,0.15154125787558637,-0.09677772302917928,-0.2439842839959792,1.9498002945463515e-06,-0.28568826679941606,1.4591600181349607,3.1200088934575914,3.3468482974825577,0.22683940402496638,20.986132203728186,24.986132203728186,3.999999999999999,4.0,14.067766717232578,3.243097523840493,True,0,ok
25.833333333333332,0.11666666666666667,0.13151745578226337,-0.07791460910656503,-0.21405568717996995,2.882522215291538e-08,-0.2766152795890077,1.6111468632934811,3.155238163379823,3.385319514443113,0.23008135106328975,20.73314390089825,24.73314390089825,3.999999999999999,4.0,13.8079753865682,3.2818750701010906,True,0,ok
25.833333333333332,0.12000000000000001,0.11111442314516776,-0.05868398174971743,-0.1832905763498195,7.830088414623275e-11,-0.26801980110690227,1.8000766143550337,3.190612731667796,3.423993092451975,0.2333803607841789,20.4763879400005,24.4763879400005,3.999999999999999,4.0,13.552419080822126,3.321188613841715,True,0,ok
25.833333333333332,0.12333333333333334,0.09090333969183623,-0.03964463183772354,-0.15237635862508153,3.458643336834587e-10,-0.2598660458151303,2.0294686821220775,3.225162974567702,3.4618076189515303,0.23664464438382815,20.233553619734597,24.233553619734593,3.999999999999999,4.0,13.310022438867625,3.3594962953592846,True,0,ok
25.833333333333332,0.12666666666666668,0.070359401119082,-0.019939686510141996,-0.12022372843737994,3.2154957642640673e-09,-0.2521613376714304,2.332434108697478,3.260346924158093,3.5003584261612875,0.24001150200319454,19.978622463533807,23.978622463533807,3.999999999999999,4.0,13.06671939908689,3.3990960819279654,True,0,ok
25.833333333333332,0.13,0.05347355790864764,-0.007657367798439011,-0.09230183586813373,3.163948373308131e-09,-0.24445369327087127,2.541677029712059,3.294426589599907,3.5377402698475335,0.24331368024762634,19.742206114216913,23.742206114216913,3.999999999999999,4.0,12.762428326473527,3.425181875889627,True,0,ok
25.833333333333332,0.13333333333333333,0.034727126393550446,0.012658790123750355,-0.058801997884967476,2.2829979636549646e-09,-0.23757361937685456,3.039601882942525,3.329193745245862,3.5759177046684383,0.2467239594225763,19.493269626062865,23.493269626062865,3.999999999999999,4.0,12.538392514202139,3.465367428676386,True,0,ok
25.833333333333332,0.13666666666666666,0.021986901880091673,0.016680250863689308,-0.034235081334483906,3.3057571220505814e-10,-0.22932462327177722,3.2268119074017094,3.362937548094376,3.4849996553133815,0.12206210721900534,19.261050758219863,21.261050758219863,1.9999999999999996,2.0,12.160021192024411,3.4832840540973073,True,0,ok
25.833333333333332,0.14,0.014884577244906196,-0.005362280263287276,-0.025217015478773235,2.9375915955889126e-09,-0.21935505374996414,2.620068654658062,3.3971801640214134,3.3971801640214125,-8.881784197001252e-16,19.019906076668,19.019906076668,0.0,0.0,11.476283243444888,3.4600931764892477,True,0,ok
25.833333333333332,0.14333333333333334,0.00834151222730124,0.012348418465997352,0.00750060264919115,4.701709613210075e-08,-0.21320401443658665,3.158740219817466,3.4307508219420493,3.4307508219420497,4.440892098500626e-16,18.78938664655052,18.78938664655052,0.0,0.0,11.267164320137011,3.49637852261243,True,0,ok
25.833333333333332,0.14666666666666667,0.029393635464282322,0.030243844689418733,0.04095445367507256,2.1591537907982388e-10,-0.20738944761019973,3.9492272203904957,3.4643619220418986,3.4643619220418977,-8.881784197001252e-16,18.557803663218966,18.557803663218966,0.0,0.0,11.060621247574412,3.5328340988996247,True,0,ok
25.833333333333332,0.15000000000000002,0.05141762340841413,0.04818042667161432,0.0748996827539989,2.3475711184599035e-09,-0.2019035737759894,5.199431897645715,3.4976814229201234,3.4976814229201234,0.0,18.330513956389566,18.330513956389566,0.0,0.0,10.859876717716269,3.569038266392573,True,0,ok
25.833333333333332,0.15333333333333335,0.07384719090236981,0.06622051055773878,0.10943064833028068,1.0362389627833824e-09,-0.1967337190197336,7.474998187632545,3.5307938303787982,3.5307938303787982,0.0,18.10621629546044,18.10621629546044,0.0,0.0,10.663794933041736,3.6050960694686363,True,0,ok
25.833333333333332,0.15666666666666668,0.0966138208876673,0.08432870022961167,0.14453844290404905,4.717867353629065e-09,-0.1918706766884101,12.905651556378581,3.5637488330027254,3.5637488330027245,-8.881784197001252e-16,17.88408588108751,17.88408588108751,0.0,0.0,10.47199768417806,3.641063562703152,True,0,ok
25.833333333333332,0.16,0.11966433579346096,0.10248613685073166,0.18015341111420463,5.101353900536733e-09,-0.1873018397850879,42.18617573487688,3.5964087343773694,3.5964087343773694,0.0,17.666304880948346,17.666304880948346,0.0,0.0,10.28545704846154,3.6767666408444377,True,0,ok
25.833333333333332,0.16333333333333333,0.14307654342038553,0.12074392276758539,0.21641071356583014,2.3754384311532606e-09,-0.18302236926934537,35.78395094573558,3.6289672074305406,3.628967207430542,1.3322676295501878e-15,17.44986254755662,17.44986254755662,0.0,0.0,10.102354118415555,3.712444390453513,True,0,ok
25.833333333333332,0.16666666666666669,0.16674067217863273,0.13902365559833538,0.2531398397325522,1.5070528166393493e-09,-0.1790171030138627,12.972365818032,3.6611967020584095,3.6611967020584095,0.0,17.23822679001219,17.23822679001219,0.0,0.0,9.924536487099877,3.747808504128468,True,0,ok
25.833333333333332,0.17,0.19075912311172122,0.15739410525805714,0.2905068411949606,2.101451804136954e-09,-0.175279721028175,8.056294150972308,3.6932993894452366,3.693299389445238,1.3322676295501878e-15,17.028318986707593,17.028318986707593,0.0,0.0,9.750069653975544,3.7831112585498627,True,0,ok
25.833333333333332,0.17333333333333334,0.21502591062837578,0.17577693411643308,0.32834569611510656,2.2170821002852845e-09,-0.1717943282900375,5.924835221369607,3.7250730566877555,3.725073056687756,4.440892098500626e-16,16.823132666664335,16.823132666664335,0.0,0.0,9.580536665332632,3.8180963186162047,True,0,ok
25.833333333333332,0.1766666666666667,0.23966348056555659,0.19426896716231337,0.3668450901239906,4.158592858723225e-10,-0.16857988198058987,4.728049170879731,3.7567673188155744,3.7567673188155766,2.220446049250313e-15,16.61908500421031,16.61908500421031,0.0,0.0,9.41400524890329,3.8530644943573855,True,0,ok
25.833333333333332,0.18,0.26460426970041406,0.2128066759071432,0.4059058724882168,1.357853196976716e-09,-0.1655976197648,3.966479196960959,3.7882145009435844,3.7882145009435835,-8.881784197001252e-16,16.418486556531985,16.418486556531985,0.0,0.0,9.251366752578253,3.8878160986352253,True,0,ok
25.833333333333332,0.18333333333333335,0.2898206741416934,0.23137050474674556,0.4454837359691968,3.791464990818349e-09,-0.16285148174077618,3.4404440988927782,3.8194039270674924,3.8194039270674915,-8.881784197001252e-16,16.221513559720073,16.221513559720073,0.0,0.0,9.092802864586618,3.9223276057387064,True,0,ok
25.833333333333332,0.18666666666666668,0.3153579573152403,0.2499908886404488,0.4856505732755615,3.959827305567871e-09,-0.16033725060524137,3.055011595275812,3.850409884595526,3.850409884595527,8.881784197001252e-16,16.027101821982768,16.027101821982768,0.0,0.0,8.937603469290123,3.9566895080309537,True,0,ok
25.833333333333332,0.19,0.3412241714137518,0.26867458068465583,0.526417871243871,1.322852861836851e-09,-0.15804806045108274,2.7609068242197004,3.881232618902992,3.8812326189029913,-8.881784197001252e-16,15.835230107003326,15.835230107003326,0.0,0.0,8.78564987399624,3.99090031921671,True,0,ok
25.833333333333332,0.19333333333333336,0.36738570986302455,0.28739296146450033,0.5677341500520641,2.5274217902476976e-10,-0.15597579079558274,2.5298027765092534,3.911831623914006,3.911831623914006,0.0,15.646452133942311,15.646452133942311,0.0,0.0,8.637200319593907,4.024905270064859,True,0,ok
25.833333333333332,0.19666666666666668,0.39385168751186284,0.3061467496356724,0.609615963501071,1.6599565329708752e-09,-0.15410881236725787,2.3436392998604103,3.942212409899629,3.942212409899628,-8.881784197001252e-16,15.460671966521558,15.460671966521558,0.0,0.0,8.49203466923658,4.0587116300087605,True,0,ok
25.833333333333332,0.2,0.4206129327670856,0.32492970551269756,0.6520478541550598,4.64961791304341e-10,-0.15244641501232892,2.190710283745269,3.9723759872097344,3.9723759872097357,1.3322676295501878e-15,15.27784570431122,15.27784570431122,0.0,0.0,8.35013648958182,4.092315223658128,True,0,ok
25.9,0.1,0.22109243290455496,-0.16265971709830324,-0.34668055627113753,1.5240557373964633e-09,-0.32349494260050204,1.0965175999791066,2.996599602454359,3.212426822752147,0.215827220297788,21.96742448729446,25.96742448729446,3.999999999999999,4.0,15.080351497764452,3.104938698981315,True,0,ok
25.9,0.10333333333333333,0.20253987355656006,-0.14500978307713386,-0.3194360091674772,4.980344958878507e-10,-0.3124962307562308,1.1731586104160145,3.031389302093841,3.250266445054188,0.2188771429603471,21.734523109373296,25.734523109373296,3.999999999999999,4.0,14.80420920577714,3.14156406967033,True,0,ok
25.9,0.10666666666666667,0.18283407748995759,-0.12615946426068467,-0.29046288790868263,1.2863647000139967e-07,-0.30199731894581927,1.271280289234617,3.067961916788793,3.29009147769775,0.2221295609089573,21.466147697324754,25.466147697324754,3.999999999999999,4.0,14.516645372274983,3.181324886642792,True,0,ok
25.9,0.11,0.1622397941291311,-0.10643378000740668,-0.2600713418862668,1.8120246458527145e-09,-0.29203543991950665,1.3948430785550046,3.105581948342155,3.33110628527477,0.2255243369326152,21.17690924966427,25.17690924966427,3.999999999999999,4.0,14.225605214575694,3.223098431428748,True,0,ok
25.9,0.11333333333333334,0.1426470473491161,-0.08803817143727843,-0.23085454451286694,5.2288091225092864e-11,-0.2825951973149056,1.527717820927776,3.1402953859583453,3.368996329023849,0.22870094306550381,20.940075354486275,24.940075354486275,3.999999999999999,4.0,13.969600340003783,3.2605932247413807,True,0,ok
25.9,0.11666666666666667,0.12183157609418893,-0.06831202430199212,-0.19965536841404108,2.82029162495959e-09,-0.2736303952149082,1.7036524231795014,3.1768260733494715,3.40891550040307,0.23208942705359847,20.668824929035434,24.668824929035434,3.999999999999999,4.0,13.701859559359653,3.30130314061676,True,0,ok
25.9,0.12000000000000001,0.10150139843149611,-0.049182796594785465,-0.16878582336726008,2.5575577686166644e-10,-0.2651447038599232,1.9101034702527113,3.2118223941218216,3.4472016996265857,0.23537930550476416,20.424250927865334,24.424250927865334,3.999999999999999,4.0,13.454439667345417,3.339885043064924,True,0,ok
25.9,0.12333333333333334,0.08070363056271886,-0.02936457486160842,-0.1366636370846628,6.76871765935381e-10,-0.2571108746589079,2.180190010050945,3.2474652514056634,3.4862390736101028,0.23877382220443932,20.167319546718915,24.167319546718915,3.999999999999999,4.0,13.206249222978629,3.3798038907128207,True,0,ok
25.9,0.12666666666666668,0.06392582409873071,-0.01812865795626792,-0.10922858930156619,1.373368662999369e-09,-0.24902569579315895,2.338574777951395,3.2824472141888066,3.524595550126893,0.2421483359380865,19.921083699475275,23.921083699475275,3.999999999999999,4.0,12.87647107402228,3.4044036129748165,True,0,ok
25.9,0.13,0.043896447655170076,0.0021041047783030287,-0.07600175717252315,2.649601154059065e-09,-0.2418409653689151,2.7594875018718015,3.3173920807368926,3.5629537327042526,0.24556165196736002,19.674820532102917,23.674820532102917,3.999999999999999,4.0,12.651055341982419,3.444485716196745,True,0,ok
25.9,0.13333333333333333,0.027572614895106064,0.022550808277498353,-0.04209760471206154,5.364763703480813e-10,-0.23508047568599882,3.3458263185953174,3.352128924432404,3.601125476027126,0.2489965515947219,19.43136926894979,23.43136926894979,3.999999999999999,4.0,12.43186421609696,3.4845573012078903,True,0,ok
25.9,0.13666666666666666,0.018879433535391593,0.02876165157264722,-0.015558484202050193,5.429716516263151e-10,-0.2270656426621051,3.673644875962312,3.386578839045832,3.50977455856534,0.12319571951950792,19.19220940508116,21.19220940508116,1.9999999999999996,2.0,12.06988416179218,3.5062043092635555,True,0,ok
25.9,0.14,0.00528364620252348,0.006609913529609707,-0.006329280742027785,1.0558459913017047e-09,-0.21709800790512798,2.9620169605236653,3.4210311594784755,3.4210311594784764,8.881784197001252e-16,18.952426485750674,18.952426485750674,0.0,0.0,11.394657163415387,3.4833549805675754,True,0,ok
25.9,0.14333333333333334,0.02117417382280864,0.02466126966454127,0.02714514118158752,1.426046809642732e-09,-0.21107038894207283,3.6563548590161585,3.4549749854890415,3.454974985489041,-4.440892098500626e-16,18.720548351861837,18.720548351861837,0.0,0.0,11.185801274642419,3.520070527902096,True,0,ok
25.9,0.14666666666666667,0.04326859541089234,0.04292980568341886,0.06142919363362898,2.2282600985500408e-08,-0.20538619898677196,4.738542965995977,3.4890224601465527,3.489022460146554,1.3322676295501878e-15,18.486551306325968,18.486551306325968,0.0,0.0,10.978892674194798,3.5570406006873734,True,0,ok
25.9,0.15000000000000002,0.06576878517680022,0.06118272338064509,0.09608992491735935,7.750905797794081e-11,-0.20002959507930532,6.60032669201573,3.5225733428299457,3.5225733428299457,0.0,18.26013613137944,18.26013613137944,0.0,0.0,10.7796417201438,3.5935030574718456,True,0,ok
25.9,0.15333333333333335,0.08874513343150386,0.07959337996347553,0.1314990113625045,3.098631135109189e-11,-0.1949923078081446,10.65307774624218,3.5561569065574186,3.556156906557419,4.440892098500626e-16,18.03287542673834,18.03287542673834,0.0,0.0,10.582939669445617,3.6301217831729806,True,0,ok
25.9,0.15666666666666668,0.11194917796710921,0.09799497337985424,0.16731658774555536,3.891704737996267e-10,-0.19025797510164236,25.610152542160417,3.5893002660639053,3.5893002660639053,0.0,17.812173157313065,17.812173157313065,0.0,0.0,10.392956232511544,3.666298487759844,True,0,ok
25.9,0.16,0.13553872163697683,0.11651055776227559,0.2038075688459119,2.1874782614483603e-09,-0.1858229943914445,73.23073922407994,3.6223596309681727,3.6223596309681727,0.0,17.59252891842031,17.59252891842031,0.0,0.0,10.206337778415925,3.702477059572941,True,0,ok
25.9,0.16333333333333333,0.15940916620571516,0.13506224121607724,0.2408153604089534,1.5972447702396075e-10,-0.18167554384288537,15.651284257759134,3.655133204612889,3.655133204612889,0.0,17.377019364229508,17.377019364229508,0.0,0.0,10.024760971460786,3.738400014142113,True,0,ok
25.9,0.16666666666666669,0.18362767045761066,0.15370698096198454,0.27844483848083573,3.981059984960587e-09,-0.17780699502969916,8.937136003344518,3.6877221988669824,3.687722198866981,-1.3322676295501878e-15,17.16412191216614,17.16412191216614,0.0,0.0,9.847114939854986,3.774193670984582,True,0,ok
25.9,0.17,0.20815538075047418,0.17240462818830507,0.31664275103873274,4.400852990789e-09,-0.17420595171422446,6.344137654728646,3.720079196682395,3.7200791966823945,-4.440892098500626e-16,16.9545054774957,16.9545054774957,0.0,0.0,9.673712604982034,3.809794813265995,True,0,ok
25.9,0.17333333333333334,0.2329805903876534,0.19114577410349642,0.35539155805183914,3.5600558238350833e-09,-0.17086968371466896,4.971426674733147,3.752204662675353,3.752204662675354,8.881784197001252e-16,16.748202966804843,16.748202966804843,0.0,0.0,9.504550973176288,3.845196389356573,True,0,ok
25.9,0.1766666666666667,0.2581604903844565,0.20997529630848813,0.39477954775645585,1.5136973264994913e-09,-0.16778848017106116,4.121373626514886,3.784162828084612,3.7841628280846105,-1.3322676295501878e-15,16.544228456603502,16.544228456603502,0.0,0.0,9.338838029048164,3.880480981564258,True,0,ok
25.9,0.18,0.2836417477632862,0.2288439234608771,0.4347279401161918,4.6019974438794536e-11,-0.1649514326095737,3.5454138627057645,3.8158860396285483,3.8158860396285483,0.0,16.343539096748508,16.343539096748508,0.0,0.0,9.17706818029943,3.9155590759026344,True,0,ok
25.9,0.18333333333333335,0.3094320037088215,0.24776113697591348,0.4752461612282324,3.3962880726389646e-09,-0.16235216972245908,3.1300564881106263,3.847376890130881,3.8473768901308816,4.440892098500626e-16,16.146100015619353,16.146100015619353,0.0,0.0,9.019108157447972,3.950430694850612,True,0,ok
25.9,0.18666666666666668,0.3355737909593339,0.2667530621124059,0.5164030512982191,5.673319980693348e-10,-0.15998671714047838,2.816139653001644,3.8787046197613875,3.878704619761387,-4.440892098500626e-16,15.950920008980468,15.950920008980468,0.0,0.0,8.864302426715973,3.9851803695319137,True,0,ok
25.9,0.19,0.3619703799482975,0.2857435381120491,0.5580486522759037,5.795273989172159e-10,-0.15783717419505125,2.57211420115815,3.9097260885832608,3.90972608858326,-8.881784197001252e-16,15.759962574593015,15.759962574593015,0.0,0.0,8.713642541140647,4.019626131500697,True,0,ok
25.9,0.19333333333333336,0.3887067232814565,0.3047946403725449,0.6003157314053925,5.088497673570933e-10,-0.1559082128871195,2.376404538055921,3.94057462320289,3.9405746232028895,-4.440892098500626e-16,15.571373608243885,15.571373608243885,0.0,0.0,8.566044656379084,4.053931115812811,True,0,ok
25.9,0.19666666666666668,0.4157704058391796,0.3238972483900707,0.6431840044655722,1.3062486944760106e-09,-0.15419235557304317,2.2163230608365194,3.971226465678173,3.971226465678173,0.0,15.385459588612795,15.385459588612795,0.0,0.0,8.421600481415394,4.08806302174732,True,0,ok
25.9,0.2,0.4431527730389685,0.3430417061081511,0.6866407566018722,1.8209265402537437e-10,-0.15268340091418733,2.08317876102715,4.00167539856635,4.00167539856635,0.0,15.202293390212116,15.202293390212116,0.0,0.0,8.280290345220621,4.122010698392329,True,0,ok
25.966666666666665,0.1,0.21364361665393677,-0.1553372391120627,-0.3358587902020203,3.0822708411085174e-10,-0.31999569583218795,1.1285613963031083,3.0150785830850797,3.232520462725895,0.2174418796408153,21.938032624923427,25.938032624923423,3.999999999999999,4.0,14.98290551066399,3.119833556274932,True,0,ok
25.966666666666665,0.10333333333333333,0.19435207023896334,-0.1369210196197522,-0.3075236836485935,3.651351435491072e-09,-0.3090639558545796,1.2149764248493513,3.0512186136573276,3.2718533211401954,0.22063470748286784,21.685418261472808,25.685418261472808,3.999999999999999,4.0,14.697485415897743,3.158358645741724,True,0,ok
25.966666666666665,0.10666666666666667,0.17392357320158724,-0.11731964291404912,-0.2774605004899682,2.926995409504359e-10,-0.29865895092459466,1.3258936864243522,3.088960052772634,3.3129783123427803,0.22401825957014632,21.400967049173115,25.400967049173115,3.999999999999999,4.0,14.403334111353523,3.199835534833423,True,0,ok
25.966666666666665,0.11,0.15348894398893093,-0.09788340395113576,-0.24717485109017526,1.8548012258260257e-09,-0.28881633443042154,1.455922238008018,3.1258556831394015,3.35323012299276,0.22737443985335837,21.130938478060276,25.130938478060273,3.999999999999999,4.0,14.124545184225484,3.240317187461258,True,0,ok
25.966666666666665,0.11333333333333334,0.1331074529616756,-0.0786433805257618,-0.21672102067246318,6.784836823866841e-09,-0.2794721542964259,1.609130998590948,3.1618754829413818,3.392572493214978,0.23069701027359635,20.875927618932657,24.875927618932657,3.999999999999999,4.0,13.860518246766832,3.2797247007660935,True,0,ok
25.966666666666665,0.11666666666666667,0.11212772820760555,-0.058766023687701265,-0.1851065551484672,1.6956382087215512e-09,-0.2706321810144328,1.8038544423268719,3.1984406253302526,3.43255691452284,0.23411628919258742,20.609834989349032,24.60983498934903,3.999999999999999,4.0,13.5974409551563,3.320361057230536,True,0,ok
25.966666666666665,0.12000000000000001,0.09148709697327755,-0.03925046959085836,-0.15352220482617743,5.524203898607052e-10,-0.26225687836436323,2.03882418125506,3.2338881965804323,3.4713637695078114,0.2374755729273792,20.36276575419642,24.36276575419642,3.999999999999999,4.0,13.350343593904071,3.3595181362531323,True,0,ok
25.966666666666665,0.12333333333333334,0.0704372092539401,-0.018922940478389653,-0.12052436959429143,5.788687785311602e-10,-0.25435632216669957,2.3536329408534273,3.270132466950547,3.511088022635184,0.240955555684637,20.100719458936716,24.100719458936716,3.999999999999999,4.0,13.101401295717002,3.4002917836093864,True,0,ok
25.966666666666665,0.12666666666666668,0.054319066713566934,-0.00910356404406346,-0.093641914480613,3.801912185089253e-10,-0.24626054815301776,2.5080546065456435,3.305166421801911,3.5495290936597605,0.24436267185784954,19.858893609951608,23.858893609951608,3.999999999999999,4.0,12.76139444834019,3.422389617067427,True,0,ok
25.966666666666665,0.13,0.03488806187615976,0.011944408242495208,-0.059235645486150214,2.8851720475678063e-10,-0.23922256937755443,3.01579188367596,3.340914242872934,3.5887972856250676,0.2478830427521337,19.604104990189832,23.604104990189832,3.999999999999999,4.0,12.535565915795809,3.463961530171851,True,0,ok
25.966666666666665,0.13333333333333333,0.02166523815137966,0.021331348430911674,-0.030872661151689375,1.3471176743128653e-09,-0.2312073047531802,3.380751852803847,3.375605133558195,3.498273536398618,0.12266840284042324,19.366494221786017,21.366494221786017,1.9999999999999996,2.0,12.201205076695352,3.490461857820265,True,0,ok
25.966666666666665,0.13666666666666666,0.011817501625999134,0.0006150614495722774,-0.02045927011050801,1.0120251037273641e-10,-0.22111765935998423,2.7814401422564705,3.4108249017925956,3.410824901792595,-4.440892098500626e-16,19.119455044184406,19.119455044184406,0.0,0.0,11.525750396567943,3.469798413944262,True,0,ok
25.966666666666665,0.14,0.013299692513790845,0.018899626871116692,0.013170025323313189,2.4370954587668712e-09,-0.21486592033720828,3.3980757059018414,3.445289191385551,3.445289191385552,1.3322676295501878e-15,18.884336795498466,18.884336795498466,0.0,0.0,11.31261344679835,3.507005349574493,True,0,ok
25.966666666666665,0.14333333333333334,0.03496531031751538,0.03741013714929296,0.04762562771524812,1.1107957644838705e-08,-0.20896763935322626,4.335280376589403,3.479861944031478,3.4798619440314753,-2.6645352591003757e-15,18.647019252747484,18.647019252747484,0.0,0.0,11.101493871496396,3.54447844527455,True,0,ok
25.966666666666665,0.14666666666666667,0.05758614763887418,0.05595998519482798,0.08256496385667031,1.0642561329444906e-09,-0.20341398434985872,5.890749959662927,3.5140483945803895,3.5140483945803895,0.0,18.41547015178197,18.41547015178197,0.0,0.0,10.897077341063156,3.5815897618676837,True,0,ok
25.966666666666665,0.15000000000000002,0.08065678256234368,0.07459277860614312,0.1181205617144724,3.4328301481194485e-10,-0.19818960492693427,9.000210970502744,3.5480864769061555,3.5480864769061555,0.0,18.185941876288215,18.185941876288215,0.0,0.0,10.69711951685265,3.6186323511896727,True,0,ok
25.966666666666665,0.15333333333333335,0.10407957392838021,0.0932956935672931,0.15425169914505713,2.280887779324638e-09,-0.193286263734765,18.212007104513464,3.581885864753135,3.5818858647531346,-4.440892098500626e-16,17.959819288822494,17.959819288822494,0.0,0.0,10.502183229399385,3.655491345047438,True,0,ok
25.966666666666665,0.15666666666666668,0.12784231641064187,0.11207965663667371,0.19096890889336238,3.2046890897517527e-10,-0.18869122038592073,858.6229790035756,3.6154360196298496,3.61543601962985,4.440892098500626e-16,17.737296814926417,17.737296814926417,0.0,0.0,10.312137119263818,3.69215104329935,True,0,ok
25.966666666666665,0.16,0.15195409927991088,0.13094215903244139,0.22830745903677757,9.016945137576141e-10,-0.18439743680479087,19.88480275285785,3.64881618579855,3.64881618579855,0.0,17.5171307409496,17.5171307409496,0.0,0.0,10.126244975909213,3.728705681502209,True,0,ok
25.966666666666665,0.16333333333333333,0.17636574278942582,0.14985484238212465,0.2661919456024661,4.151325863215897e-09,-0.18039134255528,10.072220670424823,3.6819065458826117,3.6819065458826117,0.0,17.301147113646913,17.301147113646913,0.0,0.0,9.94534255609617,3.7650022051976664,True,0,ok
25.966666666666665,0.16666666666666669,0.20115051562497868,0.16886509947111072,0.30474443061226936,4.2651800691081487e-10,-0.1766685339258666,6.8431503189687275,3.7148634456957423,3.7148634456957432,8.881784197001252e-16,17.086989597995665,17.086989597995665,0.0,0.0,9.767974810059622,3.8012340788829664,True,0,ok
25.966666666666665,0.17,0.22617191567501782,0.18786747415312158,0.3437542995740538,1.9399117297365668e-09,-0.17320366881974472,5.249863059782757,3.747429347070488,3.7474293470704887,8.881784197001252e-16,16.878411631581862,16.878411631581862,0.0,0.0,9.596075864036434,3.8370765011892134,True,0,ok
25.966666666666665,0.17333333333333334,0.251597300157607,0.2069971138689182,0.38347855114690454,9.859533560141185e-10,-0.17001854078758669,4.293944610554215,3.779917163009128,3.7799171630091273,-8.881784197001252e-16,16.670916746987224,16.670916746987224,0.0,0.0,9.427157645913372,3.872912411782312,True,0,ok
25.966666666666665,0.1766666666666667,0.27735252912637404,0.22618264301207494,0.42380973117480536,6.391046728332309e-10,-0.16708509716297149,3.6602548252271814,3.8121891792599993,3.81218917926,4.440892098500626e-16,16.46641872271002,16.46641872271002,0.0,0.0,9.262062675932409,3.908571904191942,True,0,ok
25.966666666666665,0.18,0.3033834302419425,0.2453866145802336,0.46466108791349703,7.383262918822597e-10,-0.16439306270335552,3.211427722528037,3.844155801118248,3.8441558011182484,4.440892098500626e-16,16.266189925608654,16.266189925608654,0.0,0.0,9.10141704010763,3.9439377428778903,True,0,ok
25.966666666666665,0.18333333333333335,0.3297612745836812,0.2646577984401016,0.5061459714054835,1.8613256179474156e-09,-0.16193982045341546,2.876185154407292,3.8759325314470074,3.875932531447008,4.440892098500626e-16,16.068582264518167,16.068582264518167,0.0,0.0,8.944170011374501,3.979152977270014,True,0,ok
25.966666666666665,0.18666666666666668,0.3564488900944208,0.2839664713896966,0.5482066005395393,7.963760972020201e-09,-0.159719567609598,2.61707723722768,3.9074754911966827,3.907475491196683,4.440892098500626e-16,15.874188995332931,15.874188995332931,0.0,0.0,8.790631198582679,4.01415710200912,True,0,ok
25.966666666666665,0.19,0.38347125908393825,0.3033316452777764,0.5908811493044434,8.178776074044117e-10,-0.15772573723667072,2.4109434591010674,3.9388122112038255,3.9388122112038255,0.0,15.682620732985978,15.682620732985978,0.0,0.0,8.64046158037767,4.048982737696714,True,0,ok
25.966666666666665,0.19333333333333336,0.41084142088769604,0.32275843936101717,0.6341916186550431,1.758310620063217e-09,-0.15595366849256434,2.2431685287247958,3.9699659489561894,3.96996594895619,4.440892098500626e-16,15.493543123884098,15.493543123884098,0.0,0.0,8.493405477822382,4.083656048907944,True,0,ok
25.966666666666665,0.19666666666666668,0.43850666919085135,0.3422052191496246,0.6780559599039903,5.019999345681693e-10,-0.1543904257229191,2.1045155662242623,4.0008639784631645,4.0008639784631645,0.0,15.30792070875587,15.30792070875587,0.0,0.0,8.349903126905994,4.118083147482524,True,0,ok
25.966666666666665,0.2,0.4664949604541973,0.36168896270870676,0.7225190230313586,1.1527798799329296e-09,-0.15303097986741587,1.9880132346558104,4.031544506077709,4.031544506077709,0.0,15.125220970335716,15.125220970335716,0.0,0.0,8.209556679754238,4.1523102800423,True,0,ok
26.03333333333333,0.1,0.20595346168660406,-0.14783774802088184,-0.3246451684565792,1.7898012271240587e-09,-0.31649344563628934,1.1632413307998881,3.034210956148843,3.253337346805641,0.21912639065679773,21.899846178824827,25.899846178824827,3.999999999999999,4.0,14.878924624525556,3.135281934732885,True,0,ok
26.03333333333333,0.10333333333333333,0.18594659422902846,-0.12867859307826962,-0.29524604552732275,3.6768692738441426e-09,-0.30564410290144256,1.26042442468126,3.0715739362184773,3.2940272775579693,0.22245334133949202,21.630224281913048,25.630224281913048,3.999999999999999,4.0,14.586244882669105,3.175564674985422,True,0,ok
26.03333333333333,0.10666666666666667,0.16486656510672276,-0.10840060452428099,-0.2641822511241779,3.3230798848009725e-10,-0.29535285449534565,1.3851598627707293,3.1102811982811414,3.3362330858600684,0.22595188757892704,21.333903201068328,25.333903201068328,3.999999999999999,4.0,14.288247005273185,3.218479390293169,True,0,ok
26.03333333333333,0.11,0.14462446430790696,-0.089300965497023,-0.2340385536409475,4.0257785562425333e-10,-0.28561720503279586,1.5217496884842945,3.146442229790242,3.3757100694903936,0.22926783970015174,21.083286083251693,25.083286083251693,3.999999999999999,4.0,14.021245082457055,3.2575783852652704,True,0,ok
26.03333333333333,0.11333333333333334,0.12341601686200226,-0.06914508909421857,-0.20227084888435767,8.696098302582735e-10,-0.27638556780093604,1.6992216758246212,3.183796840016795,3.416538155593557,0.23274131557676192,20.809736458661504,24.809736458661504,3.999999999999999,4.0,13.749620378398525,3.29901885326129,True,0,ok
26.03333333333333,0.11666666666666667,0.10250471617887942,-0.049376157341016184,-0.17053927876877245,3.255218137080022e-10,-0.2676591453256015,1.91166544944379,3.2199930454989865,3.4561465925057617,0.23615354700677527,20.55587251161957,24.555872511619565,3.999999999999999,4.0,13.494706707187007,3.3389107290738407,True,0,ok
26.03333333333333,0.12000000000000001,0.08124937960736946,-0.029032204258887317,-0.13770082125977867,1.4624827521671104e-10,-0.25940905692165817,2.188518466967633,3.256563953396403,3.4962113870911495,0.2396474336947465,20.294469897857585,24.294469897857585,3.999999999999999,4.0,13.242134043181812,3.379769736187514,True,0,ok
26.03333333333333,0.12333333333333334,0.06049963049027436,-0.00868438056392032,-0.10442795316676569,1.9367493100292977e-10,-0.25162954269426613,2.546457362381987,3.292616866624891,3.535754179369816,0.243137312744925,20.041142858111353,24.041142858111353,3.999999999999999,4.0,12.999550556873379,3.420122183578837,True,0,ok
26.03333333333333,0.12666666666666668,0.04478615628481399,2.2975007413342058e-05,-0.07757189475868422,2.639403732052853e-09,-0.2435164651166851,2.7050612686871194,3.3285432181511854,3.5752029837527317,0.24665976560154634,19.789282979270983,23.789282979270983,3.999999999999999,4.0,12.640198206389488,3.440738913454812,True,0,ok
26.03333333333333,0.13,0.027550710718878848,0.021212051587168008,-0.042745454153738496,9.75716238645843e-10,-0.23659998591158188,3.296979466929162,3.364266261503371,3.6144728309419913,0.2502065694386202,19.540088756083207,23.540088756083204,3.999999999999999,4.0,12.419679295952466,3.4822282929644217,True,0,ok
26.03333333333333,0.13333333333333333,0.02059738954179699,0.03366998520452511,-0.011793619636761891,5.327641849887309e-09,-0.22890177422842914,3.874331106464252,3.3997109897891193,3.523540297461019,0.1238293076718997,19.29498376436745,21.29498376436745,1.9999999999999996,2.0,12.10846483894179,3.513790030784833,True,0,ok
26.03333333333333,0.13666666666666666,0.007447332162082208,0.012845600035672462,-0.0011742353770329097,2.8600987224736445e-09,-0.21882070790557057,3.1649406563390223,3.435092106058579,3.4350921060585797,8.881784197001252e-16,19.050308217432224,19.050308217432224,0.0,0.0,11.442236399422521,3.4934195602874816,True,0,ok
26.03333333333333,0.14,0.026472998345986903,0.03151862651196547,0.033302178713698345,4.4186530920058607e-10,-0.21269840019505565,3.9755555140481587,3.4700182931840455,3.4700182931840455,0.0,18.812597777902674,18.812597777902674,0.0,0.0,11.228636799369411,3.531167865040628,True,0,ok
26.03333333333333,0.14333333333333334,0.04912457118883418,0.050385085256885925,0.06856393853270719,1.2096418489602677e-11,-0.2069360898477226,5.291354437507393,3.504963106565666,3.504963106565668,1.7763568394002505e-15,18.574113119130843,18.574113119130843,0.0,0.0,11.017971685281474,3.5690727411371124,True,0,ok
26.03333333333333,0.14666666666666667,0.07227884258641407,0.06926816267317065,0.10428142162810226,1.3075881423157352e-09,-0.2015173765270626,7.734002657071415,3.5394626592618437,3.539462659261845,1.3322676295501878e-15,18.34233621006707,18.34233621006707,0.0,0.0,10.814543154118256,3.6065418583111146,True,0,ok
26.03333333333333,0.15000000000000002,0.09592180355161553,0.08829384529649388,0.14073796244277154,8.283159302495579e-10,-0.19643351607822337,13.953531830872725,3.5739345868142243,3.5739345868142234,-8.881784197001252e-16,18.11064807863217,18.11064807863217,0.0,0.0,10.614378954928494,3.644099256489626,True,0,ok
26.03333333333333,0.15333333333333335,0.11983556166239853,0.1073297646109637,0.17765699295378912,4.342542019053471e-09,-0.19166861869604196,59.37982120913384,3.607986682157132,3.607986682157132,0.0,17.885172355745006,17.885172355745006,0.0,0.0,10.42084176114591,3.681245817466618,True,0,ok
26.03333333333333,0.15666666666666668,0.1441671665444274,0.12649197395091916,0.215295834270768,9.14356033298356e-10,-0.1872157405219317,27.911040987267,3.6419563162559263,3.6419563162559254,-8.881784197001252e-16,17.660690233748994,17.660690233748994,0.0,0.0,10.230720165988952,3.7184053564120068,True,0,ok
26.03333333333333,0.16,0.1687731680223893,0.14567756397118045,0.2534387383340668,4.5798087347545777e-10,-0.18306054967296007,11.645046048816942,3.6755652823126805,3.6755652823126828,2.220446049250313e-15,17.441431492024627,17.441431492024627,0.0,0.0,10.046328731434269,3.7552221341046166,True,0,ok
26.03333333333333,0.16333333333333333,0.19375747538448856,0.16496112641999158,0.2922562310240102,1.393845760986722e-09,-0.17919862847207504,7.47842606843053,3.7090286243656796,3.709028624365679,-4.440892098500626e-16,17.224171428685235,17.224171428685235,0.0,0.0,9.865674136190188,3.7919637614908526,True,0,ok
26.03333333333333,0.16666666666666669,0.21903699108106767,0.18428038067050026,0.33162079501364,4.70832836341085e-10,-0.1756117819386569,5.582124036463342,3.742178072752752,3.7421780727527514,-4.440892098500626e-16,17.011358236952695,17.011358236952695,0.0,0.0,9.68996257578576,3.828417017596996,True,0,ok
26.03333333333333,0.17,0.24469174053449072,0.20369899671859104,0.37165691490033526,4.944829684844605e-10,-0.17231318505192,4.494658353597811,3.775192335247734,3.775192335247734,0.0,16.80046834781817,16.80046834781817,0.0,0.0,9.517847447297408,3.864795027416,True,0,ok
26.03333333333333,0.17333333333333334,0.2706829720428201,0.22317748992197342,0.4123101042345796,1.016170642017898e-09,-0.1692691470312803,3.792826007006889,3.8079568091129117,3.8079568091129126,8.881784197001252e-16,16.59303205894958,16.59303205894958,0.0,0.0,9.349795773639412,3.9009620480228135,True,0,ok
26.03333333333333,0.1766666666666667,0.29697578210797543,0.2426891993782999,0.45352596174976667,7.960279306633265e-09,-0.16647991170926701,3.3037346144710047,3.8404468594002226,3.8404468594002226,0.0,16.38941849386167,16.38941849386167,0.0,0.0,9.186064459835308,3.9368773842339686,True,0,ok
26.03333333333333,0.18,0.3236106323010888,0.26226127993369175,0.49536909982605215,4.951206849579213e-10,-0.16394046632813677,2.9432430634182207,3.872730167469641,3.87273016746964,-8.881784197001252e-16,16.18866461076229,16.18866461076229,0.0,0.0,9.025994298054357,3.9726232213480204,True,0,ok
26.03333333333333,0.18333333333333335,0.35059548198305557,0.28190041849994696,0.5378510295707798,9.355437058982221e-10,-0.16164329733772334,2.666970570475756,3.9048072285573006,3.9048072285573006,0.0,15.99074203708246,15.99074203708246,0.0,0.0,8.869451149677822,4.00819807566899,True,0,ok
26.03333333333333,0.18666666666666668,0.37790025882403017,0.3015801545889476,0.5809261805220293,8.009799877950194e-10,-0.15957970197390603,2.4491088388335966,3.936643579385492,3.9366435793854917,-4.440892098500626e-16,15.796114850445173,15.796114850445173,0.0,0.0,8.716630901571092,4.043554162724091,True,0,ok
26.03333333333333,0.19,0.4055484551408273,0.32131307344061616,0.6246331381198728,7.37925991194127e-10,-0.15774112201086307,2.272997560402683,3.968268140042872,3.968268140042872,0.0,15.604368137806707,15.604368137806707,0.0,0.0,8.56715929571418,4.078726913288239,True,0,ok
26.03333333333333,0.19333333333333336,0.4334975477724546,0.34106668645060745,0.6689049911368562,8.742874011787134e-10,-0.15611870369612507,2.128180553608536,3.999627683370105,3.9996276833701057,4.440892098500626e-16,15.416190911568734,15.416190911568734,0.0,0.0,8.421361813541322,4.113645371483319,True,0,ok
26.03333333333333,0.19666666666666668,0.46179694092334067,0.36087585192921684,0.7138192092069449,1.1309552509025255e-09,-0.15471238085675953,2.0068755101234568,4.030793921826403,4.030793921826403,0.0,15.230605779547163,15.230605779547163,0.0,0.0,8.278635995538997,4.14839636714139,True,0,ok
26.03333333333333,0.2,0.4905644529755428,0.38086295950356824,0.7595418708983488,9.470385036064082e-10,-0.15353076258732104,1.9039213981666412,4.061765997025195,4.061765997025195,0.0,15.047606290556264,15.047606290556264,0.0,0.0,8.138342198423777,4.182953198606513,True,0,ok
26.1,0.1,0.19794317359642843,-0.14008410743379457,-0.3129232218368501,7.195597418188367e-10,-0.31297904049236713,1.201365952645258,3.054165305891325,3.2750623785180903,0.2208970726267654,21.85027054748229,25.850270547482285,3.999999999999999,4.0,14.766668134322858,3.1514924165774016,True,0,ok
26.1,0.10333333333333333,0.1771920918120038,-0.12014017724103121,-0.282413615136796,9.148761258189865e-10,-0.30222283547429646,1.311110276707727,3.092719045931279,3.317077050296034,0.22435800436475484,21.564465146024524,25.564465146024524,3.999999999999999,4.0,14.467863698442697,3.193566438058853,True,0,ok
26.1,0.10666666666666667,0.156056195031634,-0.09990652149509391,-0.2511559176806402,1.2568859544555192e-09,-0.2920564845341112,1.4444284750522738,3.131149664157998,3.3590095869705565,0.2278599228125584,21.279491985416005,25.279491985416,3.999999999999999,4.0,14.17797550194652,3.2358743364743425,True,0,ok
26.1,0.11,0.13532777503567023,-0.08032352634724764,-0.2202020690262876,8.464732229516109e-10,-0.2824191239036456,1.5971662645347287,3.167978707141601,3.3992431949855098,0.23126448784390874,21.022661051719332,25.02266105171933,3.999999999999999,4.0,13.909526462897992,3.2758706964595423,True,0,ok
26.1,0.11333333333333334,0.11372580413675396,-0.05974720348037333,-0.18769908698746735,5.464803147680962e-10,-0.2733160702324516,1.7965221356086132,3.205806657842881,3.440617405682005,0.23481074783912392,20.74652378399563,24.74652378399563,3.999999999999999,4.0,13.638918184364323,3.3179682082578488,True,0,ok
26.1,0.11666666666666667,0.0926367221561735,-0.03975790495692964,-0.15544772712701835,6.620651717916008e-09,-0.2647003518143489,2.0347213291312007,3.2421792999247168,3.4804469130785427,0.23826761315382594,20.495253207617107,24.495253207617107,3.999999999999999,4.0,13.387096044174411,3.357986235381779,True,0,ok
26.1,0.12000000000000001,0.07101319291604555,-0.01875119352930076,-0.12156073973787979,2.5828377454597662e-08,-0.2565898608707536,2.359245463771706,3.279545352564543,3.5214121464821844,0.24186679391764132,20.225556044860618,24.225556044860614,3.999999999999999,4.0,13.132616691408762,3.40006293660742,True,0,ok
26.1,0.12333333333333334,0.05631948336765107,-0.0129580060772896,-0.0966837250983758,3.5028156136717185e-10,-0.24799081675806203,2.423249851067662,3.3155681558728256,3.5609506055719256,0.24538244969909995,19.97822954366797,23.97822954366797,3.999999999999999,4.0,12.73972883421449,3.415536331989541,True,0,ok
26.1,0.12666666666666668,0.03577167246899854,0.00893677707073385,-0.06131045318113322,1.1184996981624012e-09,-0.24077949792862027,2.926946495703892,3.352339869112021,3.6013574071228054,0.2490175380107842,19.717343249102196,23.717343249102193,3.999999999999999,4.0,12.514012095116463,3.4587765473209537,True,0,ok
26.1,0.13,0.023055528461537852,0.030239987995705358,-0.026080937558718924,1.2093692309204836e-08,-0.2339793386295338,3.6221021990460804,3.388030049184635,3.640620456018838,0.25259040683420286,19.473944518690473,23.473944518690473,3.999999999999999,4.0,12.2987916628057,3.500139350586654,True,0,ok
26.1,0.13333333333333333,0.00993924457868511,0.0064545603169811954,-0.015959461128096104,2.256866995878234e-09,-0.22293921535969474,2.9516976886206003,3.4242642502746126,3.424264250274613,4.440892098500626e-16,19.220866520313187,19.220866520313187,0.0,0.0,11.576222946849315,3.4791547597641634,True,0,ok
26.1,0.13666666666666666,0.01815552014126375,0.02534021265625461,0.018621019234598593,1.9991680870374102e-09,-0.2165806942112697,3.659039043365588,3.459670024837421,3.459670024837421,0.0,18.98081605725674,18.98081605725674,0.0,0.0,11.35879404681772,3.5173313485466466,True,0,ok
26.1,0.14,0.04044684374434419,0.04449115575546969,0.0541144949729804,3.0567965246866374e-10,-0.21059400724785646,4.776538398812104,3.4952431441162677,3.4952431441162672,-4.440892098500626e-16,18.737587562635987,18.737587562635987,0.0,0.0,11.142935311797292,3.5558598632022402,True,0,ok
26.1,0.14333333333333334,0.06367284200939366,0.063652415494837,0.09006143697683407,8.024628096046097e-11,-0.20496803894890878,6.740963331613434,3.530340045320265,3.5303400453202642,-8.881784197001252e-16,18.50151001570036,18.50151001570036,0.0,0.0,10.934772990174855,3.5939195851766277,True,0,ok
26.1,0.14666666666666667,0.08743244492675015,0.08293274143783447,0.12671013248834082,1.1883500772802295e-10,-0.199687618061563,11.169168821715381,3.565342983898101,3.5653429838980997,-1.3322676295501878e-15,18.26655774562157,18.26655774562157,0.0,0.0,10.730649330393438,3.631988910075555,True,0,ok
26.1,0.15000000000000002,0.11153941863869743,0.10225836757956668,0.16390958480436107,1.0038339311185866e-09,-0.1947421500113207,29.977565053140715,3.6000274320050907,3.6000274320050893,-1.3322676295501878e-15,18.036212819324344,18.036212819324344,0.0,0.0,10.532398695439113,3.6697807612221385,True,0,ok
26.1,0.15333333333333335,0.1360429254325605,0.12169640225565596,0.20177467224301768,2.7528101728904003e-10,-0.1901204577944855,49.00607753920868,3.6345062325969284,3.6345062325969284,0.0,17.808759510667237,17.808759510667237,0.0,0.0,10.338710856550113,3.707436590940475,True,0,ok
26.1,0.15666666666666668,0.16088456397154036,0.1411916755796322,0.2402424598607704,4.533736627147695e-09,-0.18581245834665153,13.942704001523692,3.668746618798128,3.668746618798128,0.0,17.58466695957853,17.58466695957853,0.0,0.0,10.14988600659311,3.7449077178863934,True,0,ok
26.1,0.16,0.186074439141975,0.16076482888607774,0.27933091575984176,2.2537214557238036e-09,-0.18180615852291596,8.291070169676667,3.702732258456401,3.7027322584564004,-4.440892098500626e-16,17.364195087073476,17.364195087073476,0.0,0.0,9.96579472364012,3.7821723494153434,True,0,ok
26.1,0.16333333333333333,0.211625178883488,0.18041792640848117,0.31906899072592954,7.400796719302017e-08,-0.17809183202503817,5.980800819884708,3.7365061812213223,3.736506181221323,8.881784197001252e-16,17.14666664519185,17.14666664519185,0.0,0.0,9.785935377867204,3.819281637506904,True,0,ok
26.1,0.16666666666666669,0.23747121889982914,0.2000970490402389,0.35935902713400686,8.3300040017982e-09,-0.17465908806097757,4.730158242720909,3.769978344216147,3.7699783442161463,-8.881784197001252e-16,16.933418458314133,16.933418458314133,0.0,0.0,9.611014445408944,3.856114645819943,True,0,ok
26.1,0.17,0.26371422373330167,0.2198868315212522,0.4003565370033542,9.372985618241345e-10,-0.17150699969628647,3.944230546660083,3.803294287612802,3.8032942876128017,-4.440892098500626e-16,16.722323279096845,16.722323279096845,0.0,0.0,9.439638108236483,3.892854130028483,True,0,ok
26.1,0.17333333333333334,0.290284485581744,0.23972211209019514,0.44195990393178114,3.4292955645490655e-09,-0.1686181440112986,3.407115587396034,3.8363552428195735,3.836355242819572,-1.3322676295501878e-15,16.514757962479784,16.514757962479784,0.0,0.0,9.272481683467301,3.9293723169664077,True,0,ok
26.1,0.1766666666666667,0.31718470479182864,0.25960908942771904,0.4841709734671721,1.2668715712612475e-09,-0.1659858872249623,3.01755185939036,3.869157937884747,3.8691579378847467,-4.440892098500626e-16,16.31077213098852,16.31077213098852,0.0,0.0,9.109456591100093,3.9656609622521617,True,0,ok
26.1,0.18,0.3444642183692814,0.2795795974526101,0.527069295158157,6.248442871653269e-10,-0.1636065730212049,2.7218317494537336,3.9017826963322224,3.9017826963322237,1.3322676295501878e-15,16.109226032449293,16.109226032449293,0.0,0.0,8.949819104715667,4.001818635820059,True,0,ok
26.1,0.18333333333333335,0.3720223648004055,0.29955346539685584,0.5704994663483856,1.7273496018325776e-09,-0.16146082962251998,2.4911886412739865,3.934082176021868,3.934082176021866,-1.7763568394002505e-15,15.912122661564984,15.912122661564984,0.0,0.0,8.794569818547885,4.037656481073157,True,0,ok
26.1,0.18666666666666668,0.399944231561718,0.31959291279133195,0.6145946104319752,1.317872537212896e-09,-0.15955217267784963,2.30577405120561,3.966188265828086,3.9661882658280847,-1.3322676295501878e-15,15.71764075551017,15.71764075551017,0.0,0.0,8.642626211299397,4.07333693211611,True,0,ok
26.1,0.19,0.4282108318248822,0.33968411410310184,0.659324087306435,2.9835371701137587e-09,-0.15787232783676858,2.1538702734166866,3.9980695392722287,3.99806953927223,1.3322676295501878e-15,15.526183518096119,15.526183518096119,0.0,0.0,8.494130566177414,4.108817224599841,True,0,ok
26.1,0.19333333333333336,0.4568235355584428,0.35982438086669893,0.7046911684236181,1.3722069325363354e-08,-0.15641514677227988,2.0273051744451953,4.029733667000631,4.029733667000631,0.0,15.337635363646655,15.337635363646655,0.0,0.0,8.348945949965394,4.144103522729611,True,0,ok
26.1,0.19666666666666668,0.4859272052723312,0.3801567539571671,0.7509038479672825,1.1423623063701727e-07,-0.1551915405584781,1.9202611060558243,4.061209456168386,4.061209456168384,-1.7763568394002505e-15,15.151599234191416,15.151599234191416,0.0,0.0,8.206171482399562,4.179204728749103,True,0,ok
26.1,0.2,0.5151934149445776,0.4003545749771114,0.7974891715262744,1.0513091496679198e-09,-0.15415245563279384,1.8290112363057904,4.092393541619353,4.092393541619353,0.0,14.969410788367401,14.969410788367401,0.0,0.0,8.067664597297957,4.214040817964586,True,0,ok
26.166666666666668,0.1,0.18991515076852541,-0.13245643033773769,-0.3010956451635913,1.383543223558235e-09,-0.3094920280791213,1.240517239519516,3.0743670242583807,3.2970710525615177,0.22270402830313696,21.79939985173597,25.79939985173597,3.999999999999999,4.0,14.651036534726911,3.167456464421169,True,0,ok
26.166666666666668,0.10333333333333333,0.168373461790418,-0.11165224573062549,-0.26941166257082505,2.7599513955128744e-10,-0.298844016442339,1.364835126200346,3.114123927729803,3.340426013795984,0.22630208606618085,21.49731871649666,25.49731871649666,3.999999999999999,4.0,14.34705020424299,3.211457811768443,True,0,ok
26.166666666666668,0.10666666666666667,0.14744073546556466,-0.09179954167434486,-0.23830475356622677,3.204366411516676e-09,-0.2887862937346134,1.5039999851293038,3.151837547720611,3.381604064265339,0.22976651654472802,21.231597695747723,25.231597695747723,3.999999999999999,4.0,14.068585638642933,3.252327460713792,True,0,ok
26.166666666666668,0.11,0.1258516303314657,-0.07124814819787399,-0.20600873755653543,5.784913094183069e-10,-0.2792630481380851,1.680583070062908,3.1900194018605457,3.4233440687327388,0.2333246668721931,20.956185972421608,24.956185972421608,3.999999999999999,4.0,13.793337307087173,3.2944677279559067,True,0,ok
26.166666666666668,0.11333333333333334,0.10430756717876602,-0.050789721180842816,-0.17337995828419894,6.089614255057959e-09,-0.2702747431236342,1.8969023749642562,3.2274942788964345,3.4643606808783356,0.23686640198190112,20.69216261877217,24.69216261877217,3.999999999999999,4.0,13.530785531448503,3.33581020170656,True,0,ok
26.166666666666668,0.11666666666666667,0.08256245043783611,-0.02991629062196434,-0.13983808573604886,6.697298309658837e-09,-0.2617885278198134,2.1767858440292223,3.2650082579407935,3.505469044325238,0.24046078638444435,20.426503284586342,24.426503284586342,3.999999999999999,4.0,13.274191073956253,3.3776373836544145,True,0,ok
26.166666666666668,0.12000000000000001,0.061218542467731715,-0.008884446555141545,-0.10566076109431186,7.797129957683166e-10,-0.2538014341179965,2.5441128698011264,3.302197738692929,3.546270050654734,0.2440723119618049,20.165434148979983,24.165434148979983,3.999999999999999,4.0,13.026165976730901,3.4193100026558167,True,0,ok
26.166666666666668,0.12333333333333334,0.045697825421021104,-0.002849077454733769,-0.07909966183421581,9.049929780177858e-11,-0.2447628464400444,2.6884715934724968,3.339130314077429,3.460059975616119,0.12092966153869034,19.908012727643268,21.908012727643268,1.9999999999999996,2.0,12.620675935755985,3.439927841291884,True,0,ok
26.166666666666668,0.12666666666666668,0.027440150938984817,0.017623037159824658,-0.04413971241327074,4.6080739623741165e-10,-0.2376042161981022,3.2463509189708826,3.3758949871661303,3.4985772932868247,0.1226823061206943,19.652588518798225,21.652588518798225,1.9999999999999996,2.0,12.38014570225821,3.4802520979804985,True,0,ok
26.166666666666668,0.13,0.01822655583623221,-0.0005292644323662335,-0.03156488384446396,1.2435527397835768e-09,-0.2272438661927772,2.750100569576958,3.4123631377966452,3.4123631377966444,-8.881784197001252e-16,19.401497919765102,19.401497919765102,0.0,0.0,11.718743450126222,3.463695537920603,True,0,ok
26.166666666666668,0.13333333333333333,0.011053214356170103,0.01882245577461184,0.003497971043778871,7.199269841564191e-10,-0.22064365529225166,3.3773484722571747,3.448723147930825,3.448723147930826,8.881784197001252e-16,19.151523603473315,19.151523603473315,0.0,0.0,11.49217081114061,3.502890784642119,True,0,ok
26.166666666666668,0.13666666666666666,0.031492406651742307,0.038136756023697295,0.03899875472556901,2.4769691412081087e-09,-0.21441957391283742,4.323720639183507,3.484663703629897,3.4846637036298977,8.881784197001252e-16,18.90787448048472,18.90787448048472,0.0,0.0,11.27368919139917,3.54170047971201,True,0,ok
26.166666666666668,0.14,0.05473065509297923,0.057625212264881126,0.07527063658656909,2.3709152824447417e-10,-0.2085732152757211,5.933040892042476,3.520549648673565,3.520549648673565,0.0,18.664592867105416,18.664592867105416,0.0,0.0,11.059013426045773,3.580583640594374,True,0,ok
26.166666666666668,0.14333333333333334,0.0785588275930183,0.07716115672179134,0.11207419003376234,1.2393338278668943e-09,-0.20308756702281705,9.205759874599599,3.556032303263664,3.5560323032636636,-4.440892098500626e-16,18.427298915620888,18.427298915620888,0.0,0.0,10.851256062477466,3.6190923709489,True,0,ok
26.166666666666668,0.14666666666666667,0.1028829234171161,0.09681987899461608,0.14960146665064628,2.086450114618043e-09,-0.19795196598452855,19.62791476590458,3.5914162500266067,3.591416250026609,2.220446049250313e-15,18.191172290356914,18.191172290356914,0.0,0.0,10.64756116782587,3.65760824354706,True,0,ok
26.166666666666668,0.15000000000000002,0.12753288166104465,0.11651639998714211,0.18766415813454193,8.193150148582224e-10,-0.19315104254313112,252.53309534049498,3.626416717512929,3.626416717512929,0.0,17.960649094610158,17.960649094610158,0.0,0.0,10.450229256884871,3.6957668749955435,True,0,ok
26.166666666666668,0.15333333333333335,0.15261248530881855,0.13633615475751923,0.22646007357222253,1.96983511021488e-08,-0.18867881515930943,17.664939850382115,3.6613033722744626,3.6613033722744617,-8.881784197001252e-16,17.73159002363656,17.73159002363656,0.0,0.0,10.256740266389881,3.733905885199295,True,0,ok
26.166666666666668,0.15666666666666668,0.17799041484537378,0.15618689446151846,0.26579581887033377,6.723346674368016e-10,-0.18451844836179004,9.381550134233178,3.6958219114099347,3.6958219114099338,-8.881784197001252e-16,17.50782893061881,17.50782893061881,0.0,0.0,10.069124734062274,3.771699120020119,True,0,ok
26.166666666666668,0.16,0.2037776011097587,0.17614815454114588,0.30585578267198477,8.961994382469007e-10,-0.1806631926719452,6.479089654616204,3.730195319754954,3.7301953197549538,-4.440892098500626e-16,17.286017549710856,17.286017549710856,0.0,0.0,9.88528412881947,3.809426903636051,True,0,ok
26.166666666666668,0.16333333333333333,0.22983694010200387,0.19611519490150697,0.3464302057198539,2.01255906017172e-10,-0.17709100807018055,5.012005383735842,3.764172151086054,3.7641721510860546,4.440892098500626e-16,17.069814424275158,17.069814424275158,0.0,0.0,9.70712639524363,3.846768001925841,True,0,ok
26.166666666666668,0.16666666666666669,0.25632714280162766,0.21621867833566624,0.3877631951969085,8.628937998851948e-10,-0.17382240676012017,4.121086884374834,3.798052155551629,3.79805215555163,8.881784197001252e-16,16.854957789914497,16.854957789914497,0.0,0.0,9.532294118720406,3.8840901363160962,True,0,ok
26.166666666666668,0.17,0.28317547245024166,0.23638592536248418,0.4297519504118332,1.0197356535301683e-09,-0.17082556254375034,3.52594700074563,3.831697193428173,3.8316971934281727,-4.440892098500626e-16,16.643330752856176,16.643330752856176,0.0,0.0,9.361562803532888,3.9212230656360965,True,0,ok
26.166666666666668,0.17333333333333334,0.3103154486940457,0.25656977502012007,0.47229120639779615,1.7364277850268878e-09,-0.16808885345072383,3.102433238557103,3.8650010677109945,3.8650010677109927,-1.7763568394002505e-15,16.436429246574846,16.436429246574846,0.0,0.0,9.195676961369045,3.9580269931282435,True,0,ok
26.166666666666668,0.1766666666666667,0.337835516673764,0.27683391397143575,0.5155206039082656,1.1658989548787377e-09,-0.165612077270647,2.784810058518809,3.898107788360211,3.8981077883602113,4.440892098500626e-16,16.23222232426408,16.23222232426408,0.0,0.0,9.033379487879362,3.99468084244548,True,0,ok
26.166666666666668,0.18,0.36568855887436547,0.2971397812641567,0.5593677830060647,8.2581587350827e-10,-0.16338648296924393,2.5386870766643717,3.930957832964873,3.9309578329648738,8.881784197001252e-16,16.03151166546896,16.03151166546896,0.0,0.0,8.87507164734402,4.031104082398096,True,0,ok
26.166666666666668,0.18333333333333335,0.39390226398686073,0.3175084743836637,0.6038752763745854,7.002986021125846e-10,-0.16140506023385442,2.3424844087457806,3.963582556277534,3.9635825562775313,-2.6645352591003757e-15,15.83385645733574,15.83385645733574,0.0,0.0,8.720373916513132,4.0673340653178895,True,0,ok
26.166666666666668,0.18666666666666668,0.42248340511607624,0.337940475998121,0.6490554040123132,1.1711198536527069e-09,-0.1596620923761722,2.1825886894452986,3.9959973856218722,3.9959973856218713,-8.881784197001252e-16,15.639026675287393,15.639026675287393,0.0,0.0,8.569082832988936,4.103386784914036,True,0,ok
26.166666666666668,0.19,0.4514062205004369,0.3584147130296674,0.6948680602843451,6.988984559603208e-11,-0.15814875549513385,2.0501282612580853,4.0281702456046755,4.028170245604674,-1.7763568394002505e-15,15.447434735462647,15.447434735462647,0.0,0.0,8.421352894062645,4.139217848110828,True,0,ok
26.166666666666668,0.19333333333333336,0.4806633647892338,0.3789197589966036,0.7413040044364254,1.3835114995716915e-08,-0.15685189587922568,1.9388113544105279,4.060085798010052,4.060085798010052,0.0,15.259265605217989,15.259265605217989,0.0,0.0,8.277123017974793,4.1748073947708235,True,0,ok
26.166666666666668,0.19666666666666668,0.5103862614175323,0.39959165390071755,0.7885486146485744,1.5935125633361772e-09,-0.1557875618494112,1.8440049646655507,4.091768479997949,4.091768479997947,-1.7763568394002505e-15,15.074158041380262,15.074158041380262,0.0,0.0,8.135609028853153,4.2101562323415,True,0,ok
26.166666666666668,0.2,0.5403479754008077,0.42018206428341426,0.8362863363787438,5.4117758727687776e-08,-0.15491925952994362,1.762328488040451,4.123246189502166,4.123246189502168,1.7763568394002505e-15,14.891734933894682,14.891734933894682,0.0,0.0,7.997740167234547,4.245348367594438,True,0,ok
26.233333333333334,0.1,0.18141546455840696,-0.12446804444298308,-0.2885176220880925,8.040135875668014e-09,-0.3059209721514451,1.284446160095559,3.0957443886365787,3.3203761901203896,0.2246318014838109,21.73337150525437,25.73337150525437,3.999999999999999,4.0,14.523503744178218,3.184487473697141,True,0,ok
26.233333333333334,0.10333333333333333,0.15951552969252167,-0.10334270994135013,-0.2562340667070545,2.1375358540262182e-10,-0.2954038637699033,1.4202407360440186,3.1358110309328358,3.364099236422778,0.22828820548994244,21.432289329402522,25.432289329402522,3.999999999999999,4.0,14.223110206523641,3.22889239307533,True,0,ok
26.233333333333334,0.10666666666666667,0.13847371342846343,-0.08349993170269795,-0.22483920774110863,7.931560443505939e-10,-0.2854428180511157,1.5696569999908867,3.173466343507402,3.40524218317387,0.2317758396664682,21.173891250817178,25.173891250817178,3.999999999999999,4.0,13.949718666862738,3.269363189573133,True,0,ok
26.233333333333334,0.11,0.11618017005999805,-0.062139199220942416,-0.19139544316856197,5.283838863989683e-10,-0.27605532586163845,1.7717731031289408,3.2126349905352263,3.4480911926047004,0.23545620206947415,20.88693162671139,24.88693162671139,3.999999999999999,4.0,13.67210968421994,3.313135268640738,True,0,ok
26.233333333333334,0.11333333333333334,0.0946281183887382,-0.0417072751741953,-0.15850534870130759,2.7640182064143795e-09,-0.2671752529688516,2.0092213292787666,3.249959811324215,3.488972862348988,0.23901305102477322,20.631524448752685,24.631524448752685,3.999999999999999,4.0,13.415592352163573,3.354003504754703,True,0,ok
26.233333333333334,0.11666666666666667,0.07232488881035881,-0.019934347838693887,-0.12367412987580809,3.169599774534374e-09,-0.2588393966073752,2.339735981833417,3.2885136379852584,3.5312514889980635,0.2427378510128051,20.35358920861088,24.35358920861088,3.999999999999999,4.0,13.156223025255319,3.397585988717431,True,0,ok
26.233333333333334,0.12000000000000001,0.051493009791263686,0.0011248246870796457,-0.08918141589766816,3.075142604816175e-09,-0.250971355074388,2.7598865535182653,3.3255601674451407,3.571925754027055,0.2463655865819141,20.100685456880424,24.100685456880424,3.999999999999999,4.0,12.914225382055765,3.4388715018407567,True,0,ok
26.233333333333334,0.12333333333333334,0.035387567612907594,0.009292194620574642,-0.0605846097933104,7.382125485927183e-10,-0.24221475146410712,2.9942969106965345,3.3634006038133264,3.4854848281625985,0.12208422434927213,19.83344861370124,21.83344861370124,1.9999999999999996,2.0,12.519684571895517,3.462942203825948,True,0,ok
26.233333333333334,0.12666666666666668,0.022202495957125895,0.02428285523930934,-0.029819379966815576,2.6589781139030687e-10,-0.23518230487372202,3.3945657712166777,3.4001471103436773,3.6539605299139835,0.2538134195703061,19.583806777726743,23.583806777726743,3.999999999999999,4.0,12.244364412326883,3.4903785989457905,True,0,ok
26.233333333333334,0.13,0.009758031409115955,0.012117847229885329,-0.01178199089530462,2.5894713927079547e-10,-0.2248295825134106,3.129959256996036,3.437432503396642,3.437432503396642,0.0,19.32457491282399,19.32457491282399,0.0,0.0,11.628065626920336,3.488089424350979,True,0,ok
26.233333333333334,0.13333333333333333,0.022851756382936607,0.03163299630477576,0.023789952798130832,1.387641193299402e-09,-0.218357375238545,3.942448156870789,3.4738307742920163,3.4738307742920163,0.0,19.079228371842632,19.079228371842632,0.0,0.0,11.40604437258616,3.5272868765991463,True,0,ok
26.233333333333334,0.13666666666666666,0.04578846242841928,0.051448685805365414,0.06035546871309245,1.3726317175469147e-09,-0.2122769835812284,5.282095353138052,3.5104441090785166,3.5104441090785157,-8.881784197001252e-16,18.82991265259279,18.82991265259279,0.0,0.0,11.185282649567467,3.5669090391540963,True,0,ok
26.233333333333334,0.14,0.06965171005187389,0.07124996298728348,0.09735258041655426,2.499042825434591e-10,-0.2065742328809485,7.805017665091025,3.546497532642725,3.5464975326427237,-1.3322676295501878e-15,18.589015821725077,18.589015821725077,0.0,0.0,10.973139519851953,3.6059634297341145,True,0,ok
26.233333333333334,0.14333333333333334,0.09412786272742933,0.09120550392000992,0.13513593037974017,2.0319686247754326e-08,-0.20123465519458483,14.476676528552801,3.5825059921555704,3.5825059921555695,-8.881784197001252e-16,18.348440459554485,18.348440459554485,0.0,0.0,10.764685844445735,3.645100173777567,True,0,ok
26.233333333333334,0.14666666666666667,0.1189627696668181,0.11120061288266062,0.1734671305894056,6.992621723751466e-10,-0.1962453795631453,77.78960256211019,3.618118414164672,3.6181184141646714,-4.440892098500626e-16,18.113625904448252,18.113625904448252,0.0,0.0,10.562854865242537,3.6838700930285753,True,0,ok
26.233333333333334,0.15000000000000002,0.14422193528761304,0.13130261165615956,0.21250770345233388,2.247371774460889e-10,-0.19159576092176617,24.399668104142858,3.65356585051097,3.6535658505109683,-1.7763568394002505e-15,17.881044514095294,17.881044514095294,0.0,0.0,10.365459277442126,3.722561104086491,True,0,ok
26.233333333333334,0.15333333333333335,0.1698355168353407,0.15147291055968973,0.2521671384275876,9.45714289052026e-10,-0.18727316587133164,10.843090655100049,3.688707013993308,3.688707013993309,1.3322676295501878e-15,17.652808367021734,17.652808367021734,0.0,0.0,10.173495123509706,3.760991630368234,True,0,ok
26.233333333333334,0.15666666666666668,0.1958260990141688,0.17172332054947304,0.2924973236540534,2.1500203649221986e-09,-0.1832677800202048,7.089256447943181,3.7236266933761843,3.7236266933761835,-8.881784197001252e-16,17.42766211427113,17.42766211427113,0.0,0.0,9.986137712507416,3.7992633555052455,True,0,ok
26.233333333333334,0.16,0.22216893877420768,0.1920394238552365,0.33346359884329463,3.748051565431378e-09,-0.17956395969418992,5.33505569558766,3.758255828541823,3.758255828541823,0.0,17.206571769475758,17.206571769475758,0.0,0.0,9.803690500694218,3.8372884099221722,True,0,ok
26.233333333333334,0.16333333333333333,0.2488842548534117,0.21243638824437552,0.37510118353785404,4.15835740252387e-09,-0.17616596906650275,4.318733735064917,3.792673513207561,3.7926735132075606,-4.440892098500626e-16,16.98846269113085,16.98846269113085,0.0,0.0,9.625596502943104,3.875155247044001,True,0,ok
26.233333333333334,0.16666666666666669,0.275981541285747,0.2329169334056687,0.417429198217217,4.139476746278985e-09,-0.17305009659142187,3.6571632300353607,3.8268538430787995,3.8268538430787973,-2.220446049250313e-15,16.773604010253287,16.773604010253287,0.0,0.0,9.451659440860368,3.912836540275806,True,0,ok
26.233333333333334,0.17,0.3034092142338595,0.2534382645832711,0.46036995980520284,3.144956085608102e-10,-0.1702093733881131,3.193916127484852,3.8607397533864702,3.860739753386472,1.7763568394002505e-15,16.562805684823086,16.562805684823086,0.0,0.0,9.282321440060183,3.9502519587394342,True,0,ok
26.233333333333334,0.17333333333333334,0.33120051235172104,0.2740228133848881,0.5039770192089699,1.7583938259854438e-09,-0.1676383431044875,2.8514589396870016,3.8943902641341146,3.8943902641341146,0.0,16.355235060148804,16.355235060148804,0.0,0.0,9.116997623539879,3.9874721964464763,True,0,ok
26.233333333333334,0.1766666666666667,0.3593674829979416,0.2946803674556031,0.5482685879612822,4.0307587342124804e-10,-0.1653290511895437,2.5883931839802146,3.9278123668093614,3.9278123668093614,0.0,16.15076993925676,16.15076993925676,0.0,0.0,8.955486021620484,4.024503716238425,True,0,ok
26.233333333333334,0.18,0.38788028250440715,0.3153842741379288,0.5931998822434028,3.0793410969854433e-08,-0.16327184842097553,2.380569447111547,3.9609728368970707,3.960972836897072,1.3322676295501878e-15,15.94985144147992,15.94985144147992,0.0,0.0,8.79795754492081,4.061299618919895,True,0,ok
26.233333333333334,0.18333333333333335,0.4167762678349684,0.3361585860404063,0.6388307892725982,1.3192618331816325e-09,-0.1614609319264682,2.212230743469129,3.993922677008304,3.993922677008306,1.7763568394002505e-15,15.75176915720657,15.75176915720657,0.0,0.0,8.643890910248574,4.097922353077612,True,0,ok
26.233333333333334,0.18666666666666668,0.44598263656219284,0.35694585422230074,0.6850483147183175,1.6003698907841294e-09,-0.15988035481615331,2.0737757452470773,4.026563641598247,4.026563641598245,-1.7763568394002505e-15,15.557807130953297,15.557807130953297,0.0,0.0,8.493890366809536,4.134244286895599,True,0,ok
26.233333333333334,0.19,0.4755681412545585,0.37779614931787975,0.73195986262194,7.194853278071087e-10,-0.15853269675284343,1.957688065681374,4.058995490838648,4.058995490838648,0.0,15.366618742664606,15.366618742664606,0.0,0.0,8.347155169863798,4.1703876805412055,True,0,ok
26.233333333333334,0.19333333333333336,0.5056441396301565,0.39882789225824283,0.7797206552245561,1.1162812889865642e-11,-0.15742780965828443,1.859137173136177,4.0912038740453465,4.0912038740453465,0.0,15.178369745294644,15.178369745294644,0.0,0.0,8.203098175633965,4.206303661885615,True,0,ok
26.233333333333334,0.19666666666666668,0.5359574908035574,0.41977248499245745,0.8279748526909455,2.900624933259096e-09,-0.1565244517081412,1.7745476750257752,4.12318954789627,4.12318954789627,0.0,14.993034218573333,14.993034218573333,0.0,0.0,8.062898751813096,4.242046854120242,True,0,ok
26.233333333333334,0.2,0.566642817521185,0.44076622062229914,0.8769135571442463,8.338833853450497e-10,-0.1558335358918113,1.7012175300809433,4.154960130073464,4.154960130073462,-1.7763568394002505e-15,14.810499827336162,14.810499827336162,0.0,0.0,7.925740368599202,4.277594563150027,True,0,ok
26.3,0.1,0.1729140668405017,-0.11669449224574066,-0.2758264291424395,6.375665473969873e-08,-0.30237189934697434,1.3292738783311977,3.117486407783197,3.3440953511903513,0.22660894340715432,21.664211210669226,25.664211210669226,3.999999999999999,4.0,14.39015276420385,3.2011924432999233,True,0,ok
26.3,0.10333333333333333,0.15123874817560157,-0.09602491171836114,-0.2437184711478594,6.8927393299811105e-09,-0.2919634024443465,1.4693766249345466,3.15684324948273,3.3870733425812496,0.23023009309851972,21.382510446445067,25.382510446445064,3.999999999999999,4.0,14.100682177858749,3.2440340811362223,True,0,ok
26.3,0.10666666666666667,0.12927044498483425,-0.07512249360183007,-0.2109245239292344,2.924908661378816e-09,-0.28211885001886344,1.641850250037761,3.1958914287697877,3.429767824147296,0.23387639537750848,21.10518508590968,25.105185085909678,3.999999999999999,4.0,13.821765859168757,3.2868574598003066,True,0,ok
26.3,0.11,0.1070260548519974,-0.053913549004947194,-0.17736137822321757,1.37752626281346e-08,-0.27284663434052964,1.8590789976342494,3.234717946154851,3.472272676502972,0.2375547303481209,20.83040480633689,24.83040480633689,3.999999999999999,4.0,13.552273091180613,3.3298374763411442,True,0,ok
26.3,0.11333333333333334,0.08472595377778748,-0.03249181803633222,-0.14310745435287855,6.291044855423397e-10,-0.26410282216944575,2.1372292250484866,3.273220978570674,3.514475186521706,0.24125420795103203,20.56031272303482,24.56031272303482,3.999999999999999,4.0,13.292206239702333,3.3727274591171357,True,0,ok
26.3,0.11666666666666667,0.06263913585604317,-0.010686324802719867,-0.10796659893034638,4.703152775143914e-10,-0.2558928759922294,2.5083548702282177,3.3116107644715655,3.5566047929947713,0.24499402852320573,20.291041317791592,24.291041317791592,3.999999999999999,4.0,13.039628559474645,3.4159292888823325,True,0,ok
26.3,0.12000000000000001,0.044999680281898824,0.00033439561406772156,-0.07794101523583476,2.6719371064976833e-09,-0.2470191958086247,2.765358963063356,3.3495997085652114,3.4710262419829885,0.1214265334177771,20.02780809620081,22.02780809620081,1.9999999999999996,2.0,12.67281822899652,3.4444428668320475,True,0,ok
26.3,0.12333333333333334,0.02723783121815196,0.02143066881404213,-0.042028856546287845,2.692486236569134e-10,-0.23969471679944382,3.3685330416203807,3.387463249232608,3.51070155166845,0.12323830243584188,19.76578591018523,21.765785910185226,1.9999999999999996,2.0,12.425964900027205,3.4858283948060556,True,0,ok
26.3,0.12666666666666668,0.0163567116540616,0.004788348928044327,-0.02792306865202377,2.774673084714325e-09,-0.2292053744954422,2.8985297699493504,3.425006012999364,3.425006012999366,1.7763568394002505e-15,19.508436951371674,19.508436951371674,0.0,0.0,11.773023483741179,3.472022697747322,True,0,ok
26.3,0.13,0.015064559552837678,0.024788005039126003,0.008147249213269259,1.1233747958100446e-08,-0.2224799499538162,3.6096087746874153,3.462398033995426,3.462398033995425,-8.881784197001252e-16,19.25285030061879,19.25285030061879,0.0,0.0,11.541520196728017,3.5122771560977366,True,0,ok
26.3,0.13333333333333333,0.036537697613007694,0.04477576813961718,0.04472293179215786,2.1663086388754846e-09,-0.21614951113919317,4.722084273823307,3.4994039674140445,3.499403967414044,-4.440892098500626e-16,19.00298629660249,19.00298629660249,0.0,0.0,11.317932582197054,3.5521996435614227,True,0,ok
26.3,0.13666666666666666,0.060409503625576934,0.0649187393066905,0.08205779470407266,3.2207140338172443e-10,-0.21021562508860758,6.721400214186807,3.5362809609174177,3.5362809609174177,0.0,18.754635954318548,18.754635954318548,0.0,0.0,11.09903156582361,3.5921113009493597,True,0,ok
26.3,0.14,0.0849509269251089,0.08514145426073658,0.12000380295087518,8.283881958571044e-11,-0.2046611189387281,11.291407760773474,3.5727964271382184,3.5727964271382184,0.0,18.511561076309842,18.511561076309842,0.0,0.0,10.88674969000751,3.63171084827413,True,0,ok
26.3,0.14333333333333334,0.10999300775499583,0.10546548213531075,0.15865817767432655,8.798180288784784e-10,-0.19947299862522294,32.49165794272984,3.609139960109077,3.6091399601090766,-4.440892098500626e-16,18.270752986766993,18.270752986766993,0.0,0.0,10.679351305058994,3.671233631064924,True,0,ok
26.3,0.14666666666666667,0.135418686018847,0.12585725726498911,0.19792577488277655,9.504405789174644e-10,-0.1946365232865797,41.212682760018254,3.645136660403162,3.645136660403162,0.0,18.03493892731398,18.03493892731398,0.0,0.0,10.478059534454816,3.7104544027442525,True,0,ok
26.3,0.15000000000000002,0.16126921786622223,0.1463538354077651,0.23791560847280693,7.273354669835524e-10,-0.1901433310984378,13.006236872059558,3.680953748397193,3.6809537483971937,8.881784197001252e-16,17.801548884218615,17.801548884218615,0.0,0.0,10.28131013887087,3.7495803945824657,True,0,ok
26.3,0.15333333333333335,0.18746711212038353,0.16690828493069634,0.2785199791788065,4.65133432253447e-09,-0.18597756084076408,7.8825939629134805,3.716433491813994,3.7164334918139925,-1.3322676295501878e-15,17.57295548579908,17.57295548579908,0.0,0.0,10.090227055100426,3.7884076616495297,True,0,ok
26.3,0.15666666666666668,0.2140809926101253,0.18756764454856895,0.3198599582775426,1.1276044889377087e-09,-0.18213223860096525,5.730452671712074,3.7517314160640627,3.751731416064063,4.440892098500626e-16,17.346832981694796,17.346832981694796,0.0,0.0,9.90334860659168,3.827130031412799,True,0,ok
26.3,0.16,0.24099707392787378,0.20824627439533241,0.36176270969498103,1.3396310503795963e-10,-0.1785853375872598,4.5545453330026175,3.7866376464804077,3.7866376464804086,8.881784197001252e-16,17.126216405236356,17.126216405236356,0.0,0.0,9.722195538208902,3.8654776029761595,True,0,ok
26.3,0.16333333333333333,0.2683544904823221,0.22905582178832723,0.4044450867434902,6.949598325218493e-08,-0.17534946900845624,3.809696242022845,3.821409032666128,3.8214090326661294,1.3322676295501878e-15,16.90744055169362,16.90744055169362,0.0,0.0,9.544675512460842,3.903768363993826,True,0,ok
26.3,0.16666666666666669,0.29606988176810256,0.24991940392073914,0.44778612776015864,1.5753822705320175e-10,-0.17239836096070013,3.298560088540356,3.8559055780455322,3.85590557804553,-2.220446049250313e-15,16.692430467084606,16.692430467084606,0.0,0.0,9.371663083735609,3.9418247600994394,True,0,ok
26.3,0.17,0.32413639751378964,0.27083660259520403,0.49177306481174815,3.84607549923549e-09,-0.16972477765073302,2.9269484704261024,3.8901119555211103,3.8901119555211094,-8.881784197001252e-16,16.481406725046682,16.481406725046682,0.0,0.0,9.203166012086484,3.979622016893953,True,0,ok
26.3,0.17333333333333334,0.3526105118470251,0.2918450914134987,0.5364969355112008,3.6303488678554955e-09,-0.16732477096616244,2.644310274753439,3.924119604747749,3.9241196047477485,-4.440892098500626e-16,16.273080984774637,16.273080984774637,0.0,0.0,9.038342410750937,4.017273156821373,True,0,ok
26.3,0.1766666666666667,0.38139384706540097,0.3128659084603217,0.5818064309212618,1.8081569760432778e-09,-0.1651789710004967,2.4234854090570104,3.9577874364567704,3.9577874364567704,0.0,16.0693529907034,16.0693529907034,0.0,0.0,8.878132557895302,4.054595223091265,True,0,ok
26.3,0.18,0.41056973423459386,0.33396092889824286,0.6278316796545097,1.222601118646178e-07,-0.1632885507643613,2.245800642589872,3.9912389278783746,3.9912389278783755,8.881784197001252e-16,15.868528433382597,15.868528433382597,0.0,0.0,8.721494285663015,4.091741387321656,True,0,ok
26.3,0.18333333333333335,0.44010852252784743,0.35510589066834036,0.6745267535224819,1.2009539738513025e-09,-0.16164503891914608,2.1001570079983636,4.024437383389635,4.0244373833896345,-8.881784197001252e-16,15.671073424614718,15.671073424614718,0.0,0.0,8.568616887826694,4.128660695634986,True,0,ok
26.3,0.18666666666666668,0.4700226144305491,0.3763073721459975,0.7219117230638104,1.202804678701459e-09,-0.16024165221624426,1.9787197071806295,4.057401270483309,4.057401270483308,-8.881784197001252e-16,15.47672758604318,15.47672758604318,0.0,0.0,8.419259823805236,4.165373218065073,True,0,ok
26.3,0.19,0.5004483108432941,0.39770142052008306,0.7701812225664989,4.5176016511695296e-10,-0.1590913367757457,1.8760073252642173,4.090147588739539,4.090147588739538,-8.881784197001252e-16,15.285246781598104,15.285246781598104,0.0,0.0,8.272570927375066,4.2018671080567165,True,0,ok
26.3,0.19333333333333336,0.5311033445715257,0.4189985635856546,0.8189337528508276,1.0446359264914556e-09,-0.15814595962299163,1.7882311601867975,4.1226390468980325,4.122639046898032,-8.881784197001252e-16,15.097094672986959,15.097094672986959,0.0,0.0,8.130036356340854,4.238155079899517,True,0,ok
26.3,0.19666666666666668,0.5621052382534335,0.4403203598295436,0.8683345422908321,5.483085470477795e-10,-0.1574138980395493,1.7124829874036667,4.154863645911062,4.154863645911063,8.881784197001252e-16,14.912406058196309,14.912406058196309,0.0,0.0,7.9909133875184555,4.274186882334284,True,0,ok
26.3,0.2,0.5934804274649541,0.4616872368827608,0.9184236215666034,7.004608902012178e-11,-0.15689651357570683,1.6464379917575134,4.186862752978221,4.186862752978221,0.0,14.730610132649844,14.730610132649844,0.0,0.0,7.854882430594966,4.310010116401237,True,0,ok
26.366666666666667,0.1,0.16447884307271007,-0.10930437685506265,-0.263082539625757,9.461433285184117e-10,-0.29880709304672914,1.3732672004663309,3.139634278256351,3.368274329055739,0.2286400507993882,21.592587204901577,25.592587204901577,3.999999999999999,4.0,14.248807922535216,3.2172488458323465,True,0,ok
26.366666666666667,0.10333333333333333,0.14312688145476576,-0.08928887208440728,-0.2312648047299763,7.413879753107969e-10,-0.28848146834567784,1.5154740661886452,3.178310168972578,3.410538242733022,0.23222807376044408,21.329765682974212,25.329765682974212,3.999999999999999,4.0,13.967918131121216,3.2582371382677935,True,0,ok
26.366666666666667,0.10666666666666667,0.12012958328404,-0.06713200203409776,-0.19694325234159457,1.3888684601299105e-08,-0.2787794509716448,1.715432379280406,3.218734973996396,3.454769156158112,0.236034182161716,21.034032628176625,25.03403262817662,3.999999999999999,4.0,13.686345245805294,3.303732191177044,True,0,ok
26.366666666666667,0.11,0.09800782412787772,-0.046203846436453866,-0.16334566215642096,3.3968320282678236e-10,-0.2696067328526401,1.9470067412786132,3.25721329627044,3.4969231865593864,0.23970989028894651,20.77160483601092,24.77160483601092,3.999999999999999,4.0,13.424073982116072,3.3457280259606597,True,0,ok
26.366666666666667,0.11333333333333334,0.07490511898246016,-0.023591468909366194,-0.12757653837609778,5.286508923076835e-10,-0.2610232203559467,2.2751639200596294,3.2969159453155306,3.540472412514243,0.2435564671987125,20.486630618943906,24.486630618943906,3.999999999999999,4.0,13.16248698253683,3.3909763359986056,True,0,ok
26.366666666666667,0.11666666666666667,0.05322168877986513,-0.0018126625512764093,-0.0921648453816186,1.2577888380774884e-09,-0.2529300648310784,2.6920291702378405,3.3351389273869136,3.5824502339806683,0.24731130659375467,20.22614448187425,24.22614448187425,3.999999999999999,4.0,12.916430607174433,3.4337161433585486,True,0,ok
26.366666666666667,0.12000000000000001,0.035004196740891586,0.012539814971565933,-0.0593180782637471,4.09135914147889e-10,-0.2444519837314307,3.085139699079606,3.3740871919158177,3.4966828064619335,0.12259561454611578,19.95244951453327,21.95244951453327,1.9999999999999996,2.0,12.570142955993465,3.4674959307271065,True,0,ok
26.366666666666667,0.12333333333333334,0.023018258510414443,0.011628209682969803,-0.03813535648352703,1.0343195963121783e-09,-0.23600920339160528,2.9719257611468586,3.411947630124207,3.6669569808769777,0.25500935075277065,19.69614355982858,23.69614355982858,3.999999999999999,4.0,12.125297746517264,3.4694206405566823,True,0,ok
26.366666666666667,0.12666666666666668,0.011144510438081144,0.0175979372428211,-0.007931767994036396,2.9345469560362957e-09,-0.22678730006177586,3.3160814767441136,3.450327540326912,3.450327540326912,0.0,19.430566418097627,19.430566418097627,0.0,0.0,11.681249269621851,3.496598304090488,True,0,ok
26.366666666666667,0.13,0.027380320664742254,0.0377730632868282,0.028674754908134818,2.2076381646717293e-09,-0.22019391993053478,4.250539881699057,3.487772657826119,3.4877726578261194,4.440892098500626e-16,19.1795432582356,19.1795432582356,0.0,0.0,11.454318485017263,3.5368710962087064,True,0,ok
26.366666666666667,0.13333333333333333,0.05098732353181552,0.05828118197533397,0.06635077475336736,2.1813703165661785e-09,-0.21401377678901784,5.866178514694348,3.525469530885477,3.525469530885477,0.0,18.92394255696962,18.92394255696962,0.0,0.0,11.228464611053887,3.577628637794732,True,0,ok
26.366666666666667,0.13666666666666666,0.07552153564736887,0.0787529750819471,0.10444364966503535,8.46520693210736e-10,-0.20822948360553295,9.174164255963465,3.5625287316060303,3.5625287316060303,0.0,18.677920035251358,18.677920035251358,0.0,0.0,11.012093166293752,3.617727089453661,True,0,ok
26.366666666666667,0.14,0.1007438811072094,0.09941241260595186,0.14340558204440515,9.993319142650516e-12,-0.20282766358155319,20.138058104489144,3.599586703700066,3.599586703700067,8.881784197001252e-16,18.43150334028073,18.43150334028073,0.0,0.0,10.799135331522427,3.6579751341054023,True,0,ok
26.366666666666667,0.14333333333333334,0.12632461535200035,0.12008964060456924,0.18289943562230565,7.975770602554228e-10,-0.1977920286005692,149.70370285597838,3.636173069049311,3.63617306904931,-8.881784197001252e-16,18.191957340106953,18.191957340106953,0.0,0.0,10.593602408738727,3.6977678503732334,True,0,ok
26.366666666666667,0.14666666666666667,0.15238691712942906,0.1409049263629329,0.22318404795883273,1.8951951126691258e-08,-0.19311374086738345,16.48660428064857,3.6726323041885465,3.672632304188545,-1.3322676295501878e-15,17.954033563737024,17.954033563737024,0.0,0.0,10.392261989938772,3.7375400368275296,True,0,ok
26.366666666666667,0.15000000000000002,0.17879641776865612,0.16176848247364398,0.2640746771254029,9.132565350215492e-11,-0.18877682473313462,8.938446362398887,3.7087177369101196,3.70871773691012,4.440892098500626e-16,17.721423288780205,17.721423288780205,0.0,0.0,10.197045644135383,3.7769731730827956,True,0,ok
26.366666666666667,0.15333333333333335,0.20563386762276217,0.18274086578192164,0.3057149628555343,1.6992678621686406e-09,-0.18477325062623123,6.222550940723807,3.7446132437188937,3.7446132437188933,-4.440892098500626e-16,17.491401253321015,17.491401253321015,0.0,0.0,10.006235171045775,3.8162968380444804,True,0,ok
26.366666666666667,0.15666666666666668,0.23280550944425715,0.20375166075750195,0.34796620011340207,2.1243690196147665e-10,-0.1810815789708602,4.832619765825175,3.78013853409737,3.78013853409737,0.0,17.266546571914283,17.266546571914283,0.0,0.0,9.821063133433855,3.8552798921952545,True,0,ok
26.366666666666667,0.16,0.2604162147722733,0.2248877028294921,0.39099275679356305,1.4361486531638124e-09,-0.1777175730555404,3.9849614848338852,3.8155169646988956,3.815516964698896,4.440892098500626e-16,17.043739020418304,17.043739020418304,0.0,0.0,9.639843470039247,3.8941930749287477,True,0,ok
26.366666666666667,0.16333333333333333,0.2884222541859873,0.2461052624842171,0.4347348501175785,4.455949050666744e-10,-0.1746459760632039,3.416851738078952,3.8506277818506565,3.850627781850658,1.3322676295501878e-15,16.82457299753039,16.82457299753039,0.0,0.0,9.46306332802139,3.9328904852458515,True,0,ok
26.366666666666667,0.16666666666666669,0.3167437408243946,0.26734015184370874,0.4790710127595663,3.665059306342346e-10,-0.17185809450858303,3.0115564951281195,3.8853772795019976,3.885377279501997,-4.440892098500626e-16,16.610365761713307,16.610365761713307,0.0,0.0,9.291454741736922,3.9712433498111603,True,0,ok
26.366666666666667,0.17,0.34547742970453904,0.2886661274919591,0.5241524874924854,7.178537350748847e-09,-0.16935311885026982,2.707075716639354,3.919913440946607,3.919913440946608,8.881784197001252e-16,16.399048083327614,16.399048083327614,0.0,0.0,9.123707815456406,4.009436846689161,True,0,ok
26.366666666666667,0.17333333333333334,0.37457481517386465,0.3100436431568408,0.5699050937003793,3.5193509020894675e-09,-0.16711966415603252,2.4708784383319284,3.9541696683956786,3.9541696683956795,8.881784197001252e-16,16.191507855165234,16.191507855165234,0.0,0.0,8.960235167606662,4.047381357348171,True,0,ok
26.366666666666667,0.1766666666666667,0.40405447576986453,0.3314830414638469,0.6163595147240429,8.625810847646684e-10,-0.16515069695822332,2.282453288667956,3.9881781379940136,3.9881781379940136,0.0,15.987294164017344,15.987294164017344,0.0,0.0,8.800672604118718,4.085113957075444,True,0,ok
26.366666666666667,0.18,0.43392783141911057,0.3529922448209961,0.6635333930832042,2.2127894419903945e-10,-0.16343872586243177,2.128843067100961,4.021948608678167,4.021948608678166,-8.881784197001252e-16,15.78625030458028,15.78625030458028,0.0,0.0,8.64481616923107,4.122644170300014,True,0,ok
26.366666666666667,0.18333333333333335,0.46417242719882046,0.37455089054036594,0.71139282882972,1.435015520333389e-08,-0.1619747521895554,2.0015198871094912,4.055458278167098,4.055458278167097,-8.881784197001252e-16,15.588659907215918,15.588659907215918,0.0,0.0,8.492745638093245,4.159938469810189,True,0,ok
26.366666666666667,0.18666666666666668,0.49493452416001216,0.3963024319543294,0.7601479672034762,1.0401198149219539e-09,-0.16077055509811447,1.8943495706958604,4.088729189505778,4.088729189505775,-2.6645352591003757e-15,15.3942136937697,15.3942136937697,0.0,0.0,8.34349359899066,4.196989491520162,True,0,ok
26.366666666666667,0.19,0.5259041909746731,0.41793366626157497,0.8093559815429394,4.199965110309199e-10,-0.1597736242309507,1.8032020956801802,4.121702956118948,4.121702956118948,0.0,15.203635700557978,15.203635700557978,0.0,0.0,8.198767653856093,4.233788850466243,True,0,ok
26.366666666666667,0.19333333333333336,0.5572689580894742,0.4396237223257967,0.859288692884292,3.146931544219124e-09,-0.15900592527442983,1.7246465324791995,4.154455272727883,4.154455272727883,0.0,15.01592435611431,15.01592435611431,0.0,0.0,8.057235975284778,4.270392106681077,True,0,ok
26.366666666666667,0.19666666666666668,0.5890251072579548,0.4613677583660324,0.9099403950155405,7.004274166979856e-10,-0.15846093835087385,1.6563332612425297,4.186982429399996,4.186982429399996,0.0,14.83110412188027,14.83110412188027,0.0,0.0,7.918841532358733,4.306791258328622,True,0,ok
26.366666666666667,0.2,0.621167555667423,0.483158647840446,0.9613038633327732,2.8351154418611114e-10,-0.15813266429702513,1.59644858371738,4.2192840661250886,4.219284066125085,-3.552713678800501e-15,14.649161221592166,14.649161221592166,0.0,0.0,7.783516871934569,4.342982183087446,True,0,ok
26.433333333333334,0.1,0.15652804003406012,-0.10325015638001724,-0.25068403849909343,2.6311452455980124e-10,-0.2950055323776767,1.4165634847283632,3.1608705445903436,3.2736136244115657,0.11274307982122211,21.539951414163454,23.539951414163454,1.9999999999999996,2.0,14.094968991050525,3.2329128990304854,True,0,ok
26.433333333333334,0.10333333333333333,0.13438230653633584,-0.08246711426851108,-0.21765796101751372,3.347142966249938e-09,-0.2847766490572253,1.5770982717773256,3.20077971676551,3.315310528761114,0.11453081199560433,21.261322701258766,23.261322701258763,1.9999999999999996,2.0,13.807667911357642,3.27567661435665,True,0,ok
26.433333333333334,0.10666666666666667,0.11171782264632482,-0.061239483782774586,-0.18355473656794133,2.9407891294803715e-09,-0.27513116640369834,1.7809987425850504,3.241049594980804,3.357410752069196,0.11636115708839201,20.974730939193062,22.974730939193062,1.9999999999999996,2.0,13.522813643593675,3.3192303686232627,True,0,ok
26.433333333333334,0.11,0.0889368880854936,-0.03879275542344172,-0.14907861118769478,1.7182507183912692e-09,-0.26637156893965125,2.039691621222967,3.280550979857449,3.5225153078401052,0.24196432798265644,20.70053948891576,24.70053948891576,3.999999999999999,4.0,13.282508686921169,3.3615163925533715,True,0,ok
26.433333333333334,0.11333333333333334,0.06583408468625884,-0.01603629860609033,-0.11289471753119704,6.423732708354329e-09,-0.25791711576989546,2.4023930569965515,3.3202166519605902,3.5660560478973173,0.2458393959367271,20.422279678936327,24.422279678936327,3.999999999999999,4.0,13.028019005238939,3.4066966982931657,True,0,ok
26.433333333333334,0.11666666666666667,0.04416666879767126,0.006700018307644579,-0.07620494506740878,1.4070671709383907e-09,-0.24997858404843482,2.895293638867524,3.3592838068265776,3.608993040266836,0.24970923344025842,20.153339153247394,24.153339153247394,3.999999999999999,4.0,12.783395099042782,3.451178764290166,True,0,ok
26.433333333333334,0.12000000000000001,0.02749796318344782,0.02474059146014666,-0.040697875520926984,2.265844516310318e-09,-0.24192991332772698,3.4786401722874833,3.398309156477515,3.522070697254183,0.1237615407766679,19.884136427431873,21.884136427431873,1.9999999999999996,2.0,12.475538582538393,3.49043227684084,True,0,ok
26.433333333333334,0.12333333333333334,0.015483957298927226,0.009696414309732218,-0.025004766554379693,4.130246667065832e-10,-0.2313105808799623,3.044322044983583,3.4369535208910715,3.43695352089107,-1.3322676295501878e-15,19.620534951022496,19.620534951022496,0.0,0.0,11.831245170336304,3.4794721204589756,True,0,ok
26.433333333333334,0.12666666666666668,0.018876541746279587,0.03037177849563606,0.012104815401695307,2.617541526244193e-09,-0.22444883891157041,3.8467818633357407,3.4754340586855395,3.47543405868554,4.440892098500626e-16,19.358851796940773,19.358851796940773,0.0,0.0,11.594391815134863,3.5208421760723434,True,0,ok
26.433333333333334,0.13,0.04116406920563407,0.051051280775792046,0.04977156328517258,2.664623650275118e-10,-0.2180023744362779,5.15047326596131,3.5135371460822484,3.5135371460822498,1.3322676295501878e-15,19.102689322971433,19.102689322971433,0.0,0.0,11.36554975313319,3.5619036502545156,True,0,ok
26.433333333333334,0.13333333333333333,0.06571485292888488,0.07190667272006147,0.08823126489360149,5.5087722601404e-10,-0.21197536954763535,7.645415573449664,3.551453676128769,3.5514536761287694,4.440892098500626e-16,18.84890889569827,18.84890889569827,0.0,0.0,11.141955822134186,3.602893862971248,True,0,ok
26.433333333333334,0.13666666666666666,0.09096059218894573,0.09280583506985637,0.12731286255158078,6.519633327528311e-11,-0.20634253787038487,14.242849134235637,3.5890374365691535,3.589037436569154,4.440892098500626e-16,18.59989979227627,18.59989979227627,0.0,0.0,10.925141791130002,3.6436143885659296,True,0,ok
26.433333333333334,0.14,0.11674350063879356,0.11382169069955235,0.16712796758919615,2.4162612494711467e-09,-0.20109607067920937,81.79465499752142,3.6263843227581254,3.6263843227581254,0.0,18.35411718499699,18.35411718499699,0.0,0.0,10.713792626946049,3.6841873224226385,True,0,ok
26.433333333333334,0.14333333333333334,0.1429652182188626,0.13493252630529123,0.20763037881286278,6.074295060179589e-10,-0.19621965370359065,23.24366889712424,3.6634134834550354,3.6634134834550354,0.0,18.112838123344847,18.112838123344847,0.0,0.0,10.508381888356922,3.7245049026273818,True,0,ok
26.433333333333334,0.14666666666666667,0.16961083081496192,0.15613204572647685,0.2488499268364173,3.030738986275273e-11,-0.1917020714771465,10.449596897643223,3.7002016201388948,3.7002016201388948,0.0,17.874866598605216,17.874866598605216,0.0,0.0,10.308172391538601,3.764658256180598,True,0,ok
26.433333333333334,0.15000000000000002,0.1966523892959865,0.17741558646948744,0.29075796863568243,6.613795412454082e-10,-0.1875286704612916,6.861904828597841,3.7366782907994995,3.7366782907994995,0.0,17.641266384881362,17.641266384881362,0.0,0.0,10.113477711396206,3.8045547589103195,True,0,ok
26.433333333333334,0.15333333333333335,0.22410511927297655,0.1987901197016008,0.3333943637227365,1.0820394825633964e-09,-0.18368735843181924,5.173778019056435,3.772899225832487,3.772899225832488,8.881784197001252e-16,17.41117127044154,17.41117127044154,0.0,0.0,9.92365166307913,3.8442618182701374,True,0,ok
26.433333333333334,0.15666666666666668,0.2519192283056739,0.22021687327483813,0.37668875944927355,2.9973246205378106e-10,-0.18017002979966715,4.195862667594857,3.8088094574821993,3.808809457482198,-1.3322676295501878e-15,17.18541738466433,17.18541738466433,0.0,0.0,9.739118486957627,3.8836997271400215,True,0,ok
26.433333333333334,0.16,0.2801721207777126,0.24175977157742448,0.4207629553918392,8.679966815868964e-09,-0.17696747988434777,3.5573286460897595,3.844507225478386,3.8445072254783854,-4.440892098500626e-16,16.962545421066693,16.962545421066693,0.0,0.0,9.558782425364138,3.922994674163423,True,0,ok
26.433333333333334,0.16333333333333333,0.30878966504674876,0.26335367168318347,0.46550834077386394,8.095503933373508e-09,-0.17406293194942057,3.109823021531526,3.879891074156992,3.879891074156992,0.0,16.74395809637155,16.74395809637155,0.0,0.0,9.383333281635297,3.9620118962236486,True,0,ok
26.433333333333334,0.16666666666666669,0.3377921040535259,0.28501197486125224,0.5109585999554299,7.647264171350628e-10,-0.17145032549706768,2.779020466936774,3.915003993903537,3.9150039939035355,-1.3322676295501878e-15,16.529055176101725,16.529055176101725,0.0,0.0,9.21232209246867,4.000800655196552,True,0,ok
26.433333333333334,0.17,0.36720177524104697,0.3067524823751802,0.5571484055233344,3.79459790724032e-10,-0.16912149291282272,2.5248270294931543,3.9498682680349906,3.94986826803499,-4.440892098500626e-16,16.3175010297383,16.3175010297383,0.0,0.0,9.045406697371567,4.039386747835493,True,0,ok
26.433333333333334,0.17333333333333334,0.3969838939566487,0.32854438268103436,0.6040258477844215,4.832774135724016e-10,-0.16706547610567338,2.324009550417226,3.9844450093908907,3.9844450093908894,-1.3322676295501878e-15,16.10980728632587,16.10980728632587,0.0,0.0,8.882786511373489,4.077715197757213,True,0,ok
26.433333333333334,0.1766666666666667,0.4271854056756855,0.35041977123117174,0.6516656323584921,3.6740568831005113e-11,-0.1652776543767916,2.1612936044179154,4.018799941658629,4.018799941658631,1.7763568394002505e-15,15.905070207799158,15.905070207799158,0.0,0.0,8.72383542998087,4.115866812561343,True,0,ok
26.433333333333334,0.18,0.45772086446885457,0.372310103675828,0.699935965650602,6.01477055118255e-10,-0.16373871411391805,2.0274935895428703,4.052817644713894,4.052817644713893,-8.881784197001252e-16,15.704788383906553,15.704788383906553,0.0,0.0,8.569250192432284,4.153691138074256,True,0,ok
26.433333333333334,0.18333333333333335,0.488663408321615,0.39426901264820685,0.7489510835581322,3.4600693768148223e-11,-0.16245086979313392,1.9153299597977842,4.086602960029239,4.086602960029239,0.0,15.507556590691218,15.507556590691218,0.0,0.0,8.418184872605758,4.191317525489032,True,0,ok
26.433333333333334,0.18666666666666668,0.5201207085896937,0.41641202982351566,0.7988602355417341,2.3363142538335936e-11,-0.1614260890849351,1.820156627107063,4.1201349120176225,4.120134912017623,8.881784197001252e-16,15.31361956131051,15.31361956131051,0.0,0.0,8.270052514423677,4.228682002439522,True,0,ok
26.433333333333334,0.19,0.5518427147672641,0.438472910246198,0.8493130474126377,1.2870242240233036e-08,-0.16061694615694888,1.7384574622831075,4.153425975583053,4.153425975583053,0.0,15.122798369431429,15.122798369431429,0.0,0.0,8.126022277809918,4.265866294938236,True,0,ok
26.433333333333334,0.19333333333333336,0.5839724187046049,0.4605945214207506,0.9005132115967588,3.2641990999621268e-09,-0.1600391643432204,1.6676132874651002,4.1864926096915,4.1864926096915,0.0,14.934862530672063,14.934862530672063,0.0,0.0,7.985181554931037,4.302851435708881,True,0,ok
26.433333333333334,0.19666666666666668,0.6164693095417404,0.48274478145530975,0.9523973460684757,3.065028911014532e-11,-0.1596798076918007,1.6057686110747778,4.219285334674297,4.2192853346742965,-8.881784197001252e-16,14.750414304011644,14.750414304011644,0.0,0.0,7.847754078137492,4.339571771100883,True,0,ok
26.433333333333334,0.2,0.6493377291242536,0.5049225600459178,1.0049734661917218,1.182979487343459e-08,-0.15953238838204836,1.5513436828119989,4.251814627177816,4.251814627177817,8.881784197001252e-16,14.569296107623428,14.569296107623428,0.0,0.0,7.713568124869979,4.37603792197866,True,0,ok
26.5,0.1,0.14663767399608685,-0.0931731540376853,-0.23627650258038294,8.941149207812205e-10,-0.2916132619301847,1.4943033850380902,3.1826987245933465,3.2964163578218604,0.11371763322851391,21.48573453390641,23.48573453390641,1.9999999999999996,2.0,13.998414793785726,3.252894583069339,True,0,ok
26.5,0.10333333333333333,0.123659245800025,-0.0715438850184737,-0.20188189550317884,1.6522386780383498e-09,-0.281505579926213,1.6810796129988288,3.224073513771268,3.3396598416107213,0.11558632783945333,21.18749090852321,23.18749090852321,1.9999999999999996,2.0,13.701059269929905,3.2975810329643287,True,0,ok
26.5,0.10666666666666667,0.10097640042905166,-0.05028708308584781,-0.16751092383943678,1.6002253225082875e-09,-0.27199854735147033,1.908616101529595,3.264007017877358,3.381423486984023,0.11741646910666503,20.913344948555267,22.913344948555267,1.9999999999999996,2.0,13.425324490084348,3.340541098609158,True,0,ok
26.5,0.11,0.0777705915953356,-0.028336953030914044,-0.13168831324073227,1.5786309350560776e-09,-0.2630426340603664,2.213343168471473,3.3047512819153053,3.4240618165368715,0.11931053462156616,20.62391107490654,22.62391107490654,1.9999999999999996,2.0,13.147115064785503,3.3849282693093765,True,0,ok
26.5,0.11333333333333334,0.05543685935599899,-0.006682384375812968,-0.09578664763329137,2.3921741499607735e-09,-0.2546319852493012,2.6092702765954816,3.344263993942526,3.4654370756414288,0.12117308169890295,20.354490941231052,22.354490941231052,1.9999999999999996,2.0,12.886995318162423,3.4278658937908792,True,0,ok
26.5,0.11666666666666667,0.034961808165904176,0.015443716093415456,-0.058553187137118545,2.7895728452246086e-09,-0.24677833661803586,3.168609150360365,3.3843286403614004,3.5074160733360005,0.12308743297460012,20.074804750462746,22.074804750462746,1.9999999999999996,2.0,12.622578133825701,3.471378711035586,True,0,ok
26.5,0.12000000000000001,0.024278334455676603,0.0017388478194030348,-0.042015342198844896,1.2143905051019408e-09,-0.2359811157212516,2.8107501197541946,3.423366262285595,3.4233662622855956,4.440892098500626e-16,19.811346836523235,19.811346836523235,0.0,0.0,11.982540551571343,3.4621456162326685,True,0,ok
26.5,0.12333333333333334,0.011159048024851726,0.013118416566512473,-0.014194372309050471,4.8517774272678844e-08,-0.22935420533951414,2.986438602093306,3.462883733237298,3.723110300986861,0.26022656774956276,19.539263849336223,23.53926384933622,3.999999999999999,4.0,11.693406613258155,3.4788505257452784,True,0,ok
26.5,0.12666666666666668,0.027653450119364074,0.03959615207314666,0.02694966885719717,1.1440046778535322e-08,-0.2229730124647261,4.064835978019753,3.501440621643374,3.7656758373110732,0.26423521566769903,19.282027017291114,23.282027017291114,3.999999999999999,4.0,11.523770563381047,3.5297623254756205,True,0,ok
26.5,0.13,0.05599124255878689,0.06494311325450261,0.07202395275631275,1.3538665422105576e-09,-0.21581086629782173,6.541469993108035,3.5402416191310273,3.5402416191310273,0.0,19.020325242956716,19.020325242956716,0.0,0.0,11.272948027956229,3.5879289844255435,True,0,ok
26.5,0.13333333333333333,0.08123927721026608,0.08612506724285399,0.11127413570706012,4.632343263098901e-09,-0.20993921617944145,10.98799088480997,3.5783771587544586,3.578377158754459,4.440892098500626e-16,18.768552950453927,18.768552950453927,0.0,0.0,11.051893901813385,3.6291476855569638,True,0,ok
26.5,0.13666666666666666,0.10722738158353042,0.10750961299166369,0.15144245507176252,5.390590967330281e-10,-0.204470990804239,31.915308744586252,3.6165102901963806,3.6165102901963806,0.0,18.51638401914045,18.51638401914045,0.0,0.0,10.834435135113774,3.6705261239402964,True,0,ok
26.5,0.14,0.13359540630398306,0.12890761341839974,0.19216145544658886,1.764527353366332e-09,-0.1993866519411468,39.64828930314787,3.6541347546837692,3.6541347546837706,1.3322676295501878e-15,18.271590654060955,18.271590654060955,0.0,0.0,10.624844111591502,3.7114106220759915,True,0,ok
26.5,0.14333333333333334,0.1604934218939292,0.15046761389397126,0.23373898387458403,1.0501415114351087e-09,-0.1946791392306136,12.595733295440718,3.691650223323428,3.6916502233234283,4.440892098500626e-16,18.028119595090235,18.028119595090235,0.0,0.0,10.419411216975151,3.7523083947971667,True,0,ok
26.5,0.14666666666666667,0.18773738817186303,0.17205968975778418,0.2759192706449359,4.50755621547033e-10,-0.19032787968061,7.653317075142914,3.728730664223629,3.72873066422363,8.881784197001252e-16,17.79082048373759,17.79082048373759,0.0,0.0,10.220727244854817,3.7927971229399464,True,0,ok
26.5,0.15000000000000002,0.21545885424058323,0.1937873547468596,0.3189263469081999,2.338366612603525e-10,-0.1863270406545092,5.56983398891908,3.7656458457291087,3.765645845729109,4.440892098500626e-16,17.555710470342333,17.555710470342333,0.0,0.0,10.026316933419146,3.833218151453066,True,0,ok
26.5,0.15333333333333335,0.2434974327575377,0.21552597506880486,0.36252110745331184,3.8556735571323715e-09,-0.1826490798889051,4.431612378128387,3.8021106218496175,3.802110621849616,-1.3322676295501878e-15,17.32687334712797,17.32687334712797,0.0,0.0,9.838271512098938,3.8732038074779624,True,0,ok
26.5,0.15666666666666668,0.2720250950878117,0.23742007354283942,0.4069701042478571,6.952257736957331e-10,-0.179314241219629,3.709805772642282,3.8384460213309137,3.8384460213309146,8.881784197001252e-16,17.099796740069905,17.099796740069905,0.0,0.0,9.654069261556376,3.913152267131225,True,0,ok
26.5,0.16,0.3009468419623898,0.2593792547967568,0.4521387035440407,7.648403749522922e-09,-0.17628818982927097,3.214402760012735,3.8744865247538827,3.8744865247538813,-1.3322676295501878e-15,16.876718184316953,16.876718184316953,0.0,0.0,9.474678928373248,3.952854841391291,True,0,ok
26.5,0.16333333333333333,0.3302413531727848,0.2813926926735414,0.4979921751856246,1.9366962866858007e-09,-0.17356328238414662,2.8544245573464235,3.9101986490470657,3.9101986490470635,-2.220446049250313e-15,16.658112561710517,16.658112561710517,0.0,0.0,9.300255045159721,3.9922618830530165,True,0,ok
26.5,0.16666666666666669,0.3599769825919615,0.30350778898868774,0.5446405291669342,1.5578857317735125e-08,-0.17113523421665938,2.5806550489345477,3.945691774353352,3.9456917743533526,4.440892098500626e-16,16.442451427173314,16.442451427173314,0.0,0.0,9.129800910611994,4.0315097792720485,True,0,ok
26.5,0.17,0.39005081554365806,0.32564131125699936,0.5919262221946586,1.280180734157673e-09,-0.16898364465838753,2.366786027189718,3.980820929211576,3.980820929211576,0.0,16.231668577372755,16.231668577372755,0.0,0.0,8.964267498454385,4.070408696009028,True,0,ok
26.5,0.17333333333333334,0.42055056403765106,0.3478591100261008,0.6399862266557058,1.1734773890890456e-09,-0.16710949514371248,2.1947230206234165,4.015715364354844,4.015715364354844,0.0,16.024004691100824,16.024004691100824,0.0,0.0,8.802565987517243,4.109119700543054,True,0,ok
26.5,0.1766666666666667,0.4514389075991076,0.37013054305862586,0.6887631254487667,5.506983319880891e-10,-0.1655019775309787,2.0537530434146265,4.05032819647514,4.0503281964751405,8.881784197001252e-16,15.820053709130434,15.820053709130434,0.0,0.0,8.644939536442566,4.147578174088796,True,0,ok
26.5,0.18,0.4827335480327191,0.39246585658521344,0.738285572528413,2.8331402218879004e-08,-0.1641542961354587,1.9362380840947255,4.08468566619959,4.084685666199589,-8.881784197001252e-16,15.619452175928162,15.619452175928162,0.0,0.0,8.49107878766014,4.185813883188837,True,0,ok
26.5,0.18333333333333335,0.5145673933988986,0.41499896411433934,0.7887424591284758,1.3553216079693265e-08,-0.16308102790467657,1.8369059812267847,4.118795259653932,4.118795259653929,-2.6645352591003757e-15,15.422076296461514,15.422076296461514,0.0,0.0,8.340141632856032,4.223796080422658,True,0,ok
26.5,0.18666666666666668,0.5466653331567138,0.4374444309452814,0.8397448000797515,3.352485424553118e-09,-0.1622298675255062,1.7519828411505483,4.15264441130398,4.152644411303978,-1.7763568394002505e-15,15.228065370376667,15.228065370376667,0.0,0.0,8.19354686799735,4.261581296285145,True,0,ok
26.5,0.19,0.5791627364990989,0.4599386461126719,0.8914846425258353,1.3861525822508425e-09,-0.16161392070423017,1.6786414016818156,4.18623484141768,4.18623484141768,0.0,15.037378222892844,15.037378222892844,0.0,0.0,8.050403824260652,4.299128815579912,True,0,ok
26.5,0.19333333333333336,0.6120266252721851,0.4824556352278492,0.9439101282235888,5.229912766841026e-10,-0.16122278025100792,1.61481564008757,4.219531177236239,4.219531177236241,1.7763568394002505e-15,14.850423129536738,14.850423129536738,0.0,0.0,7.910851889219113,4.336390020799257,True,0,ok
26.5,0.19666666666666668,0.6453061088869327,0.5050297415113587,0.9970982312136312,1.2302323587411254e-09,-0.1610578439609987,1.5587009692806144,4.252598062698068,4.252598062698066,-1.7763568394002505e-15,14.66636168660902,14.66636168660902,0.0,0.0,7.774394510049399,4.373443225794702,True,0,ok
26.5,0.2,0.67906059844646,0.5277215153777827,1.0511326706438013,8.273662972952639e-10,-0.16111902284422697,1.5090025307813169,4.285437337427496,4.285437337427494,-1.7763568394002505e-15,14.485148613577827,14.485148613577827,0.0,0.0,7.640785438225564,4.410290459264326,True,0,ok
