theta_B_deg,kdf,residual_norm,radius_residual,length_residual,mass_residual,performance_residual,rao_exit_residual,D_M_pre,D_M_post,D_M_jump,D_theta_pre_deg,D_theta_post_deg,D_theta_jump_deg,fan_turn_deg,exit_angle_deg,exit_mach,success,failure_code,failure_reason
24.5,0.1,0.03510944920370765,-0.034352954243803434,-0.05017862896578912,1.2879299119863745e-11,-0.38513984207375423,5.000404929004674,2.6711080037823227,3.6711080037823223,0.9999999999999996,22.233102300147696,12.233102300147698,-10.0,0.0,7.504216039472247,3.81383667724404,True,0,ok
24.5,0.10333333333333333,0.011725791586485155,-0.016249812009383722,-0.012183028139536835,5.901904089447363e-10,-0.37441404913952187,4.056328851672827,2.6992231828346642,3.6992231828346647,1.0000000000000004,22.018429184653463,12.018429184653465,-10.0,0.0,7.317815349048581,3.8452611230973757,True,0,ok
24.5,0.10666666666666667,0.01528494147324245,0.001748468007342273,0.02641649422517373,2.21866765992961e-09,-0.3641529112371008,3.438966452064379,2.7273383618870057,3.7273383618870053,0.9999999999999996,21.803756069159224,11.803756069159226,-10.0,0.0,7.13497948150184,3.876614177212703,True,0,ok
24.5,0.11,0.030359248223349962,0.04852759475757163,-0.020251528463447854,9.704205999187579e-10,-0.35968665997434585,4.869759357192372,2.753911001731096,3.7539110017310957,0.9999999999999996,21.620227210739202,16.6202272107392,-5.000000000000001,0.0,9.476124345876174,3.8485139735252263,True,0,ok
24.5,0.11333333333333334,0.039236677906278966,0.06669014002851176,0.01307577540112759,6.047562415973068e-10,-0.3503926828267103,4.194493878442594,2.7786383998627517,3.7786383998627517,1.0,21.4736610136087,16.4736610136087,-5.000000000000001,0.0,9.329361815877288,3.876325180104089,True,0,ok
24.5,0.11666666666666667,0.051702823041140406,0.0499564133767129,-0.07432296074434477,1.8393548283582699e-09,-0.34181471115366197,15.059222145331841,2.8034137908681807,3.8034137908681807,1.0,21.325195275442933,21.325195275442933,0.0,0.0,11.062544709360182,3.7450788522216025,True,0,ok
24.5,0.12000000000000001,0.046650392448067506,0.067310160182062,-0.04470033202271875,4.089909186884148e-10,-0.33308096226862394,10.100670330947432,2.827902730709104,3.827902730709104,1.0,21.181609675783484,21.181609675783484,0.0,0.0,10.915682418063957,3.771577943045108,True,0,ok
24.5,0.12333333333333334,0.04970863897808313,0.08488319197378644,-0.014411456810040068,3.374666341515887e-07,-0.3247118769639378,7.606598622289021,2.8526617946161106,3.852661794616111,1.0000000000000004,21.031635077506238,21.031635077506238,0.0,0.0,10.769523664233956,3.798651441628927,True,0,ok
24.5,0.12666666666666668,0.060007585912768294,0.10262472702313657,0.01645893388592984,9.853882151419533e-09,-0.3167034423950494,6.11776000825489,2.8775570113341455,3.8775570113341455,1.0,20.878053867729996,20.878053867729996,0.0,0.0,10.624984401415041,3.826070899387595,True,0,ok
24.5,0.13,0.073814073574313,-0.10689884144882919,-0.07012980871070697,2.0705357898005583e-09,-0.28874760026296653,2.1415481885350873,2.9029003435617997,3.4029003435618,0.5000000000000004,20.714600009564297,10.714600009564295,-10.0,0.0,6.835918374683086,3.5372932998506634,True,0,ok
24.5,0.13333333333333333,0.058588464811978845,-0.09344617724528588,-0.03956812587571044,1.7320759406623999e-10,-0.2804477790900043,2.7118007098414787,2.9293207360395304,3.4293207360395304,0.5,20.52879507475851,10.52879507475851,-10.0,0.0,6.675426073119451,3.5655793465487378,True,0,ok
24.5,0.13666666666666666,0.04180128226212955,-0.03578294363746211,-0.06294142150375132,1.2501779072577425e-09,-0.277631800917485,4.774909217276426,2.9568064314975255,3.456806431497526,0.5000000000000004,20.32113256759438,15.321132567594377,-5.000000000000001,0.0,9.306415593110927,3.5793786007879542,True,0,ok
24.5,0.14,0.021453100923847713,-0.01999858919271526,-0.03131713665147877,2.136957208704582e-09,-0.2701464899487631,6.767652525233409,2.985363385694049,3.4853633856940487,0.49999999999999956,20.09148662355083,15.091486623550828,-5.000000000000001,0.0,9.111852855333296,3.611229303717019,True,0,ok
24.5,0.14333333333333334,0.0026511299526186757,-0.004589981999009128,-0.00013242101716464806,9.749667354500463e-10,-0.2629990370743066,11.002345582003285,3.0127428763357704,3.5127428763357704,0.5,19.884061583079898,14.8840615830799,-5.000000000000001,0.0,8.934024966828524,3.6416760366032572,True,0,ok
24.5,0.14666666666666667,0.018891600398552432,0.01060938181113438,0.0309534927664283,1.229277417263251e-09,-0.2561481512411827,26.51205240992046,3.0393792630398093,3.539379263039809,0.49999999999999956,19.690385502607693,14.690385502607691,-5.000000000000001,0.0,8.767208939993953,3.6712472397088645,True,0,ok
24.5,0.15000000000000002,0.022558359906827405,0.03207334059510874,-0.02231456089924447,4.397988326151108e-08,-0.2540532646354635,8.558927845362861,3.0671452674713127,3.5671452674713127,0.5,19.474571895652083,19.474571895652083,0.0,0.0,10.885705216768814,3.6136868752686295,True,0,ok
24.5,0.15333333333333335,0.028001920575473304,0.04799912843795315,0.006957466273164568,2.3040544525195517e-11,-0.2478134172732586,13.882921290234723,3.093755749677979,3.593755749677979,0.5,19.279856696240284,19.279856696240284,0.0,0.0,10.71691131211918,3.6433799540346743,True,0,ok
24.5,0.15666666666666668,0.0427335317722925,0.06414001214046709,0.036939451211696755,2.4049574076556487e-09,-0.2418606131472604,35.7504970878464,3.1205448545316274,3.6205448545316274,0.5,19.081415521194447,19.081415521194447,0.0,0.0,10.548565950824736,3.673419003678376,True,0,ok
24.5,0.16,0.05681940028324088,-0.036579099468055126,-0.0913635716669811,1.9330885280152334e-10,-0.23193351648104127,2.143443678620122,3.1478024703457286,3.647802470345729,0.5000000000000004,18.873920061801805,23.873920061801805,5.000000000000001,0.0,11.44947713863296,3.4220145820660006,True,0,ok
24.5,0.16333333333333333,0.03685252662780018,-0.01606855303750225,-0.06177481493164186,2.32481006322965e-08,-0.2263691222089842,2.5960801093999915,3.1739923408755892,3.6739923408755892,0.5,18.685340655483312,23.685340655483312,5.000000000000001,0.0,11.362483511588476,3.460929317462124,True,0,ok
24.5,0.16666666666666669,0.018038371645444893,0.005564096688613511,-0.030743932456621922,3.453936463334616e-11,-0.2211682624476364,3.264770343368485,3.2007148356234,3.7007148356233994,0.49999999999999956,18.48677145577563,23.486771455775635,5.000000000000001,0.0,11.274430113866995,3.501476900062634,True,0,ok
24.5,0.17,0.015326702795033398,0.02654557610993475,0.0002363148012106962,9.079598668851263e-08,-0.21623778551483933,4.231870281743332,3.2272636180340935,3.727263618034094,0.5000000000000004,18.29095856090795,23.29095856090795,5.000000000000001,0.0,11.177731907207336,3.5402789484643327,True,0,ok
24.5,0.17333333333333334,0.03208600175779884,0.046363233395664,0.030642864022533668,1.0429647314808887e-08,-0.2115159892572135,5.714392688426176,3.2533615886334797,3.7533615886334797,0.5,18.102831810936056,23.10283181093606,5.000000000000001,0.0,11.074047621855277,3.5766005723330325,True,0,ok
24.5,0.1766666666666667,0.04668012046711592,-0.056810692050373514,-0.057529524674126975,2.7092831295923535e-09,-0.19918647849567653,1.5935787899515512,3.279889564200393,3.279889564200393,0.0,17.906818615172863,17.906818615172863,0.0,0.0,10.841130969443634,3.3775122074756725,True,0,ok
24.5,0.18,0.03134819885319687,-0.04376183589987519,-0.03214079079131557,1.8263349912640227e-10,-0.1940243134303903,1.7795531395449529,3.3059266720806404,3.3059266720806404,0.0,17.719027005564335,17.719027005564335,0.0,0.0,10.669561029234366,3.4059123944899055,True,0,ok
24.5,0.18333333333333335,0.018107170693063425,-0.030698234846895673,-0.006420846424579845,2.2803404105521455e-09,-0.18907764282138104,2.007404625349797,3.331876045401766,3.331876045401766,0.0,17.532550986960526,17.532550986960526,0.0,0.0,10.501159723298768,3.434258615717266,True,0,ok
24.5,0.18666666666666668,0.015273822965609644,-0.01749443195441222,0.019844743751099254,1.1724771011479933e-09,-0.18434281103664982,2.2952613282995937,3.3579677001189823,3.3579677001189823,0.0,17.343456145695527,17.343456145695527,0.0,0.0,10.333175465674676,3.4628326137172682,True,0,ok
24.5,0.19,0.02183750108431138,-0.016083822407225952,-0.03423360947365487,2.3624997779945675e-09,-0.18421807323569672,1.9758397729859174,3.383616917535579,3.383616917535579,0.0,17.161544262205098,22.161544262205098,5.000000000000001,0.0,12.300110139523719,3.381423442651616,True,0,ok
24.5,0.19333333333333336,0.006048338469071453,-0.0029350328986753028,-0.010056479333894265,2.0668260128901512e-10,-0.17977425432846403,2.191301607743266,3.4093102046461903,3.4093102046461903,0.0,16.978745875126965,21.978745875126965,5.000000000000001,0.0,12.133113728627782,3.4089322915168667,True,0,ok
24.5,0.19666666666666668,0.010242331307928003,0.010287832170938286,0.014452562440158963,1.670024318008858e-10,-0.17552808125168046,2.4542083919921853,3.4349151850986583,3.4349151850986583,0.0,16.797260261655477,21.797260261655477,5.000000000000001,0.0,11.969069949796044,3.4364198803720956,True,0,ok
24.5,0.2,0.02642301737365598,0.023563940338777206,0.03923350936503285,2.307475828611411e-09,-0.17147899347850643,2.7788065600950724,3.4602860341013786,3.4602860341013786,0.0,16.619477299780005,21.61947729978001,5.000000000000001,0.0,11.808865891129864,3.463686731518137,True,0,ok
24.566666666666666,0.1,0.025741711910061724,-0.02599780267848837,-0.03622183667447333,1.6567032939698507e-09,-0.38246604035999054,4.530400911645147,2.6851111031424733,3.6851111031424733,1.0,22.21720281064052,12.217202810640519,-10.0,0.0,7.475154682698632,3.828576906649358,True,0,ok
24.566666666666666,0.10333333333333333,0.004637777913549865,-0.0076458903503683045,0.002463191563069669,2.26821013520244e-10,-0.3718079298725009,3.7512123777562882,2.7135894458581387,3.7135894458581387,1.0,22.000138918568066,12.000138918568066,-10.0,0.0,7.287927286569753,3.860399726042594,True,0,ok
24.566666666666666,0.10666666666666667,0.024884060711756334,0.01060398323802183,0.04177565046778876,4.306778846066511e-09,-0.3616207042678443,3.2243206252454977,2.742067788573804,3.742067788573804,1.0,21.783075026495617,11.783075026495617,-10.0,0.0,7.1042644728691045,3.8921505329432478,True,0,ok
24.566666666666666,0.11,0.03319466511724745,0.057031105631881136,-0.007287685993772673,8.611909622066186e-11,-0.35723600609133627,4.539180661263738,2.767706346736359,3.767706346736359,1.0,21.6232224288764,16.6232224288764,-5.000000000000001,0.0,9.450023673851414,3.8616470247930605,True,0,ok
24.566666666666666,0.11333333333333334,0.046210224918494275,0.07547473688389443,0.026640547167060838,3.4867793782126407e-10,-0.34800715255968967,3.9493002748300166,2.7927815827988938,3.7927815827988933,0.9999999999999996,21.473936043551344,16.47393604355134,-5.000000000000001,0.0,9.302332609993307,3.88985934174496,True,0,ok
24.566666666666666,0.11666666666666667,0.0491337898632488,0.05721217716319587,-0.06300122779140706,2.615152710255839e-10,-0.33927368088632415,12.51081955281474,2.8177652789027947,3.8177652789027947,1.0,21.325655697989028,21.325655697989028,0.0,0.0,11.021967212327795,3.7561087535530335,True,0,ok
24.566666666666666,0.12000000000000001,0.08511738099280604,0.1122502527409952,0.09557607650874875,2.1556768652675666e-10,-0.33068498242384675,3.1712354235515563,2.8426526673522594,3.84265266735226,1.0000000000000004,21.1784714480132,16.1784714480132,-5.000000000000001,0.0,9.018043692381891,3.94601086343175,True,0,ok
24.566666666666666,0.12333333333333334,0.05356403799717713,0.09275544339443016,-0.001935515536429755,2.5114053736972955e-09,-0.3223024548774936,6.879006237232192,2.8678013806353566,3.867801380635356,0.9999999999999996,21.025031723021332,21.025031723021332,0.0,0.0,10.72731116526312,3.8106895317828506,True,0,ok
24.566666666666666,0.12666666666666668,0.06623090335939207,0.11083976506049699,0.02956592905249592,1.8350027560534843e-09,-0.314371504973167,5.6337298282866355,2.8930875554872495,3.8930875554872495,1.0,20.867926954341414,20.867926954341414,0.0,0.0,10.581923728601902,3.838623568364304,True,0,ok
24.566666666666666,0.13,0.06529456581838201,-0.09853643174289484,-0.0555041673715667,6.988953394262963e-10,-0.28607660566699367,2.4903497241354438,2.9190110186957527,3.4190110186957527,0.5,20.697119719208978,10.69711971920898,-10.0,0.0,6.808261079984353,3.5542457812654673,True,0,ok
24.566666666666666,0.13333333333333333,0.05080658993180204,-0.08473979639128393,-0.023729636513410975,2.280719664170684e-10,-0.27784277119875916,3.272480785339178,2.9465210566289395,3.4465210566289395,0.5,20.493808410737074,10.493808410737074,-10.0,0.0,6.636725856493802,3.5836452157556384,True,0,ok
24.566666666666666,0.13666666666666666,0.031180551171074575,-0.026204610927410367,-0.04722286183766339,3.0127450205181507e-10,-0.275217398434899,5.822465907820841,2.9749381177047036,3.4749381177047036,0.5,20.27191095110269,15.27191095110269,-5.000000000000001,0.0,9.250650546906865,3.5980346615528442,True,0,ok
24.566666666666666,0.14,0.010432791719596227,-0.010164752699246746,-0.014940121544233902,1.003497559777627e-08,-0.26783291623553895,8.997333769912146,3.003847558678566,3.503847558678566,0.5,20.039923635396494,15.039923635396494,-5.000000000000001,0.0,9.05554482369744,3.6302897160031606,True,0,ok
24.566666666666666,0.14333333333333334,0.009672192167720476,0.0051319886261155705,0.01594730688013715,9.523116074917378e-09,-0.26076348358022183,17.347241697458966,3.0304677708330336,3.5304677708330336,0.5,19.85104617007241,14.85104617007241,-5.000000000000001,0.0,8.88993620154584,3.6598021929688214,True,0,ok
24.566666666666666,0.14666666666666667,0.025818899854788385,0.02548223641665538,-0.03674918225403738,1.1694983006011695e-09,-0.25839834117047383,7.321732702899734,3.0581751027003587,3.5581751027003587,0.5,19.640873560819703,19.640873560819703,0.0,0.0,11.005496491508952,3.600454777776248,True,0,ok
24.566666666666666,0.15000000000000002,0.024533233499882616,0.041956100750475324,-0.006732328549264873,2.226378503608469e-09,-0.2519643159625108,11.186424767505665,3.0858846247367433,3.5858846247367433,0.5,19.43012161841704,19.43012161841704,0.0,0.0,10.826009617111149,3.6315236244819005,True,0,ok
24.566666666666666,0.15333333333333335,0.035971993102919125,0.05797883520423647,0.02281244247662602,1.6941721062276935e-09,-0.24580982118615127,21.895105419630358,3.1124681863562254,3.6124681863562254,0.5,19.239867532491658,19.239867532491658,0.0,0.0,10.6604816436001,3.661112314473982,True,0,ok
24.566666666666666,0.15666666666666668,0.05318262788374238,0.07467622394357794,0.0539317837957399,1.050621514401791e-09,-0.23996337201404333,1114.6125025256893,3.1401333897517385,3.640133389751739,0.5000000000000004,19.02897974544585,19.02897974544585,0.0,0.0,10.486220886675532,3.6923266278289573,True,0,ok
24.566666666666666,0.16,0.05509686820671519,-0.04081265356024464,-0.08626309737040444,1.480057752649456e-09,-0.22902264958972898,2.0313129209817187,3.167117080770517,3.6671170807705167,0.49999999999999956,18.830136981600585,23.83013698160059,5.000000000000001,0.0,11.255632992725898,3.4162254604378846,True,0,ok
24.566666666666666,0.16333333333333333,0.03306558862714069,-0.01765127987764412,-0.05448331645980229,4.825586508655622e-10,-0.22360716092260835,2.532884034115849,3.1938503008887107,3.6938503008887107,0.5,18.635487643859655,23.635487643859655,5.000000000000001,0.0,11.195200827671368,3.4601989617209576,True,0,ok
24.566666666666666,0.16666666666666669,0.012908377503027832,0.00634906022406855,-0.021437538654266626,6.4903447852893e-11,-0.21858017609095515,3.2848817636883707,3.221044298480706,3.721044298480706,0.5,18.432208894432787,23.432208894432787,5.000000000000001,0.0,11.129254861443785,3.5050610390755397,True,0,ok
24.566666666666666,0.17,0.017136341495357782,0.027918525355557163,0.010075640997359634,6.702919155794515e-10,-0.2137325098020107,4.317698864182826,3.2474581122286854,3.747458112228685,0.49999999999999956,18.24230163346806,23.24230163346806,5.000000000000001,0.0,11.044225509508845,3.544771273374892,True,0,ok
24.566666666666666,0.17333333333333334,0.037745691487378795,0.049777502716942514,0.04238409962292345,4.598236170260922e-09,-0.20919671398323378,6.113673173788532,3.274146892246445,3.7741468922464456,0.5000000000000004,18.047300014212798,23.047300014212798,5.000000000000001,0.0,10.954331345521421,3.5846313769527893,True,0,ok
24.566666666666666,0.1766666666666667,0.03591952603165553,-0.046629302464139634,-0.04118671148227446,4.832551568641462e-10,-0.19716877279788347,1.7409740990612192,3.300792030308548,3.300792030308548,0.0,17.852771077895213,17.852771077895213,0.0,0.0,10.774108017082245,3.3982938348881837,True,0,ok
24.566666666666666,0.18,0.021263821136661948,-0.033446807502704186,-0.015419511531592212,3.0704674835133457e-10,-0.1920935948365141,1.95931930809846,3.326947048128304,3.326947048128304,0.0,17.66643021577856,17.66643021577856,0.0,0.0,10.604485760323495,3.4268168252602336,True,0,ok
24.566666666666666,0.18333333333333335,0.013214774204884924,-0.020074751799289366,0.010995231332500605,1.1600896987011937e-09,-0.18722834102558755,2.2353449990474186,3.353366066061132,3.353366066061132,0.0,17.47529218863332,17.47529218863332,0.0,0.0,10.433880107116359,3.455722467792079,True,0,ok
24.566666666666666,0.18666666666666668,0.0220766954190359,-0.006727459518326855,0.03764150276362401,1.2231756928070125e-09,-0.18257764141078148,2.585824871414904,3.379491749462289,3.379491749462289,0.0,17.28889970703765,17.28889970703765,0.0,0.0,10.268337278864756,3.4843262429530233,True,0,ok
24.566666666666666,0.19,0.011049735612184721,-0.006030210782583861,-0.018163879795215162,1.1554146125317045e-08,-0.18242054873764676,2.137119402346227,3.405468109649116,3.405468109649116,0.0,17.10484740703895,22.10484740703895,5.000000000000001,0.0,12.221712748333196,3.4011844379537455,True,0,ok
24.566666666666666,0.19333333333333336,0.0056945247121497605,0.007378361566886605,0.006545427081569484,6.031012199609952e-10,-0.17806414255174036,2.3902901066254607,3.4314877470834984,3.4314877470834984,0.0,16.919920011138437,21.919920011138437,5.000000000000001,0.0,12.05445287804457,3.4290809579915837,True,0,ok
24.566666666666666,0.19666666666666668,0.02174066678693829,0.020747033009827515,0.03142499639317676,4.174340535094197e-10,-0.17389845012603145,2.7007297720413206,3.4571811722952868,3.4571811722952868,0.0,16.7401369220422,21.7401369220422,5.000000000000001,0.0,11.89218650225665,3.456640682593288,True,0,ok
24.566666666666666,0.2,0.038266334700540645,0.03426810617979048,0.05673300638157652,2.5342710364639678e-09,-0.1699327771086574,3.095419783895619,3.482835176222162,3.482835176222162,0.0,16.56088812027528,21.56088812027528,5.000000000000001,0.0,11.731978711008283,3.4842425733025726,True,0,ok
24.633333333333333,0.1,0.016202781555552537,-0.017492720134882095,-0.021945275862780833,2.083245867585981e-10,-0.3798044951888754,4.147806166654991,2.6993102614151288,3.6993102614151283,0.9999999999999996,22.200114498701335,12.200114498701335,-10.0,0.0,7.44540778658463,3.8435221596350533,True,0,ok
24.633333333333333,0.10333333333333333,0.01008934403970932,0.0011062952528733726,0.01744020356155063,7.073169981116096e-10,-0.36921893086424556,3.493447954959584,2.728158191822995,3.7281581918229953,1.0000000000000004,21.980620133781155,11.980620133781155,-10.0,0.0,7.257368277192099,3.8757496248434755,True,0,ok
24.633333333333333,0.10666666666666667,0.031599098984089045,0.047004352646290444,-0.02803747495980941,2.4672242452334146e-10,-0.3643615342870762,4.964878645109934,2.7563294771408002,3.7563294771408007,1.0000000000000004,21.77472799868532,16.77472799868532,-5.000000000000001,0.0,9.57391580178692,3.8464788361399,True,0,ok
24.633333333333333,0.11,0.03807544919324346,0.06567969191135148,0.005949585215098811,4.526250896363171e-09,-0.35479474297088115,4.252715790534713,2.781695783842578,3.7816957838425775,0.9999999999999996,21.62521499752174,16.62521499752174,-5.000000000000001,0.0,9.423328883518623,3.8749617425877005,True,0,ok
24.633333333333333,0.11333333333333334,0.05404240083850271,0.08439823081268684,0.04048063612218244,9.564217727013195e-09,-0.345634412669855,3.732900916249387,2.807123568190941,3.807123568190941,1.0,21.473189034338205,16.473189034338205,-5.000000000000001,0.0,9.274765042085054,3.9035802736354595,True,0,ok
24.633333333333333,0.11666666666666667,0.04767125969319972,0.0645860587840893,-0.05144208406497181,9.144069614754444e-11,-0.3367382328694898,10.704405232724634,2.832317732920526,3.832317732920526,1.0,21.32510677553813,21.32510677553813,0.0,0.0,10.980466811485524,3.7672523711777752,True,0,ok
24.633333333333333,0.12000000000000001,0.049137873971577796,0.0825703479053294,-0.020633216475694056,8.493986615466385e-10,-0.32813352897674763,7.901010839594056,2.85766401574864,3.8576640157486395,0.9999999999999996,21.17299949774905,21.17299949774905,0.0,0.0,10.831571552891146,3.7948806167571756,True,0,ok
24.633333333333333,0.12333333333333334,0.058510657107293515,0.10076379462790334,0.01082352426742542,2.542076195585641e-10,-0.3199084281222895,6.276792912067579,2.8831887124539035,3.8831887124539035,1.0,21.016348317149628,21.016348317149628,0.0,0.0,10.68409252775799,3.822944137066293,True,0,ok
24.633333333333333,0.12666666666666668,0.07263947862274803,-0.10376230644695983,-0.07115381454680558,1.1303034285029918e-09,-0.29191538363416786,2.30579071582706,2.9090938070991057,3.409093807099106,0.5000000000000004,20.851146733788458,10.851146733788458,-10.0,0.0,6.932951827806315,3.543239905148436,True,0,ok
24.633333333333333,0.13,0.056813359498472354,-0.08989969471024088,-0.04001647590072667,5.147414685742331e-09,-0.28342162715498864,2.9584915701689254,2.935991764683011,3.4359917646830116,0.5000000000000004,20.665273023587552,10.665273023587554,-10.0,0.0,6.771155793086979,3.57208521214217,True,0,ok
24.633333333333333,0.13333333333333333,0.04121184325961605,-0.03269570046626586,-0.06345265357402877,3.026581898683479e-11,-0.2804881952266457,5.082330098558141,2.964056789024439,3.464056789024439,0.5,20.45552408092417,15.45552408092417,-5.000000000000001,0.0,9.392879592024505,3.584309881773917,True,0,ok
24.633333333333333,0.13666666666666666,0.020305133084489977,-0.016424897411478612,-0.031098521407921496,1.9629821124540587e-10,-0.27283915699254946,7.411532933571854,2.9933248418188296,3.493324841818829,0.49999999999999956,20.221157641326524,15.221157641326524,-5.000000000000001,0.0,9.194112567349347,3.6169636383204247,True,0,ok
24.633333333333333,0.14,0.0006103047993449947,-0.0004962629278446896,0.0009333482473102014,7.707126871153005e-10,-0.26554541323682423,12.87879968529731,3.0215226921936083,3.5215226921936083,0.5,20.006901780866837,15.006901780866837,-5.000000000000001,0.0,9.010908812242475,3.648338940964558,True,0,ok
24.633333333333333,0.14333333333333334,0.02082135744140574,0.015157387815784896,0.032723697402803134,4.196589818960787e-09,-0.2585614812955954,40.83113314793192,3.0487809666093,3.5487809666093,0.5,19.81005129869218,14.81005129869218,-5.000000000000001,0.0,8.84109013150592,3.6785999414440322,True,0,ok
24.633333333333333,0.14666666666666667,0.023816550054164172,0.03547190214956844,-0.021057737944493424,2.448083843042156e-09,-0.2562566885065911,9.23801438774422,3.0772356697876346,3.577235669787635,0.5000000000000004,19.589829461344344,19.589829461344344,0.0,0.0,10.941485604628305,3.6187021872036182,True,0,ok
24.633333333333333,0.15000000000000002,0.0303715935645112,0.05184815699339013,0.00889211467156961,8.666673413180033e-10,-0.24990410364012416,15.872525166550458,3.1045141414330857,3.6045141414330857,0.5,19.390986955622267,19.390986955622267,0.0,0.0,10.769399865776892,3.6491058913742327,True,0,ok
24.633333333333333,0.15333333333333335,0.045660707382027474,0.0684594711683771,0.03959799746486633,3.2688003667676563e-10,-0.24385193787420795,54.0827068343156,3.1319929667695434,3.631992966769543,0.49999999999999956,19.187997905506222,19.187997905506222,0.0,0.0,10.597649572519007,3.6798945193207437,True,0,ok
24.633333333333333,0.15666666666666668,0.06418132966852273,0.08535573144631119,0.07121887631326397,1.9086685896579116e-10,-0.23811102117954658,39.07376187987991,3.1598648520026527,3.659864852002652,0.49999999999999956,18.977334752141978,18.977334752141978,0.0,0.0,10.4245610386139,3.7113365212712437,True,0,ok
24.633333333333333,0.16,0.0557381688587086,-0.04847284316915722,-0.08349020228903525,7.717789282578291e-11,-0.22599813157325158,1.8558812902328348,3.186704114220044,3.686704114220044,0.5,18.784878876323543,23.784878876323543,5.000000000000001,0.0,11.022178858944105,3.40418981243983,True,0,ok
24.633333333333333,0.16333333333333333,0.03046609911747491,-0.021128332382721896,-0.048354349928756576,9.046035457572835e-10,-0.22076446624132015,2.419420181458084,3.2141340907103455,3.7141340907103455,0.5,18.58137656227539,23.58137656227539,5.000000000000001,0.0,11.005050380141727,3.456247303096487,True,0,ok
24.633333333333333,0.16666666666666669,0.008562330124389556,0.004216220711104051,-0.014218437832347962,1.9358040705840428e-10,-0.2158290384978991,3.1889995189144997,3.2412500746246895,3.7412500746246895,0.5,18.383088220379125,23.383088220379125,5.000000000000001,0.0,10.960340364316849,3.5035810752845187,True,0,ok
24.633333333333333,0.17,0.019582629200086934,0.027973747557777,0.019180916212164053,5.852057554556112e-11,-0.2111477342961657,4.329509109989617,3.268049873940297,3.7680498739402974,0.5000000000000004,18.19007104087885,23.19007104087885,5.000000000000001,0.0,10.896092758683784,3.5472078099748408,True,0,ok
24.633333333333333,0.17333333333333334,0.04097517571090244,-0.04976244750597946,-0.05060231113133692,1.1414399981825716e-09,-0.20041018121747772,1.7013257075282961,3.295223771635772,3.295223771635772,0.0,17.990211852716495,17.990211852716495,0.0,0.0,10.882053833104282,3.3901826931375685,True,0,ok
24.633333333333333,0.1766666666666667,0.02533907264288521,-0.03634522810286205,-0.02460142681543426,1.6700185020502223e-10,-0.19519408737860958,1.9118732371728644,3.3217902741108536,3.3217902741108536,0.0,17.80047397825461,17.80047397825461,0.0,0.0,10.70862399179552,3.419135446647511,True,0,ok
24.633333333333333,0.18,0.013237194696356537,-0.022852005600950572,0.0018589809846592284,2.3407298592021107e-08,-0.19020033815767953,2.175034995444194,3.3484176011042206,3.3484176011042206,0.0,17.60949238605937,17.60949238605937,0.0,0.0,10.536810663394524,3.4482199289588507,True,0,ok
24.633333333333333,0.18333333333333335,0.01745734424978677,-0.009266942332224833,0.028781945462006294,2.078596911337928e-09,-0.18542751041569322,2.5116673351309853,3.3750469626812,3.3750469626812,0.0,17.418252267976868,17.418252267976868,0.0,0.0,10.366980803666033,3.477365809929548,True,0,ok
24.633333333333333,0.18666666666666668,0.016218569814691927,-0.009299045200442238,-0.026507617374299044,1.6519201578094073e-11,-0.1851428211625232,2.0831582890275215,3.4013172549088715,3.4013172549088715,0.0,17.232810171103882,22.232810171103882,5.000000000000001,0.0,12.312040817915562,3.3931020585357583,True,0,ok
24.633333333333333,0.19,0.0026329473185068304,0.004239554760494305,-0.0016803006215741377,2.137600406940968e-09,-0.18066597121279537,2.3252694314755185,3.4276440105434034,3.4276440105434034,0.0,17.04621998905647,22.046219989056475,5.000000000000001,0.0,12.142441571731956,3.4212608695415225,True,0,ok
24.633333333333333,0.19333333333333336,0.016985335713089154,0.017806642888187747,0.02341854728439718,5.631886696448733e-09,-0.17639310214017687,2.6231173244122012,3.4537774767683653,3.4537774767683653,0.0,16.86264627263282,21.862646272632823,5.000000000000001,0.0,11.976809322613232,3.4492616351845546,True,0,ok
24.633333333333333,0.19666666666666668,0.03355587094218194,0.03147069771168835,0.04886291650735396,1.9314566748283126e-10,-0.1723254597087085,2.998148604713748,3.4797506277674906,3.4797506277674906,0.0,16.681559403948896,21.681559403948896,5.000000000000001,0.0,11.814386805629738,3.477144361569294,True,0,ok
24.633333333333333,0.2,0.050389184576943524,0.045193180378849306,0.07466449098622872,2.7765364758678954e-09,-0.1684408738703408,3.4878756053054683,3.505696968820248,3.505696968820248,0.0,16.50077664988108,21.50077664988108,5.000000000000001,0.0,11.654551523516734,3.505094563794038,True,0,ok
24.7,0.1,0.006609554639219032,-0.008820261741815895,-0.007298055932391996,1.5184297247059092e-09,-0.37714361810884744,3.829408294109515,2.7137510998921863,3.7137510998921863,1.0,22.18149782078341,12.181497820783411,-10.0,0.0,7.414740430482684,3.858721687159066,True,0,ok
24.7,0.10333333333333333,0.019813659862161877,0.010037765988303487,0.032817474085680545,8.80057105581631e-09,-0.36663372942731015,3.2721301184422202,2.742976564898137,3.742976564898137,1.0,21.95952191356415,11.95952191356415,-10.0,0.0,7.225857072484913,3.8913633560961984,True,0,ok
24.7,0.10666666666666667,0.03323202819080581,0.05555724868904071,-0.015049757842809453,2.0419566839902545e-08,-0.3618605381652331,4.621324505425776,2.770219687127299,3.770219687127299,1.0,21.77730898574255,16.77730898574255,-5.000000000000001,0.0,9.546925894283492,3.8596505613464367,True,0,ok
24.7,0.11,0.044474223301500394,0.07451161801646827,0.019541964982649,1.6026801556517117e-09,-0.352359899259847,4.000489981902344,2.795946083320968,3.7959460833209686,1.0000000000000004,21.625009760276427,16.625009760276427,-5.000000000000001,0.0,9.395441416213503,3.8885466932897157,True,0,ok
24.7,0.11333333333333334,0.051193400330678124,0.05398303851802496,-0.07034290486333827,1.9474978541461143e-10,-0.34311221957725974,13.618412221767752,2.8216548679799045,3.8216548679799045,1.0,21.472077735411055,21.472077735411055,0.0,0.0,11.088533615088345,3.7510300880070866,True,0,ok
24.7,0.11666666666666667,0.04747898070161385,0.07205328072281006,-0.039636921707829224,2.0940039721527707e-09,-0.3341881963165067,9.34936378251553,2.8471378894108326,3.847137889410833,1.0000000000000004,21.322804982012475,21.322804982012475,0.0,0.0,10.937922740566009,3.7785867867201173,True,0,ok
24.7,0.12000000000000001,0.0524037069498533,0.0903969075013216,-0.008175855946371553,1.5108045765101178e-10,-0.3256580990635792,7.122445563758358,2.872932071197909,3.8729320711979085,0.9999999999999996,21.166157795877044,21.166157795877044,0.0,0.0,10.787926237542454,3.8068260690958513,True,0,ok
24.7,0.12333333333333334,0.08065720384423708,-0.10924187699489785,-0.08708022684021925,6.685755444748437e-11,-0.29796206973034445,2.1403340322823583,2.8988396695291256,3.398839669529126,0.5000000000000004,21.00624349620292,11.00624349620292,-10.0,0.0,7.059685123675463,3.531828144823125,True,0,ok
24.7,0.12666666666666668,0.06391391192922993,-0.0952740287534376,-0.05637219047882765,1.1760886572622793e-09,-0.28920274660001727,2.694866175191178,2.925375032116612,3.4253750321166123,0.5000000000000004,20.83282291554365,10.832822915543654,-10.0,0.0,6.904324307767538,3.560362281342774,True,0,ok
24.7,0.13,0.04880371120979262,-0.08105301970854627,-0.023996138849250812,7.081306721865939e-10,-0.2807759041319898,3.6053039186505504,2.953381454043499,3.453381454043499,0.5,20.62928976239415,10.629289762394153,-10.0,0.0,6.731384700121021,3.590346652110308,True,0,ok
24.7,0.13333333333333333,0.030494915139395173,-0.02297580858257941,-0.04755977047940212,1.4260774988243302e-10,-0.2780334462957364,6.264574757871031,2.9823950829495596,3.4823950829495596,0.5,20.405177648157807,15.405177648157805,-5.000000000000001,0.0,9.335871601992064,3.6031573625373223,True,0,ok
24.7,0.13666666666666666,0.009171916113611685,-0.006438050605745627,-0.01452321038831058,1.0724304565011427e-08,-0.270488894703432,10.118929888985122,3.012029403760406,3.5120294037604065,0.5000000000000004,20.16838237891355,15.168382378913549,-5.000000000000001,0.0,9.136542605258473,3.636232151635089,True,0,ok
24.7,0.14,0.01132379486167014,0.00938021393171269,0.017224882490248332,8.412718568881928e-10,-0.263276763821482,22.274266055608493,3.0394686677913434,3.5394686677913434,0.5,19.972746981981004,14.972746981981004,-5.000000000000001,0.0,8.96563003481341,3.6666671770401433,True,0,ok
24.7,0.14333333333333334,0.026519449062173926,0.02855637338615002,-0.03597745230994678,8.944899498111009e-10,-0.26069024733486823,7.775394788308492,3.067817021474052,3.5678170214740526,0.5000000000000004,19.759249127323887,19.759249127323887,0.0,0.0,11.063471667449882,3.6049176989087024,True,0,ok
24.7,0.14666666666666667,0.02644476250657544,0.045500105517084215,-0.0052646737811315215,1.956095664638472e-09,-0.2541345573899062,12.358776281523342,3.0962298773887795,3.5962298773887795,0.5,19.54395084881773,19.54395084881773,0.0,0.0,10.880399571718236,3.6367422382658456,True,0,ok
24.7,0.15000000000000002,0.03858710309308544,0.06198757569614191,0.024988678129590727,1.2926999397923126e-09,-0.24787039196724858,27.232868281005295,3.123503358638814,3.623503358638814,0.5,19.349282241996583,19.349282241996583,0.0,0.0,10.71144406634409,3.6670683696586424,True,0,ok
24.7,0.15333333333333335,0.05197842752379682,-0.019113477874019315,-0.08797696145639022,8.895358506435077e-10,-0.23833802564245865,2.6048632675316243,3.151855242282511,3.651855242282511,0.5,19.134107941472607,24.134107941472607,5.000000000000001,0.0,11.821184869136806,3.4513807902940887,True,0,ok
24.7,0.15666666666666668,0.07542200199902856,0.09604195918000666,0.08855155127658881,1.6846733359711182e-10,-0.2362763771675103,19.62887634139193,3.179457204551581,3.679457204551581,0.5,18.93212490942394,18.93212490942394,0.0,0.0,10.366442488891543,3.7300370178734505,True,0,ok
24.7,0.16,0.05884689418716829,-0.059364228262414685,-0.08285384281513516,1.205761466936123e-08,-0.2228990212156732,1.6348985033133323,3.206903845863883,3.7069038458638826,0.49999999999999956,18.732578629839836,23.732578629839836,5.000000000000001,0.0,10.743864683831493,3.3860880357067353,True,0,ok
24.7,0.16333333333333333,0.03017096723653211,-0.027690581509120876,-0.04431809435941955,1.8381292466796237e-10,-0.21779359064927137,2.2312532612261307,3.2347379754715044,3.7347379754715044,0.5,18.52574671679996,23.52574671679996,5.000000000000001,0.0,10.78061078992797,3.4467973049583756,True,0,ok
24.7,0.16666666666666669,0.005180022400895823,-0.0007893434681936679,-0.00893727212915482,1.730078473105706e-10,-0.21292374741187875,2.9873711333738315,3.2617549801483907,3.7617549801483907,0.5,18.33284975961809,23.33284975961809,5.000000000000001,0.0,10.761855840253421,3.497178603744373,True,0,ok
24.7,0.17,0.022097148731732272,0.02660468074803732,0.02751441274153265,2.213209116912413e-08,-0.2084673131514422,4.255784140336344,3.2891593697425336,3.789159369742533,0.49999999999999956,18.132877614388065,23.132877614388065,5.000000000000001,0.0,10.730809854265717,3.547415873418632,True,0,ok
24.7,0.17333333333333334,0.030047208805336525,-0.039405934954992276,-0.03399524321574106,2.7344024242714887e-09,-0.19837900392174046,1.8647288913365316,3.316354400619541,3.316354400619541,0.0,17.936217332566798,17.936217332566798,0.0,0.0,10.81454372148187,3.4111420003940225,True,0,ok
24.7,0.1766666666666667,0.01550581605146998,-0.02579132156645345,-0.007489908285277233,9.52522860422662e-10,-0.19325182371146157,2.115458426411835,3.3431959568171865,3.3431959568171865,0.0,17.74536557991235,17.74536557991235,0.0,0.0,10.641459675853005,3.44040867823457,True,0,ok
24.7,0.18,0.013293743480611867,-0.011994877334727653,0.01965435740261268,1.150485813306461e-08,-0.18834730916186387,2.4374551179929425,3.3702611894344536,3.3702611894344536,0.0,17.550456418638763,17.550456418638763,0.0,0.0,10.46798209444889,3.470012794414106,True,0,ok
24.7,0.18333333333333335,0.02150418861282043,-0.012704331534490668,-0.03501271688899639,5.762418323241092e-10,-0.18792864317619756,2.0302062202134743,3.3969307322307833,3.3969307322307833,0.0,17.361919312017363,22.361919312017363,5.000000000000001,0.0,12.403504465009975,3.384771721361799,True,0,ok
24.7,0.18666666666666668,0.04408845263038013,0.015573573888739178,0.07475853638452132,1.123883766551924e-09,-0.17918750743141848,3.419364392254459,3.4235527585344845,3.4235527585344845,0.0,17.17400849938386,17.17400849938386,0.0,0.0,10.13555745833585,3.528378134586799,True,0,ok
24.7,0.19,0.012231431792039008,0.014725053460181473,0.015231433670035969,1.248210707912086e-10,-0.1789471144586203,2.5471240505348147,3.450136509284105,3.450136509284105,0.0,16.986561964643887,21.986561964643887,5.000000000000001,0.0,12.062682053198257,3.441618725886639,True,0,ok
24.7,0.19333333333333336,0.028749520347212558,0.02853060601743058,0.04081187671331124,1.992671648310451e-09,-0.17477052085722175,2.903308985797849,3.476431598275177,3.476431598275177,0.0,16.80364191188619,21.803641911886192,5.000000000000001,0.0,11.89796392259187,3.4697830027852286,True,0,ok
24.7,0.19666666666666668,0.04565655551556948,0.04239564662206663,0.06675456787468317,3.642605370152877e-10,-0.17078028529027917,3.365626910227524,3.5026952915191947,3.5026952915191947,0.0,16.62108073114096,21.62108073114096,5.000000000000001,0.0,11.735910157201054,3.498012753953605,True,0,ok
24.7,0.2,0.06277481690465808,0.05631046254752896,0.09301163755102566,2.5949805519045133e-09,-0.16698435932339156,3.9840931873464025,3.528807304574785,3.528807304574785,0.0,16.440828710624007,21.440828710624007,5.000000000000001,0.0,11.577228290114604,3.526138889059899,True,0,ok
24.766666666666666,0.1,0.004448072657443577,1.336234576827584e-05,0.007704276250590073,9.074828777732171e-10,-0.3744938596251517,3.5607839805594605,2.728413307941449,3.728413307941449,1.0,22.161516048645783,12.161516048645783,-10.0,0.0,7.383291242190642,3.874153521046596,True,0,ok
24.766666666666666,0.10333333333333333,0.030144258874507595,0.01914019221781757,0.048576558864795935,8.270835309834228e-10,-0.36406312249811945,3.0804021681767195,2.758023574612866,3.7580235746128654,0.9999999999999996,21.937013021865912,11.937013021865912,-10.0,0.0,7.193541488200589,3.9072179861363545,True,0,ok
24.766666666666666,0.10666666666666667,0.0371190852527241,0.06426786462165984,-0.0017666485131467757,5.567043974236162e-10,-0.3593629995214621,4.323933680669573,2.78432177260561,3.78432177260561,1.0,21.778800095519525,16.778800095519525,-5.000000000000001,0.0,9.51925394336176,3.8730226156852874,True,0,ok
24.766666666666666,0.11,0.05194619783245112,0.08352029191346387,0.03346017403472716,2.099814301590465e-10,-0.3499317048655777,3.7778350845943596,2.8104141032109227,3.810414103210922,0.9999999999999996,21.623674276171542,16.62367427617154,-5.000000000000001,0.0,9.36682684342112,3.9023414814953066,True,0,ok
24.766666666666666,0.11333333333333334,0.049040889374935885,0.06125854777485971,-0.05884230465038926,1.0338541866531361e-08,-0.3405003233076755,11.516614802906428,2.8363450940662926,3.836345094066292,0.9999999999999996,21.470885732717186,21.470885732717186,0.0,0.0,11.045320668029692,3.762061932528167,True,0,ok
24.766666666666666,0.11666666666666667,0.04867302998073298,0.07970397521091423,-0.027467578671713636,8.476832180813248e-08,-0.3316488068010192,8.282551391086425,2.8623007949128474,3.862300794912848,1.0000000000000004,21.31660549388783,21.31660549388783,0.0,0.0,10.893461561205733,3.790273396293731,True,0,ok
24.766666666666666,0.12000000000000001,0.05685681751240426,0.09837170797952692,0.004593491276490957,6.235783711138305e-11,-0.32319366409706163,6.479876137683839,2.888480217065295,3.888480217065295,1.0,21.156781774449506,21.156781774449506,0.0,0.0,10.743005012785895,3.8190196752845105,True,0,ok
24.766666666666666,0.12333333333333334,0.07115380936858987,0.11738910339811205,0.03752855134923562,4.85688650095168e-09,-0.3151400265677478,5.327691774733498,2.9149655017285516,3.9149655017285516,1.0,20.989851434803253,20.989851434803253,0.0,0.0,10.592846303717522,3.848449921369951,True,0,ok
24.766666666666666,0.12666666666666668,0.05524893107440089,-0.08653181262942655,-0.040860476718431585,5.14300824684865e-09,-0.28650102644659314,3.2201859505145327,2.9423488094402175,3.442348809440217,0.49999999999999956,20.804120696927463,10.80412069692746,-10.0,0.0,6.868861933409506,3.5781956038948355,True,0,ok
24.766666666666666,0.13,0.04092090860190001,-0.02980284802992383,-0.06430670673981387,2.3084408544178275e-09,-0.2834328903388093,5.397053507371604,2.971039639254256,3.471039639254256,0.5,20.591720284232196,15.591720284232194,-5.000000000000001,0.0,9.480691468384954,3.588860064637694,True,0,ok
24.766666666666666,0.13333333333333333,0.019538102738460714,-0.013037558003902638,-0.0312287440853905,5.812138552975792e-10,-0.2756107323606372,8.112426666689379,3.001015602811106,3.5010156028111066,0.5000000000000004,20.353096853271634,15.353096853271634,-5.000000000000001,0.0,9.277935965855649,3.6223079967450182,True,0,ok
24.766666666666666,0.13666666666666666,0.002212646735868001,0.0034388602862743477,0.001691643184813826,7.453185576463383e-11,-0.26816234771888026,15.274938761113061,3.030081490637404,3.5300814906374036,0.49999999999999956,20.131448318465896,15.131448318465894,-5.000000000000001,0.0,9.088946194627496,3.654669661112849,True,0,ok
24.766666666666666,0.14,0.02274592773523659,0.019560440193019633,0.03419825821683199,9.351195161825165e-10,-0.26103795693208204,81.44540891038304,3.0579757555343043,3.5579757555343043,0.5,19.93150649981651,14.93150649981651,-5.000000000000001,0.0,8.91611969858691,3.685632726223301,True,0,ok
24.766666666666666,0.14333333333333334,0.02516789691803837,0.03869941008741279,-0.020065511822958033,8.429296619466894e-10,-0.2585082220722889,9.964527541137173,3.087146601861573,3.5871466018615727,0.49999999999999956,19.706708056556614,19.706708056556614,0.0,0.0,10.997970301801505,3.6233842191273338,True,0,ok
24.766666666666666,0.14666666666666667,0.0326485898120053,0.055547972016888034,0.01059311356253447,8.710571750465617e-10,-0.25203689868698337,18.31453734300302,3.1151309728802685,3.6151309728802685,0.5,19.50337719127322,19.50337719127322,0.0,0.0,10.822344279155647,3.6545403751312766,True,0,ok
24.766666666666666,0.15000000000000002,0.04845694692916673,0.07264293972748329,0.04203843984780444,2.153669504782905e-10,-0.24587988169965982,104.05755545792125,3.1433187226743087,3.6433187226743087,0.5,19.29582601055614,19.29582601055614,0.0,0.0,10.647138200261708,3.6860947832903803,True,0,ok
24.766666666666666,0.15333333333333335,0.04925591196709747,-0.022937268708814944,-0.08217247894101154,1.1653420064644436e-09,-0.235174123296549,2.4929018567373737,3.1718376848929015,3.6718376848929015,0.5,19.08171931975176,24.08171931975176,5.000000000000001,0.0,11.630558585573995,3.4473264632686846,True,0,ok
24.766666666666666,0.15666666666666668,0.02868414020246778,0.0008254965807048271,-0.04967552971896454,2.0299790434870626e-10,-0.22971997885406953,3.1536178633008736,3.199352147393831,3.6993521473938316,0.5000000000000004,18.885239959635904,23.885239959635904,5.000000000000001,0.0,11.551847805787123,3.4907766978184456,True,0,ok
24.766666666666666,0.16,0.06603176300500399,-0.07543953608683246,-0.08596195421028158,4.238024211364575e-10,-0.21976414482854414,1.3553225978992582,3.2275120257434686,3.7275120257434686,0.5,18.676726995977127,23.67672699597713,5.000000000000001,0.0,10.39702430424317,3.357735076746596,True,0,ok
24.766666666666666,0.16333333333333333,0.034991114203389594,-0.04060810927143227,-0.044990173160182834,1.1845088023665655e-08,-0.21460499088381438,1.9145091752869692,3.255223557067774,3.755223557067774,0.5,18.47575782595127,23.47575782595127,5.000000000000001,0.0,10.490122607744782,3.4255258729581417,True,0,ok
24.766666666666666,0.16666666666666669,0.00600363052549591,-0.008735885961599065,-0.005640481799096178,1.1420438142526803e-10,-0.2098941566067947,2.698754560669134,3.282748395915867,3.782748395915867,0.5,18.27775364267498,23.27775364267498,5.000000000000001,0.0,10.528981201553751,3.4856557556922003,True,0,ok
24.766666666666666,0.17,0.023711645792942677,0.022771051018400445,0.034179023891084605,7.98147393285794e-10,-0.20565414098243684,4.0352045756435,3.3105866790417138,3.810586679041714,0.5000000000000004,18.074020791880706,23.074020791880706,5.000000000000001,0.0,10.541161921040562,3.5435203429442925,True,0,ok
24.766666666666666,0.17333333333333334,0.01936613402441603,-0.028891638469855273,-0.01704155707915539,4.382613645264018e-10,-0.19638960559480248,2.0569515818958317,3.3377153316818458,3.3377153316818458,0.0,17.88205223476698,17.88205223476698,0.0,0.0,10.747347457884217,3.4323182373424492,True,0,ok
24.766666666666666,0.1766666666666667,0.010445650443555105,-0.01495271499146452,0.010185831038794087,2.4832991696773285e-10,-0.1913481913609193,2.362448501300991,3.3650441471744523,3.3650441471744523,0.0,17.686455848156506,17.686455848156506,0.0,0.0,10.5720454496051,3.462165809224914,True,0,ok
24.766666666666666,0.18,0.02182732470254797,-0.0009702147986535009,0.037793584035598626,9.32795046270468e-10,-0.18653639202490757,2.7591407545474063,3.392235141819215,3.392235141819215,0.0,17.492932407681504,17.492932407681504,0.0,0.0,10.400266998498207,3.4919078313884535,True,0,ok
24.766666666666666,0.18333333333333335,0.010907682008722868,-0.002501346191024881,-0.01872634101053627,1.5425306576206945e-09,-0.18607497805249282,2.1984515117230354,3.4191591253059013,3.4191591253059013,0.0,17.303660657294454,22.303660657294454,5.000000000000001,0.0,12.322843837274467,3.404743936612048,True,0,ok
24.766666666666666,0.18666666666666668,0.007673042947675798,0.01143843412912655,0.006766756158179681,1.4748281815181994e-09,-0.18156734321502993,2.4712837394968004,3.446134338566802,3.446134338566802,0.0,17.113334359727563,22.113334359727563,5.000000000000001,0.0,12.150710193580327,3.4335632473960476,True,0,ok
24.766666666666666,0.19,0.07479062059419213,0.04118615328209502,0.12281942665725548,1.2520706555758417e-09,-0.17339116591771186,5.19498919807398,3.472818637708819,3.472818637708819,0.0,16.927556976082776,16.927556976082776,0.0,0.0,9.90655390346508,3.580289508187256,True,0,ok
24.766666666666666,0.19333333333333336,0.04078443619941695,0.039429603767312596,0.058612430891963274,2.217678561667851e-08,-0.17318046847485272,3.2464749687912735,3.499414820067476,3.499414820067476,0.0,16.743079284386567,21.743079284386567,5.000000000000001,0.0,11.818723192957691,3.4906180940262925,True,0,ok
24.766666666666666,0.19666666666666668,0.058043212219203916,0.05354183572315383,0.08509004219980995,4.491282520282516e-10,-0.1692856175815513,3.828641604539085,3.525948124035407,3.525948124035407,0.0,16.559490180921593,21.559490180921593,5.000000000000001,0.0,11.657047688206633,3.519160697439296,True,0,ok
24.766666666666666,0.2,0.0754532290924116,0.06765360789986617,0.11181484105228166,2.240292523386258e-09,-0.16557976934267912,4.63410716928812,3.552228370087801,3.552228370087801,0.0,16.37977568211893,21.37977568211893,5.000000000000001,0.0,11.499523046391518,3.5474654056967854,True,0,ok
24.833333333333332,0.1,0.014299843593055743,0.009010977079217013,0.023070736278571556,2.148370411217646e-10,-0.3718577706858256,3.331142148247654,2.7433000162670678,3.7433000162670673,0.9999999999999996,22.14015379680292,12.140153796802919,-10.0,0.0,7.351063969726332,3.8898211036561166,True,0,ok
24.833333333333332,0.10333333333333333,0.03380359837525312,0.053645054107092395,-0.023457577862886318,4.749661193935127e-10,-0.36666620845096093,4.722076824023989,2.7722429505227804,3.772242950522781,1.0000000000000004,21.934236783510382,16.934236783510382,-5.000000000000001,0.0,9.646305781648408,3.8570079998558433,True,0,ok
24.833333333333332,0.10666666666666667,0.042776468243694105,0.07314111223221832,0.011826090125029954,4.744167512090095e-09,-0.35687511005650435,4.063710064812436,2.7986473283220494,3.7986473283220494,1.0,21.77881883217898,16.778818832178978,-5.000000000000001,0.0,9.490765371470218,3.8866134659398845,True,0,ok
24.833333333333332,0.11,0.05371188271193345,0.05010680712416867,-0.07838499163234532,8.400685197006021e-10,-0.3470755167729922,15.210650065596566,2.8251029257561253,3.8251029257561253,1.0,21.62119517457033,21.62119517457033,0.0,0.0,11.154950826853943,3.7449566876543483,True,0,ok
24.833333333333332,0.11333333333333334,0.04805702278079356,0.06861002994329866,-0.0471285063081867,1.0429221006872685e-10,-0.337883272811931,9.981163563966907,2.851259665236669,3.851259665236669,1.0,21.46854803993218,21.46854803993218,0.0,0.0,11.001106088084317,3.773195701228567,True,0,ok
24.833333333333332,0.11666666666666667,0.05123179815105647,0.08744877931945903,-0.015059960853479415,9.009805394328954e-10,-0.3291096309946773,7.436240793287661,2.877695679190226,3.877695679190226,1.0,21.309193080727795,21.309193080727795,0.0,0.0,10.848075172542659,3.80208821772226,True,0,ok
24.833333333333332,0.12000000000000001,0.06230000732971694,0.10645743927973593,0.017626297451526503,1.8275795466114074e-10,-0.3207344558538002,5.944501893880862,2.9042704087879616,3.904270408787962,1.0000000000000004,21.1460386782947,21.1460386782947,0.0,0.0,10.697182523224768,3.8313692437367886,True,0,ok
24.833333333333332,0.12333333333333334,0.06279176606238975,-0.09221227291156414,-0.057665538930845264,4.985841789709902e-09,-0.2924488384050209,2.9075877703766815,2.931400180821012,3.4314001808210115,0.49999999999999956,20.9708001394289,10.970800139428901,-10.0,0.0,7.002375031689643,3.56605696992659,True,0,ok
24.833333333333332,0.12666666666666668,0.04698870715351532,-0.07755353867523017,-0.024683282578012562,5.06403537472633e-09,-0.2838180500216876,3.965058607685101,2.959909851491867,3.459909851491867,0.5,20.767279744503536,10.767279744503538,-10.0,0.0,6.828118800663549,3.5966329394482432,True,0,ok
24.833333333333332,0.13,0.030169385697059674,-0.019962957378942443,-0.04829136395568439,4.20964130430256e-10,-0.2809412445820026,6.722325429905594,2.9895342932854994,3.4895342932855,0.5000000000000004,20.541049672792973,15.54104967279297,-5.000000000000001,0.0,9.42295434642862,3.6078375304358543,True,0,ok
24.833333333333332,0.13333333333333333,0.008527024237018605,-0.0029081452961146337,-0.014480093851656868,1.882618468197441e-09,-0.27322673317637325,11.406018131832019,3.0199221125841316,3.5199221125841316,0.5,20.299265075961564,15.299265075961562,-5.000000000000001,0.0,9.219214830554666,3.641762576335467,True,0,ok
24.833333333333332,0.13666666666666666,0.013056030988240402,0.013459872809766344,0.01817172692516022,9.089117714849124e-10,-0.26586385457766715,30.1258975696846,3.0482318466221594,3.5482318466221594,0.5,20.096279936248795,15.096279936248793,-5.000000000000001,0.0,9.042572481876528,3.6731799985136493,True,0,ok
24.833333333333332,0.14,0.02738079500811091,0.03143105109137446,-0.03551355844068547,7.503569324574405e-10,-0.2630405106239005,8.237161055004954,3.077234499158688,3.5772344991586884,0.5000000000000004,19.879559988731682,19.879559988731682,0.0,0.0,11.122411820751356,3.6089981363828714,True,0,ok
24.833333333333332,0.14333333333333334,0.02831156178363408,0.048867576256113605,-0.004073522153924068,8.275821614705364e-10,-0.2563562226844458,13.676397715664697,3.106391091771963,3.606391091771963,0.5,19.659316795601754,19.659316795601754,0.0,0.0,10.93547878410271,3.641623367748191,True,0,ok
24.833333333333332,0.14666666666666667,0.04105896913469769,0.06583181687968213,0.026901463260056515,7.90191242248432e-10,-0.24997608955688064,35.17825208060625,3.1343724967594664,3.6343724967594664,0.5,19.460243982876673,19.460243982876673,0.0,0.0,10.763050848351602,3.6727007397343603,True,0,ok
24.833333333333332,0.15000000000000002,0.05920034223304739,0.08350147732980982,0.059510880057926936,9.671297110576197e-09,-0.24393471732229297,58.063298996974275,3.1634380580214647,3.6634380580214643,0.49999999999999956,19.24062249831421,19.24062249831421,0.0,0.0,10.582244477752399,3.70543558054021,True,0,ok
24.833333333333332,0.15333333333333335,0.05131879317567102,-0.03466938372596042,-0.08184674355821375,6.331488118235847e-11,-0.23154260945813052,2.199816576810866,3.1916920243498184,3.691692024349818,0.49999999999999956,19.035209252811427,24.03520925281143,5.000000000000001,0.0,11.36310951698909,3.4294390178923813,True,0,ok
24.833333333333332,0.15666666666666668,0.0259390218773787,-0.004674691632366974,-0.04468384300849315,2.8648138292618638e-09,-0.22646419445975374,2.9625614439604577,3.21987386949293,3.71987386949293,0.5,18.830702981137616,23.83070298113762,5.000000000000001,0.0,11.347843572304901,3.4843126544158207,True,0,ok
24.833333333333332,0.16,0.06472077264163309,-0.09837328787512396,-0.05374971131669336,1.2351736407645226e-09,-0.21139065779844246,1.0801332286051843,3.2483282377380176,3.2483282377380176,0.0,18.620944455981203,13.620944455981203,-5.000000000000001,0.0,8.722642803622875,3.3763940288945067,True,0,ok
24.833333333333332,0.16333333333333333,0.04567541217436864,-0.06054869043608714,-0.05091744218212734,4.630467359406132e-10,-0.21133407237061783,1.5130191287345127,3.2760237021108867,3.776023702110887,0.5000000000000004,18.424063437139704,23.424063437139704,5.000000000000001,0.0,10.112728911422645,3.390538797989284,True,0,ok
24.833333333333332,0.16666666666666669,0.012420098299180797,-0.020837674723071728,-0.005344888906179296,5.418413368307659e-10,-0.20673683927993813,2.3179507095620044,3.3041667182266656,3.804166718226666,0.5000000000000004,18.21903089472298,23.21903089472298,5.000000000000001,0.0,10.24808376911851,3.4665729554863445,True,0,ok
24.833333333333332,0.17,0.02278356432233809,0.013798285611530358,0.0369713365172668,5.008697016785267e-10,-0.2025703084352521,3.5546036393988008,3.3319384823738436,3.831938482373843,0.49999999999999956,18.020057229261873,23.020057229261873,5.000000000000001,0.0,10.305890337643007,3.5307133618598865,True,0,ok
24.833333333333332,0.17333333333333334,0.010455825277290918,-0.018104502925941006,0.0004470128547101392,4.959013146030051e-09,-0.19444015646382923,2.2884139300661523,3.359491967659807,3.359491967659807,0.0,17.824554728475416,17.824554728475416,0.0,0.0,10.678210397752114,3.453943343642843,True,0,ok
24.833333333333332,0.1766666666666667,0.016513811123919864,-0.0038718074331743828,0.028339495068012657,4.70797023267809e-10,-0.18949551247955504,2.6662624801066492,3.387216588344713,3.387216588344713,0.0,17.625932013538527,17.625932013538527,0.0,0.0,10.501883610803004,3.4842576743628038,True,0,ok
24.833333333333332,0.18,0.016313867522723676,-0.006128945104214366,-0.02758374254078771,2.2494811225064237e-10,-0.1888929622149531,2.1364708025565484,3.414464390700168,3.414464390700168,0.0,17.4349462541262,22.4349462541262,5.000000000000001,0.0,12.41545883703153,3.3960006603326343,True,0,ok
24.833333333333332,0.18333333333333335,0.004725232640047312,0.007940671775496328,-0.001982221547037838,6.266557064499918e-10,-0.18425843186415966,2.3957885418016778,3.44175530051189,3.44175530051189,0.0,17.243067087783533,22.243067087783533,5.000000000000001,0.0,12.240990952221475,3.42507938840526,True,0,ok
24.833333333333332,0.18666666666666668,0.018808359844819104,0.02207482206115098,0.023957575652079913,9.806315998486829e-10,-0.17984215001560125,2.7190304174659974,3.4689061049665098,3.4689061049665098,0.0,17.053295166586807,22.053295166586807,5.000000000000001,0.0,12.070131032455633,3.4540807011341514,True,0,ok
24.833333333333332,0.19,0.03577737047007114,0.03628964137077487,0.05023069422612723,2.7872138442839503e-09,-0.17564521459409196,3.1304263564742763,3.495842259436901,3.495842259436901,0.0,16.866850310292282,21.866850310292282,5.000000000000001,0.0,11.903068545938975,3.4828976574779573,True,0,ok
24.833333333333332,0.19333333333333336,0.05312884972916607,0.05056786287818375,0.07688247696690147,7.723863797575426e-10,-0.1716416076939354,3.6763589862480517,3.5227429491972635,3.5227429491972635,0.0,16.680816061841295,21.680816061841295,5.000000000000001,0.0,11.738780585751066,3.5117811805668797,True,0,ok
24.833333333333332,0.19666666666666668,0.07066767237306404,0.06485851305300157,0.10380333829137567,8.256040318662006e-10,-0.1678351070734371,4.425291244999409,3.549406585346346,3.549406585346346,0.0,16.498400787343222,21.498400787343222,5.000000000000001,0.0,11.578593728056568,3.5404511813356643,True,0,ok
24.833333333333332,0.2,0.07395920152662616,-0.12131979635602266,-0.04112660311162952,2.3509321036933003e-10,-0.15402227499303564,0.667114773331902,3.5759665250912884,3.0759665250912884,-0.5,16.31752744654485,16.31752744654485,0.0,0.0,10.504119671795962,3.1897840435296794,True,0,ok
24.9,0.1,0.02471437811811515,0.018156209762219204,0.03876536475213038,9.510905572246312e-09,-0.36924995881975753,3.1331087255516077,2.7583777395389952,3.758377739538995,0.9999999999999996,22.117672388500797,12.117672388500795,-10.0,0.0,7.3182812756106665,3.9056875572785072,True,0,ok
24.9,0.10333333333333333,0.03648707462502436,0.06236464120968494,-0.010226014417331288,9.471840782354404e-09,-0.36413485457032974,4.4126994879905945,2.786388035908948,3.7863880359089475,0.9999999999999996,21.935622482733194,16.935622482733194,-5.000000000000001,0.0,9.618027035997343,3.870358119987948,True,0,ok
24.9,0.10666666666666667,0.049707591057130684,0.0821684305372549,0.02570764184348946,8.060240536631962e-10,-0.35441364921649665,3.8345616422863857,2.813169817125478,3.8131698171254786,1.0000000000000004,21.777321925491414,16.77732192549141,-5.000000000000001,0.0,9.461531736648226,3.9003987346156404,True,0,ok
24.9,0.11,0.05088074418308426,0.0572259510289038,-0.06702045146603305,1.2008819653249582e-09,-0.3444087263921412,12.671046971000553,2.839869517199428,3.8398695171994284,1.0000000000000004,21.619603777206034,21.619603777206034,0.0,0.0,11.10981537050897,3.7557471881525606,True,0,ok
24.9,0.11333333333333334,0.048393244311189895,0.07611271175879182,-0.035108024632704876,5.205692228914285e-10,-0.3352890043789998,8.7979796548528,2.8664543905169277,3.866454390516928,1.0000000000000004,21.463149797661185,21.463149797661185,0.0,0.0,10.955145478401388,3.784565855787378,True,0,ok
24.9,0.11666666666666667,0.05502683518132716,0.09527832857492073,-0.0024285539294560945,3.645320945788717e-10,-0.32658848147906266,6.748169131028041,2.8933122225906605,3.8933122225906605,1.0,21.300072621293566,21.300072621293566,0.0,0.0,10.801729965228176,3.814039060710492,True,0,ok
24.9,0.12000000000000001,0.06861728469282453,0.11472621585465843,0.031030479717824737,1.9613178442408722e-08,-0.31830286314584544,5.485256560821517,2.920392027300541,3.920392027300541,1.0,21.13150290225577,21.13150290225577,0.0,0.0,10.649619277706227,3.8440667770337216,True,0,ok
24.9,0.12333333333333334,0.05398484657515948,-0.08341444579375722,-0.04225069481263998,4.579194996315857e-09,-0.28972459370709874,3.491405711418133,2.94825963266759,3.4482596326675896,0.49999999999999956,20.946287918543597,10.946287918543598,-10.0,0.0,6.9693556669983465,3.5837665587733056,True,0,ok
24.9,0.12666666666666668,0.03977676132959852,-0.06841382656842875,-0.008131454967008412,9.207540433034618e-10,-0.2811703720535077,5.079843388523357,2.977694799674512,3.477694799674512,0.5,20.72919306358305,10.729193063583052,-10.0,0.0,6.786738136064366,3.6153011390965437,True,0,ok
24.9,0.13,0.019266579960800792,-0.009918990774685077,-0.031862469021867984,2.724147101260868e-09,-0.27849581163069553,8.849548544323117,3.008294945582956,3.508294945582956,0.5,20.48839438377982,15.48839438377982,-5.000000000000001,0.0,9.364232426184481,3.627103729465434,True,0,ok
24.9,0.13333333333333333,0.0042772377455182285,0.007135708349680153,0.0019914704475227658,2.4477587234505284e-09,-0.27088313124453545,18.337380461801317,3.038288201253662,3.5382882012536623,0.5000000000000004,20.258604024411415,15.258604024411415,-5.000000000000001,0.0,9.168920243695037,3.660521490112752,True,0,ok
24.9,0.13666666666666666,0.024518366049118064,0.023735242353744333,0.03521489871580858,2.271687692540659e-10,-0.2636095456878047,784.5920287126655,3.0668241460756738,3.5668241460756738,0.5,20.05580085759683,15.055800857596829,-5.000000000000001,0.0,8.993159652175354,3.6921881350691756,True,0,ok
24.9,0.14,0.026558661051662658,0.04166852121944492,-0.01948901664928165,3.7134061742437345e-10,-0.26083846441381775,10.71052992007183,3.0967371798967873,3.5967371798967873,0.5,19.82627074196173,19.82627074196173,0.0,0.0,11.056032625682885,3.627573375555408,True,0,ok
24.9,0.14333333333333334,0.03475871168338701,0.059013774130056214,0.011911279385237426,3.148658353939317e-10,-0.25424125467142217,21.268327186458727,3.125471591382395,3.6254715913823947,0.49999999999999956,19.617968922780804,19.617968922780804,0.0,0.0,10.876542259924056,3.6595323931771673,True,0,ok
24.9,0.14666666666666667,0.05103172094246208,0.0766012576632052,0.04410166608489089,9.152647348784017e-10,-0.24797251279597543,654.6040564329369,3.1543808320950313,3.654380832095031,0.49999999999999956,19.405952256446234,19.405952256446234,0.0,0.0,10.69787875586644,3.6918587686896878,True,0,ok
24.9,0.15000000000000002,0.0704144721343128,0.09444249162558396,0.07717000345609196,3.281607344020882e-10,-0.24204051551825742,23.114071677177684,3.1835841421883955,3.683584142188396,0.5000000000000004,19.188038487706248,19.188038487706248,0.0,0.0,10.519098345411974,3.7247194674787094,True,0,ok
24.9,0.15333333333333335,0.062054724937519276,-0.05859412005250094,-0.09010602508426746,2.0231061431997218e-10,-0.22737931917752122,1.7121551471616567,3.2117982892656602,3.7117982892656602,0.5,18.987400245194383,23.987400245194387,5.000000000000001,0.0,10.956934044231456,3.389222832891762,True,0,ok
24.9,0.15666666666666668,0.02733723899611596,-0.0168126194972922,-0.04426409078961816,1.2561111922427066e-10,-0.2228300099172921,2.5829599072130005,3.2407057445592646,3.740705744559264,0.49999999999999956,18.7738736935915,23.7738736935915,5.000000000000001,0.0,11.074634244991115,3.4663953176816373,True,0,ok
24.9,0.16,0.009705489347284938,0.016316865857163104,-0.0040434464272608795,6.545974437558663e-10,-0.21835276857819919,3.765727591192313,3.2690441539838098,3.7690441539838098,0.5,18.569957736467583,23.569957736467586,5.000000000000001,0.0,11.085329699873412,3.5258936427820586,True,0,ok
24.9,0.16333333333333333,0.04373153799556183,-0.07530793757711865,-0.008127532482406854,4.886992518139209e-09,-0.20319299449293377,1.380960672769516,3.2973134327040032,3.2973134327040032,0.0,18.366926345534683,13.366926345534681,-5.000000000000001,0.0,8.488411432443467,3.428305534774655,True,0,ok
24.9,0.16666666666666669,0.023938284757291057,-0.04009408497541312,-0.010563559123121243,1.156450369525004e-08,-0.20345310402366706,1.8269897349162414,3.325751229879331,3.825751229879331,0.5,18.160654580484973,23.160654580484973,5.000000000000001,0.0,9.885618700967637,3.4338452024898527,True,0,ok
24.9,0.17,0.013583110901398708,-0.0214766239719615,-0.009605067831413664,6.046282758052124e-10,-0.19763774212301588,2.2151423263387446,3.35355913967563,3.35355913967563,0.0,17.9647714460938,17.9647714460938,0.0,0.0,10.786636448884252,3.4453025535140505,True,0,ok
24.9,0.17333333333333334,0.011388386856516403,-0.007075766860459881,0.018412484593799797,2.3011140598276333e-08,-0.1925467884819366,2.5712651377244864,3.381610234570929,3.381610234570929,0.0,17.764487905673494,17.764487905673494,0.0,0.0,10.607776825776666,3.4759345915150663,True,0,ok
24.9,0.1766666666666667,0.021973287885892777,-0.00996702343625919,-0.03673056745231992,2.456229726411301e-08,-0.1918040316518855,2.0749755406288597,3.4093880013588347,3.4093880013588347,0.0,17.56851392253747,22.56851392253747,5.000000000000001,0.0,12.510218489125805,3.386849919515134,True,0,ok
24.9,0.18,0.006822340070791166,0.004225783553055183,-0.011035203916887778,1.1785089001930987e-09,-0.1870398015034355,2.3210669898494323,3.436992180838461,3.436992180838461,0.0,17.375217329133115,22.375217329133115,5.000000000000001,0.0,12.333476568955074,3.4161773142802523,True,0,ok
24.9,0.18333333333333335,0.01383065791937859,0.01857215084744349,0.015130647981775639,1.3931244296753981e-09,-0.1825008617878016,2.628903905146548,3.464620022559045,3.464620022559045,0.0,17.181352596104674,22.181352596104677,5.000000000000001,0.0,12.158923293226769,3.4456540900160233,True,0,ok
24.9,0.18666666666666668,0.030561887552579287,0.032876047225645126,0.04148797935723856,5.613998389768899e-10,-0.1781732330177669,3.016477954059989,3.4918920420068393,3.4918920420068393,0.0,16.99302030206915,21.99302030206915,5.000000000000001,0.0,11.98977980528599,3.4747644815543524,True,0,ok
24.9,0.19,0.04800023348060231,0.047358025090612155,0.06833216447686956,1.1024430926141336e-09,-0.17406691257329654,3.52667483550768,3.5191323689813605,3.5191323689813605,0.0,16.805056908871475,21.805056908871475,5.000000000000001,0.0,11.822759559214123,3.5039417744688692,True,0,ok
24.9,0.19333333333333336,0.06567989522274818,0.061851229649492,0.09547759580267687,3.7493947536174515e-10,-0.17015821274056053,4.223616396518662,3.546232201316655,3.546232201316655,0.0,16.619193663856684,21.619193663856684,5.000000000000001,0.0,11.659496078786104,3.533042353796135,True,0,ok
24.9,0.19666666666666668,0.07556542909115128,-0.12214522727197594,-0.047020694123617375,1.3345248423182605e-10,-0.15640697347622576,0.6703933783128322,3.5731470905431317,3.0731470905431317,-0.5,16.43613552234252,16.43613552234252,0.0,0.0,10.602777215125718,3.1854293907055005,True,0,ok
24.9,0.2,0.06526614979573868,-0.11064145971205135,-0.023183578676854815,1.2532391953874648e-09,-0.15203402757705015,0.7274386682018319,3.599982286748182,3.099982286748182,-0.5,16.254208889332205,16.254208889332205,0.0,0.0,10.429597180513845,3.2141481269644623,True,0,ok
24.966666666666665,0.1,0.03506037428434116,0.05124732765271903,-0.0325791489043089,1.5335921459839142e-10,-0.37167779859464334,4.845456297783538,2.773714427168921,3.7737144271689207,0.9999999999999996,22.094348072581234,17.094348072581234,-5.000000000000001,0.0,9.748532992801778,3.853652471501865,True,0,ok
24.966666666666665,0.10333333333333333,0.04121532924475341,0.07130529807959318,0.0034153418629235895,1.5293102743693178e-09,-0.36157922330126846,4.141069268256924,2.8008305492271406,3.8008305492271406,1.0,21.935425044752936,16.935425044752936,-5.000000000000001,0.0,9.5885975463268,3.884003048000855,True,0,ok
24.966666666666665,0.10666666666666667,0.05681742395675223,0.04539291553062107,-0.08731633418137678,1.4018880572897473e-09,-0.3511780790260334,17.713849173536115,2.827998672197517,3.827998672197517,1.0,21.774176829239714,21.774176829239714,0.0,0.0,11.221008400917695,3.737560372364769,True,0,ok
24.966666666666665,0.11,0.04905613308760086,0.06444719470846486,-0.05537212001300333,3.3467712879284204e-10,-0.3417041264771043,10.856259299857488,2.8549371431999027,3.854937143199903,1.0000000000000004,21.61654046684274,21.61654046684274,0.0,0.0,11.06308324792178,3.766675043509524,True,0,ok
24.966666666666665,0.11333333333333334,0.05010500677755474,0.08375183993988977,-0.022741249288891433,4.003266561696964e-10,-0.33266355808936043,7.855607575051782,2.8820177362349613,3.8820177362349613,1.0,21.454915586332227,21.454915586332227,0.0,0.0,10.907383020784893,3.7962178957331716,True,0,ok
24.966666666666665,0.11666666666666667,0.05994333143640048,0.10328336228462172,0.010590374226912539,4.907879950537046e-10,-0.32404519158607875,6.171743969106236,2.909285450363193,3.9092854503631926,0.9999999999999996,21.288423243957453,21.288423243957453,0.0,0.0,10.753658149192686,3.8262659780833252,True,0,ok
24.966666666666665,0.12000000000000001,0.06197981306942997,-0.08938719773250406,-0.05945099297652346,5.060653701218868e-09,-0.29583322949056573,3.1255400674244402,2.9370271311068135,3.437027131106813,0.49999999999999956,21.111419109081897,11.111419109081897,-10.0,0.0,7.1027483112220375,3.5712642331422226,True,0,ok
24.966666666666665,0.12333333333333334,0.04540926078654457,-0.07427776112305923,-0.02586149837281274,3.8717784059664625e-11,-0.28698647019906687,4.348778964943998,2.9660441558278454,3.466044155827845,0.49999999999999956,20.908208018248562,10.90820801824856,-10.0,0.0,6.9272962179494435,3.602435235203639,True,0,ok
24.966666666666665,0.12666666666666668,0.030248484110188423,-0.01720612085237591,-0.049485975569916775,1.6736329450022743e-10,-0.2839565524154015,7.1841458300161545,2.996291826106579,3.496291826106579,0.5,20.68000121665791,15.680001216657908,-5.000000000000001,0.0,9.512297195165743,3.6120023643343506,True,0,ok
24.966666666666665,0.13,0.008594330354700672,0.00038492502980221895,-0.014880839205455429,7.155555946711802e-10,-0.2760610420202802,12.862854284912848,3.0274623331049635,3.527462333104964,0.5000000000000004,20.43304411895333,15.433044118953328,-5.000000000000001,0.0,9.303949746646571,3.6468085060703133,True,0,ok
24.966666666666665,0.13333333333333333,0.014729953865577862,0.017333453681371274,0.01872073732847908,1.8137093182551864e-09,-0.2685383566545037,44.272285815487756,3.0566992674531503,3.5566992674531503,0.5,20.222032964143086,15.222032964143084,-5.000000000000001,0.0,9.121091358447588,3.6792748221184293,True,0,ok
24.966666666666665,0.13666666666666666,0.028373665804720165,0.034066558951813264,-0.03542124072892477,5.655665770280737e-09,-0.26546195634051856,8.693917597246875,3.0863671555911814,3.586367155591182,0.5000000000000004,20.0022456837395,20.0022456837395,0.0,0.0,11.182672319882416,3.6126271879487675,True,0,ok
24.966666666666665,0.14,0.03009184881646625,0.052021007647972045,-0.003220692296512641,1.277834921170274e-09,-0.2586412301981438,15.135003978398514,3.1163115566899573,3.6163115566899577,0.5000000000000004,19.77660441080603,19.77660441080603,0.0,0.0,10.991564527794765,3.6461028674246734,True,0,ok
24.966666666666665,0.14333333333333334,0.043350954268301635,0.06947280681088197,0.02848587056305303,1.0945237356058042e-09,-0.2521379688892517,47.94495821302042,3.14501736843174,3.6450173684317395,0.49999999999999956,19.57317327422755,19.57317327422755,0.0,0.0,10.815631282412346,3.677942256397306,True,0,ok
24.966666666666665,0.14666666666666667,0.06194502586998343,0.08765438150455152,0.061872999710320245,6.843594450801774e-10,-0.24599006785329305,39.53004954045808,3.174824127629496,3.6748241276294955,0.49999999999999956,19.348942533540924,19.348942533540924,0.0,0.0,10.631347822505292,3.7114780826621656,True,0,ok
24.966666666666665,0.15000000000000002,0.08198443439562657,0.1054878291248815,0.09506135048500096,1.0715604232561836e-09,-0.24015226405379245,14.60360534829556,3.203766660350124,3.703766660350124,0.5,19.139769254578365,19.139769254578365,0.0,0.0,10.458181479349298,3.743905245040249,True,0,ok
24.966666666666665,0.15333333333333335,0.0750001952308917,-0.10512321573023409,-0.07631642921776592,1.1933720869951463e-11,-0.21916008067943546,1.0328555301786855,3.23270475143764,3.23270475143764,0.0,18.930261000159174,13.930261000159174,-5.000000000000001,0.0,8.973295832471768,3.357746461484379,True,0,ok
24.966666666666665,0.15666666666666668,0.0390896473930252,-0.04193071041085788,-0.05315841536740814,2.276047504000734e-09,-0.21854964010817698,1.9561440176559606,3.2618112862088844,3.761811286208884,0.49999999999999956,18.717322975559394,23.717322975559394,5.000000000000001,0.0,10.659613166348606,3.4249847464015035,True,0,ok
24.966666666666665,0.16,0.00370489585244754,2.05509377771399e-05,-0.006417034945471294,2.376815936608816e-09,-0.21441897711158073,3.076885050732526,3.2902145331796935,3.790214533179693,0.49999999999999956,18.516254877451495,23.516254877451495,5.000000000000001,0.0,10.781325967391094,3.5014085751543482,True,0,ok
24.966666666666665,0.16333333333333333,0.03179823864044745,0.03888880512399266,0.03900057407183462,1.2702737327644038e-10,-0.21073114577099158,5.230838638201849,3.319115563964562,3.819115563964562,0.5,18.306145208204352,23.306145208204352,5.000000000000001,0.0,10.83562319059096,3.569979516215691,True,0,ok
24.966666666666665,0.16666666666666669,0.018363136833084024,-0.024948138391154194,-0.019728273463927845,4.839918456944845e-10,-0.20090419720498492,2.145551946773116,3.3474927339001197,3.3474927339001197,0.0,18.104653209924265,18.104653209924265,0.0,0.0,10.895389639082579,3.436526972446422,True,0,ok
24.966666666666665,0.17,0.007702345155805837,-0.010416177498480953,0.008335562907364733,1.8708615505031041e-07,-0.19566790373361584,2.4803185135323593,3.375781574721706,3.375781574721706,0.0,17.904402974782656,17.904402974782656,0.0,0.0,10.715082202849198,3.467359261638177,True,0,ok
24.966666666666665,0.17333333333333334,0.021472186965841453,0.004239775854067708,0.036948460590333375,6.109668403468228e-10,-0.19067824845617526,2.925158376157861,3.404112307762152,3.404112307762152,0.0,17.70318228420444,17.70318228420444,0.0,0.0,10.536545289132976,3.498315088733843,True,0,ok
24.966666666666665,0.1766666666666667,0.011663838317675998,0.0003985178450651682,-0.02019842955355255,2.3792588908488437e-10,-0.18987977805242143,2.249250847117486,3.432042986044175,3.432042986044175,0.0,17.508334311671952,22.508334311671955,5.000000000000001,0.0,12.426867784624184,3.407071017913132,True,0,ok
24.966666666666665,0.18,0.009291804317466163,0.014891973905661384,0.006102622027894929,7.334808376499581e-10,-0.18520600880125818,2.5406800705107937,3.460026333161638,3.460026333161638,0.0,17.312378164906974,22.312378164906974,5.000000000000001,0.0,12.249597802888017,3.4368562468333637,True,0,ok
24.966666666666665,0.18333333333333335,0.02538434078125471,0.029405728200592767,0.03268634913368998,4.67311606604924e-10,-0.18075763828449334,2.907796496072804,3.487768330548108,3.487768330548108,0.0,17.120146446460343,22.120146446460346,5.000000000000001,0.0,12.076899344398084,3.4664314187356355,True,0,ok
24.966666666666665,0.18666666666666668,0.04282139580001921,0.044042539972516774,0.05967638132087908,2.003689845274669e-09,-0.17653734520271439,3.385506769466947,3.51536346280852,3.51536346280852,0.0,16.93012835161617,21.93012835161617,5.000000000000001,0.0,11.907431048591777,3.4959191553010416,True,0,ok
24.966666666666665,0.19,0.06063182957132626,0.05874338032175592,0.08705097093009703,1.0663242820911417e-09,-0.17252171920655238,4.035313508645373,3.5429105152114366,3.5429105152114366,0.0,16.74074303283656,21.74074303283656,5.000000000000001,0.0,11.74099850383906,3.525460497185148,True,0,ok
24.966666666666665,0.19333333333333336,0.07735828795871512,-0.12305354542244082,-0.05301640412813522,2.754004298895427e-09,-0.15882904526982872,0.673302020250981,3.570168601514683,3.070168601514683,-0.5,16.555743501958148,16.555743501958148,0.0,0.0,10.70241399099646,3.1808953125594814,True,0,ok
24.966666666666665,0.19666666666666668,0.06645197230945428,-0.11138637271568416,-0.028994307108329294,2.8395910318553963e-09,-0.15435623110047825,0.7305183489999163,3.5973565445055695,3.0973565445055695,-0.5,16.371736885359613,16.371736885359613,0.0,0.0,10.526641821031818,3.2099727748736835,True,0,ok
24.966666666666665,0.2,0.057612142021798,-0.09967836591056607,-0.004658336013935717,6.020449077090807e-09,-0.15006601405110837,0.7955429983665394,3.624380593288382,3.124380593288382,-0.5,16.190160167406205,16.190160167406205,0.0,0.0,10.354427176663735,3.2389082309729464,True,0,ok
25.033333333333335,0.1,0.03640699537044045,0.06003398691406804,-0.019295811745332802,2.2617446750122046e-10,-0.3690785190546975,4.518574067985233,2.787983277752458,3.787983277752458,1.0,22.09515312839903,17.09515312839903,-5.000000000000001,0.0,9.7191307521906,3.8670697581002145,True,0,ok
25.033333333333335,0.10333333333333333,0.047486227599445,0.08039771860067117,0.0173502818042182,1.959307131073079e-08,-0.35904757444932556,3.902224836143085,2.8154856680617395,3.81548566806174,1.0000000000000004,21.933545113429034,16.933545113429034,-5.000000000000001,0.0,9.558374364757137,3.8978590725286044,True,0,ok
25.033333333333335,0.10666666666666667,0.053280347273170256,0.05239224916690325,-0.07596998383494621,1.7996373397314355e-10,-0.3484131413783269,14.37995315400087,2.842990348176856,3.8429903481768566,1.0000000000000004,21.770663293144565,21.770663293144565,0.0,0.0,11.172365625687933,3.748200553103749,True,0,ok
25.033333333333335,0.11,0.048433641882066523,0.07170552757115221,-0.04354044457310393,2.7452382177949944e-10,-0.3390026348860775,9.502860018227665,2.870231121626486,3.870231121626486,1.0,21.61196838895213,21.61196838895213,0.0,0.0,11.01506497249654,3.777665255357506,True,0,ok
25.033333333333335,0.11333333333333334,0.053117740127681556,0.09143738106773408,-0.010182744830826283,6.305856022613505e-10,-0.3300453718202389,7.100517578607585,2.89779716773352,3.89779716773352,1.0,21.44550833887465,21.44550833887465,0.0,0.0,10.858604614188065,3.8079323110389653,True,0,ok
25.033333333333335,0.11666666666666667,0.06575382333738743,0.11136537450853023,0.023842172951051902,8.762024257909267e-11,-0.3215149151289203,5.687925300840368,2.9254946667082202,3.92549466670822,0.9999999999999996,21.275283578363016,21.275283578363016,0.0,0.0,10.704562688373047,3.8386091216518814,True,0,ok
25.033333333333335,0.12000000000000001,0.052956064404430736,-0.08047768016661981,-0.044004286911821344,2.240047556699186e-09,-0.29305116928941843,3.7763391042003955,2.953890205072818,3.4538902050728186,0.5000000000000004,21.090125116501248,11.090125116501246,-10.0,0.0,7.071361721768012,3.588972599277233,True,0,ok
25.033333333333335,0.12333333333333334,0.03787665548758256,-0.06497309095842828,-0.009078576104371173,1.0022292591395031e-10,-0.28428260680921386,5.674010868479566,2.984071580625937,3.484071580625937,0.5,20.86875456669076,10.868754566690763,-10.0,0.0,6.884522456172279,3.6213545501664,True,0,ok
25.033333333333335,0.12666666666666668,0.019376689696148426,-0.006987040152465553,-0.03282605033582752,5.084227454642234e-09,-0.2814542488536606,9.639388163980993,3.01531752225726,3.51531752225726,0.5,20.625785125050545,15.625785125050543,-5.000000000000001,0.0,9.451931957782774,3.6315219112571095,True,0,ok
25.033333333333335,0.13,0.006271722212214422,0.010676321592068218,0.0020049079241420487,1.285684239432336e-09,-0.2736675843300258,22.472886754938248,3.0462905684591832,3.546290568459183,0.49999999999999956,20.38730815734674,15.38730815734674,-5.000000000000001,0.0,9.249890197365232,3.6660568675418665,True,0,ok
25.033333333333335,0.13333333333333333,0.02623309148045872,0.02777032320254523,0.035962958931274346,5.643865789890455e-10,-0.26623629032496515,112.56627441385076,3.0754886083366517,3.575488608336652,0.5000000000000004,20.181657667649212,15.181657667649212,-5.000000000000001,0.0,9.071139163873951,3.6984455811780377,True,0,ok
25.033333333333335,0.13666666666666666,0.027956507427493636,0.04447590794688648,-0.019146606355451096,7.913409333182175e-11,-0.2632081249085383,11.498062909857763,3.1061758825966566,3.6061758825966566,0.5,19.94719730484271,19.94719730484271,0.0,0.0,11.114547056748611,3.6314574442200103,True,0,ok
25.033333333333335,0.14,0.03677099910565062,0.06234223247855994,0.01302939658128733,5.619934902412321e-10,-0.2564781214142617,25.0229723671071,3.1357008641469686,3.635700864146969,0.5000000000000004,19.733575383241632,19.733575383241632,0.0,0.0,10.930944387718977,3.664263553151208,True,0,ok
25.033333333333335,0.14333333333333334,0.05349499187019328,0.08043872735155619,0.045986450261314704,4.206944428089693e-08,-0.25009144790928867,164.973160997769,3.1653569987140364,3.665356998714037,0.5000000000000004,19.517014742484115,19.517014742484115,0.0,0.0,10.748731095699153,3.6973847936949276,True,0,ok
25.033333333333335,0.14666666666666667,0.07332737160799904,0.09878518698937591,0.07982604281991415,4.445735862937824e-09,-0.24405598012043378,19.494953957494513,3.195280154479403,3.695280154479403,0.5,19.29502477403294,19.29502477403294,0.0,0.0,10.566793028966652,3.7310127492350706,True,0,ok
25.033333333333335,0.15000000000000002,0.07521562217073581,-0.07857662826320244,-0.10391286227594317,3.0681502451299246e-09,-0.2272999703734938,1.4168733099441797,3.2242471952961647,3.724247195296165,0.5000000000000004,19.089626764588072,24.089626764588072,5.000000000000001,0.0,10.758387965201301,3.354581691583901,True,0,ok
25.033333333333335,0.15333333333333335,0.06470501693165913,-0.09512691496074022,-0.05925443188851764,2.7569480318467876e-09,-0.2167280240091497,1.1448637997222846,3.253907321053827,3.253907321053827,0.0,18.871382634713584,13.871382634713582,-5.000000000000001,0.0,8.91000794179214,3.3796821111629467,True,0,ok
25.033333333333335,0.15666666666666668,0.05023459640583379,-0.0815429521244087,-0.030352775606316273,5.5973618650487455e-09,-0.21049387216532886,1.310223584057916,3.282903691211871,3.282903691211871,0.0,18.664316988577973,13.664316988577973,-5.000000000000001,0.0,8.726702142049406,3.4109479746586135,True,0,ok
25.033333333333335,0.16,0.019909811029975872,-0.029220060270055703,-0.018313650743703676,1.08398749146724e-09,-0.20990736051779083,2.1767029118359913,3.311946012090645,3.8119460120906457,0.5000000000000004,18.45611477329296,23.45611477329296,5.000000000000001,0.0,10.332181593990953,3.4535222442923748,True,0,ok
25.033333333333335,0.16333333333333333,0.02402672451483798,-0.028652019914821896,-0.030181322494821167,6.251474741762336e-10,-0.204285766201014,2.076651932987257,3.3410122924965,3.3410122924965,0.0,18.247130833043247,18.247130833043247,0.0,0.0,11.006795092500589,3.427296690009648,True,0,ok
25.033333333333335,0.16666666666666669,0.00816572071771293,-0.01399020197155061,-0.0020763509612487323,1.1850390858789948e-09,-0.19889783054519852,2.3909563242138954,3.3695427987173647,3.3695427987173647,0.0,18.046914298075674,18.046914298075674,0.0,0.0,10.824977484616904,3.458329540994522,True,0,ok
25.033333333333335,0.17,0.015453847799493943,0.0008863703452425954,0.026752169688472376,5.069798911682e-09,-0.19375794248424744,2.8088363029009917,3.3983304491564374,3.3983304491564374,0.0,17.842052004702452,17.842052004702452,0.0,0.0,10.642631942426696,3.489758057746226,True,0,ok
25.033333333333335,0.17333333333333334,0.017239547985885277,-0.0036371601314801965,-0.029637427527551472,5.336222777028186e-09,-0.19280905582671973,2.178653479087599,3.426721847907836,3.426721847907836,0.0,17.643484680150937,22.643484680150937,5.000000000000001,0.0,12.522186276666451,3.3975725432903396,True,0,ok
25.033333333333335,0.1766666666666667,0.006612209952294726,0.010985612553216836,-0.0032373257775749243,1.1394016604357233e-08,-0.1880004235108664,2.453851550719298,3.4550336747465047,3.4550336747465047,0.0,17.446023871092297,22.446023871092297,5.000000000000001,0.0,12.3425447041304,3.427619176930833,True,0,ok
25.033333333333335,0.18,0.07163880251407614,0.04562903324168321,0.11538780439189304,2.0809585949751878e-09,-0.17978459936736182,5.464338943257628,3.483270729603134,3.483270729603134,0.0,17.249574771679015,17.249574771679015,0.0,0.0,10.123085595274011,3.582720258429831,True,0,ok
25.033333333333335,0.18333333333333335,0.03747470978271311,0.04051128201109808,0.0507138802470586,1.2450060717554645e-09,-0.17908557864416072,3.248396559252323,3.5112278071895178,3.5112278071895178,0.0,17.057454237773108,22.057454237773108,5.000000000000001,0.0,11.99405720301157,3.487490450562715,True,0,ok
25.033333333333335,0.18666666666666668,0.055344243848645405,0.055372302265072136,0.07824873240762707,5.681067598820811e-09,-0.17494983830843702,3.850942005373714,3.5391384231049132,3.5391384231049132,0.0,16.865879395167312,21.865879395167315,5.000000000000001,0.0,11.825037226178463,3.517356940007858,True,0,ok
25.033333333333335,0.19,0.0734684827438859,0.0702643628254144,0.10609322875096412,1.0239825260271369e-08,-0.1710277738123022,4.696992213053362,3.5668291686711893,3.5668291686711893,0.0,16.67763140023969,21.67763140023969,5.000000000000001,0.0,11.660126658794281,3.5470400093880574,True,0,ok
25.033333333333335,0.19333333333333336,0.06792539687733255,-0.11229700898074281,-0.035085045201743534,5.155352111532701e-10,-0.1567523035360043,0.7327704050453686,3.5943872636485494,3.0943872636485494,-0.5,16.491351313961506,16.491351313961506,0.0,0.0,10.625827485726902,3.2054186476366127,True,0,ok
25.033333333333335,0.19666666666666668,0.05827849843805449,-0.1003928371465392,-0.010508491340407272,1.2470347442754418e-09,-0.15236565434832616,0.7981043510344538,3.6218587594250353,3.1218587594250353,-0.5,16.306317166890203,16.306317166890203,0.0,0.0,10.450117342775831,3.2348168267559685,True,0,ok
25.033333333333335,0.2,0.05080749743398699,-0.07832303928551204,-0.04012115281985204,1.323195470021913e-09,-0.15406116511058562,1.0613299126804956,3.6490275726595605,3.1490275726595605,-0.5,16.1257882652093,21.125788265209305,5.000000000000001,0.0,12.796577124863456,3.198415063436943,True,0,ok
25.1,0.1,0.03996622025293582,0.06898843909008705,-0.00570013647483909,9.559143915724165e-09,-0.36648219422118894,4.234322529278415,2.802478150032371,3.802478150032371,1.0,22.094798979148695,17.094798979148692,-5.000000000000001,0.0,9.689010182246077,3.880700691655378,True,0,ok
25.1,0.10333333333333333,0.0549040737680821,0.0896800814586068,0.031636291479417274,1.0520732605340058e-09,-0.35652584235261664,3.690281039727,2.830379788248588,3.830379788248588,1.0,21.93017902688606,16.93017902688606,-5.000000000000001,0.0,9.527278264433322,3.911951051932222,True,0,ok
25.1,0.10666666666666667,0.050619879485612966,0.05934257559202086,-0.06454126834451913,2.185596110027088e-09,-0.3456356822349483,12.145290977202734,2.858135711412526,3.858135711412526,1.0,21.767313932702947,21.767313932702947,0.0,0.0,11.12287147582583,3.7587092004617517,True,0,ok
25.1,0.11,0.04914104802968052,0.07913680006363559,-0.03133519873966445,4.165919587240618e-11,-0.33630950865552267,8.435016261201113,2.8858852065756424,3.885885206575642,0.9999999999999996,21.603384023059593,21.603384023059593,0.0,0.0,10.964595472694823,3.7889513640658263,True,0,ok
25.1,0.11333333333333334,0.05731105424820334,0.09922982651518972,0.0026668983642325838,4.152699363529683e-08,-0.32743205447371987,6.475615834996808,2.913873906336248,3.9138739063362475,0.9999999999999996,21.433443981960576,21.433443981960576,0.0,0.0,10.808202301788361,3.8198407269772194,True,0,ok
25.1,0.11666666666666667,0.0615006883719681,-0.0868084362192896,-0.06173572233188273,1.9540552713749764e-09,-0.29935802208480056,3.3463444982498682,2.942247082995759,3.4422470829957597,0.5000000000000004,21.25471368511113,11.25471368511113,-10.0,0.0,7.205484715374708,3.575972754261011,True,0,ok
25.1,0.12000000000000001,0.04409313209088017,-0.0712345594262375,-0.027536347544677344,1.8165096304969516e-10,-0.2902824060145012,4.754245085123171,2.9717777378671655,3.471777737867166,0.5000000000000004,21.052090544397945,11.052090544397945,-10.0,0.0,7.028940625931947,3.6077439203034025,True,0,ok
25.1,0.12333333333333334,0.030726227579198222,-0.014712222818777664,-0.05114541703297155,1.029855533618528e-08,-0.28707965744235375,7.640835610943332,3.0026634838760233,3.5026634838760238,0.5000000000000004,20.822026695861467,15.822026695861467,-5.000000000000001,0.0,9.603893090705467,3.6156458228105786,True,0,ok
25.1,0.12666666666666668,0.009293160934544985,0.0034359347020880035,-0.01572523046537052,5.41711237172006e-09,-0.2789911116975224,14.49894937328919,3.034648114355775,3.5346481143557753,0.5000000000000004,20.56969896379197,15.569698963791971,-5.000000000000001,0.0,9.390722351278281,3.651366175248047,True,0,ok
25.1,0.13,0.01629989213624778,0.020996899448884044,0.018872987693881148,3.0408881661848586e-10,-0.27129888287962717,76.85338717545999,3.0648709057032573,3.5648709057032573,0.5,20.349983109266404,15.349983109266402,-5.000000000000001,0.0,9.201157006059725,3.6849502163559102,True,0,ok
25.1,0.13333333333333333,0.02945970041830663,0.036461871457425576,-0.03569529067021729,5.824469044699511e-10,-0.2679525540196554,9.13715899292787,3.095217567830723,3.5952175678307228,0.49999999999999956,20.12725779233216,20.12725779233216,0.0,0.0,11.24418808206751,3.6158068201484626,True,0,ok
25.1,0.13666666666666666,0.03176902117290964,0.05495923008416968,-0.0027009530558009458,8.360124883571894e-10,-0.2609871875504529,16.739215081935964,3.1259956146515373,3.6259956146515373,0.5,19.89576253124029,19.89576253124029,0.0,0.0,11.048593458719752,3.650184357240769,True,0,ok
25.1,0.14,0.04546449883959668,0.0729110205953355,0.02974970655239524,2.7984554173756965e-10,-0.2543530558249973,71.55989621185306,3.1554449102752073,3.6554449102752073,0.5,19.687994752819037,19.687994752819037,0.0,0.0,10.869102195538298,3.682799133272554,True,0,ok
25.1,0.14333333333333334,0.06450532745318122,0.09162293124989068,0.06393786263790968,8.213062558596253e-11,-0.24809187881833533,30.549673216685754,3.1860225121964367,3.6860225121964367,0.5,19.458979343424478,19.458979343424478,0.0,0.0,10.681192956522596,3.717165269885457,True,0,ok
25.1,0.14666666666666667,0.08500998780696596,0.10996744850985407,0.09791452573062946,4.152964868732223e-10,-0.24215357750665786,13.096254088175442,3.2156917623332877,3.7156917623332877,0.5,19.245714447674846,19.245714447674846,0.0,0.0,10.504872142225382,3.750363338561872,True,0,ok
25.1,0.15000000000000002,0.0703405769165681,-0.09887004958962949,-0.07119061438849279,5.293805190943639e-09,-0.2207575897933223,1.1148596052562854,3.2454096463442585,3.2454096463442585,0.0,19.031140568079202,14.031140568079202,-5.000000000000001,0.0,9.039749058516277,3.3695709097334765,True,0,ok
25.1,0.15333333333333335,0.054688730781925696,-0.0849681505372662,-0.04186866630178561,5.7391870148201874e-09,-0.21433315533747027,1.2749381325552123,3.275201857767808,3.275201857767808,0.0,18.814767052379953,13.81476705237995,-5.000000000000001,0.0,8.848469837336173,3.4017050747249327,True,0,ok
25.1,0.15666666666666668,0.04171500125573198,-0.07117692286870353,-0.012420533009488303,9.093251672705244e-10,-0.20819009140673495,1.4725440782296009,3.304385366403476,3.304385366403476,0.0,18.608552213060857,13.608552213060857,-5.000000000000001,0.0,8.666519727338473,3.433178131104567,True,0,ok
25.1,0.16,0.030286760561577173,-0.032662883042232006,-0.04104874745119992,1.0669162634504053e-10,-0.20777433756355596,2.007937326018415,3.334025080808813,3.334025080808813,0.0,18.394073584526158,18.394073584526158,0.0,0.0,11.122230636828512,3.4174944458663994,True,0,ok
25.1,0.16333333333333333,0.01258828878619986,-0.017732909824392806,-0.012686171717823604,1.1875686409273776e-08,-0.20222364065708998,2.3053020628610166,3.3630378046310927,3.3630378046310927,0.0,18.189855902718534,18.189855902718534,0.0,0.0,10.93595823266189,3.449025211695365,True,0,ok
25.1,0.16666666666666669,0.009481750713105258,-0.0027166477179190063,0.016196623565828083,2.0336802167928538e-09,-0.19693067916732995,2.694749483139488,3.392087662654464,3.392087662654464,0.0,17.984744490007007,17.984744490007007,0.0,0.0,10.751910926234642,3.4806787588312096,True,0,ok
25.1,0.17,0.02315708286849671,-0.00786946961929298,-0.0393296695745883,3.6088397542230406e-10,-0.19583057295130343,2.1095889136310593,3.421052223435029,3.421052223435029,0.0,17.780757611078798,22.780757611078798,5.000000000000001,0.0,12.619485132563854,3.3876963834871,True,0,ok
25.1,0.17333333333333334,0.00840687282702927,0.006884393071477042,-0.012830887117690972,3.7122401333648626e-10,-0.19088069345783015,2.3693406918220217,3.4497001913286747,3.4497001913286747,0.0,17.58174597132161,22.58174597132161,5.000000000000001,0.0,12.437374004367845,3.4180092691086803,True,0,ok
25.1,0.1766666666666667,0.015023924944930784,0.021814977266756106,0.01418667434967229,2.2325848513044072e-09,-0.18616954343947642,2.6975889299488096,3.4783942512548154,3.4783942512548154,0.0,17.38174751641132,22.38174751641132,5.000000000000001,0.0,12.257365464060442,3.4485155286775906,True,0,ok
25.1,0.18,0.031969066496139766,0.036724978532212633,0.04144079620026868,1.1690830995987882e-08,-0.18168793985903375,3.116311579794125,3.506753114064136,3.506753114064136,0.0,17.18691666599994,22.18691666599994,5.000000000000001,0.0,12.082745899235785,3.478690241014513,True,0,ok
25.1,0.18333333333333335,0.04989445724114126,0.0518001340683723,0.06917453795048346,1.2865498399911047e-10,-0.1774442318530866,3.67465542617387,3.5350320882710182,3.5350320882710182,0.0,16.993208288230434,21.993208288230434,5.000000000000001,0.0,11.910820199938776,3.5088745605838314,True,0,ok
25.1,0.18666666666666668,0.06815354477656839,0.0669063834519942,0.09725354929363686,5.821833338833503e-12,-0.1734114957517465,4.453554277816541,3.563186396198917,3.563186396198917,0.0,16.801319353181515,21.801319353181515,5.000000000000001,0.0,11.742650912745738,3.5390143632571798,True,0,ok
25.1,0.19,0.069674702866563,-0.1133533413089501,-0.041409089252580716,1.7921829725536606e-10,-0.15921635053492939,0.7343298986984207,3.5911232161019635,3.0911232161019635,-0.5,16.612706693125418,16.612706693125418,0.0,0.0,10.726852550864981,3.200538802217545,True,0,ok
25.1,0.19333333333333336,0.059255441587498375,-0.10127648102109091,-0.016634195657527537,1.3851176313985123e-11,-0.1547233071532139,0.7997141838315632,3.6189682415187097,3.1189682415187097,-0.5,16.42538566454564,16.42538566454564,0.0,0.0,10.548326365273553,3.2303180919425847,True,0,ok
25.1,0.19666666666666668,0.051719403783282256,-0.08918380690745671,0.008422515573630577,1.3968451231228102e-10,-0.15041786836891005,0.8743947810736119,3.6465593995897394,3.1465593995897394,-0.5,16.241831934684736,16.241831934684736,0.0,0.0,10.374314859714975,3.2598580942643944,True,0,ok
25.1,0.2,0.040924755907505765,-0.06724361471936885,-0.02242327401919324,6.261548127326889e-09,-0.15219556767977055,1.1347824813623657,3.6740658425846937,3.1740658425846937,-0.5,16.05953534562178,21.059535345621782,5.000000000000001,0.0,12.705202155861834,3.2220521982042585,True,0,ok
25.166666666666668,0.1,0.045313402822283626,0.0780634474065574,0.008124752612064665,4.296783626032526e-09,-0.3639156172028592,3.9862492121253847,2.8171345893946937,3.817134589394694,1.0000000000000004,22.093666824999,17.093666824999,-5.000000000000001,0.0,9.658570888627933,3.8944729626893735,True,0,ok
25.166666666666668,0.10333333333333333,0.05647384640227497,0.04635778462013805,-0.08613269871260333,5.353750760213791e-09,-0.35257872301179527,17.281718940296646,2.845439831719012,3.8454398317190126,1.0000000000000004,21.926009328870485,21.926009328870485,0.0,0.0,11.232763411571584,3.738770330055867,True,0,ok
25.166666666666668,0.10666666666666667,0.048989145696526466,0.06623166620574882,-0.05303937763432709,2.712037403666975e-09,-0.34286632550853335,10.538615455540713,2.8734498027593363,3.8734498027593363,1.0,21.763156351435537,21.763156351435537,0.0,0.0,11.0721037774884,3.769117853667712,True,0,ok
25.166666666666668,0.11,0.051140226751088654,0.08650238936774815,-0.019060561642532312,2.652886650064928e-09,-0.3336266209021186,7.595158486162722,2.9017134602302073,3.901713460230207,0.9999999999999996,21.59395238174556,21.59395238174556,0.0,0.0,10.913235126582414,3.8001811746106324,True,0,ok
25.166666666666668,0.11333333333333334,0.06244152961887414,0.10701425958606156,0.015645514011409897,4.429418615593745e-09,-0.3248385913145821,5.958451457611167,2.9301293461910367,3.9301293461910367,1.0,21.42050613845241,21.42050613845241,0.0,0.0,10.756897266361001,3.83172970415109,True,0,ok
25.166666666666668,0.11666666666666667,0.052268835495004606,-0.07782312125590257,-0.04625640809661531,5.256962367405918e-09,-0.2965597242700682,4.069825158580635,2.9591851138575667,3.4591851138575667,0.5,21.23321596209909,11.233215962099091,-10.0,0.0,7.173644248282512,3.593746279847919,True,0,ok
25.166666666666668,0.12000000000000001,0.03623396569127172,-0.06183968268241477,-0.01070301148682082,8.242044434012746e-10,-0.28756248173767684,6.309211790325107,2.989892261090063,3.4898922610900627,0.49999999999999956,21.01241520180312,11.01241520180312,-10.0,0.0,6.98569489674671,3.6267479189173883,True,0,ok
25.166666666666668,0.12333333333333334,0.02006031319896756,-0.004430198789375494,-0.03446188961169472,2.896151476528927e-10,-0.2845611947228747,10.416180496089838,3.021788252572763,3.5217882525727635,0.5000000000000004,20.7675665024919,15.7675665024919,-5.000000000000001,0.0,9.543043306470885,3.6352295883042727,True,0,ok
25.166666666666668,0.12666666666666668,0.008063406494346422,0.013894484667996277,0.001413813527306781,4.9923125718797565e-09,-0.2765870537146305,27.91996299657484,3.05381172936999,3.55381172936999,0.5,20.519473349180327,15.519473349180327,-5.000000000000001,0.0,9.333530410384217,3.6709676745770494,True,0,ok
25.166666666666668,0.13,0.027657155241425185,0.03149064956437014,0.03609838913523583,4.7183943945375824e-11,-0.26898715755004315,56.43714866747486,3.0836721643984277,3.5836721643984273,0.49999999999999956,20.311318067825606,15.311318067825606,-5.000000000000001,0.0,9.151912856366465,3.7040718634963365,True,0,ok
25.166666666666668,0.13333333333333333,0.029314261954231004,0.046937930374547604,-0.019359972983398588,4.928348450464269e-09,-0.26568355379056574,12.2492770994503,3.115160576321891,3.615160576321891,0.5,20.07177109926602,20.07177109926602,0.0,0.0,11.175402991396478,3.634696680583774,True,0,ok
25.166666666666668,0.13666666666666666,0.03854280845724265,0.06535255258950451,0.013626742873887049,1.0164506078052902e-08,-0.2588119755359486,29.527368373995973,3.1455279993616827,3.6455279993616827,0.5,19.85222981234319,19.85222981234319,0.0,0.0,10.987291962948195,3.6684102760518957,True,0,ok
25.166666666666668,0.14,0.05565340659762282,0.08396417666133374,0.04734893911530985,1.1373243331058585e-09,-0.2522985264212308,78.68454220469611,3.1759399671719883,3.6759399671719883,0.5,19.631300494637188,19.631300494637188,0.0,0.0,10.80155169098278,3.702325547657888,True,0,ok
25.166666666666668,0.14333333333333334,0.07593572514409365,0.10284019635803293,0.08199144511788545,4.155522181169869e-09,-0.24615232722203825,17.103472274913113,3.2066261887812093,3.7066261887812093,0.5,19.404785663088845,19.404785663088845,0.0,0.0,10.616153234880215,3.7367692051325454,True,0,ok
25.166666666666668,0.14666666666666667,0.07652540730119538,-0.10289876738995221,-0.08354793568646625,1.2243213843740443e-08,-0.22496004148722412,1.0843380997883811,3.2363743129710123,3.2363743129710123,0.0,19.194440088072373,14.194440088072371,-5.000000000000001,0.0,9.173224340596889,3.3588592593380895,True,0,ok
25.166666666666668,0.15000000000000002,0.059945611773968475,-0.08872307255338338,-0.05393185987478188,2.109317086606933e-09,-0.21832991035514124,1.23813439685543,3.2667999484979644,3.2667999484979644,0.0,18.97157404302899,13.97157404302899,-5.000000000000001,0.0,8.975745798307619,3.391684397458652,True,0,ok
25.166666666666668,0.15333333333333335,0.04534091778811774,-0.07469242361481002,-0.024257747878818542,1.0212224201683403e-09,-0.21199847593807727,1.426912350539599,3.2964900657949223,3.2964900657949223,0.0,18.761032798230524,13.761032798230522,-5.000000000000001,0.0,8.789243716884437,3.4237085212433933,True,0,ok
25.166666666666668,0.15666666666666668,0.03513446540421079,-0.060547851069863205,0.006103253930545083,2.5064543485318817e-09,-0.20593949394775485,1.669525136397524,3.3263236864988026,3.3263236864988026,0.0,18.547651987296845,13.547651987296845,-5.000000000000001,0.0,8.603118147665525,3.455902379952245,True,0,ok
25.166666666666668,0.16,0.018565820367157534,-0.0217464031701631,-0.02368887939260529,2.2164137304651833e-09,-0.20568082172232963,2.22089077869887,3.3560508472591137,3.3560508472591137,0.0,18.33568420436194,18.33568420436194,0.0,0.0,11.04993902628339,3.4391968771630705,True,0,ok
25.166666666666668,0.16333333333333333,0.004860273495327953,-0.006597280560799461,0.0052290213759612555,6.382977649365684e-11,-0.20022823219256902,2.583099237136849,3.3853509861250473,3.3853509861250473,0.0,18.130599152079867,18.130599152079867,0.0,0.0,10.864298550486122,3.47105535836462,True,0,ok
25.166666666666668,0.16666666666666669,0.020756738949209704,0.008760135556330668,0.034868132448578726,2.8440976456481624e-10,-0.19503894592628304,3.0751105623246078,3.414872999197725,3.414872999197725,0.0,17.92151148081916,17.92151148081916,0.0,0.0,10.678683805508644,3.5032708440295957,True,0,ok
25.166666666666668,0.17,0.013232337269499952,0.002526220607548247,-0.022779430596118574,2.7848477326175435e-09,-0.19386699942773683,2.286180404258156,3.4439059089711677,3.4439059089711677,0.0,17.7201515742624,22.7201515742624,5.000000000000001,0.0,12.534689710374963,3.4079087349437427,True,0,ok
25.166666666666668,0.17333333333333334,0.050208697630838156,-0.08310623504544547,0.025614325092142665,7.523218999955752e-10,-0.1822405793122858,0.8962022111338928,3.472947371855434,3.972947371855434,0.5,17.518436767699075,22.518436767699075,5.000000000000001,0.0,8.197499225779584,3.3654579719097972,True,0,ok
25.166666666666668,0.1766666666666667,0.026361276102314535,0.03272944190805306,0.03183605292140905,7.62528375163976e-10,-0.18439837851176294,2.9871135749228177,3.501819148648147,3.501819148648147,0.0,17.319241065015216,22.319241065015216,5.000000000000001,0.0,12.17357454709505,3.469382662784337,True,0,ok
25.166666666666668,0.18,0.044219819075926786,0.04796431758913425,0.0597126572472852,1.8065137786403358e-10,-0.1800295106691305,3.5040601513886407,3.5304729551784355,3.5304729551784355,0.0,17.123354652977138,22.123354652977138,5.000000000000001,0.0,11.999030133245666,3.4998924213949,True,0,ok
25.166666666666668,0.18333333333333335,0.06258427779286971,0.06327886885064322,0.08801227322111586,1.9856151118621537e-10,-0.1758786181156091,4.2200210261997215,3.5590875080701085,3.5590875080701085,0.0,16.927932550906373,21.927932550906373,5.000000000000001,0.0,11.827589868385079,3.5304799181332593,True,0,ok
25.166666666666668,0.18666666666666668,0.07176838000350445,-0.11462511359768938,-0.04809557607201529,6.742432716515566e-09,-0.16176714274581996,0.7348582718310446,3.587392704728256,3.087392704728256,-0.5,16.737164700430036,16.737164700430036,0.0,0.0,10.830842840241859,3.1951524448242696,True,0,ok
25.166666666666668,0.19,0.06059758652670084,-0.10237685958810962,-0.023133981487402172,2.4764771025152234e-09,-0.15716691948596606,0.800151245862164,3.615615461909218,3.115615461909218,-0.5,16.54756701142615,16.54756701142615,0.0,0.0,10.64951263965479,3.2253133157072402,True,0,ok
25.166666666666668,0.19333333333333336,0.05202335610424364,-0.09008098579594868,0.0021690410500781725,1.1420620041227704e-09,-0.15276183411454594,0.8749693243107928,3.643670097642769,3.143670097642769,-0.5,16.36043318022772,16.36043318022772,0.0,0.0,10.4718850140154,3.25533187094586,True,0,ok
25.166666666666668,0.19666666666666668,0.04287391293193606,-0.06864477123057366,-0.028326888515823576,3.3611947308538297e-09,-0.1544651946115844,1.1293939009651708,3.671518414701048,3.171518414701048,-0.5,16.1763518371306,21.1763518371306,5.000000000000001,0.0,12.796798247750958,3.21672353882917,True,0,ok
25.166666666666668,0.2,0.03242350190079899,-0.055988104836657504,-0.0043797880465606485,3.6921613788809195e-10,-0.15039500652697868,1.2167952428257882,3.6992822355538495,3.1992822355538495,-0.5,15.993489082724931,20.99348908272493,5.000000000000001,0.0,12.614346258332441,3.2458325221780604,True,0,ok
25.233333333333334,0.1,0.05211926167037229,0.08742653985515537,0.022491163601493416,9.613262743864893e-10,-0.36131504380354085,3.763483835990846,2.8321899560070434,3.832189956007044,1.0000000000000004,22.089513054334024,17.089513054334024,-5.000000000000001,0.0,9.626223204763265,3.908669372230037,True,0,ok
25.233333333333334,0.10333333333333333,0.05295794248780357,0.05300226987118176,-0.074862476622984,1.1190159480582283e-08,-0.34967564286370983,14.234221452807814,2.8608008199445396,3.86080081994454,1.0000000000000004,21.921165463199706,21.921165463199706,0.0,0.0,11.178533958773599,3.7488259162309734,True,0,ok
25.233333333333334,0.10666666666666667,0.04850895062034896,0.07327935014177613,-0.041103427030612504,2.121688671357698e-08,-0.34003861724064227,9.286175453694039,2.8892441177496084,3.889244117749609,1.0000000000000004,21.754902281616346,21.754902281616346,0.0,0.0,11.018060737999827,3.779828689946214,True,0,ok
25.233333333333334,0.11,0.05440646736855048,0.09401948240344334,-0.006366160786851745,1.6594373580653032e-09,-0.3308889588128862,6.900022448742839,2.9179827608450766,3.917982760845076,0.9999999999999996,21.581404288978675,21.581404288978675,0.0,0.0,10.859181036575599,3.8116650568116524,True,0,ok
25.233333333333334,0.11333333333333334,0.06140607196838152,-0.08450957421428838,-0.06457746425710627,7.76797471564286e-10,-0.3030397460419616,3.565353468459506,2.9470069843151774,3.447006984315177,0.49999999999999956,21.401004155545866,11.401004155545865,-10.0,0.0,7.310883629790908,3.5801235432861134,True,0,ok
25.233333333333334,0.11666666666666667,0.04309902992793588,-0.06845757739949741,-0.029768090949524418,7.140310024534789e-10,-0.29372114096493235,5.174042855368309,2.9770557978117647,3.477055797811765,0.5000000000000004,21.19929452519169,11.19929452519169,-10.0,0.0,7.133373418471954,3.6124976799057404,True,0,ok
25.233333333333334,0.12000000000000001,0.030356770802437844,-0.0521236696554809,0.006908231488704045,2.2866377179997644e-09,-0.2848120555780768,9.243133623902379,3.008593580162007,3.5085935801620067,0.49999999999999956,20.967524572855403,10.967524572855403,-10.0,0.0,6.938891654868271,3.6463692793640265,True,0,ok
25.233333333333334,0.12333333333333334,0.010488225049126028,0.006208972618392752,-0.01707211917330094,1.8916637884107877e-09,-0.28202950030728274,16.28799704353242,3.041424835809244,3.541424835809244,0.5,20.709622671839156,15.709622671839156,-5.000000000000001,0.0,9.479857927468213,3.6553729990968047,True,0,ok
25.233333333333334,0.12666666666666668,0.017711722918577404,0.024416916294400636,0.018572280013652655,9.546649060683955e-09,-0.2741567514468911,222.33359013091967,3.0726971356081414,3.5726971356081414,0.5,20.480452158051733,15.480452158051733,-5.000000000000001,0.0,9.283041226713928,3.690149851789976,True,0,ok
25.233333333333334,0.13,0.03061976029803622,0.038582562328469724,-0.03638811682812583,4.0951206040400506e-11,-0.27052287380978834,9.549424313164357,3.1037348352748975,3.6037348352748975,0.5,20.25495425990201,20.25495425990201,0.0,0.0,11.30724383175672,3.6184790688031354,True,0,ok
25.233333333333334,0.13333333333333333,0.03331764861271499,0.057650869681075745,-0.0025640499715623155,2.6554749099481643e-10,-0.26340352246641474,18.4599476900739,3.13539592998295,3.63539592998295,0.5,20.017102715299973,20.017102715299973,0.0,0.0,11.106812839170948,3.6538144876082725,True,0,ok
25.233333333333334,0.13666666666666666,0.04737120603254717,0.07611349237601082,0.030640329000528165,2.085841881224717e-08,-0.2566299695552184,127.76474188239105,3.1656071997504416,3.6656071997504416,0.5,19.805043080352974,19.805043080352974,0.0,0.0,10.923719168818485,3.6872160320749336,True,0,ok
25.233333333333334,0.14,0.06684932091726231,0.0953744334655626,0.06565220912064075,1.1275220533572472e-09,-0.2502479213979509,25.325812564103447,3.196986282699912,3.6969862826999123,0.5000000000000004,19.57106294949216,19.57106294949216,0.0,0.0,10.732026611813355,3.7224424479282545,True,0,ok
25.233333333333334,0.14333333333333334,0.08290876827190737,-0.10698060809436089,-0.0957953081359169,1.5637543498053023e-10,-0.22925623498548786,1.0558472293902044,3.2274232108058927,3.2274232108058927,0.0,19.353341022426687,14.353341022426685,-5.000000000000001,0.0,9.30446123517123,3.348232408310145,True,0,ok
25.233333333333334,0.14666666666666667,0.0657771599951805,-0.09267933339112243,-0.06626043686297198,1.0354694438200739e-09,-0.22242068285780683,1.2016635462917038,3.257944481256159,3.257944481256159,0.0,19.133649556564986,14.133649556564984,-5.000000000000001,0.0,9.107378185851788,3.3811500569017983,True,0,ok
25.233333333333334,0.15000000000000002,0.04980182434105093,-0.07831775341455169,-0.03615238060194866,1.1433080163368908e-09,-0.21589128138640196,1.3834664839639996,3.288458113995419,3.288458113995419,0.0,18.913560180734923,13.91356018073492,-5.000000000000001,0.0,8.912676877672647,3.4140729183655205,True,0,ok
25.233333333333334,0.15333333333333335,0.03712665432156853,-0.06404030461920944,-0.005831360700436067,1.4111117961720371e-09,-0.20965410133762083,1.6119367280551868,3.3184470506819213,3.3184470506819213,0.0,18.702113009321643,13.702113009321643,-5.000000000000001,0.0,8.726361117556342,3.446427749552603,True,0,ok
25.233333333333334,0.15666666666666668,0.02503555929176992,-0.02588098150667475,-0.034792419913054796,3.0381309880118087e-09,-0.20920872281471362,2.1408380410565435,3.3488546836425446,3.3488546836425446,0.0,18.48310202105201,18.48310202105201,0.0,0.0,11.16547600292704,3.42913347727156,True,0,ok
25.233333333333334,0.16,0.006932832811429313,-0.010547310415861495,-0.0057399264250643685,7.210886591573257e-12,-0.2035861319342499,2.4799181334249742,3.378535047303708,3.378535047303708,0.0,18.27593147442162,18.27593147442162,0.0,0.0,10.976802001960102,3.4613559118886474,True,0,ok
25.233333333333334,0.16333333333333333,0.014145286892631373,0.0049726456467851805,0.023990419318887596,4.2114772792379876e-11,-0.1982341022407078,2.9351860947520274,3.4083721744672504,3.4083721744672504,0.0,18.06584707355711,18.06584707355711,0.0,0.0,10.788916239868595,3.4938576365408767,True,0,ok
25.233333333333334,0.16666666666666669,0.018943310678106125,-0.001907739469899528,-0.032755268102348474,2.894509194895368e-09,-0.19690391512028232,2.2076934765203906,3.4379998353998635,3.4379998353998635,0.0,17.858911889555284,22.858911889555284,5.000000000000001,0.0,12.632349351274065,3.3976820770061265,True,0,ok
25.233333333333334,0.17,0.008313191693029846,0.013295291975316805,-0.005528352346428076,1.0369349430657364e-09,-0.191901930307474,2.49675958560439,3.467394769998707,3.467394769998707,0.0,17.65554491589284,22.65554491589284,5.000000000000001,0.0,12.447194354252428,3.428751341611182,True,0,ok
25.233333333333334,0.17333333333333334,0.020934972864356374,0.028664032925091447,0.022207937386513103,3.8005739322748983e-10,-0.18715118684332682,2.8667452904424944,3.496793194963974,3.496793194963974,0.0,17.45189924126674,22.45189924126674,5.000000000000001,0.0,12.264663172570216,3.4599619326826705,True,0,ok
25.233333333333334,0.1766666666666667,0.03853190422502547,0.044001942008086554,0.050179199167948,1.244380256513998e-09,-0.18263746932961905,3.3469032834823333,3.5258269945793024,3.5258269945793024,0.0,17.253843018848706,22.253843018848706,5.000000000000001,0.0,12.087812330499023,3.4908052902051683,True,0,ok
25.233333333333334,0.18,0.0569673308234885,0.05953469180620032,0.0786857726339336,2.290254038937982e-10,-0.17836974948167783,4.00396008242222,3.5548155770261873,3.5548155770261873,0.0,17.0563232252271,22.0563232252271,5.000000000000001,0.0,11.913370245309835,3.5217138316924754,True,0,ok
25.233333333333334,0.18333333333333335,0.0740378070594773,-0.11593999424787392,-0.05479697397057721,2.700895626195328e-09,-0.16434789899237282,0.735261102958092,3.5836027829480104,3.0836027829480104,-0.5,16.861799108984016,16.861799108984016,0.0,0.0,10.93517110280025,3.189694038573926,True,0,ok
25.233333333333334,0.18666666666666668,0.062164802088802894,-0.10351297166144177,-0.02963870027578218,2.6340678972286187e-10,-0.15963737621637566,0.8004786277699678,3.612221364167058,3.112221364167058,-0.5,16.669769590025854,16.669769590025854,0.0,0.0,10.75089837620839,3.2202543036026543,True,0,ok
25.233333333333334,0.19,0.05259668327675007,-0.09100861970949588,-0.0040822069664091425,6.421315469373845e-09,-0.15512881316314725,0.8754393814369567,3.6407521925244595,3.1407521925244595,-0.5,16.47898263884027,16.47898263884027,0.0,0.0,10.569560358529941,3.250763924267836,True,0,ok
25.233333333333334,0.19333333333333336,0.0450193895609463,-0.07006745463777365,-0.03421678111547393,8.918515319256055e-10,-0.1567543194283197,1.1240621468210172,3.668953736772717,3.168953736772717,-0.5,16.29305280404484,21.293052804044844,5.000000000000001,0.0,12.88831433675552,3.211371380023214,True,0,ok
25.233333333333334,0.19666666666666668,0.0335508802825924,-0.05723417035392799,-0.010061533039656165,4.013869136021189e-10,-0.15259059812072784,1.2110577298238365,3.69713684978588,3.19713684978588,-0.5,16.107387907972967,21.107387907972967,5.000000000000001,0.0,12.702746353758343,3.2408723960711856,True,0,ok
25.233333333333334,0.2,0.02692013868252536,-0.04434786880836301,0.014399587918250233,3.647285305985124e-10,-0.14860587109244655,1.3106379926853435,3.7251291526072765,3.2251291526072765,-0.5,15.924465801973891,20.92446580197389,5.000000000000001,0.0,12.521095768180185,3.2702330429344295,True,0,ok
25.3,0.1,0.05993377823826074,0.09693942162563422,0.03713383708461282,1.2252211126512731e-09,-0.3587451967568526,3.5661774934114923,2.8474250203221585,3.8474250203221585,1.0,22.084475565387393,17.084475565387393,-5.000000000000001,0.0,9.593455480229872,3.9230295101533126,True,0,ok
25.3,0.10333333333333333,0.05027865146639241,0.05947785720966971,-0.06360984893538918,8.31448486903184e-10,-0.3467696929628563,12.1645318356227,2.8763057725507952,3.8763057725507952,1.0,21.916070059684863,21.916070059684863,0.0,0.0,11.122641127479378,3.758597434622045,True,0,ok
25.3,0.10666666666666667,0.04930189534740037,0.08031823450199382,-0.029000204499637295,1.2903256165590128e-09,-0.3372259946728936,8.308888047441211,2.905282337480411,3.9052823374804113,1.0000000000000004,21.744408189301417,21.744408189301417,0.0,0.0,10.961857281084876,3.790521768392428,True,0,ok
25.3,0.11,0.058718409387621504,0.10149817472877082,0.006455643249503126,1.6859998428491565e-09,-0.3281655674966585,6.3287374924867335,2.93446614037426,3.9344661403742602,1.0000000000000004,21.567296803110366,21.567296803110366,0.0,0.0,10.803606469850054,3.82310814304344,True,0,ok
25.3,0.11333333333333334,0.05185344814687619,-0.07535481667451382,-0.048867083585094666,1.0778985004111454e-08,-0.300167151085206,4.3735815041272454,2.964194728835648,3.464194728835648,0.5,21.378168571303533,11.378168571303533,-10.0,0.0,7.277555647845033,3.5981498506129403,True,0,ok
25.3,0.11666666666666667,0.03476840775254525,-0.0588734436930152,-0.012666655464925004,7.844999705562077e-10,-0.29092785234564045,7.01340783098338,2.99544949703613,3.4954494970361303,0.5000000000000004,21.15799434953791,11.157994349537907,-10.0,0.0,7.088453953590025,3.6317919353594914,True,0,ok
25.3,0.12000000000000001,0.02103715195685033,-0.0020392093315113723,-0.036380309408649704,5.057085422202093e-09,-0.28773292801625927,11.222358329447463,3.0280245529659413,3.5280245529659418,0.5000000000000004,20.911194297447846,15.911194297447844,-5.000000000000001,0.0,9.635270680195543,3.638583922043725,True,0,ok
25.3,0.12333333333333334,0.00979964580011786,0.016963941636529825,0.0005690848580892895,2.4598125002406165e-09,-0.2795612360160136,35.87709576638283,3.061153933064078,3.5611539330640785,0.5000000000000004,20.652964627286522,15.652964627286522,-5.000000000000001,0.0,9.417953662907575,3.6755877887149517,True,0,ok
25.3,0.12666666666666668,0.02907735893136378,0.03511941158986851,0.03609855034279759,1.5862472832889754e-10,-0.27178269311193276,38.35202900463571,3.091806051431077,3.5918060514310763,0.49999999999999956,20.440291282331295,15.440291282331293,-5.000000000000001,0.0,9.232160272250274,3.7095605554393694,True,0,ok
25.3,0.13,0.0306411826774653,0.04925516181482044,-0.019762977058561997,2.374969622661551e-09,-0.26818725031379426,13.022948748727552,3.124032315459853,3.6240323154598535,0.5000000000000004,20.197362969320867,20.197362969320867,0.0,0.0,11.23637902127135,3.6376717482236147,True,0,ok
25.3,0.13333333333333333,0.04023001203570412,0.06824479969716668,0.014071564215548131,3.869141105181774e-10,-0.26116622113795784,35.47592957766902,3.1552857081921504,3.6552857081921504,0.5,19.971570002632845,19.971570002632845,0.0,0.0,11.043516598552593,3.6723396183363213,True,0,ok
25.3,0.13666666666666666,0.057729616771592454,0.08739187331729226,0.048587924794943935,5.993160660594843e-11,-0.25451907543432256,52.67809525496571,3.186486605327844,3.6864866053278433,0.49999999999999956,19.746113831021372,19.746113831021372,0.0,0.0,10.85410854567108,3.7070803290344023,True,0,ok
25.3,0.14,0.07848289778431682,0.10682194743431588,0.0840700141561236,9.702145553795858e-11,-0.24825651790898803,15.309462544842003,3.2179745273106173,3.7179745273106173,0.5,19.514814854073308,19.514814854073308,0.0,0.0,10.665064027795413,3.742379910471539,True,0,ok
25.3,0.14333333333333334,0.07220120839477341,-0.09692950616141911,-0.0790171773496112,1.9500173953048178e-10,-0.2266887346259462,1.1649575990992727,3.2485384827148756,3.2485384827148756,0.0,19.29933182586596,14.299331825865957,-5.000000000000001,0.0,9.242824720115918,3.37000172978651,True,0,ok
25.3,0.14666666666666667,0.055156405000869435,-0.08226692941466303,-0.048567884064911186,1.0452459002206521e-09,-0.21994569680661702,1.3390004532759758,3.279765581081071,3.279765581081071,0.0,19.071629885246466,14.071629885246466,-5.000000000000001,0.0,9.041096162990428,3.403702632974286,True,0,ok
25.3,0.15000000000000002,0.040494783718035825,-0.0677677040825468,-0.018083716666987125,2.2788716583856785e-10,-0.21351337610195043,1.5553425662055627,3.3101837630556394,3.3101837630556394,0.0,18.857414325256986,13.857414325256986,-5.000000000000001,0.0,8.851233559673316,3.436521316603066,True,0,ok
25.3,0.15333333333333335,0.03160041127284239,-0.053120411593788955,0.013190142150287878,2.0997007555531773e-09,-0.2073657347541292,1.8393823464739762,3.340843918555822,3.340843918555822,0.0,18.638653545652357,13.638653545652357,-5.000000000000001,0.0,8.660682466264422,3.469622623497938,True,0,ok
25.3,0.15666666666666668,0.013030371909957846,-0.014758524465636438,-0.01707506169630625,1.1027541898427966e-09,-0.20707437337385823,2.379770562464022,3.371264159597991,3.371264159597991,0.0,18.423530635566525,18.423530635566525,0.0,0.0,11.091898233688376,3.4511711062633745,True,0,ok
25.3,0.16,0.0073473631938350496,0.0009005364169686976,0.012694103822959655,4.2247664744631177e-10,-0.20155597221602878,2.799855659598971,3.4013682947865873,3.4013682947865873,0.0,18.213384749792745,18.213384749792745,0.0,0.0,10.902299266471596,3.4838914796010436,True,0,ok
25.3,0.16333333333333333,0.025178432001083318,-0.0066148670893788645,-0.043105728708483525,9.493184658333196e-10,-0.20006150189490157,2.1303843277539767,3.431604986506315,3.431604986506315,0.0,18.00072636236016,23.00072636236016,5.000000000000001,0.0,12.732823507593437,3.38692507974599,True,0,ok
25.3,0.16666666666666669,0.010408014800331334,0.00872660019646078,-0.01577424373029788,6.0846331932586344e-09,-0.19490317215361766,2.401592395330254,3.4613639009573998,3.4613639009573998,0.0,17.795575640519335,22.795575640519335,5.000000000000001,0.0,12.54492494925984,3.4182859540963793,True,0,ok
25.3,0.17,0.01565430979795418,0.024260277356346532,0.01210831071389037,3.899640215225071e-11,-0.19000060494502458,2.747169263272981,3.491167689482842,3.491167689482842,0.0,17.589433529483077,22.589433529483077,5.000000000000001,0.0,12.359310365309055,3.44985188057119,True,0,ok
25.3,0.17333333333333334,0.03271182954138679,0.03981848002553572,0.04030731973587727,2.749999400133575e-09,-0.18534893080169954,3.1943522524728083,3.5207036344029574,3.5207036344029574,0.0,17.38735450987546,22.38735450987546,5.000000000000001,0.0,12.178697209539521,3.481186221274608,True,0,ok
25.3,0.1766666666666667,0.05111554529833922,0.05551823536730442,0.06896464641495884,7.432798757094008e-10,-0.18095183011891855,3.797332774633757,3.5500851120601857,3.5500851120601857,0.0,17.187549602497565,22.187549602497565,5.000000000000001,0.0,12.001552846501841,3.5124374124661664,True,0,ok
25.3,0.18,0.06997000598025056,0.0712728028865725,0.0980183287927349,7.232096765395353e-10,-0.1767811577840242,4.655947085189997,3.5793650821464302,3.5793650821464302,0.0,16.989171417877525,21.989171417877525,5.000000000000001,0.0,11.828129656258438,3.543687523747933,True,0,ok
25.3,0.18333333333333335,0.06410475264671621,-0.10486101447559437,-0.036502405110337505,4.887787021363356e-10,-0.16220009841400912,0.7997374291592655,3.6083843553838055,3.1083843553838055,-0.5,16.79469252030682,16.79469252030682,0.0,0.0,10.855065201317739,3.2147125955044835,True,0,ok
25.3,0.18666666666666668,0.053579672246634645,-0.09217832810203286,-0.01074707692744142,3.061958405370285e-09,-0.15757636231544844,0.8744497962858214,3.6373011822724624,3.1373011822724624,-0.5,16.60164238353136,16.60164238353136,0.0,0.0,10.67082869844624,3.24561294072423,True,0,ok
25.3,0.19,0.04672768548827004,-0.07947137004658951,0.015320937183804456,2.713142007857301e-10,-0.15315448037848917,0.9605822485278431,3.6659647513444704,3.1659647513444704,-0.5,16.412314633874004,16.412314633874004,0.0,0.0,10.491219328304767,3.2762784842501844,True,0,ok
25.3,0.19333333333333336,0.03514605916284842,-0.058706989405447045,-0.016100491265301622,1.922301639050101e-10,-0.15485707522326939,1.2038887428077234,3.6945243314507965,3.1945243314507965,-0.5,16.224516165431567,21.22451616543157,5.000000000000001,0.0,12.794034807586794,3.235411259218469,True,0,ok
25.3,0.19666666666666668,0.02681451842839674,-0.04564755906467986,0.00856478529077308,2.3802093792648363e-09,-0.15077766023407088,1.3027616717352117,3.7229223351037963,3.2229223351037963,-0.5,16.03903265867353,21.03903265867353,5.000000000000001,0.0,12.609392948994104,3.2651472060756013,True,0,ok
25.3,0.2,0.026976512334669172,-0.03252782873217414,0.03354306204266419,1.2473495015501709e-09,-0.1468873316435033,1.4169258227016839,3.751144778338999,3.251144778338999,-0.5,15.856075253399627,20.856075253399627,5.000000000000001,0.0,12.428682319291669,3.29475811630283,True,0,ok
25.366666666666667,0.1,0.05636301284031852,0.04499277065386703,-0.08663727972531371,4.44793553774277e-10,-0.353800099354304,18.211913351482544,2.862905597712685,3.862905597712685,1.0,22.078229400148327,22.078229400148327,0.0,0.0,11.226463205843205,3.736312018058334,True,0,ok
25.366666666666667,0.10333333333333333,0.048529248979669454,0.0658177563569168,-0.05228084704491486,8.971131369939339e-10,-0.3438326220373298,10.656025943190505,2.8920696190385566,3.8920696190385566,1.0,21.909596478777825,21.909596478777825,0.0,0.0,11.064040127929196,3.7681655436803263,True,0,ok
25.366666666666667,0.10666666666666667,0.05129707764669976,0.08724667110748155,-0.016798479274552656,9.445267735758393e-10,-0.3343874379560591,7.5307246399401295,2.9215893357017477,3.921589335701748,1.0000000000000004,21.732419374013265,21.732419374013265,0.0,0.0,10.903511917588734,3.8011022155935814,True,0,ok
25.366666666666667,0.11,0.061727688103096666,-0.08250749702819551,-0.06799584818061943,2.117740490323867e-09,-0.3068848178281417,3.7780953985068124,2.9512860353641868,3.4512860353641868,0.5,21.550398129522332,11.550398129522334,-10.0,0.0,7.419058413623749,3.583692308194032,True,0,ok
25.366666666666667,0.11333333333333334,0.042474587641815414,-0.06596298124380123,-0.03257540316644905,2.0730731760648225e-09,-0.29730795534121,5.599868793991253,2.98185907513384,3.4818590751338405,0.5000000000000004,21.34992280007108,11.349922800071083,-10.0,0.0,7.240697285409353,3.616673200696318,True,0,ok
25.366666666666667,0.11666666666666667,0.028477363750797246,-0.049078374739711286,0.0049187266130708285,8.704727686771619e-10,-0.28815833086051995,10.6339618101992,3.0141486620695077,3.5141486620695073,0.49999999999999956,21.114897171024456,11.114897171024456,-10.0,0.0,7.042484931632734,3.6514049204678667,True,0,ok
25.366666666666667,0.12000000000000001,0.012028562251689837,0.008690549996605144,-0.018934974789653464,5.21073090872962e-09,-0.28517905542477473,18.187386534728738,3.0477775037386494,3.547777503738649,0.49999999999999956,20.85289148473912,15.852891484739121,-5.000000000000001,0.0,9.571417571018902,3.6588108156182626,True,0,ok
25.366666666666667,0.12333333333333334,0.018954750457969325,0.027582018544654998,0.017806738830394075,1.0437640529425096e-08,-0.27711372755220287,334.44037618505644,3.0801659134899073,3.580165913489907,0.49999999999999956,20.613496816591407,15.613496816591406,-5.000000000000001,0.0,9.366785642823695,3.6948591796304737,True,0,ok
25.366666666666667,0.12666666666666668,0.03183562012123174,0.0404189324138657,-0.037507732909801444,2.1909248436913343e-08,-0.2731740269348185,9.916868597473233,3.1119089545753487,3.611908954575348,0.49999999999999956,20.38537766921638,20.38537766921638,0.0,0.0,11.371854584754756,3.62063181758509,True,0,ok
25.366666666666667,0.13,0.034729535247717776,0.06008732511898919,-0.0028169514749644387,1.0801259715546476e-09,-0.26589061384514384,20.262266173319528,3.1445049578390893,3.6445049578390893,0.5,20.140653756346683,20.140653756346683,0.0,0.0,11.166227576395814,3.656983828191609,True,0,ok
25.366666666666667,0.13333333333333333,0.04907140634141446,0.07907658248629772,0.031159314229622995,3.9773041063508704e-10,-0.2589684537775639,419.48582097000224,3.1755062200438013,3.6755062200438013,0.5,19.924193788804388,19.924193788804388,0.0,0.0,10.97939795521877,3.6911961543585083,True,0,ok
25.366666666666667,0.13666666666666666,0.0689744781895853,0.09890279884030706,0.06701247873441551,6.74373054717633e-10,-0.2524571770155258,21.943279070991082,3.207712251271973,3.707712251271973,0.5,19.68519283925426,19.68519283925426,0.0,0.0,10.783825361949424,3.7273042042624205,True,0,ok
25.366666666666667,0.14,0.07898797018453312,-0.10135045509997513,-0.09189876796043571,2.7681989849141985e-10,-0.23110833518513074,1.1297052357737691,3.2389599342952287,3.2389599342952287,0.0,19.46263860513057,14.462638605130572,-5.000000000000001,0.0,9.377821195206689,3.3586626023079567,True,0,ok
25.366666666666667,0.14333333333333334,0.06131070470310028,-0.08655339132970073,-0.06152656323003891,4.11151743620583e-10,-0.2241478680649271,1.2936001891581648,3.270310456340565,3.270310456340565,0.0,19.237760971238576,14.237760971238576,-5.000000000000001,0.0,9.17614882162058,3.392483444028924,True,0,ok
25.366666666666667,0.14666666666666667,0.04501359500126864,-0.07171042534166108,-0.03059879249468453,7.533833051299131e-10,-0.21750818181247994,1.5003799830811573,3.3015832260701456,3.3015832260701456,0.0,19.013666601844353,14.013666601844351,-5.000000000000001,0.0,8.977783465344158,3.4262350367080026,True,0,ok
25.366666666666667,0.15000000000000002,0.032868759784084024,-0.05692694145378394,0.0006240560462908524,9.491239837339972e-10,-0.21117273534717584,1.7652834083808302,3.3324050015586577,3.3324050015586577,0.0,18.796885568119983,13.796885568119983,-5.000000000000001,0.0,8.786996374490943,3.4595013077666774,True,0,ok
25.366666666666667,0.15333333333333335,0.019944035264240437,-0.019201114828588845,-0.028716037630618706,5.876088789332526e-09,-0.2106842303575906,2.283394157132832,3.363583468086311,3.363583468086311,0.0,18.57362648915083,18.57362648915083,0.0,0.0,11.209641036118576,3.4405422600250453,True,0,ok
25.366666666666667,0.15666666666666668,0.002060210844468106,-0.003388788399243366,0.001117819017615875,1.350139506352105e-09,-0.20498884348533153,2.671598994321277,3.3939937431282137,3.3939937431282137,0.0,18.362809179897358,18.362809179897358,0.0,0.0,11.017836607644078,3.473526663486561,True,0,ok
25.366666666666667,0.16,0.01971982980196098,0.012654142942933407,0.03172519075805109,1.989040420589871e-09,-0.1995757303016183,3.2067816809637697,3.42464655084646,3.42464655084646,0.0,18.147625595811153,18.147625595811153,0.0,0.0,10.826010042657318,3.5069055054524902,True,0,ok
25.366666666666667,0.16333333333333333,0.015339820918153875,0.0039484146049971825,-0.026274328526341782,1.0147604541947428e-09,-0.1979964123023488,2.309880187584473,3.4549683611726643,3.4549683611726643,0.0,17.93755253925022,22.93755253925022,5.000000000000001,0.0,12.644419120108976,3.4074276785385695,True,0,ok
25.366666666666667,0.16666666666666669,0.06020068366402618,0.044820884470054285,0.09414592532962054,2.376377896625349e-09,-0.18957146632376232,5.154221545835906,3.485138788890681,3.485138788890681,0.0,17.72969316162944,17.72969316162944,0.0,0.0,10.4578304631909,3.5729154619240115,True,0,ok
25.366666666666667,0.17,0.02685766019266491,0.0354198637042301,0.030156839825282333,8.653454359303486e-10,-0.18814506563695482,3.0490186683811342,3.515220943697557,3.515220943697557,0.0,17.523005766763593,22.523005766763596,5.000000000000001,0.0,12.271414962526952,3.47116467262049,True,0,ok
25.366666666666667,0.17333333333333334,0.04507343674095828,0.05123028583402045,0.05890926847524138,1.7184416797643863e-11,-0.18359994940685304,3.603072491441889,3.5450047087233134,3.5450047087233134,0.0,17.320852677755855,22.320852677755855,5.000000000000001,0.0,12.091884088355126,3.502771257040442,True,0,ok
25.366666666666667,0.1766666666666667,0.06404209316381956,0.06724190090417982,0.0882195888292532,1.445035929832976e-10,-0.17930980861734783,4.382448081081146,3.5747347284299793,3.5747347284299793,0.0,17.11934032120291,22.11934032120291,5.000000000000001,0.0,11.914877968754759,3.534439392029018,True,0,ok
25.366666666666667,0.18,0.06638495393485902,-0.106382243634798,-0.04363146302871981,1.2612870335288823e-09,-0.16483241959181186,0.7981709719023422,3.604182132384688,3.104182132384688,-0.5,16.922042740375783,16.922042740375783,0.0,0.0,10.961541424620298,3.2087739624792673,True,0,ok
25.366666666666667,0.18333333333333335,0.05494727965890181,-0.09351540002063073,-0.01767712037414774,1.3550363229555118e-09,-0.16009434448264476,0.87256088563718,3.63350916286536,3.13350916286536,-0.5,16.726474071410383,16.726474071410383,0.0,0.0,10.774257545329283,3.2400869350727923,True,0,ok
25.366666666666667,0.18666666666666668,0.04679697511871729,-0.08059172670401736,0.008651255842391462,3.9669775039859703e-10,-0.15556522109842477,0.9585847021158536,3.6626665099728917,3.1626665099728917,-0.5,16.5333613522761,16.5333613522761,0.0,0.0,10.590804174167857,3.271260938241976,True,0,ok
25.366666666666667,0.19,0.03715436354183852,-0.06033803389660348,-0.02237547443272719,4.162148000006169e-11,-0.15718272874320147,1.1958545260551046,3.691591245844058,3.191591245844058,-0.5,16.34365917345342,21.34365917345342,5.000000000000001,0.0,12.88723298760027,3.229608192267933,True,0,ok
25.366666666666667,0.19333333333333336,0.027230161796678833,-0.04709765005215174,0.002501298459794009,2.4135268668257357e-09,-0.15300676173650887,1.2939736573248832,3.720423804430435,3.220423804430435,-0.5,16.15527333421215,21.15527333421215,5.000000000000001,0.0,12.699373137382553,3.259748788108398,True,0,ok
25.366666666666667,0.19666666666666668,0.025229071447193607,-0.033783703868436946,0.027716051147170257,9.247880124722522e-11,-0.14902325855352044,1.4074071698933606,3.749099524549517,3.249099524549517,-0.5,15.969130047649973,20.969130047649973,5.000000000000001,0.0,12.51529824839197,3.2897912413705193,True,0,ok
25.366666666666667,0.2,0.03290693316853471,-0.0204416835336849,0.05320466451340432,8.793209004821272e-10,-0.14522624115295069,1.5391587368943276,3.7775126224175963,3.2775126224175963,-0.5,15.786760763523958,20.786760763523958,5.000000000000001,0.0,12.335878447744486,3.3196056016145055,True,0,ok
25.433333333333334,0.1,0.05275923837610353,0.05062869243088934,-0.07607461603464014,5.4943616449342026e-09,-0.35079585853243517,15.272136354140732,2.8784015261804456,3.878401526180445,0.9999999999999996,22.073352210677943,22.073352210677943,0.0,0.0,11.164191562417265,3.7447791844514438,True,0,ok
25.433333333333334,0.10333333333333333,0.0478219927271782,0.07205211845959823,-0.04085732725814157,1.0755634907833861e-09,-0.3409192406225133,9.491364984435329,2.9081099556183645,3.9081099556183645,1.0,21.89928812580431,21.89928812580431,0.0,0.0,11.002371144696108,3.777681621887862,True,0,ok
25.433333333333334,0.10666666666666667,0.054349878387656404,0.09402556970498395,-0.004573847823477038,2.291964175427339e-10,-0.33157114149185235,6.899763711033526,2.9380864175371553,3.9380864175371553,1.0,21.718450550558938,21.718450550558938,0.0,0.0,10.843033681183098,3.81150163900682,True,0,ok
25.433333333333334,0.11,0.05199782015935985,-0.07330596106333805,-0.0523216587710649,1.9753943829840233e-09,-0.3040057942467274,4.659811471573467,2.9684981223734415,3.4684981223734415,0.5,21.527686430486323,11.527686430486325,-10.0,0.0,7.385522251886157,3.601727601875998,True,0,ok
25.433333333333334,0.11333333333333334,0.033723644334021356,-0.056317743842054374,-0.015497234916057074,5.934368825083698e-11,-0.2945077163205279,7.720847832032615,3.0002863008014766,3.500286300801477,0.5000000000000004,21.30879074379861,11.308790743798612,-10.0,0.0,7.19558791929584,3.6359929866824876,True,0,ok
25.433333333333334,0.11666666666666667,0.022593080602738524,-0.00011399725506356437,-0.03913219745927075,1.24044087319304e-09,-0.29109355008779214,11.916513982246112,3.033539112159692,3.5335391121596924,0.5000000000000004,21.060448994563455,16.06044899456345,-5.000000000000001,0.0,9.731886270263216,3.6410375408613285,True,0,ok
25.433333333333334,0.12000000000000001,0.011309113075438897,0.019551913939195264,-0.0011877613284950786,4.761778384841922e-09,-0.28270626932072723,45.98017602030462,3.067701531717953,3.567701531717953,0.5,20.793808694358667,15.793808694358665,-5.000000000000001,0.0,9.507695821663233,3.6792130247047927,True,0,ok
25.433333333333334,0.12333333333333334,0.030110449422586553,0.038347518561718995,0.03534664500980312,2.5163276754732853e-09,-0.2747378151820035,30.269842826941257,3.099345158863057,3.5993451588630574,0.5000000000000004,20.57328655473797,15.573286554737967,-5.000000000000001,0.0,9.315579074871856,3.7142962679641176,True,0,ok
25.433333333333334,0.12666666666666668,0.03188369088377407,0.05112028031819049,-0.02089081552514879,3.976955641978432e-10,-0.2708303195093431,13.660963741094598,3.1322868062002467,3.6322868062002467,0.5,20.327765116285914,20.327765116285914,0.0,0.0,11.300627213848616,3.639817713219333,True,0,ok
25.433333333333334,0.13,0.04160198845326933,0.0707171022258043,0.01382995960164052,1.1028581001568834e-09,-0.2636486214083162,42.285897030382436,3.1644869071061255,3.6644869071061255,0.5,20.09498432941676,20.09498432941676,0.0,0.0,11.102524004471888,3.6755120984874177,True,0,ok
25.433333333333334,0.13333333333333333,0.05940266062905202,0.09040120244939484,0.0491289208627109,3.665327793481497e-10,-0.2568564356099189,41.43941553427159,3.1964808286112874,3.6964808286112874,0.5,19.865273271586727,19.865273271586727,0.0,0.0,10.909503884929862,3.711068273279267,True,0,ok
25.433333333333334,0.13666666666666666,0.08061925373256598,0.11041264914044542,0.08548356056562255,1.2554987143133326e-09,-0.2504683747669134,14.05596685035795,3.228820428398568,3.728820428398568,0.5,19.628641792783576,19.628641792783576,0.0,0.0,10.716444247589918,3.7472808357681204,True,0,ok
25.433333333333334,0.14,0.06816032490363706,-0.09117939111504642,-0.07499205497116002,2.8824707145723553e-09,-0.22855112132115582,1.248121427137049,3.2602129400331754,3.2602129400331754,0.0,19.408128292776535,14.408128292776533,-5.000000000000001,0.0,9.31562068743425,3.3805516082501503,True,0,ok
25.433333333333334,0.14333333333333334,0.05061967717625653,-0.07601330115718884,-0.04369248447355408,5.364395864423768e-09,-0.22168757122055788,1.4447284508901819,3.2922674737060182,3.2922674737060182,0.0,19.175452312524836,14.175452312524836,-5.000000000000001,0.0,9.109481026565641,3.4151557561349613,True,0,ok
25.433333333333334,0.14666666666666667,0.03594897056784556,-0.06102445501798836,-0.012369371221731302,5.200059081642321e-10,-0.21514781866683852,1.6926079126026046,3.3234544990642987,3.3234544990642987,0.0,18.95716644957946,13.95716644957946,-5.000000000000001,0.0,8.915929995113757,3.448812471302646,True,0,ok
25.433333333333334,0.15000000000000002,0.027531539942467074,-0.02415631672228377,-0.04111483232634778,6.088917867006117e-10,-0.2144465284740521,2.185321156773518,3.354957603177219,3.354957603177219,0.0,18.733059382604672,18.733059382604672,0.0,0.0,11.33499740410504,3.428842934669541,True,0,ok
25.433333333333334,0.15333333333333335,0.007785714697694509,-0.007973143235849096,-0.010875709034463735,2.5695480909308276e-09,-0.20856850364582946,2.5483726876817143,3.3861075360823207,3.3861075360823207,0.0,18.514452684174717,18.514452684174717,0.0,0.0,11.136102261615678,3.462625772404162,True,0,ok
25.433333333333334,0.15666666666666668,0.01235368234343791,0.00820977289886121,0.01975955544228744,1.2169112716364238e-09,-0.2029799778599585,3.035973403486779,3.4170353756104945,3.4170353756104945,0.0,18.299213888038317,18.299213888038317,0.0,0.0,10.942479704686889,3.4962257856702035,True,0,ok
25.433333333333334,0.16,0.021506089618476543,-0.0011571816742425639,-0.03723166129259653,4.585152004372875e-10,-0.20122847764766447,2.2196201438480925,3.4479888212358594,3.4479888212358594,0.0,18.08320512807606,23.083205128076063,5.000000000000001,0.0,12.747246069302244,3.3959324327257825,True,0,ok
25.433333333333334,0.16333333333333333,0.009975550818046595,0.014652972540218015,-0.00915561238289964,1.3724399061539783e-09,-0.19600993648057644,2.5192486213015495,3.4785304628996534,3.4785304628996534,0.0,17.87360915668504,22.87360915668504,5.000000000000001,0.0,12.556236029246287,3.4280816112186354,True,0,ok
25.433333333333334,0.16666666666666669,0.02097958440231678,0.030664626277254255,0.019496399163900197,1.4926952480470327e-10,-0.19105871513427158,2.906659880057047,3.50911549769288,3.50911549769288,0.0,17.66302989484977,22.663029894849775,5.000000000000001,0.0,12.367638433177785,3.46044373022375,True,0,ok
25.433333333333334,0.17,0.038825534901393004,0.04666249370481864,0.04842394203682328,2.6439526305645807e-10,-0.18636517081005252,3.415393873024549,3.5393434016224954,3.5393434016224954,0.0,17.457878690735942,22.457878690735946,5.000000000000001,0.0,12.184825887802111,3.492456752389197,True,0,ok
25.433333333333334,0.17333333333333334,0.05777667691445164,0.06284197633830664,0.0778801591917126,3.0011387484156426e-10,-0.181937583421113,4.120167412926439,3.569475278350863,3.569475278350863,0.0,17.254054914851697,22.254054914851697,5.000000000000001,0.0,12.0050446391658,3.5244741242990543,True,0,ok
25.433333333333334,0.1766666666666667,0.06908925392510534,-0.10816058090951615,-0.05119827888805346,1.2685284627782362e-08,-0.16757972634629575,0.7953991810941594,3.599433040049425,3.099433040049425,-0.5,17.052762496634003,17.052762496634003,0.0,0.0,11.071497330090487,3.202244558073131,True,0,ok
25.433333333333334,0.18,0.05678388877286084,-0.09510876164014849,-0.025051018577760563,3.1103696932485678e-09,-0.16272064224303687,0.8692805704667206,3.6291770108101638,3.1291770108101638,-0.5,16.8546230367982,16.8546230367982,0.0,0.0,10.881058901124028,3.233975109550062,True,0,ok
25.433333333333334,0.18333333333333335,0.04733285696529024,-0.08196863231073344,0.0015301511682384188,1.6514148691516402e-10,-0.15807814146089477,0.9549646011938016,3.6588360935689646,3.1588360935689646,-0.5,16.657660542803914,16.657660542803914,0.0,0.0,10.693651256151062,3.2656640007787026,True,0,ok
25.433333333333334,0.18666666666666668,0.03964998597482308,-0.06222214239373231,-0.029064912856312804,6.567454454264723e-09,-0.1596051764684703,1.1863941715415673,3.6881326072372738,3.1881326072372738,-0.5,16.465998046897518,21.465998046897518,5.000000000000001,0.0,12.983696139062376,3.2232534780213493,True,0,ok
25.433333333333334,0.19,0.028267898538196976,-0.048799353706582074,-0.003980620694978439,7.695518142689126e-11,-0.15532676287269848,1.2835359834042968,3.717408304486699,3.217408304486699,-0.5,16.27463304572807,21.27463304572807,5.000000000000001,0.0,12.792491544605967,3.253804769813774,True,0,ok
25.433333333333334,0.19333333333333336,0.023851462507986667,-0.035318820556149454,0.02143029878074955,4.0991490398990174e-11,-0.15124023426735744,1.3956598554798438,3.7464796873050488,3.2464796873050488,-0.5,16.086176248163582,21.086176248163582,5.000000000000001,0.0,12.605464321996944,3.2842065055304404,True,0,ok
25.433333333333334,0.19666666666666668,0.02998432083678664,-0.021794199454512046,0.0471401247162862,1.327936469295246e-09,-0.14734924347607928,1.5260733888045022,3.77531959261194,3.27531959261194,-0.5,15.901035716021541,20.901035716021543,5.000000000000001,0.0,12.422930994915717,3.3144196392434577,True,0,ok
25.433333333333334,0.2,0.03139860186328166,-0.053148585391708504,-0.011525817444628064,9.600290164570146e-10,-0.14733912763785928,1.2070925649302515,3.8040077261144947,3.3040077261144947,-0.5,15.718056785339925,25.718056785339922,9.999999999999998,0.0,14.002345189493504,3.185730358178196,True,0,ok
25.5,0.1,0.04970822923707537,0.05610235614967167,-0.06530887991775927,8.22466679450888e-11,-0.3476625227485549,13.203872889254445,2.894386073691268,3.894386073691268,1.0,22.065833909214195,22.065833909214195,0.0,0.0,11.096512235839734,3.752999132406741,True,0,ok
25.5,0.10333333333333333,0.04819193062831722,0.0782190578206092,-0.029140444861220156,3.334853556739814e-11,-0.3378893159321593,8.566448897290663,2.9246592241907994,3.9246592241907994,1.0,21.88614334079279,21.88614334079279,0.0,0.0,10.935963322486499,3.787107455360515,True,0,ok
25.5,0.10666666666666667,0.05838813908682866,0.10081270042284109,0.008020211438799045,2.021963318944772e-10,-0.3286492773270662,6.367324357403896,2.955109336559352,3.955109336559352,1.0,21.7015129604389,21.7015129604389,0.0,0.0,10.778331188438663,3.8219323602932436,True,0,ok
25.5,0.11,0.04224865425193437,-0.06375904831713244,-0.03591142041178611,4.311041754645791e-10,-0.3010585183046917,6.028488487485588,2.986262929473896,3.486262929473896,0.5,21.501697243496285,11.501697243496286,-10.0,0.0,7.349483409978632,3.6203469645012643,True,0,ok
25.5,0.11333333333333334,0.026770694579484618,-0.04630573141698522,0.0024061385527879326,8.340581706633872e-08,-0.29165054869869794,12.234182500399934,3.0193119631417806,3.5193119631417806,0.5,21.263745820654535,11.263745820654533,-10.0,0.0,7.147651742185344,3.655947086365344,True,0,ok
25.5,0.11666666666666667,0.013836413066329828,0.010843601107089911,-0.02137183414348439,4.65488771427943e-09,-0.2884528628641237,20.08829979372772,3.0536502825409113,3.553650282540911,0.49999999999999956,20.99989742447982,15.999897424479817,-5.000000000000001,0.0,9.665729850554799,3.661616004922658,True,0,ok
25.5,0.12000000000000001,0.020004833481472646,0.03045749477647414,0.016520323840814755,2.297597786584805e-09,-0.28018146815864764,106.19243959097375,3.0872267027001343,3.587226702700134,0.49999999999999956,20.749437644106017,15.749437644106017,-5.000000000000001,0.0,9.452664847880442,3.6990211151313144,True,0,ok
25.5,0.12333333333333334,0.033105222786998754,0.04193627845005065,-0.03910518989968314,1.0576395095158586e-09,-0.27591677127802955,10.218587531771593,3.119688485516643,3.619688485516643,0.5,20.51888077146464,20.51888077146464,0.0,0.0,11.438296577025628,3.6222067365780704,True,0,ok
25.5,0.12666666666666668,0.03598897152349104,0.062235868755345605,-0.003509252658803252,4.953355789132244e-09,-0.268458019798398,22.058530138650887,3.1532750953192368,3.6532750953192368,0.5,20.266721714414366,20.266721714414366,0.0,0.0,11.22708135910143,3.659638857752703,True,0,ok
25.5,0.13,0.05055457749355744,0.0817838969184753,0.031284023422260124,3.363865482760145e-10,-0.2613770281211889,423.1732554414082,3.1851232225567516,3.6851232225567516,0.5,20.045231545318302,20.045231545318302,0.0,0.0,11.036090418828545,3.6947275622454647,True,0,ok
25.5,0.13333333333333333,0.07085012494062698,0.10217506305956545,0.0679667352539548,1.7975743441353704e-10,-0.254727115379468,19.62783620232483,3.2181538902557505,3.718153890255751,0.5000000000000004,19.80168796994091,19.80168796994091,0.0,0.0,10.83682369215597,3.7316964312150622,True,0,ok
25.5,0.13666666666666666,0.07521916403586405,-0.09582740383701471,-0.08826594240487307,9.096941835694648e-10,-0.23303918068701557,1.2065685918132185,3.2502584572916997,3.2502584572916997,0.0,19.573892122766598,14.573892122766598,-5.000000000000001,0.0,9.452669568630625,3.3687713067238643,True,0,ok
25.5,0.14,0.05696612527639223,-0.08051527956237949,-0.057032517426540835,5.775854671524964e-09,-0.2259470260780922,1.3907441614811569,3.2824645047224634,3.2824645047224634,0.0,19.34376812092637,14.343768120926372,-5.000000000000001,0.0,9.246309038706821,3.4035228631807097,True,0,ok
25.5,0.14333333333333334,0.04035032568234339,-0.06516801626887558,-0.025250267395762346,1.887048536529639e-07,-0.21919102886448172,1.6262342812268074,3.314536599954748,3.314536599954748,0.0,19.11535482259004,14.115354822590039,-5.000000000000001,0.0,9.04401551638066,3.4381458957288875,True,0,ok
25.5,0.14666666666666667,0.029060244050396207,-0.04985820798985709,0.006903075317993207,5.273001243785844e-09,-0.21275279207600858,1.9342200988588176,3.346219290302867,3.346219290302867,0.0,18.89314199668384,13.893141996683841,-5.000000000000001,0.0,8.848649794138595,3.472353800907573,True,0,ok
25.5,0.15000000000000002,0.015057796701394994,-0.012609587077532836,-0.022830024928495868,2.3718509923897428e-11,-0.2122077212137157,2.4357544791508863,3.3781551391461715,3.3781551391461715,0.0,18.666189511594677,18.666189511594677,0.0,0.0,11.254849721333436,3.451655658425069,True,0,ok
25.5,0.15333333333333335,0.005014725116299454,0.0037206400438007164,0.007848518436015525,1.1168304717712414e-08,-0.20643744287808063,2.8822451698540257,3.4093773415655693,3.4093773415655693,0.0,18.450735219747052,18.450735219747052,0.0,0.0,11.059266445081494,3.485495201674917,True,0,ok
25.5,0.15666666666666668,0.025572174131680014,0.020306790220908446,0.039362958989218606,2.181938404402233e-09,-0.2009607410796123,3.5150308593588653,3.4408751563117748,3.4408751563117748,0.0,18.23032540575871,18.23032540575871,0.0,0.0,10.863390264013793,3.5197807771166247,True,0,ok
25.5,0.16,0.012787698322096856,0.009658880512968931,-0.01993192696070967,4.534040482528883e-10,-0.19911110018918454,2.4155437150546875,3.4719239521932885,3.4719239521932885,0.0,18.016910342548883,23.016910342548883,5.000000000000001,0.0,12.655703161265334,3.416864028133511,True,0,ok
25.5,0.16333333333333333,0.015760038732326457,0.025826291364005688,0.008839625543686403,1.253643420048822e-05,-0.19398833062512882,2.7746021240091276,3.5028995215328385,3.5028995215328385,0.0,17.804417021261887,22.804417021261887,5.000000000000001,0.0,12.46426355597114,3.449544379779769,True,0,ok
25.5,0.16666666666666669,0.032740353788214924,0.042070860301694844,0.038024137228972195,2.2467522109175733e-09,-0.18915690433006088,3.2458173312919576,3.533696146660437,3.533696146660437,0.0,17.59451409470423,22.59451409470423,5.000000000000001,0.0,12.277264141501664,3.4821273086323647,True,0,ok
25.5,0.17,0.05160557173718642,0.05842962016883463,0.06764158920288164,9.07603887049816e-10,-0.18458862402986106,3.8873323298779665,3.5642509012528754,3.5642509012528754,0.0,17.388219954507132,22.388219954507136,5.000000000000001,0.0,12.094596302287766,3.5145160826055246,True,0,ok
25.5,0.17333333333333334,0.06419805454610954,-0.07635564896434474,0.08083307178221998,1.3447322881480667e-09,-0.16663646659476639,0.9350963606347766,3.59473462268224,4.09473462268224,0.5,17.182850399780065,22.182850399780065,5.000000000000001,0.0,7.601905391396097,3.398486136565187,True,0,ok
25.5,0.1766666666666667,0.05886592774490691,-0.0966969002763194,-0.03233112779903209,3.5327651410545874e-10,-0.16535774122524136,0.8662487305065271,3.6248970177732933,3.1248970177732933,-0.5,16.98224494322891,16.98224494322891,0.0,0.0,10.987494237410454,3.2279114007012923,True,0,ok
25.5,0.18,0.04824009491780681,-0.08337003601400649,-0.0055459325690357724,5.353770264309342e-10,-0.1605922505529669,0.9513619099691866,3.654960355599673,3.154960355599673,-0.5,16.78300891222046,16.78300891222046,0.0,0.0,10.79709550901937,3.2600059690815026,True,0,ok
25.5,0.18333333333333335,0.04229779662161598,-0.07000927980081416,0.021587300407926727,2.334504316629736e-09,-0.15604338091987796,1.0504794841957608,3.6847710204600013,3.1847710204600013,-0.5,16.587444282786063,16.587444282786063,0.0,0.0,10.611433224821196,3.2918713996590943,True,0,ok
25.5,0.18666666666666668,0.029755536423327154,-0.05048648091298924,-0.010358141172151428,1.0971975720087707e-09,-0.15764200659606115,1.2735463102862046,3.714448110059675,3.214448110059675,-0.5,16.39382637306226,21.39382637306226,5.000000000000001,0.0,12.885090202900074,3.247908372434811,True,0,ok
25.5,0.19,0.023015002380872333,-0.03682242308144207,0.015270237790747024,1.0957562234967845e-09,-0.15345450648841308,1.3845894970948827,3.7439557807881796,3.2439557807881796,-0.5,16.20261212104661,21.20261212104661,5.000000000000001,0.0,12.694862435924808,3.2787120294898373,True,0,ok
25.5,0.19333333333333336,0.027284391303378966,-0.02309449443085168,0.0412305512135244,2.7671082474904327e-09,-0.14946864152636413,1.5139795307361075,3.7732678832575615,3.2732678832575615,-0.5,16.014185685030974,21.014185685030974,5.000000000000001,0.0,12.508873826683356,3.3093740231392506,True,0,ok
25.5,0.19666666666666668,0.034190208114403424,-0.05649538849164667,-0.017753367902922715,6.6410569933910714e-09,-0.14926620394254547,1.1856504399561862,3.802385710383955,3.302385710383955,-0.5,15.828529458169161,25.828529458169164,10.000000000000002,0.0,14.060713964336252,3.177410588533695,True,0,ok
25.5,0.2,0.025678179400025446,-0.0441288524881591,0.005545364729029857,1.9376746168186674e-10,-0.1453494288249779,1.2626192316505007,3.831347238343939,3.331347238343939,-0.5,15.645081517301847,25.645081517301847,10.000000000000002,0.0,13.87202259419609,3.205540546374381,True,0,ok
25.566666666666666,0.1,0.04737656866923664,0.06115057967970559,-0.05471950640720964,2.022908761453143e-09,-0.3445154551423841,11.726983615807123,2.9105860552938543,3.9105860552938543,1.0,22.056228732178976,22.056228732178976,0.0,0.0,11.024302889289839,3.7606166158801297,True,0,ok
25.566666666666666,0.10333333333333333,0.04955955469505242,0.08402386802495226,-0.017562402650009523,4.4231335455316924e-09,-0.33485474548495486,7.8433818200275445,2.941397342893076,3.941397342893076,1.0,21.87145959223687,21.87145959223687,0.0,0.0,10.86603520444909,3.796018538730945,True,0,ok
25.566666666666666,0.10666666666666667,0.05245009199078477,-0.07144634058170025,-0.05611111179622923,1.0504907151236792e-08,-0.30793863047602793,4.946790768582343,2.9725291505413627,3.4725291505413622,0.49999999999999956,21.678932356585083,11.678932356585085,-10.0,0.0,7.495024237831179,3.604945837513192,True,0,ok
25.566666666666666,0.11,0.03294218645123844,-0.053928713755216434,-0.018634826998724784,9.37996266368547e-10,-0.2981662410976894,8.484086370631541,3.0048814573029508,3.5048814573029503,0.49999999999999956,21.461279556254976,11.461279556254976,-10.0,0.0,7.304140891962868,3.63986342794076,True,0,ok
25.566666666666666,0.11333333333333334,0.024086441058310086,-0.03608358322467233,0.020939077110380948,1.8940435967343825e-09,-0.2888570294697636,28.19849965944976,3.0388501253227855,3.538850125322785,0.49999999999999956,21.211230821966346,11.211230821966344,-10.0,0.0,7.095138582230816,3.676436052577289,True,0,ok
25.566666666666666,0.11666666666666667,0.012811469586246833,0.02194604762899195,-0.003282110958514283,3.458535545481364e-10,-0.28589306825570193,60.63335043742008,3.0739535613152436,3.5739535613152436,0.5,20.938418813156222,15.938418813156222,-5.000000000000001,0.0,9.599623861890295,3.682393227274871,True,0,ok
25.566666666666666,0.12000000000000001,0.031116404203431175,0.04146776305456186,0.03442552045945917,1.7657808717382046e-10,-0.27772543366160385,25.32131764638792,3.1067827415837366,3.6067827415837366,0.5,20.707065416297056,15.707065416297056,-5.000000000000001,0.0,9.39927395269219,3.7188224347584833,True,0,ok
25.566666666666666,0.12333333333333334,0.033092114237052044,0.05286422268833742,-0.02215035064264623,3.662665956031587e-10,-0.273488207411475,14.290306609597911,3.1404794131480234,3.6404794131480234,0.5,20.458745807837452,20.458745807837452,0.0,0.0,11.364583514969873,3.6417534656525765,True,0,ok
25.566666666666666,0.12666666666666668,0.04291624145162994,0.07309744459777905,0.013497219501750025,1.230510794530171e-09,-0.26613679527186473,51.53194778248415,3.1736733099606167,3.6736733099606163,0.49999999999999956,20.21866579860421,20.21866579860421,0.0,0.0,11.161004328718882,3.678524142931242,True,0,ok
25.566666666666666,0.13,0.06103291963234926,0.09334423261318914,0.04961759843443903,8.301832657938521e-10,-0.25919182153240955,34.43557943248532,3.2065027870750344,3.706502787075035,0.5000000000000004,19.984444803432304,19.984444803432304,0.0,0.0,10.96417175335827,3.7149379505416036,True,0,ok
25.566666666666666,0.13333333333333333,0.08273919786542418,0.11396495447625242,0.08688678692106788,9.98731233040435e-09,-0.2526718736655894,13.024200335483979,3.239736453953068,3.7397364539530678,0.49999999999999956,19.742233781604913,19.742233781604913,0.0,0.0,10.766913867562879,3.752107113437342,True,0,ok
25.566666666666666,0.13666666666666666,0.06406629673687529,-0.0853685792901135,-0.07089200803136499,2.3658287632290284e-08,-0.23041328204133366,1.3371627350186643,3.272000825551748,3.272000825551748,0.0,19.51642106143626,14.516421061436262,-5.000000000000001,0.0,9.387671349189722,3.3911580288808634,True,0,ok
25.566666666666666,0.14,0.0460130674931497,-0.06967194623115533,-0.03869660254790397,7.517069525536358e-11,-0.22342435990437706,1.560006309083298,3.304925370859317,3.304925370859317,0.0,19.278515303086607,14.278515303086607,-5.000000000000001,0.0,9.176907409681334,3.42671101565346,True,0,ok
25.566666666666666,0.14333333333333334,0.031497823741737735,-0.05416835285867536,-0.006490627856746082,4.0326362054096093e-10,-0.2167734011536809,1.8454826914512665,3.3369194515450658,3.3369194515450658,0.0,19.055965720321307,14.055965720321305,-5.000000000000001,0.0,8.979506725171467,3.46124618833278,True,0,ok
25.566666666666666,0.14666666666666667,0.022919486432138817,-0.017744907912036728,-0.03551093941495102,2.3527972108987206e-10,-0.21600330039582089,2.323092630417121,3.3693088446715063,3.3693088446715063,0.0,18.826240989638,18.826240989638,0.0,0.0,11.380621358002577,3.43968139364106,True,0,ok
25.566666666666666,0.15000000000000002,0.0026470848711361403,-0.0010579274099122979,-0.004461161792666579,1.296528557703728e-09,-0.2100415896874173,2.7366370655250525,3.4012245679507562,3.4012245679507562,0.0,18.603981787528035,18.603981787528035,0.0,0.0,11.178465162135154,3.4742564783132694,True,0,ok
25.566666666666666,0.15333333333333335,0.018069312929931927,0.01567638461110435,0.027087841826253792,1.35693236246057e-09,-0.2043818998633827,3.3075270781725816,3.4330177780280535,3.4330177780280535,0.0,18.383401856178278,18.383401856178278,0.0,0.0,10.980647759750228,3.5087804564191307,True,0,ok
25.566666666666666,0.15666666666666668,0.018170532892331448,0.00432458748511443,-0.031173750814707687,6.58368970014166e-10,-0.20235075050465018,2.3140524075243363,3.464723370891029,3.464723370891029,0.0,18.163879369729198,23.163879369729198,5.000000000000001,0.0,12.758388000980283,3.4049888798319055,True,0,ok
25.566666666666666,0.16,0.011986831357367885,0.020633452568327125,-0.0023049974144299322,3.0204204945355576e-10,-0.1970693010980937,2.646269602160109,3.4960915211650123,3.4960915211650123,0.0,17.949521678669875,22.94952167866988,5.000000000000001,0.0,12.564127506181968,3.4379819882098004,True,0,ok
25.566666666666666,0.16333333333333333,0.02655664394062781,0.03713774302113113,0.02713952938914522,4.3259836705147744e-10,-0.19207029110228505,3.0821967303258155,3.527469788658122,3.527469788658122,0.0,17.734735530570248,22.73473553057025,5.000000000000001,0.0,12.372742364996723,3.4711496716454198,True,0,ok
25.566666666666666,0.16666666666666669,0.045116411657575066,0.05361215663037329,0.05685251501919343,5.7234255958428196e-09,-0.18733696671593397,3.66565184095162,3.5584469088458617,3.5584469088458617,0.0,17.52601181806563,22.52601181806563,5.000000000000001,0.0,12.187528977267625,3.503912088264672,True,0,ok
25.566666666666666,0.17,0.06464868562365621,0.07030137024470692,0.08715546454649667,2.2591296764138226e-10,-0.1828800851823048,4.49866139320532,3.589366067710447,3.589366067710447,0.0,17.317982754085754,22.317982754085754,5.000000000000001,0.0,12.005064051581291,3.536740940481201,True,0,ok
25.566666666666666,0.17333333333333334,0.06142433070196606,-0.09855686692427666,-0.040067308227829064,5.846568543962824e-09,-0.16810455919889034,0.8618287894733551,3.620034546397085,3.120034546397085,-0.5,17.113638781922567,17.113638781922567,0.0,0.0,11.097616358011082,3.2212201329266095,True,0,ok
25.566666666666666,0.1766666666666667,0.04967246672565537,-0.0850356466319753,-0.013076721826048297,9.386279111774368e-12,-0.1632147859653201,0.9462172971694983,3.6505355401194466,3.1505355401194466,-0.5,16.911712707637957,16.911712707637957,0.0,0.0,10.903942693418255,3.253752524555972,True,0,ok
25.566666666666666,0.18,0.04207024721290809,-0.07144542745840733,0.014327176866049368,3.3186353867238047e-10,-0.15854965173106653,1.044784171153762,3.680872185422511,3.180872185422511,-0.5,16.71213088326914,16.71213088326914,0.0,0.0,10.714175484156556,3.2861576855917325,True,0,ok
25.566666666666666,0.18333333333333335,0.03185780223017271,-0.05244086839909589,-0.01716723653821713,7.168607020743949e-10,-0.16005140550958527,1.2619386837739432,3.710937071209199,3.210937071209199,-0.5,16.51649776329592,21.51649776329592,5.000000000000001,0.0,12.981096596005843,3.2414324519290383,True,0,ok
25.566666666666666,0.18666666666666668,0.02283411936894423,-0.03858511416376254,0.008682164881813356,5.164320947270684e-10,-0.15575911777995638,1.371713150810561,3.740908034886309,3.240908034886309,-0.5,16.322192854043383,21.322192854043383,5.000000000000001,0.0,12.78741492927822,3.272665017061932,True,0,ok
25.566666666666666,0.19,0.024664407112368388,-0.024651792333660896,0.03488965562100037,6.607201772380839e-11,-0.15167243711280784,1.4997575664299974,3.7707023873484053,3.2707023873484053,-0.5,16.130389356521825,21.130389356521825,5.000000000000001,0.0,12.597833475763176,3.3037835759184215,True,0,ok
25.566666666666666,0.19333333333333336,0.035979367379349536,-0.0106842226686974,0.06139537455721152,1.2114352668780218e-09,-0.14778654252925816,1.6501180040312535,3.8002283359182574,3.3002283359182574,-0.5,15.942407660195316,20.942407660195318,5.000000000000001,0.0,12.413114247545762,3.3346735344994207,True,0,ok
25.566666666666666,0.19666666666666668,0.027848855635148315,-0.04821948933852665,-0.0012478495477019817,3.274952790963519e-09,-0.14721682296859134,1.233490611464218,3.829594364992485,3.329594364992485,-0.5,15.756677851757892,25.75667785175789,9.999999999999998,0.0,13.923887705389827,3.1959821809818827,True,0,ok
25.566666666666666,0.2,0.024370255067493633,-0.03575872331747965,0.022428591192226784,1.1467217147049007e-09,-0.1433755325208336,1.3171384362356742,3.8587757165292054,3.3587757165292054,-0.5,15.57353679865669,25.573536798656686,9.999999999999998,0.0,13.736221209237574,3.2241972297457524,True,0,ok
25.633333333333333,0.1,0.04576187846454831,0.06576971946800297,-0.04423564810096559,7.558079453189823e-10,-0.34131892156947957,10.62143327450619,2.9271234607752534,3.9271234607752534,1.0,22.043359605110208,22.043359605110208,0.0,0.0,10.946168259485232,3.7676472482545273,True,0,ok
25.633333333333333,0.10333333333333333,0.05176600032066507,0.0894562008870032,-0.0060617233903746855,4.73901702537065e-11,-0.3317778132808706,7.266125225649262,2.95842081268281,3.95842081268281,1.0,21.854748405963225,21.854748405963225,0.0,0.0,10.791228158159024,3.804360734619811,True,0,ok
25.633333333333333,0.10666666666666667,0.042454567865013476,-0.06185882912094546,-0.03975746794755388,1.6183260639975374e-10,-0.30498716648385044,6.4544757657104,2.990305675191292,3.4903056751912924,0.5000000000000004,21.653158667890235,11.653158667890237,-10.0,0.0,7.458838476527445,3.623559665113157,True,0,ok
25.633333333333333,0.11,0.0253301841453406,-0.04386620656790067,-0.0007814140086157511,1.0045291508534019e-10,-0.29530576695705596,13.986929292644977,3.023928035047302,3.5239280350473017,0.49999999999999956,21.41650876150118,11.41650876150118,-10.0,0.0,7.256103540236407,3.6598282410255747,True,0,ok
25.633333333333333,0.11333333333333334,0.015881098970211945,0.01263317752617491,-0.024434212471392422,9.32032944173778e-10,-0.29186309877040084,21.823492481308705,3.058992239200434,3.5589922392004336,0.49999999999999956,21.15098803187406,16.15098803187406,-5.000000000000001,0.0,9.763090811751951,3.6637305927556434,True,0,ok
25.633333333333333,0.11666666666666667,0.020855186319838778,0.033011755348121265,0.014664255799093898,9.97549612453059e-09,-0.2833703203376708,67.76754712414359,3.0938337128547055,3.593833712854705,0.49999999999999956,20.888558184518722,15.88855818451872,-5.000000000000001,0.0,9.54092042380249,3.702584117172099,True,0,ok
25.633333333333333,0.12000000000000001,0.034435145466619986,0.043102318483865,-0.04122533045637483,9.323916476423854e-10,-0.2787606994072722,10.434545213026466,3.1270273711180634,3.6270273711180634,0.5,20.65577022268141,20.65577022268141,0.0,0.0,11.506807635590594,3.6231514580875954,True,0,ok
25.633333333333333,0.12333333333333334,0.03707009419367466,0.0640320041116677,-0.004741107468419529,7.690778218537382e-10,-0.27111182226690994,23.64964417785548,3.1615984985401635,3.6615984985401635,0.5,20.396722838919498,20.396722838919498,0.0,0.0,11.290189707561488,3.6616380902281023,True,0,ok
25.633333333333333,0.12666666666666668,0.051788944011288834,0.08419312989689436,0.030948360919054667,4.279294406969304e-08,-0.2638627897596262,157.98750952096972,3.1943939468773848,3.694393946877385,0.5000000000000004,20.168855040757048,20.168855040757048,0.0,0.0,11.09423021239515,3.6977294575541606,True,0,ok
25.633333333333333,0.13,0.07245047197291976,0.10516171335676242,0.06847062663045088,4.962233199576219e-09,-0.25706385231870044,17.99281919788853,3.228270872392691,3.7282708723926916,0.5000000000000004,19.920816471557814,19.920816471557814,0.0,0.0,10.891212264712468,3.7355720249017073,True,0,ok
25.633333333333333,0.13333333333333333,0.07162844578346578,-0.09043284532591762,-0.0849341110645384,1.0212990553251083e-09,-0.23505578977280012,1.2862718026612916,3.261281514580456,3.261281514580456,0.0,19.687339058732032,14.687339058732032,-5.000000000000001,0.0,9.529212838825272,3.3785167888504204,True,0,ok
25.633333333333333,0.13666666666666666,0.052765856772343536,-0.07458645068855081,-0.05281636390781542,2.778691726377017e-09,-0.22782468944049744,1.4931301537305206,3.294370246950794,3.294370246950794,0.0,19.451911296181287,14.451911296181287,-5.000000000000001,0.0,9.318063877907052,3.4142271387871173,True,0,ok
25.633333333333333,0.14,0.03583634393569464,-0.05871083098180488,-0.020143707837886413,2.756606175775178e-09,-0.2209461454713636,1.7616105958285868,3.3272843978427917,3.3272843978427917,0.0,19.218842402552553,14.218842402552553,-5.000000000000001,0.0,9.11155774171855,3.4497670414083608,True,0,ok
25.633333333333333,0.14333333333333334,0.02584964914245884,-0.04285334319917299,0.012969350755475891,3.5312786948802816e-10,-0.21439958581884128,2.120641032709576,3.359857173290828,3.359857173290828,0.0,18.99109886709758,13.991098867097579,-5.000000000000001,0.0,8.911499441354003,3.4849478010848762,True,0,ok
25.633333333333333,0.14666666666666667,0.010501453018115604,-0.006107094868832489,-0.017133153204770792,4.1468229572733396e-10,-0.2137851228593038,2.599023361448798,3.3925895218380617,3.3925895218380617,0.0,18.760169982205284,18.760169982205284,0.0,0.0,11.30076397246129,3.4624997706965397,True,0,ok
25.633333333333333,0.15000000000000002,0.010404771163284171,0.010774921617595742,0.014445720924052111,6.852570555230839e-10,-0.20793333747796708,3.1146633108295365,3.4246843070277837,3.4246843070277837,0.0,18.539406795596776,18.539406795596776,0.0,0.0,11.100905314002466,3.497263821901485,True,0,ok
25.633333333333333,0.15333333333333335,0.024706160709932246,-0.001299751393883434,-0.04277258207530959,1.5116821358449673e-09,-0.20571051101931623,2.2159002664242973,3.4570302694381776,3.4570302694381776,0.0,18.314132722935966,23.314132722935966,5.000000000000001,0.0,12.863709217326155,3.392544019500161,True,0,ok
25.633333333333333,0.15666666666666668,0.011832593677463147,0.015177584110922114,-0.013772137087747383,3.5118745991797704e-10,-0.20024866450081896,2.523764541019596,3.4888408083435487,3.4888408083435487,0.0,18.097157573029172,23.097157573029172,5.000000000000001,0.0,12.666078495872252,3.4259169938356138,True,0,ok
25.633333333333333,0.16,0.020530642521353927,0.03185300924396937,0.01580846763992259,4.2833516133280194e-10,-0.19507703549119162,2.9241363375352054,3.5206525896010445,3.5206525896010445,0.0,17.87988205888485,22.87988205888485,5.000000000000001,0.0,12.471490166949188,3.4594584650293254,True,0,ok
25.633333333333333,0.16333333333333333,0.03853298531726487,0.048575567998569276,0.04576884383505905,7.531959276286493e-11,-0.19018689916566037,3.457443046750445,3.5521961586407484,3.5521961586407484,0.0,17.66657836958364,22.66657836958364,5.000000000000001,0.0,12.282120615110504,3.492784699195901,True,0,ok
25.633333333333333,0.16666666666666669,0.05800635884114246,0.0654478824620713,0.07622852274085505,2.432149513086033e-09,-0.18558203327500414,4.203619280507322,3.583552395672881,3.583552395672881,0.0,17.45599644929979,22.455996449299793,5.000000000000001,0.0,12.096699975496179,3.5259989793972597,True,0,ok
25.633333333333333,0.17,0.06438941307940801,-0.10061439651393514,-0.04811166973062262,6.700999124767275e-09,-0.17094531394894674,0.856553504926408,3.6147659448550513,3.1147659448550513,-0.5,17.24742191958619,17.24742191958619,0.0,0.0,11.210310050441583,3.214090238497155,True,0,ok
25.633333333333333,0.17333333333333334,0.05160246496947297,-0.08689607310920427,-0.020916874789912554,1.1553951376762991e-09,-0.1659245822658,0.9400842230995218,3.6457147294304306,3.1457147294304306,-0.5,17.042735532872374,17.042735532872374,0.0,0.0,11.01324077697989,3.2470690478755673,True,0,ok
25.633333333333333,0.1766666666666667,0.042374704684439914,-0.07308511637937944,0.0067388838165562725,8.343698416948236e-11,-0.16113515969260053,1.0378359478140775,3.6765581242344707,3.1765581242344707,-0.5,16.83949769459262,16.83949769459262,0.0,0.0,10.819526246691122,3.2799903195758353,True,0,ok
25.633333333333333,0.18,0.034483045900544906,-0.054579014608775026,-0.024256391489097927,8.316178309994222e-10,-0.16253651473009492,1.2494364518563446,3.70705042303849,3.20705042303849,-0.5,16.641345995049463,21.641345995049463,5.000000000000001,0.0,13.079364084393436,3.234565091953384,True,0,ok
25.633333333333333,0.18333333333333335,0.02342312689908562,-0.040529493251651914,0.001813504330336912,1.2510567440557749e-08,-0.15813388308771148,1.3577989333248621,3.737495968428116,3.237495968428116,-0.5,16.443865965882495,21.443865965882495,5.000000000000001,0.0,12.882102989509864,3.266235329275113,True,0,ok
25.633333333333333,0.18666666666666668,0.022322944529867765,-0.026417903275917604,0.028231825019911696,3.0579352747759453e-09,-0.15393722242511224,1.4839966243362925,3.767720182102823,3.267720182102823,-0.5,16.24950579038529,21.24950579038529,5.000000000000001,0.0,12.689321712440762,3.2977434863559463,True,0,ok
25.633333333333333,0.19,0.0325167310470285,-0.012257475444078274,0.05497060750703208,2.798306313643344e-09,-0.14994980737118765,1.6322981050867005,3.7976956105813353,3.2976956105813353,-0.5,16.058677225198043,21.058677225198043,5.000000000000001,0.0,12.501328728931624,3.329049665785839,True,0,ok
25.633333333333333,0.19333333333333336,0.0311778400625686,-0.053290724053335,-0.00873337636728331,1.621501215072493e-09,-0.14909574268859468,1.1978993180780404,3.8275058700572324,3.3275058700572324,-0.5,15.870177004690703,25.870177004690703,9.999999999999998,0.0,13.967939396542278,3.1847142884584025,True,0,ok
25.633333333333333,0.19666666666666668,0.025119758463921338,-0.04082281807968781,0.015050060461338907,9.671009915406059e-10,-0.1451433091602212,1.2775535044976778,3.857156801340137,3.357156801340137,-0.5,15.68390797068102,25.683907970681016,9.999999999999998,0.0,13.77624661034944,3.213126984697625,True,0,ok
25.633333333333333,0.2,0.027862297068329177,-0.028303663067693323,0.03908740782812242,1.013497330766467e-09,-0.14137381294593912,1.3677511697789209,3.886580956395296,3.386580956395296,-0.5,15.500805109426516,25.500805109426512,9.999999999999998,0.0,13.589302962567627,3.241395816265844,True,0,ok
25.7,0.1,0.04478396179271887,0.06968539992237652,-0.03406985088334784,1.7973767502513983e-10,-0.3380256638278298,9.819828825272953,2.943975198576392,3.943975198576392,1.0,22.028834029234396,22.028834029234396,0.0,0.0,10.860619288613254,3.7736067894734098,True,0,ok
25.7,0.10333333333333333,0.05352130460765552,-0.07002554451824676,-0.06074547930207964,3.489583610289141e-10,-0.3121065619698416,5.199035253071311,2.9758419688666216,3.4758419688666216,0.5,21.8347538238935,11.834753823893498,-10.0,0.0,7.608637296148778,3.607321387967821,True,0,ok
25.7,0.10666666666666667,0.03272597781801409,-0.051967588473677474,-0.022634898291486853,9.614374092791278e-10,-0.3020407885816849,9.199295944226948,3.0087510549252166,3.5087510549252166,0.5,21.618930340047136,11.618930340047138,-10.0,0.0,7.41706690547746,3.6428795420159386,True,0,ok
25.7,0.11,0.021899072857748083,-0.033532789166810566,0.017727386349406002,1.2804712424324633e-09,-0.29246070542640484,37.59959409072468,3.043441664439231,3.5434416644392304,0.49999999999999956,21.36751249593786,11.367512495937858,-10.0,0.0,7.205377077977103,3.680285269400759,True,0,ok
25.7,0.11333333333333334,0.0142454479652287,0.02388669944145265,-0.006182552303362669,2.5166669665479554e-09,-0.2892489525980563,78.641529876275,3.0795208155816094,3.57952081558161,0.5000000000000004,21.08831978414921,16.08831978414921,-5.000000000000001,0.0,9.695566745558263,3.6847085066870804,True,0,ok
25.7,0.11666666666666667,0.0317535839385255,0.04417867289325408,0.03275843616862396,9.333143790523848e-10,-0.28086685509247417,22.395766910256324,3.113621774140211,3.613621774140211,0.5,20.845030253603824,15.845030253603822,-5.000000000000001,0.0,9.486189629407168,3.722587063264968,True,0,ok
25.7,0.12000000000000001,0.03422636406935137,0.054159534164608836,-0.024105535698173555,2.7955619248489734e-09,-0.2762785054522866,14.72019966814814,3.1480756302180373,3.6480756302180373,0.5,20.594295363154504,20.594295363154504,0.0,0.0,11.431562556099802,3.642881241504398,True,0,ok
25.7,0.12333333333333334,0.0439365241580965,0.07506488614019363,0.012510688791779552,1.0242007202750289e-10,-0.2687443787311508,61.673635280109565,3.1823282848227272,3.6823282848227272,0.5,20.346184529563452,20.346184529563452,0.0,0.0,11.222010862259241,3.6808047998637017,True,0,ok
25.7,0.12666666666666668,0.0995513951498327,-0.11190077180131211,-0.131185586476202,8.558448094930151e-10,-0.24773591559096592,1.0818838725815514,3.2160051869320583,3.2160051869320583,0.0,20.107648491487492,15.10764849148749,-5.000000000000001,0.0,9.898386778623314,3.3285895598535036,True,0,ok
25.7,0.13,0.0796028180310426,-0.09573043304310995,-0.09922454386298966,1.00632754371833e-07,-0.23987519422232112,1.2375082149737993,3.250187032802123,3.250187032802123,0.0,19.85931023812465,14.859310238124648,-5.000000000000001,0.0,9.67285331685063,3.3654636701137464,True,0,ok
25.7,0.13333333333333333,0.06023871029568641,-0.07976439140059265,-0.06725881740527385,7.339126270298599e-10,-0.2323963167655178,1.4291275174009954,3.283343236466295,3.283343236466295,0.0,19.628240398237423,14.628240398237423,-5.000000000000001,0.0,9.462562212970235,3.4012160332228576,True,0,ok
25.7,0.13666666666666666,0.04163450648689163,-0.06351723112436694,-0.034144659048155904,1.0138574171284232e-09,-0.22527361185746725,1.6813714178399546,3.317169583208264,3.317169583208264,0.0,19.384930721176516,14.384930721176515,-5.000000000000001,0.0,9.246982918956341,3.4377513602926424,True,0,ok
25.7,0.14,0.027415902347429112,-0.04747474273658486,-0.0010217175081140254,1.973165269720335e-09,-0.21850438012880402,2.010314749618569,3.350015541698211,3.350015541698211,0.0,19.157718877450655,14.157718877450657,-5.000000000000001,0.0,9.04539916159126,3.473212796702135,True,0,ok
25.7,0.14333333333333334,0.018713722221022553,-0.01153132769288726,-0.030292551555391154,4.749013433833209e-10,-0.2176510279207522,2.4671656761633467,3.3833145962054485,3.3833145962054485,0.0,18.922351439739558,18.922351439739558,0.0,0.0,11.428283349896532,3.450025111512931,True,0,ok
25.7,0.14666666666666667,0.0034070270693947404,0.005680897912275435,0.0015971534882604351,2.76966313127395e-09,-0.21160008411674766,2.9384899412684296,3.4160366731823544,3.4160366731823544,0.0,18.69610742291687,18.69610742291687,0.0,0.0,11.22259708349238,3.485433381499604,True,0,ok
25.7,0.15000000000000002,0.02373346556066637,0.022984243514681677,0.034081618397837514,2.5516301610561253e-09,-0.20586474603617314,3.6084745889771774,3.4487213356541235,3.4487213356541235,0.0,18.470106254982095,18.470106254982095,0.0,0.0,11.020487096634954,3.5209057654375786,True,0,ok
25.7,0.15333333333333335,0.015706541447649828,0.0094848638427492,-0.0254975232253004,1.1383361512853064e-09,-0.20352827263202067,2.4075779921255607,3.481214596812979,3.481214596812979,0.0,18.246818035297295,23.246818035297295,5.000000000000001,0.0,12.76963831714085,3.4134125099738424,True,0,ok
25.7,0.15666666666666668,0.015382954220094431,0.026313114722951274,0.004186386889594188,1.42362411382403e-09,-0.19817990755275386,2.7751027780648716,3.513437266694552,3.513437266694552,0.0,18.027577094608233,23.027577094608233,5.000000000000001,0.0,12.572123049957842,3.447286024530609,True,0,ok
25.7,0.16,0.03193452997028181,0.04330389091925437,0.03441243444631315,7.876155524331917e-10,-0.1931256098452264,3.2638325199358134,3.5455858174065398,3.5455858174065398,0.0,17.80921996390087,22.80921996390087,5.000000000000001,0.0,12.378297456967628,3.4812256995616946,True,0,ok
25.7,0.16333333333333333,0.05117928337305739,0.060302969828301765,0.0649731403706643,2.1620776762980128e-09,-0.1883515763791152,3.934485037244981,3.5773908129181744,3.5773908129181744,0.0,17.596007680038184,22.596007680038184,5.000000000000001,0.0,12.190258295424277,3.514843486801537,True,0,ok
25.7,0.16666666666666669,0.06772558751262103,-0.10284887178161878,-0.05641254457155082,8.572530196607645e-10,-0.17386948261198984,0.8506007947942985,3.6091310571176205,3.1091310571176205,-0.5,17.383573280949328,17.383573280949328,0.0,0.0,11.325446796441438,3.2065643823731707,True,0,ok
25.7,0.17,0.05400630368159049,-0.08893026210626633,-0.029007774712226656,2.5839190126295374e-10,-0.1687071179982471,0.9331672289703526,3.640540211615138,3.140540211615138,-0.5,17.176004764431063,17.176004764431063,0.0,0.0,11.124765738410307,3.2400027026330043,True,0,ok
25.7,0.17333333333333334,0.043260250992348724,-0.07492022743881913,-0.0011434457917345498,2.309088688914712e-09,-0.16378566872531283,1.0297492705719427,3.6718255581305295,3.1718255581305295,-0.5,16.970165168602833,16.970165168602833,0.0,0.0,10.927741834931558,3.273364643770782,True,0,ok
25.7,0.1766666666666667,0.03754907127225956,-0.05686743580858112,-0.0315577724940242,4.677048592548209e-10,-0.16508865977647028,1.2363773850630453,3.7028649040266797,3.2028649040266797,-0.5,16.76785521416311,21.76785521416311,5.000000000000001,0.0,13.179423789374521,3.2273882619443826,True,0,ok
25.7,0.18,0.024812189421225827,-0.04264844703274672,-0.005295677229530697,3.2883569153398546e-10,-0.16056179903897969,1.3429541357678518,3.7337289989455145,3.2337289989455145,-0.5,16.56807639416796,21.56807639416796,5.000000000000001,0.0,12.978925965833158,3.259426858709555,True,0,ok
25.7,0.18333333333333335,0.020485791716496494,-0.02834402068531439,0.02134524486028443,5.226914781768415e-10,-0.1562553306822446,1.467290986350563,3.764421229945453,3.264421229945453,-0.5,16.370712310658845,21.370712310658845,5.000000000000001,0.0,12.782672439218226,3.291363620169337,True,0,ok
25.7,0.18666666666666668,0.02905109370370391,-0.013972243350792923,0.048339161679640016,2.2510547186208413e-10,-0.15216451206934428,1.613604123770928,3.794898070671892,3.294898070671892,-0.5,16.176389445286294,21.176389445286294,5.000000000000001,0.0,12.590982289036871,3.323143018762511,True,0,ok
25.7,0.19,0.035865803640737035,-0.059729312268457985,-0.017072693645841065,3.1271076604959596e-09,-0.1509558531087779,1.153302588767433,3.8251639927313614,3.3251639927313614,-0.5,15.985044922253769,25.98504492225377,10.000000000000002,0.0,13.998104170921502,3.1710675415578313,True,0,ok
25.7,0.19333333333333336,0.027625344434134835,-0.04737189263344731,0.006736672297128197,1.358392132723223e-10,-0.14687699651924271,1.2274501014943267,3.855272797886921,3.355272797886921,-0.5,15.79589810914156,25.79589810914156,10.000000000000002,0.0,13.801661787280024,3.199504731548215,True,0,ok
25.7,0.19666666666666668,0.026906355964682507,-0.03500286448749503,0.030767766437696898,3.063982745963511e-09,-0.1429816219880265,1.3108994162547,3.8851064449853956,3.3851064449853956,-0.5,15.610580926457994,25.610580926457992,9.999999999999998,0.0,13.610281276381789,3.2277170355889675,True,0,ok
25.7,0.2,0.03437235033230289,-0.022515808715423295,0.055112736821810566,1.3467174378496992e-09,-0.13927119924955433,1.4063206774031567,3.914780338063885,3.414780338063885,-0.5,15.427475211481456,25.427475211481454,9.999999999999998,0.0,13.423531486258293,3.2559304100591167,True,0,ok
25.766666666666666,0.1,0.04429963065712734,0.07277640737267681,-0.024309799649521627,2.444521313063933e-10,-0.33464093279931834,9.242331681021183,2.9611623742382998,3.9611623742382998,1.0,22.011397640203317,22.011397640203317,0.0,0.0,10.766276041363101,3.778345769042047,True,0,ok
25.766666666666666,0.10333333333333333,0.04318394338414333,-0.060302250988319026,-0.04425152454273706,2.604179986429245e-09,-0.30909170092102545,6.849088371952604,2.993805632719477,3.493805632719477,0.5,21.808063872751955,11.808063872751953,-10.0,0.0,7.571258571166096,3.6261182690829243,True,0,ok
25.766666666666666,0.10666666666666667,0.024249384422934922,-0.04174762115328065,-0.004608043263248315,4.682575938643785e-09,-0.29911689843546274,15.843449962494251,3.0280118532233096,3.52801185322331,0.5000000000000004,21.57303275984404,11.573032759844041,-10.0,0.0,7.367694258046871,3.663063196598456,True,0,ok
25.766666666666666,0.11,0.018144335162782032,0.014046653299061242,-0.02811302592383248,7.029537537620431e-10,-0.2954052596686551,23.242961273518205,3.063823679891567,3.5638236798915663,0.49999999999999956,21.3059531900153,16.3059531900153,-5.000000000000001,0.0,9.863412960537993,3.665174427993465,True,0,ok
25.766666666666666,0.11333333333333334,0.021550561132845366,0.035253016316067615,0.012268043692478659,4.578273636090111e-09,-0.28667388260184984,52.37169138950255,3.1000089961173494,3.6000089961173494,0.5,21.03067166033442,16.03067166033442,-5.000000000000001,0.0,9.631387115112927,3.7055719231820103,True,0,ok
25.766666666666666,0.11666666666666667,0.03582964870433064,0.04393053909623127,-0.04383376453764515,2.3743077760337714e-09,-0.2816985713187957,10.559966264976644,3.133953365301035,3.6339533653010356,0.5000000000000004,20.79579514793442,20.79579514793442,0.0,0.0,11.577145138521765,3.6234955479015105,True,0,ok
25.766666666666666,0.12000000000000001,0.037990307731350495,0.06548024645943455,-0.006490590741976864,3.098483800439442e-10,-0.27384347421732513,24.89721373610805,3.169489745217552,3.669489745217552,0.5,20.53066864983648,20.53066864983648,0.0,0.0,11.355446775012242,3.662989954608599,True,0,ok
25.766666666666666,0.12333333333333334,0.05279759011376956,0.08632058406415216,0.030191279076721634,1.2958317047334128e-09,-0.26641711928064715,104.3261305200142,3.203351898935113,3.7033518989351126,0.49999999999999956,20.294803293226785,20.294803293226785,0.0,0.0,11.153567386878684,3.7002371258423636,True,0,ok
25.766666666666666,0.12666666666666668,0.07380214860772807,0.10788221148191174,0.06856894240925411,5.874087609241029e-11,-0.2594581908871324,16.796057511156555,3.238102208665265,3.738102208665265,0.5,20.042259099024793,20.042259099024793,0.0,0.0,10.946705741772282,3.738972659923655,True,0,ok
25.766666666666666,0.13,0.06819709100434977,-0.08515082408429657,-0.08186493035562831,1.452260185868477e-10,-0.2371473799834668,1.369034078271378,3.2720701076655767,3.2720701076655767,0.0,19.80266995331763,14.802669953317627,-5.000000000000001,0.0,9.607159508168381,3.387941721863847,True,0,ok
25.766666666666666,0.13333333333333333,0.04868647570157926,-0.0687481654532963,-0.04883450107752256,1.9248048503923893e-07,-0.22976941608616785,1.6013385259069057,3.3060736379148645,3.3060736379148645,0.0,19.561834172814354,14.561834172814352,-5.000000000000001,0.0,9.391085631554267,3.4246441648077495,True,0,ok
25.766666666666666,0.13666666666666666,0.031460102415510185,-0.05231823961827519,-0.015232069302229022,1.4045276135321113e-09,-0.22276162100611838,1.9079144862818038,3.3398747926113037,3.3398747926113037,0.0,19.323776444857135,14.323776444857133,-5.000000000000001,0.0,9.180083352122317,3.461148716987992,True,0,ok
25.766666666666666,0.14,0.023408358648288278,-0.035875350586633895,0.01888949401404879,1.1563299933042033e-11,-0.21609886092927666,2.327935508886047,3.3733714580402876,3.3733714580402876,0.0,19.09036267197037,14.090362671970372,-5.000000000000001,0.0,8.97513219302253,3.4973401793647505,True,0,ok
25.766666666666666,0.14333333333333334,0.006684723347347332,0.00033229419994472783,-0.011573511103221641,2.5296556540597776e-10,-0.21540458932687478,2.7750037020311202,3.406941644422373,3.406941644422373,0.0,18.855176169164086,18.855176169164086,0.0,0.0,11.347003316431566,3.4731319128800964,True,0,ok
25.766666666666666,0.14666666666666667,0.015863170482234432,0.017788832429181438,0.020939865664604356,1.1307340565549791e-08,-0.20946747289769205,3.3727985470854835,3.439945135354375,3.439945135354375,0.0,18.628916683882583,18.628916683882583,0.0,0.0,11.142711476196222,3.5088567510665247,True,0,ok
25.766666666666666,0.15000000000000002,0.021774425954894934,0.003509768865429086,-0.0375507443269354,3.1331321913322484e-10,-0.20692871724975145,2.296563757125123,3.4731385686785585,3.4731385686785585,0.0,18.39915846558564,23.39915846558564,5.000000000000001,0.0,12.8753222121019,3.4003703744672524,True,0,ok
25.766666666666666,0.15333333333333335,0.01265186493214192,0.02049234606767154,-0.0077635566221719,2.4595464031645087e-08,-0.201393359995809,2.6341216819885425,3.5057841662758147,3.5057841662758147,0.0,18.177844951494674,23.177844951494674,5.000000000000001,0.0,12.674740236065992,3.4345878060656467,True,0,ok
25.766666666666666,0.15666666666666668,0.025400952496502188,0.03770838029482942,0.022665021922098284,2.6942897691841383e-09,-0.19616057377395585,3.0806903448075262,3.538466877978048,3.538466877978048,0.0,17.955615272661795,22.955615272661795,5.000000000000001,0.0,12.476982392944784,3.4690392138211577,True,0,ok
25.766666666666666,0.16,0.044243953591906075,0.05493147356534906,0.05343328083009289,7.28112773625001e-10,-0.1912197599313905,3.6854931332918754,3.5707924098196013,3.5707924098196013,0.0,17.738719504881686,22.73871950488169,5.000000000000001,0.0,12.285235139051581,3.5031540824768292,True,0,ok
25.766666666666666,0.16333333333333333,0.0643429772089334,0.07234470521379127,0.08477204595771891,1.977789208516638e-09,-0.18657753813214317,4.557588199838343,3.6029839333374056,3.6029839333374056,0.0,17.52368452715768,22.52368452715768,5.000000000000001,0.0,12.097064726447403,3.53724002920627,True,0,ok
25.766666666666666,0.16666666666666669,0.05688820967133002,-0.0911611845869143,-0.03739577012896134,6.269098349174939e-09,-0.17157812881535833,0.925388994194832,3.6349606122187788,3.1349606122187788,-0.5,17.311735694536246,17.311735694536246,0.0,0.0,11.238844516435664,3.23250003448056,True,0,ok
25.766666666666666,0.17,0.04474944401423472,-0.07694596743827478,-0.009319673478043019,7.097994128323083e-10,-0.16652109927555728,1.0207076212746233,3.6667136651429573,3.1667136651429573,-0.5,17.103018567963087,17.103018567963087,0.0,0.0,11.038292530604348,3.2663271599396886,True,0,ok
25.766666666666666,0.17333333333333334,0.03783201825408367,-0.06264596613198872,0.01921634051846713,8.774691931058454e-10,-0.16170635695176613,1.1332575646701961,3.6983141447301526,3.1983141447301526,-0.5,16.896439366069302,16.896439366069302,0.0,0.0,10.841677205291173,3.300046952050442,True,0,ok
25.766666666666666,0.1766666666666667,0.026965267868886384,-0.04495216677801292,-0.012675950287104613,5.434393061971263e-08,-0.16306104756224318,1.3272438870887722,3.729590758241347,3.229590758241347,-0.5,16.694523671220004,21.694523671220008,5.000000000000001,0.0,13.07798266734604,3.2522309324210936,True,0,ok
25.766666666666666,0.18,0.019394581554581947,-0.03044594764278043,0.014194846007092287,6.621485800614385e-11,-0.15864078446235308,1.449646617019909,3.7607777074227604,3.2607777074227604,-0.5,16.493863723310756,21.493863723310756,5.000000000000001,0.0,12.878022192158067,3.2846227437184705,True,0,ok
25.766666666666666,0.18333333333333335,0.02562072919157733,-0.015857943556560054,0.04144624131427822,6.790432818402185e-10,-0.15444073142956646,1.593795457507557,3.791768411985073,3.291768411985073,-0.5,16.29595637956292,21.29595637956292,5.000000000000001,0.0,12.68249321606615,3.3168856443125363,True,0,ok
25.766666666666666,0.18666666666666668,0.03985523660948663,-0.001229785495567431,0.06902033963426565,7.473204972997412e-10,-0.15045641224534514,1.7650214399957385,3.822476929111262,3.322476929111262,-0.5,16.10203031748028,21.10203031748028,5.000000000000001,0.0,12.492103831194884,3.3489110087985985,True,0,ok
25.766666666666666,0.19,0.032563372207269,-0.05631776001565415,-0.0030707548496414897,2.7449285773260955e-09,-0.1485463303766743,1.1607541937001753,3.8530086426779677,3.3530086426779677,-0.5,15.910569123479368,25.91056912347937,10.000000000000002,0.0,13.802013542039127,3.1816805711836547,True,0,ok
25.766666666666666,0.19333333333333336,0.028239807380739855,-0.044236336581430176,0.020871192791939018,1.6018502885693449e-09,-0.14451057052053862,1.2353265301159486,3.8833308064466214,3.3833308064466214,-0.5,15.722016914864875,25.722016914864874,9.999999999999998,0.0,13.604408721459745,3.2096820280361844,True,0,ok
25.766666666666666,0.19666666666666668,0.031947862597802204,-0.03205327045430039,0.04510638122137057,3.0565982350665877e-09,-0.14066282063095767,1.3201875729320727,3.9134616925348316,3.4134616925348316,-0.5,15.536111938328249,25.536111938328247,9.999999999999998,0.0,13.411944235942716,3.2376541478722447,True,0,ok
25.766666666666666,0.2,0.041808677461331316,-0.019716309515631462,0.0696790045299205,6.090753584818033e-09,-0.13700050245637949,1.4178034030036482,3.943436592811382,3.443436592811382,-0.5,15.352355866667489,25.352355866667487,9.999999999999998,0.0,13.224545898102896,3.265694818389179,True,0,ok
25.833333333333332,0.1,0.04397052363983335,0.07460242438099915,-0.015319893079285291,2.704877837052694e-10,-0.331123239604139,8.894540112953136,2.9786453310501284,3.978645331050128,0.9999999999999996,21.992375183509004,21.992375183509004,0.0,0.0,10.660384774060272,3.781132158569375,True,0,ok
25.833333333333332,0.10333333333333333,0.0330726857412666,-0.05036179791158997,-0.027296463828377283,6.875821854574485e-10,-0.3060948038747334,9.860231100606756,3.012077477395054,3.512077477395054,0.5,21.77970516570862,11.77970516570862,-10.0,0.0,7.5328585041194795,3.645234947848711,True,0,ok
25.833333333333332,0.10666666666666667,0.019781140959862605,-0.03129507061754938,0.013946295854615183,1.7359457541315145e-09,-0.2962223135051505,51.973884712843734,3.04760345135466,3.54760345135466,0.5,21.52520695601317,11.525206956013172,-10.0,0.0,7.317216694656095,3.683593451383034,True,0,ok
25.833333333333332,0.11,0.01573024523023262,0.025455499773234313,-0.009712845942597654,5.351454031994319e-10,-0.2927376253405501,99.02791433895318,3.0845550900143324,3.584555090014332,0.49999999999999956,21.24227369501955,16.24227369501955,-5.000000000000001,0.0,9.794498782445025,3.686327661203695,True,0,ok
25.833333333333332,0.11333333333333334,0.03214383151899292,0.04656318427875895,0.030521264455892386,4.94095899959108e-09,-0.28412481935151246,20.488464817156718,3.1200088934575914,3.620008893457591,0.49999999999999956,20.986132203728186,15.986132203728186,-5.000000000000001,0.0,9.575411256503374,3.7257520245716784,True,0,ok
25.833333333333332,0.11666666666666667,0.035320051486824405,0.055100828890693135,-0.02657850196407457,4.708983639933326e-09,-0.2791640752671656,14.971410098416742,3.155238163379823,3.655238163379823,0.5,20.73314390089825,20.73314390089825,0.0,0.0,11.500469271746763,3.6433810183560467,True,0,ok
25.833333333333332,0.12000000000000001,0.04474772996554064,0.07671368825327574,0.011049345943812895,9.062882112732821e-11,-0.27143416858419905,72.39609081241389,3.190612731667796,3.6906127316677964,0.5000000000000004,20.4763879400005,20.4763879400005,0.0,0.0,11.28452072565443,3.6825298507928497,True,0,ok
25.833333333333332,0.12333333333333334,0.06324679745507114,0.09808248369034088,0.04878830349686662,5.1473313436157335e-09,-0.26414262700821123,27.740069835098517,3.225162974567702,3.725162974567702,0.5,20.233553619734597,20.233553619734597,0.0,0.0,11.080111779786526,3.7206696472389624,True,0,ok
25.833333333333332,0.12666666666666668,0.07662166999788489,-0.09080831820001319,-0.09678062970181309,2.735656525485117e-09,-0.24209738671825629,1.3116211285939914,3.260346924158093,3.260346924158093,0.0,19.978622463533807,14.978622463533807,-5.000000000000001,0.0,9.754341813602704,3.374176705416548,True,0,ok
25.833333333333332,0.13,0.056577008757201785,-0.07428266143808962,-0.06391369156457492,5.332032233305423e-10,-0.234457784591237,1.525091538407721,3.294426589599907,3.294426589599907,0.0,19.742206114216913,14.742206114216913,-5.000000000000001,0.0,9.539051982844555,3.4109251302340198,True,0,ok
25.833333333333332,0.13333333333333333,0.03738352407605864,-0.05746061590932668,-0.029847298644209028,8.827295465440765e-11,-0.2271933673843083,1.8106918543851418,3.329193745245862,3.329193745245862,0.0,19.493269626062865,14.493269626062865,-5.000000000000001,0.0,9.318438575091788,3.448484031734158,True,0,ok
25.833333333333332,0.13666666666666666,0.023712565216071464,-0.04085262862227715,0.004233199975152253,1.4514060972194653e-10,-0.2202993550010231,2.1905992198245157,3.362937548094376,3.362937548094376,0.0,19.261050758219863,14.261050758219861,-5.000000000000001,0.0,9.112381549303464,3.4849206527542753,True,0,ok
25.833333333333332,0.14,0.014884577244906222,-0.005362280263287496,-0.025217015478773235,2.937589845498834e-09,-0.21935505374996558,2.620068654658075,3.3971801640214134,3.3971801640214134,0.0,19.019906076668,19.019906076668,0.0,0.0,11.476283243444888,3.4600931764892486,True,0,ok
25.833333333333332,0.14333333333333334,0.008341512227301175,0.012348418465997352,0.007500602649190935,4.701709723662516e-08,-0.21320401443658596,3.158740219817457,3.4307508219420493,3.4307508219420493,0.0,18.78938664655052,18.78938664655052,0.0,0.0,11.267164320137011,3.4963785226124298,True,0,ok
25.833333333333332,0.14666666666666667,0.028975099956773467,-0.002894133868084004,-0.05010282668341666,1.2734567300295716e-08,-0.21044796547967157,2.1877217128765607,3.4643619220418986,3.4643619220418986,0.0,18.557803663218966,23.557803663218966,5.000000000000001,0.0,12.98490329746226,3.3864313622322544,True,0,ok
25.833333333333332,0.15000000000000002,0.014239704254977635,0.014379459697467574,-0.020038429844091824,5.250142569703176e-10,-0.2047169486269668,2.500656478354941,3.4976814229201234,3.4976814229201234,0.0,18.330513956389566,23.330513956389566,5.000000000000001,0.0,12.77910512419667,3.4213489150263876,True,0,ok
25.833333333333332,0.15333333333333335,0.01930963683544046,0.03175603903533612,0.01049477055139655,9.770171991048126e-08,-0.1992985733207511,2.9068541004777577,3.5307938303787982,3.5307938303787982,0.0,18.10621629546044,23.10621629546044,5.000000000000001,0.0,12.578359707628874,3.4561542095150877,True,0,ok
25.833333333333332,0.15666666666666668,0.03720214273555066,0.04926101693243797,0.04153733842136392,3.1426531450015575e-10,-0.1941866390444148,3.455005990582012,3.5637488330027254,3.5637488330027254,0.0,17.88408588108751,22.88408588108751,5.000000000000001,0.0,12.382088083568142,3.4909163090364874,True,0,ok
25.833333333333332,0.16,0.05712638878956505,0.06681210248711227,0.07298229819388555,2.9070206016807383e-09,-0.18936739999933555,4.227530499676658,3.5964087343773694,3.5964087343773694,0.0,17.666304880948346,22.666304880948346,5.000000000000001,0.0,12.191239974905981,3.525430685745157,True,0,ok
25.833333333333332,0.16333333333333333,0.06023426988648279,-0.09359549581604794,-0.04609105085828416,1.2652351190778697e-08,-0.1745476463226529,0.9168047465922875,3.6289672074305406,3.1289672074305406,-0.5,17.44986254755662,17.44986254755662,0.0,0.0,11.355552139736382,3.2245530221248973,True,0,ok
25.833333333333332,0.16666666666666669,0.046851580414739455,-0.07917209914309639,-0.017804226446327297,2.9982855341051586e-09,-0.1693468943113737,1.0107193502868865,3.6611967020584095,3.1611967020584095,-0.5,17.23822679001219,17.23822679001219,0.0,0.0,11.151352287847082,3.2588523265734763,True,0,ok
25.833333333333332,0.17,0.03786047971446786,-0.0646517936177205,0.010972390561795175,1.042154359717586e-09,-0.16439451254171525,1.1216757911311876,3.6932993894452366,3.1932993894452366,-0.5,17.028318986707593,17.028318986707593,0.0,0.0,10.95086328518,3.2930776166380595,True,0,ok
25.833333333333332,0.17333333333333334,0.029799830386353,-0.04744130827104829,-0.020332534094342204,2.808835049461559e-10,-0.16563872888016332,1.3107486524489,3.7250730566877555,3.2250730566877555,-0.5,16.823132666664335,21.823132666664335,5.000000000000001,0.0,13.179319966361387,3.244643910941784,True,0,ok
25.833333333333332,0.1766666666666667,0.01929693542775723,-0.03273083299004138,0.006768140253209507,7.884367992146397e-10,-0.16109845232742123,1.4310841950086708,3.7567673188155744,3.2567673188155744,-0.5,16.61908500421031,21.61908500421031,5.000000000000001,0.0,12.975514032440365,3.2775005756219846,True,0,ok
25.833333333333332,0.18,0.02232078062824179,-0.01795655527884633,0.034237608942212464,1.2286276903151737e-08,-0.15677892837741794,1.5725115775190694,3.7882145009435844,3.2882145009435844,-0.5,16.418486556531985,21.418486556531985,5.000000000000001,0.0,12.776571191430829,3.3101732497381184,True,0,ok
25.833333333333332,0.18333333333333335,0.03587320974097233,-0.0031248061683435305,0.062055596989873986,1.3324149524230168e-09,-0.15268479125255846,1.7405973460970778,3.8194039270674924,3.3194039270674924,-0.5,16.221513559720073,21.221513559720076,5.000000000000001,0.0,12.582668522963232,3.3426412095557434,True,0,ok
25.833333333333332,0.18666666666666668,0.04088662023687196,-0.06916303885444051,-0.015219106399579277,5.490402150181415e-10,-0.15010861325237893,1.0681000691213036,3.850409884595526,3.350409884595526,-0.5,16.027101821982768,26.027101821982765,9.999999999999998,0.0,13.755384555380052,3.1568714013202595,True,0,ok
25.833333333333332,0.19,0.03369291333622642,-0.057753321934206125,0.008378008881072992,5.859154662072757e-10,-0.14590081676999403,1.1295261864192179,3.881232618902992,3.381232618902992,-0.5,15.835230107003326,25.835230107003326,10.000000000000002,0.0,13.54802922411479,3.1840734513326283,True,0,ok
25.833333333333332,0.19333333333333336,0.032561522542184744,-0.046284530155318075,0.032225774142711716,5.6402778792049e-10,-0.14188114675501445,1.1987963035981928,3.911831623914006,3.411831623914006,-0.5,15.646452133942311,25.64645213394231,9.999999999999998,0.0,13.346252482839256,3.211184120764592,True,0,ok
25.833333333333332,0.19666666666666668,0.038216389147051694,-0.03474103391042904,0.05634303649210867,1.0196949311049283e-09,-0.1380390137954332,1.2773643091553342,3.942212409899629,3.442212409899629,-0.5,15.460671966521558,25.460671966521556,9.999999999999998,0.0,13.149868944847027,3.238234009912659,True,0,ok
25.833333333333332,0.2,0.048483547599387576,-0.023107289970640977,0.08073423260104079,1.4809260890645324e-10,-0.13437534086152156,1.3670643118806718,3.9723759872097344,3.4723759872097344,-0.5,15.27784570431122,25.277845704311222,10.000000000000002,0.0,12.958954912263623,3.265243455419446,True,0,ok
25.9,0.1,0.04369715072965222,0.07537289331840925,-0.006873856158047927,5.822343897590983e-10,-0.32751179508241307,8.690488232822588,2.996599602454359,3.996599602454359,1.0,21.96742448729446,21.96742448729446,0.0,0.0,10.54192863229111,3.7824196915491175,True,0,ok
25.9,0.10333333333333333,0.023738414148421493,-0.04005612190589538,-0.009275991413643126,7.764233631220173e-10,-0.30313417405359516,17.58274064271309,3.031389302093841,3.5313893020938405,0.49999999999999956,21.734523109373296,11.734523109373296,-10.0,0.0,7.483486136215531,3.665460487755051,True,0,ok
25.9,0.10666666666666667,0.02070130231049361,0.015010146329721709,-0.032562666647737604,1.8412344516379206e-09,-0.29912329182287645,24.00946334110865,3.067961916788793,3.567961916788793,0.5,21.466147697324754,16.466147697324754,-5.000000000000001,0.0,9.967685920964565,3.665747173159518,True,0,ok
25.9,0.11,0.02204543588176039,0.037073480719498925,0.009141157311378385,3.1451419042802413e-10,-0.29013454827696183,45.0587570884097,3.105581948342155,3.605581948342155,0.5,21.17690924966427,16.17690924966427,-5.000000000000001,0.0,9.725058695219596,3.707795246245352,True,0,ok
25.9,0.11333333333333334,0.03733883510662008,0.04425997692025637,-0.04715527822393233,8.8743725902744e-12,-0.2847614204887099,10.561551418723958,3.1402953859583453,3.6402953859583453,0.5,20.940075354486275,20.940075354486275,0.0,0.0,11.650613683465442,3.6230529436503787,True,0,ok
25.9,0.11666666666666667,0.03873387496390746,0.06649681191701226,-0.008894560924088725,4.707621795996378e-09,-0.27669287719912655,25.564424335647914,3.1768260733494715,3.6768260733494715,0.5,20.668824929035434,20.668824929035434,0.0,0.0,11.423349346598885,3.663574476340481,True,0,ok
25.9,0.12000000000000001,0.05349226691087504,0.08805360076367613,0.028824143531838424,1.2350773658279455e-09,-0.2690758694681976,84.05371905610534,3.2118223941218216,3.711822394121821,0.49999999999999956,20.424250927865334,20.424250927865334,0.0,0.0,11.21507204957232,3.7020564558701348,True,0,ok
25.9,0.12333333333333334,0.07478853065384307,0.11021749804288514,0.06805935701466098,2.04891638426415e-09,-0.2619436735704104,15.977242593658124,3.2474652514056634,3.7474652514056634,0.5,20.167319546718915,20.167319546718915,0.0,0.0,11.004326762760341,3.7416916169170022,True,0,ok
25.9,0.12666666666666668,0.06503537337003427,-0.08007101064568649,-0.07923025067685731,2.1843797635325988e-10,-0.2393522970748515,1.4537156028169653,3.2824472141888066,3.2824472141888066,0.0,19.921083699475275,14.921083699475275,-5.000000000000001,0.0,9.687593744870377,3.396853750346463,True,0,ok
25.9,0.13,0.044832440440624184,-0.06309264466309789,-0.04526766325979739,6.039227923757643e-10,-0.2318183914571172,1.7141263335933852,3.3173920807368926,3.3173920807368926,0.0,19.674820532102917,14.674820532102915,-5.000000000000001,0.0,9.466502497802127,3.4345748679464694,True,0,ok
25.9,0.13333333333333333,0.027312776343488013,-0.046081633410555635,-0.010697958542794813,1.172744669469043e-09,-0.2246727977323418,2.064211253380964,3.352128924432404,3.352128924432404,0.0,19.43136926894979,14.431369268949789,-5.000000000000001,0.0,9.250656800640536,3.4720959518914993,True,0,ok
25.9,0.13666666666666666,0.02191764057496642,-0.029045514963726232,0.024443955604856012,5.210132570393366e-09,-0.21788973935597003,2.556430349090728,3.386578839045832,3.386578839045832,0.0,19.19220940508116,14.192209405081162,-5.000000000000001,0.0,9.040759265969417,3.509327196998462,True,0,ok
25.9,0.14,0.005283646202523388,0.006609913529609488,-0.006329280742027785,1.055845674168029e-09,-0.21709800790512815,2.962016960523664,3.4210311594784755,3.4210311594784755,0.0,18.952426485750674,18.952426485750674,0.0,0.0,11.394657163415387,3.483354980567575,True,0,ok
25.9,0.14333333333333334,0.02117417382280864,0.02466126966454127,0.02714514118158752,1.4260463378115596e-09,-0.21107038894207314,3.65635485901617,3.4549749854890415,3.4549749854890415,0.0,18.720548351861837,18.720548351861837,0.0,0.0,11.185801274642419,3.5200705279020963,True,0,ok
25.9,0.14666666666666667,0.019447179488513815,0.007906432783813644,-0.0327424295190576,7.69525058287716e-11,-0.20818049541106473,2.373072706279744,3.4890224601465527,3.4890224601465527,0.0,18.486551306325968,23.486551306325968,5.000000000000001,0.0,12.885964036514173,3.407424342839299,True,0,ok
25.9,0.15000000000000002,0.014739597097125252,0.025442255376373776,-0.0021115892403821587,5.6062319263172005e-09,-0.20256647978962586,2.742555020646714,3.5225733428299457,3.5225733428299457,0.0,18.26013613137944,23.26013613137944,5.000000000000001,0.0,12.682144716788985,3.4425908167292523,True,0,ok
25.9,0.15333333333333335,0.030114375563680604,0.043226402523863484,0.029190837117426743,4.194207694168358e-10,-0.1972712748971391,3.239424883987349,3.5561569065574186,3.5561569065574186,0.0,18.03287542673834,23.03287542673834,5.000000000000001,0.0,12.481350556249375,3.477998973336289,True,0,ok
25.9,0.15666666666666668,0.049715969294893754,0.060978609375321034,0.060800016508587115,9.116759724716251e-10,-0.19227686137853361,3.9247745333779203,3.5893002660639053,3.5893002660639053,0.0,17.812173157313065,22.812173157313065,5.000000000000001,0.0,12.28722755370511,3.5129552863556572,True,0,ok
25.9,0.16,0.06409521768852773,-0.09630850620306187,-0.055220126987848006,2.991127039888148e-09,-0.17762907555328603,0.9070142142974763,3.6223596309681727,3.1223596309681727,-0.5,17.59252891842031,17.59252891842031,0.0,0.0,11.476520258913483,3.2159460294101767,True,0,ok
25.9,0.16333333333333333,0.04960042283793588,-0.08165840781511392,-0.026692888007981357,7.993001183334701e-10,-0.17227370291053506,0.9994559638869236,3.655133204612889,3.155133204612889,-0.5,17.377019364229508,17.377019364229508,0.0,0.0,11.267872703153012,3.2507917985128474,True,0,ok
25.9,0.16666666666666669,0.03866154394446354,-0.06692424832051763,0.00229998418315182,6.757601182882978e-10,-0.1671794362931701,1.1084992577699782,3.6877221988669824,3.1877221988669824,-0.5,17.16412191216614,17.16412191216614,0.0,0.0,11.063706212513264,3.2854994183924373,True,0,ok
25.9,0.17,0.033264362695627256,-0.050161792444380314,-0.02834339526932889,1.1049419591793857e-07,-0.16831215086057877,1.293247586311464,3.720079196682395,3.220079196682395,-0.5,16.9545054774957,21.9545054774957,5.000000000000001,0.0,13.28360259870548,3.2365685814427683,True,0,ok
25.9,0.17333333333333334,0.0203789476511044,-0.03528161510927246,-0.0010545887257685132,1.84398234115366e-10,-0.1636344901972586,1.4109393826349705,3.752204662675353,3.252204662675353,-0.5,16.748202966804843,21.748202966804847,5.000000000000001,0.0,13.076406650408542,3.269796392495788,True,0,ok
25.9,0.1766666666666667,0.019341182901565907,-0.02030063308668105,0.026648233794670646,4.246940959442683e-11,-0.15919637859114838,1.5495958125559783,3.784162828084612,3.284162828084612,-0.5,16.544228456603502,21.544228456603502,5.000000000000001,0.0,12.873642020325114,3.30293637855613,True,0,ok
25.9,0.18,0.03174251750086788,-0.005247476155316823,0.05472866018712765,1.0820551122798401e-10,-0.15498932157322148,1.7144851215566104,3.8158860396285483,3.3158860396285483,-0.5,16.343539096748508,21.343539096748508,5.000000000000001,0.0,12.675775607275673,3.3359046290150456,True,0,ok
25.9,0.18333333333333335,0.04836495759040356,0.009877594193576993,0.08318617974827079,3.0956604631051264e-10,-0.15100819943104413,1.9133071272587574,3.847376890130881,3.347376890130881,-0.5,16.146100015619353,21.146100015619353,5.000000000000001,0.0,12.482686134615125,3.368700788285382,True,0,ok
25.9,0.18666666666666668,0.0460211577351968,-0.07921093702209674,-0.008914501329015412,5.085005326322285e-10,-0.147092064735225,0.9717835783821207,3.8787046197613875,3.3787046197613875,-0.5,15.950920008980468,25.950920008980468,10.000000000000002,0.0,13.387313572837622,3.1437429211642125,True,0,ok
25.9,0.19,0.0409335944121038,-0.06953941793531285,0.013818350397270123,3.414351693756965e-10,-0.14283601152791991,1.0155680960648779,3.9097260885832608,3.4097260885832608,-0.5,15.759962574593015,25.759962574593015,9.999999999999998,0.0,13.165209938072213,3.168150542528567,True,0,ok
25.9,0.19333333333333336,0.04051481105776518,-0.0597270414781614,0.03683789165255281,1.2853741384482945e-09,-0.13876133529893342,1.065513025152487,3.94057462320289,3.44057462320289,-0.5,15.571373608243885,25.571373608243885,10.000000000000002,0.0,12.94989778687482,3.192688191729009,True,0,ok
25.9,0.19666666666666668,0.04507278646548716,-0.04978750622225787,0.06013212505357548,7.213202971295228e-10,-0.13486312198172612,1.1224246636944974,3.971226465678173,3.471226465678173,-0.5,15.385459588612795,25.385459588612793,9.999999999999998,0.0,12.741267642500679,3.21731428921877,True,0,ok
25.9,0.2,0.05349213998664495,-0.03970182254016723,0.08371375280108716,7.780236835233377e-11,-0.13113717197302763,1.187574166460081,4.00167539856635,3.5016753985663502,-0.5,15.202293390212116,25.202293390212112,9.999999999999998,0.0,12.53937297709042,3.242052208121607,True,0,ok
25.966666666666665,0.1,0.03398308004272199,-0.049098294325247115,-0.03246392893535379,4.307318176055127e-08,-0.31035412111499516,10.48257609426167,3.0150785830850797,3.5150785830850797,0.5,21.938032624923427,11.938032624923425,-10.0,0.0,7.647952398224114,3.647164878865425,True,0,ok
25.966666666666665,0.10333333333333333,0.017850591759501634,-0.029431527375187096,0.00947185699093771,1.905795497160719e-10,-0.3001674829746097,73.84677104784988,3.0512186136573276,3.551218613657328,0.5000000000000004,21.685418261472808,11.685418261472808,-10.0,0.0,7.431517592129008,3.686234456760485,True,0,ok
25.966666666666665,0.10666666666666667,0.017342682576806597,0.026591118856482358,-0.01397205478231589,2.3104454087855244e-09,-0.2963821657720865,114.19136534364837,3.088960052772634,3.5889600527726344,0.5000000000000004,21.400967049173115,16.400967049173115,-5.000000000000001,0.0,9.897000767472036,3.687142502509032,True,0,ok
25.966666666666665,0.11,0.03225428017459769,0.04856268278986074,0.027616690768368684,9.089597020548211e-11,-0.28752025744894183,19.281549497132907,3.1258556831394015,3.6258556831394015,0.5,21.130938478060276,16.130938478060273,-5.000000000000001,0.0,9.667431682165804,3.7282188618387777,True,0,ok
25.966666666666665,0.11333333333333334,0.0363965677445731,0.05562696637111209,-0.029660934629593055,4.54921549064313e-08,-0.2821644926275115,14.99691468321321,3.1618754829413818,3.6618754829413813,0.49999999999999956,20.875927618932657,20.875927618932657,0.0,0.0,11.571805693325457,3.643148717378745,True,0,ok
25.966666666666665,0.11666666666666667,0.04532535804153846,0.07798557217138029,0.009023013791599893,1.5485248757657452e-10,-0.27422396466396237,81.24365934175653,3.1984406253302526,3.698440625330253,0.5000000000000004,20.609834989349032,20.609834989349032,0.0,0.0,11.348984989274761,3.683602744931252,True,0,ok
25.966666666666665,0.12000000000000001,0.06391528656572987,0.0999487962744591,0.047599681654657916,2.056474643025463e-10,-0.26674020439122775,26.092895937500156,3.2338881965804323,3.7338881965804323,0.5,20.36276575419642,20.36276575419642,0.0,0.0,11.140596952156018,3.7226271311239665,True,0,ok
25.966666666666665,0.12333333333333334,0.07389835723930627,-0.08607477035660799,-0.09473138611918218,1.3017530459779734e-11,-0.24442466009284558,1.3870379412224993,3.270132466950547,3.270132466950547,0.0,20.100719458936716,15.100719458936714,-5.000000000000001,0.0,9.838062071125778,3.382417024781828,True,0,ok
25.966666666666665,0.12666666666666668,0.053135965419049046,-0.06896828671272424,-0.060939871110419895,1.2027231724402401e-09,-0.23661432504639382,1.6244420533376902,3.305166421801911,3.305166421801911,0.0,19.858893609951608,14.858893609951606,-5.000000000000001,0.0,9.617645558616351,3.42019240882673,True,0,ok
25.966666666666665,0.13,0.033303136104569725,-0.051546566660424474,-0.025889150019282117,2.8017858531958777e-09,-0.2291990574259748,1.9476406786814213,3.340914242872934,3.340914242872934,0.0,19.604104990189832,14.604104990189832,-5.000000000000001,0.0,9.39176720262887,3.4588168025723087,True,0,ok
25.966666666666665,0.13333333333333333,0.020526795488705143,-0.034345176594596086,0.009190040467342132,7.913431673511035e-10,-0.22217280113638913,2.3871324273287207,3.375605133558195,3.375605133558195,0.0,19.366494221786017,14.366494221786017,-5.000000000000001,0.0,9.180910955712344,3.4962810733651226,True,0,ok
25.966666666666665,0.13666666666666666,0.011817501625999134,0.0006150614495722774,-0.02045927011050801,1.0120251037273641e-10,-0.22111765935998423,2.7814401422564705,3.4108249017925956,3.4108249017925956,0.0,19.119455044184406,19.119455044184406,0.0,0.0,11.525750396567943,3.469798413944262,True,0,ok
25.966666666666665,0.14,0.013299692513790845,0.018899626871116692,0.013170025323313189,2.4370962489350395e-09,-0.214865920337208,3.3980757059018414,3.445289191385551,3.445289191385551,0.0,18.884336795498466,18.884336795498466,0.0,0.0,11.31261344679835,3.5070053495744924,True,0,ok
25.966666666666665,0.14333333333333334,0.026443088038501286,0.0010777833741254029,-0.045788089041083745,5.9403467481228495e-09,-0.21174133571470902,2.251023974470938,3.479861944031478,3.479861944031478,0.0,18.647019252747484,23.647019252747484,5.000000000000001,0.0,12.995017651009125,3.3927789814689393,True,0,ok
25.966666666666665,0.14666666666666667,0.013894455024696712,0.018885984179430007,-0.01491600626422089,1.284646210043916e-09,-0.20592125680451714,2.5901136718380067,3.5140483945803895,3.5140483945803895,0.0,18.41547015178197,23.41547015178197,5.000000000000001,0.0,12.786477772872034,3.4285933643930293,True,0,ok
25.966666666666665,0.15000000000000002,0.023307514287099717,0.036843516584169934,0.016500786418897323,7.629977800532237e-10,-0.2004295339673088,3.0378628963244676,3.5480864769061555,3.5480864769061555,0.0,18.185941876288215,23.185941876288215,5.000000000000001,0.0,12.582604620931876,3.4643916458056494,True,0,ok
25.966666666666665,0.15333333333333335,0.04225278832916418,0.054896124838943884,0.04839741565863346,2.9707434087898134e-09,-0.1952567660897058,3.6517899535355793,3.581885864753135,3.581885864753135,0.0,17.959819288822494,22.959819288822494,5.000000000000001,0.0,12.383929294750406,3.5000368890785727,True,0,ok
25.966666666666665,0.15666666666666668,0.06286704145532505,0.07303302743305368,0.08076491569982275,5.615859649199522e-09,-0.1903906062621833,4.542149378242732,3.6154360196298496,3.6154360196298496,0.0,17.737296814926417,22.737296814926417,5.000000000000001,0.0,12.190349810737306,3.5355066422459713,True,0,ok
25.966666666666665,0.16,0.052852171435960146,-0.08427627401707455,-0.0357430512727624,2.812231716339286e-09,-0.1752734747715823,0.9879144906073503,3.64881618579855,3.14881618579855,-0.5,17.5171307409496,17.5171307409496,0.0,0.0,11.385989620334902,3.2424588031498134,True,0,ok
25.966666666666665,0.16333333333333333,0.04020196509540418,-0.06932492022721089,-0.0065306529602432465,4.6292217069297975e-10,-0.17003093397273883,1.0950186809109708,3.6819065458826117,3.1819065458826117,-0.5,17.301147113646913,17.301147113646913,0.0,0.0,11.178011989285553,3.277662191097614,True,0,ok
25.966666666666665,0.16666666666666669,0.03407431752537933,-0.054268775856522705,0.023196493517245575,9.572823113738822e-10,-0.16505059446466125,1.222972503115252,3.7148634456957423,3.2148634456957423,-0.5,17.086989597995665,17.086989597995665,0.0,0.0,10.97395111042003,3.312787527264545,True,0,ok
25.966666666666665,0.17,0.022515570171657024,-0.037943328981238186,-0.009008689487709338,1.2816966217807736e-10,-0.16622494372933155,1.3907555375630913,3.747429347070488,3.247429347070488,-0.5,16.878411631581862,21.878411631581862,5.000000000000001,0.0,13.178510878163609,3.26187527742497,True,0,ok
25.966666666666665,0.17333333333333334,0.017088451805986386,-0.022749273282439867,0.018934521924184333,2.9866441126629536e-09,-0.16166288619778035,1.526670124585542,3.779917163009128,3.279917163009128,-0.5,16.670916746987224,21.670916746987224,5.000000000000001,0.0,12.971759286526986,3.295499332433336,True,0,ok
25.966666666666665,0.1766666666666667,0.027638025102902565,-0.007467931254389727,0.04728436631219378,6.375689323466357e-10,-0.15733724696392742,1.6883727573860097,3.8121891792599993,3.3121891792599993,-0.5,16.46641872271002,21.46641872271002,5.000000000000001,0.0,12.76978457282374,3.3289807298037193,True,0,ok
25.966666666666665,0.18,0.044100576154445674,0.007856612505490145,0.07597931357547766,1.9303199436221725e-10,-0.15324343123023576,1.8827594931119416,3.844155801118248,3.344155801118248,-0.5,16.266189925608654,21.266189925608654,5.000000000000001,0.0,12.573320100581228,3.3622053020632454,True,0,ok
25.966666666666665,0.18333333333333335,0.062193500245630584,0.02334145285518174,0.10516306859833961,1.920396042023375e-10,-0.14939553968336966,2.1206366074721044,3.8759325314470074,3.3759325314470074,-0.5,16.068582264518167,21.068582264518167,5.000000000000001,0.0,12.380274842919551,3.39526948552425,True,0,ok
25.966666666666665,0.18666666666666668,0.06519091623929585,-0.11176229203569117,-0.016085918042982053,1.7625766885621418e-09,-0.14359593828448158,0.7212514164548228,3.9074754911966827,3.4074754911966827,-0.5,15.874188995332931,25.87418899533293,9.999999999999998,0.0,12.692739863037374,3.0873026376906614,True,0,ok
25.966666666666665,0.19,0.06145492016662073,-0.10636883823723793,0.003973901120748748,9.649391315764036e-10,-0.1392474200216138,0.7252038235221887,3.9388122112038255,3.4388122112038255,-0.5,15.682620732985978,25.682620732985978,10.000000000000002,0.0,12.422911401550346,3.104182982265518,True,0,ok
25.966666666666665,0.19333333333333336,0.05991199260241984,-0.1009121991739414,0.024188191967487154,6.628083621107204e-10,-0.13506443045388902,0.7310422293880598,3.9699659489561894,3.4699659489561894,-0.5,15.493543123884098,25.4935431238841,10.000000000000002,0.0,12.16117021455167,3.1211470125870338,True,0,ok
25.966666666666665,0.19666666666666668,0.06090202132784319,-0.09571576727019904,0.04433576999814365,1.5366940838435125e-09,-0.13103316746758029,0.7366590404017177,4.0008639784631645,3.5008639784631645,-0.5,15.30792070875587,25.307920708755873,10.000000000000002,0.0,11.90369630673777,3.1375482250926456,True,0,ok
25.966666666666665,0.2,0.06420115176951506,-0.09051869294842342,0.06458893010807627,1.0242604909530809e-09,-0.12715048451757616,0.743880543692927,4.031544506077709,3.531544506077709,-0.5,15.125220970335716,25.125220970335715,9.999999999999998,0.0,11.65351087069427,3.153905940092826,True,0,ok
26.03333333333333,0.1,0.023891096796319563,-0.03871857127033528,-0.014602251784478297,5.185909811662647e-10,-0.3073166772587801,19.124406890207673,3.034210956148843,3.5342109561488435,0.5000000000000004,21.899846178824827,11.899846178824827,-10.0,0.0,7.602549203299808,3.6671799258743953,True,0,ok
26.03333333333333,0.10333333333333333,0.019831140915046425,-0.018545031446890518,0.028912008899609987,6.093036733730487e-11,-0.2972446316466234,34.944384238606496,3.0715739362184773,3.5715739362184777,0.5000000000000004,21.630224281913048,11.63022428191305,-10.0,0.0,7.37579981090539,3.707565460851605,True,0,ok
26.03333333333333,0.10666666666666667,0.022364199628831044,0.03839817813082015,0.005104134730628028,4.640420943208906e-09,-0.29370283827685734,42.456321190461196,3.1102811982811414,3.6102811982811414,0.5,21.333903201068328,16.333903201068328,-5.000000000000001,0.0,9.825660252306381,3.708882820621777,True,0,ok
26.03333333333333,0.11,0.03891976216313674,0.04441173363319282,-0.05071332740217033,2.956077364373534e-10,-0.2879280971515439,10.517690177663047,3.146442229790242,3.6464422297902424,0.5000000000000004,21.083286083251693,21.083286083251693,0.0,0.0,11.723279344270503,3.6223303068602792,True,0,ok
26.03333333333333,0.11333333333333334,0.03938138092645779,0.06719120160193512,-0.011748272992759901,4.686789904923786e-09,-0.27961877935656343,25.74813803699699,3.183796840016795,3.683796840016795,0.5,20.809736458661504,20.809736458661504,0.0,0.0,11.4926603687077,3.663599510205196,True,0,ok
26.03333333333333,0.11666666666666667,0.05398362064901291,0.08950271949816367,0.02705470564546255,2.517486189807711e-09,-0.27179764262060474,73.79204226335679,3.2199930454989865,3.7199930454989865,0.5,20.55587251161957,20.55587251161957,0.0,0.0,11.277582158837268,3.703391016745322,True,0,ok
26.03333333333333,0.12000000000000001,0.07554468996255397,0.11228974739990574,0.06717152055358405,1.047787245403421e-09,-0.2644794607041557,15.375995890664212,3.256563953396403,3.7565639533964035,0.5000000000000004,20.294469897857585,20.294469897857585,0.0,0.0,11.062806497075593,3.743954170257224,True,0,ok
26.03333333333333,0.12333333333333334,0.06203025473525324,-0.07509855386042907,-0.07683400754635572,2.7108019824066873e-09,-0.24162316418045937,1.5414565765197679,3.292616866624891,3.292616866624891,0.0,20.041142858111353,15.041142858111352,-5.000000000000001,0.0,9.769195923499668,3.4054713921709565,True,0,ok
26.03333333333333,0.12666666666666668,0.0410865482892009,-0.057518484291019537,-0.04190390573474328,7.649156065248089e-10,-0.2339241494153952,1.833404040267656,3.3285432181511854,3.3285432181511854,0.0,19.789282979270983,14.78928297927098,-5.000000000000001,0.0,9.542896887045845,3.4442526270327365,True,0,ok
26.03333333333333,0.13,0.023321750219347053,-0.03989673498473379,-0.006321600860443011,2.872154318893078e-09,-0.22663328566555105,2.233981096630766,3.364266261503371,3.364266261503371,0.0,19.540088756083207,14.540088756083206,-5.000000000000001,0.0,9.32190670207943,3.4828438900153817,True,0,ok
26.03333333333333,0.13333333333333333,0.020649851866275496,-0.00588983505380759,-0.035278307631408545,2.3701746223707304e-09,-0.22530185091303614,2.6099403570337247,3.3997109897891193,3.3997109897891193,0.0,19.29498376436745,19.29498376436745,0.0,0.0,11.664143991492244,3.455230918045925,True,0,ok
26.03333333333333,0.13666666666666666,0.007447332162082208,0.012845600035672462,-0.0011742353770329097,2.8600993577922795e-09,-0.21882070790556984,3.164940656339014,3.435092106058579,3.435092106058579,0.0,19.050308217432224,19.050308217432224,0.0,0.0,11.442236399422521,3.4934195602874807,True,0,ok
26.03333333333333,0.14,0.026472998345986903,0.03151862651196547,0.033302178713698345,4.4186530920058607e-10,-0.21269840019505565,3.9755555140481587,3.4700182931840455,3.4700182931840455,0.0,18.812597777902674,18.812597777902674,0.0,0.0,11.228636799369411,3.531167865040628,True,0,ok
26.03333333333333,0.14333333333333334,0.017660061244641014,0.011930386547366726,-0.028165567033593082,3.715409789037244e-10,-0.20941465780564336,2.44535701503025,3.504963106565666,3.504963106565666,0.0,18.574113119130843,23.574113119130843,5.000000000000001,0.0,12.892850757694754,3.4138498697122843,True,0,ok
26.03333333333333,0.14666666666666667,0.01746327110960225,0.03006059249047303,0.003355337935904861,1.0807604250159815e-11,-0.2037174048553069,2.8489623293744812,3.5394626592618437,3.5394626592618437,0.0,18.34233621006707,23.34233621006707,5.000000000000001,0.0,12.685886134759329,3.4500429168345543,True,0,ok
26.03333333333333,0.15000000000000002,0.034677991203793355,0.048422774871545324,0.03553764335927112,6.239113533179691e-10,-0.19835491699575244,3.3998215545984025,3.5739345868142243,3.5739345868142243,0.0,18.11064807863217,23.11064807863217,5.000000000000001,0.0,12.482580849445437,3.4864048198944313,True,0,ok
26.03333333333333,0.15333333333333335,0.05505232314481798,0.06677290570838411,0.06807094765157622,5.306486070592852e-10,-0.19330867235892438,4.178314306957517,3.607986682157132,3.607986682157132,0.0,17.885172355745006,22.885172355745006,5.000000000000001,0.0,12.285819455670302,3.522343552942941,True,0,ok
26.03333333333333,0.15666666666666668,0.056680285031142835,-0.08715318816562516,-0.045191657705841236,6.273185777980045e-11,-0.1783896281749468,0.9753265559112968,3.6419563162559263,3.1419563162559263,-0.5,17.660690233748994,17.660690233748994,0.0,0.0,11.507663902557784,3.2335457887792787,True,0,ok
26.03333333333333,0.16,0.04254142361455713,-0.07197965675784271,-0.01575586184512737,2.31578419127465e-09,-0.172986932969306,1.0803128703098472,3.6755652823126805,3.1755652823126805,-0.5,17.441431492024627,17.441431492024627,0.0,0.0,11.295601339770805,3.2692622207965236,True,0,ok
26.03333333333333,0.16333333333333333,0.03374760557124714,-0.05670170483436037,0.014199271609997411,2.7601872989629857e-09,-0.16785644101277028,1.205629628990518,3.7090286243656796,3.2090286243656796,-0.5,17.224171428685235,17.224171428685235,0.0,0.0,11.087687658739396,3.3048898288745097,True,0,ok
26.03333333333333,0.16666666666666669,0.02560729415481468,-0.040834572636794124,-0.01731294947038204,1.2529936295307428e-09,-0.1689102424452461,1.3696070031336762,3.742178072752752,3.242178072752752,-0.5,17.011358236952695,22.0113582369527,5.000000000000001,0.0,13.283514436450124,3.253468318119615,True,0,ok
26.03333333333333,0.17,0.015966452756015707,-0.02543269830125944,0.010860971316938443,3.01108594537917e-10,-0.16421508778552404,1.5025196228071904,3.775192335247734,3.275192335247734,-0.5,16.80046834781817,21.80046834781817,5.000000000000001,0.0,13.072731971895795,3.2875671003507354,True,0,ok
26.03333333333333,0.17333333333333334,0.023483457544651073,-0.009954125869252714,0.03943771941851303,1.558511082007969e-09,-0.15976034948620585,1.6603695217360526,3.8079568091129117,3.3079568091129117,-0.5,16.59303205894958,21.593032058949582,5.000000000000001,0.0,12.867059596861598,3.321487805441292,True,0,ok
26.03333333333333,0.1766666666666667,0.03961733580097935,0.005588746394785339,0.06839126992268424,7.292173414357755e-10,-0.15554765765448372,1.85019014340408,3.8404468594002226,3.3404468594002226,-0.5,16.38941849386167,21.38941849386167,5.000000000000001,0.0,12.666747651309926,3.3551932871234555,True,0,ok
26.03333333333333,0.18,0.05780496292732022,0.02128852658957257,0.09783169145390286,2.795986084643083e-09,-0.15159276172167435,2.08205994817815,3.872730167469641,3.372730167469641,-0.5,16.18866461076229,21.18866461076229,5.000000000000001,0.0,12.470107516817572,3.388715031049129,True,0,ok
26.03333333333333,0.18333333333333335,0.07671936356359763,0.03700958554926057,0.12762395078621547,5.090367318914852e-09,-0.14784250769717922,2.372722339180987,3.9048072285573006,3.4048072285573006,-0.5,15.99074203708246,20.990742037082462,5.000000000000001,0.0,12.278931052325564,3.4221514750433975,True,0,ok
26.03333333333333,0.18666666666666668,0.09607831096864518,0.05280191263514873,0.15781344536456066,2.229010674370288e-09,-0.14431378450986318,2.7450332169552176,3.936643579385492,3.436643579385492,-0.5,15.796114850445173,20.796114850445175,5.000000000000001,0.0,12.092408580599745,3.4554066771695005,True,0,ok
26.03333333333333,0.19,0.11578873296403959,0.06867780865492504,0.18842624722317883,1.247538578907725e-09,-0.1409970451988249,3.2383328821477155,3.968268140042872,3.468268140042872,-0.5,15.604368137806707,20.60436813780671,5.000000000000001,0.0,11.91009299786954,3.48851572692222,True,0,ok
26.03333333333333,0.19333333333333336,0.13580423918375362,0.08464990196377485,0.21946017460657846,8.878537532226302e-08,-0.13789225662500787,3.9196414347677853,3.999627683370105,3.499627683370105,-0.5,15.416190911568734,20.416190911568734,5.000000000000001,0.0,11.732100150636438,3.5214110839655604,True,0,ok
26.03333333333333,0.19666666666666668,0.1452645700160193,-0.24741251412034218,-0.04574312803545893,3.8459361964054714e-09,-0.13533072869900534,-0.11994893961781064,4.030793921826403,3.530793921826403,-0.5,15.230605779547163,25.23060577954716,9.999999999999998,0.0,8.942850025193918,2.799692886358568,True,0,ok
26.03333333333333,0.2,0.15342466083079906,-0.2624514352623338,-0.04167281826176618,2.9116440880356524e-10,-0.13398621654350745,-0.21041040560266572,4.061765997025195,3.561765997025195,-0.5,15.047606290556264,25.047606290556264,10.000000000000002,0.0,8.28378395116211,2.7639770442402867,True,0,ok
26.1,0.1,0.016340312373496174,-0.02799006569596597,0.00419209347770366,3.210813946341948e-10,-0.3043056186980069,103.5807431935422,3.054165305891325,3.554165305891325,0.5,21.85027054748229,11.850270547482287,-10.0,0.0,7.549758802626908,3.688074026903033,True,0,ok
26.1,0.10333333333333333,0.019182614417488003,0.027277481850083222,-0.018969899092731963,1.7966639754101655e-09,-0.3001874025421487,115.26073149227939,3.092719045931279,3.592719045931279,0.5,21.564465146024524,16.564465146024524,-5.000000000000001,0.0,10.00314383514395,3.6871341730321188,True,0,ok
26.1,0.10666666666666667,0.03211544224822125,0.05016413919794871,0.024036722549576672,1.18718748297437e-09,-0.29105576620468965,18.573708344604032,3.131149664157998,3.6311496641579986,0.5000000000000004,21.279491985416005,16.279491985416,-5.000000000000001,0.0,9.76229166502399,3.7299735590946925,True,0,ok
26.1,0.11,0.03749702834241439,0.055726100221900776,-0.03335690569573494,5.620519970756952e-11,-0.2852813996805404,14.794719187674085,3.167978707141601,3.667978707141601,0.5,21.022661051719332,21.022661051719332,0.0,0.0,11.645547805907539,3.642171116305192,True,0,ok
26.1,0.11333333333333334,0.045688280816081124,0.07887267803415438,0.00643099304197547,4.410184332866856e-08,-0.27711364013230416,85.52261071571641,3.205806657842881,3.7058066578428814,0.5000000000000004,20.74652378399563,20.74652378399563,0.0,0.0,11.415360277607041,3.6840149743639357,True,0,ok
26.1,0.11666666666666667,0.06427440647941558,0.10144381898125457,0.04585574746247035,4.382306516323681e-09,-0.2694225757919517,25.151526108420324,3.2421792999247168,3.7421792999247163,0.49999999999999956,20.495253207617107,20.495253207617107,0.0,0.0,11.202892898786626,3.7239399766411325,True,0,ok
26.1,0.12000000000000001,0.07143948828828636,-0.08153367102421402,-0.09307557117736025,3.10131044199063e-10,-0.24685512214399652,1.4635113266800373,3.279545352564543,3.279545352564543,0.0,20.225556044860618,15.225556044860616,-5.000000000000001,0.0,9.923966583536401,3.390185155894656,True,0,ok
26.1,0.12333333333333334,0.04992055581394816,-0.06382331519066327,-0.0583332676642907,2.873557575915383e-09,-0.2388631189592245,1.7270624881721943,3.3155681558728256,3.3155681558728256,0.0,19.97822954366797,14.978229543667972,-5.000000000000001,0.0,9.698269205881555,3.4290220629220034,True,0,ok
26.1,0.12666666666666668,0.029388373425130208,-0.04577526862920911,-0.022263293998158545,6.566854341487881e-10,-0.23128716396019736,2.092612676206284,3.352339869112021,3.352339869112021,0.0,19.717343249102196,14.717343249102194,-5.000000000000001,0.0,9.466875859247551,3.468757290632446,True,0,ok
26.1,0.13,0.018011961985088733,-0.027950382751109934,0.013858875413369628,3.5499499087636915e-10,-0.22412058309399485,2.601954029749477,3.388030049184635,3.388030049184635,0.0,19.473944518690473,14.473944518690471,-5.000000000000001,0.0,9.250881647803642,3.5073048483450258,True,0,ok
26.1,0.13333333333333333,0.00993924457868511,0.0064545603169811954,-0.015959461128096104,2.2568673152118236e-09,-0.2229392153596946,2.9516976886206003,3.4242642502746126,3.4242642502746126,0.0,19.220866520313187,19.220866520313187,0.0,0.0,11.576222946849315,3.479154759764163,True,0,ok
26.1,0.13666666666666666,0.01815552014126375,0.02534021265625461,0.018621019234598593,1.9991680870374102e-09,-0.2165806942112697,3.659039043365588,3.459670024837421,3.459670024837421,0.0,18.98081605725674,18.98081605725674,0.0,0.0,11.35879404681772,3.5173313485466466,True,0,ok
26.1,0.14,0.02433429896449175,0.0045053385422630515,-0.04190675653041385,2.906340530391764e-09,-0.21303972963496504,2.3065577215284017,3.4952431441162677,3.4952431441162677,0.0,18.737587562635987,23.737587562635987,5.000000000000001,0.0,13.001569423700804,3.3981863708437605,True,0,ok
26.1,0.14333333333333334,0.014464117569554076,0.022887488765060183,-0.010187980625565219,5.738297299164021e-10,-0.2071253967971506,2.672373377846831,3.530340045320265,3.530340045320265,0.0,18.50151001570036,23.50151001570036,5.000000000000001,0.0,12.790436088726386,3.434978421916765,True,0,ok
26.1,0.14666666666666667,0.027145674185892955,0.041470560965436054,0.02215525793648112,2.7435566563621163e-09,-0.20155649906290937,3.163953908743726,3.565342983898101,3.565342983898101,0.0,18.26655774562157,23.26655774562157,5.000000000000001,0.0,12.583639706233424,3.471850461637735,True,0,ok
26.1,0.15000000000000002,0.047021247507651534,0.06011274977463815,0.054949526531710986,2.4220279653487944e-09,-0.19632001503953553,3.8495293917811617,3.6000274320050907,3.6000274320050907,0.0,18.036212819324344,23.036212819324344,5.000000000000001,0.0,12.382702982908217,3.5084559804674313,True,0,ok
26.1,0.15333333333333335,0.06105248297677152,-0.09029717249788491,-0.05503305980748433,2.9507801593533125e-10,-0.18161290060805724,0.9617258130825853,3.6345062325969284,3.1345062325969284,-0.5,17.808759510667237,17.808759510667237,0.0,0.0,11.633527589022254,3.224000017400152,True,0,ok
26.1,0.15666666666666668,0.04563025413669328,-0.07486707495614543,-0.02532353382228755,6.939251687376329e-10,-0.17604313982282155,1.0646965987749961,3.668746618798128,3.168746618798128,-0.5,17.58466695957853,17.58466695957853,0.0,0.0,11.416212662052981,3.2603527988464016,True,0,ok
26.1,0.16,0.03438739239148172,-0.05936239036185059,0.004856426359420281,2.332114473438801e-10,-0.1707572980242516,1.1872253776340815,3.702732258456401,3.202732258456401,-0.5,17.364195087073476,17.364195087073476,0.0,0.0,11.20432044468109,3.296495402140617,True,0,ok
26.1,0.16333333333333333,0.02944791283100887,-0.04393079770373765,-0.02591570418532687,1.004959356136422e-10,-0.1716861218970323,1.3478453355438076,3.7365061812213223,3.2365061812213223,-0.5,17.14666664519185,22.14666664519185,5.000000000000001,0.0,13.391106271444224,3.244635969594213,True,0,ok
26.1,0.16666666666666669,0.01643051411980499,-0.028352656261761575,0.0024519921748907465,1.673302554094938e-10,-0.16684073281212253,1.477251703616901,3.769978344216147,3.269978344216147,-0.5,16.933418458314133,21.933418458314133,5.000000000000001,0.0,13.176692594021144,3.279123715447296,True,0,ok
26.1,0.17,0.01947865357820417,-0.012653994095626075,0.031275074245905775,4.5450870007152787e-10,-0.16225714333367652,1.631317238766218,3.803294287612802,3.303294287612802,-0.5,16.722323279096845,21.722323279096845,5.000000000000001,0.0,12.966880657259365,3.313546427952564,True,0,ok
26.1,0.17333333333333334,0.034978489805743945,0.003122934316074135,0.06050397944374473,8.777434488940467e-10,-0.15792169630258412,1.8166016806835572,3.8363552428195735,3.3363552428195735,-0.5,16.514757962479784,21.514757962479788,5.000000000000001,0.0,12.762322600877258,3.347783632246972,True,0,ok
26.1,0.1766666666666667,0.05317919607640559,0.018974933216847106,0.0901334155317248,5.447151213637733e-10,-0.15382920387287227,2.0429794217643296,3.869157937884747,3.369157937884747,-0.5,16.31077213098852,21.310772130988525,5.000000000000001,0.0,12.562946683266212,3.3818270726829076,True,0,ok
26.1,0.18,0.07232598518894165,0.03499900473153188,0.12028388948007639,7.948865603750072e-10,-0.14999692062050327,2.3250922692899216,3.9017826963322224,3.4017826963322224,-0.5,16.109226032449293,21.109226032449293,5.000000000000001,0.0,12.366952899778742,3.415720701247982,True,0,ok
26.1,0.18333333333333335,0.09186731118821233,0.05099515745167807,0.15072591851215922,4.9359602503908925e-09,-0.14636394399395017,2.685562346827679,3.934082176021868,3.434082176021868,-0.5,15.912122661564984,20.912122661564986,5.000000000000001,0.0,12.177350600937187,3.4493896510047586,True,0,ok
26.1,0.18666666666666668,0.11177947497523517,0.06708808701144471,0.18161261426003014,2.7448271180467605e-09,-0.142953030601152,3.1620037760598407,3.966188265828086,3.466188265828086,-0.5,15.71764075551017,20.71764075551017,5.000000000000001,0.0,11.991931261851846,3.482937959334955,True,0,ok
26.1,0.19,0.1320246989813733,0.08330275229679016,0.21296059467222173,2.6355574505280175e-09,-0.1397646412670044,3.8184521115739405,3.9980695392722287,3.4980695392722287,-0.5,15.526183518096119,20.52618351809612,5.000000000000001,0.0,11.810622567717068,3.5163253607205225,True,0,ok
26.1,0.19333333333333336,0.15252165155184427,0.09955649009057944,0.24469791142784797,5.079241792306609e-09,-0.13678022628207817,4.778725536727354,4.029733667000631,3.529733667000631,-0.5,15.337635363646655,20.337635363646655,5.000000000000001,0.0,11.633723709015705,3.549556767013885,True,0,ok
26.1,0.19666666666666668,0.07931861807442923,-0.1286150289457048,0.04829600241228074,1.698590717646948e-09,-0.12479449157746046,0.4847932071383205,4.061209456168386,3.5612094561683856,-0.5,15.151599234191416,25.151599234191416,10.000000000000002,0.0,10.9941583355707,3.0843313496600446,True,0,ok
26.1,0.2,0.10124619690768162,-0.17175526209533262,0.03539077715126798,8.63005932331829e-10,-0.12133768907549887,0.2074427064690652,4.092393541619353,3.5923935416193533,-0.5,14.969410788367401,24.969410788367405,10.000000000000002,0.0,9.982038495337212,2.9983500217132417,True,0,ok
26.166666666666668,0.1,0.01673530524634377,-0.01706765751798629,0.02342875139467613,9.573651420006281e-09,-0.30135611564591136,31.959394615897143,3.0743670242583807,3.5743670242583807,0.5,21.79939985173597,11.799399851735972,-10.0,0.0,7.496440453181517,3.709224971577005,True,0,ok
26.166666666666668,0.10333333333333333,0.022601711586321606,0.03914722206203648,8.428949754548336e-05,6.381500756813235e-10,-0.2974752433094847,42.832363604491796,3.114123927729803,3.6141239277298034,0.5000000000000004,21.49731871649666,16.49731871649666,-5.000000000000001,0.0,9.931198567859738,3.708909013056,True,0,ok
26.166666666666668,0.10666666666666667,0.0407114249506102,0.0440054453496555,-0.0550979232286116,2.1921115300718727e-09,-0.2912735622871489,10.328995403699608,3.151837547720611,3.6518375477206106,0.49999999999999956,21.231597695747723,21.231597695747723,0.0,0.0,11.799556166403178,3.620641900978379,True,0,ok
26.166666666666668,0.11,0.03987931759616088,0.06732289022325212,-0.01545018989509009,4.830075718862874e-10,-0.28270241239046917,25.072328105300354,3.1900194018605457,3.690019401860546,0.5000000000000004,20.956185972421608,20.956185972421608,0.0,0.0,11.565641823293765,3.6626361654443533,True,0,ok
26.166666666666668,0.11333333333333334,0.054091851849439834,0.09043366747888021,0.024485446612724168,1.0996299419208184e-09,-0.27465986151174854,71.23131776616486,3.2274942788964345,3.727494278896435,0.5000000000000004,20.69216261877217,20.69216261877217,0.0,0.0,11.343177180939167,3.7038323013273806,True,0,ok
26.166666666666668,0.11666666666666667,0.07582559613049772,0.11384873811009619,0.06547539932199561,2.056868234560451e-09,-0.26713862555972057,15.070929034016935,3.2650082579407935,3.765008257940794,0.5000000000000004,20.426503284586342,20.426503284586342,0.0,0.0,11.124356186999536,3.745321462407648,True,0,ok
26.166666666666668,0.12000000000000001,0.05941761062102578,-0.07042481428747202,-0.0750446726177853,2.6224472219564346e-09,-0.24404341870224402,1.6293660693362735,3.302197738692929,3.302197738692929,0.0,20.165434148979983,15.165434148979983,-5.000000000000001,0.0,9.85432034016463,3.413382175041288,True,0,ok
26.166666666666668,0.12333333333333334,0.03767759538645199,-0.052224131855583965,-0.0391336636956744,5.510127160617755e-10,-0.2361672908894679,1.9554526847164722,3.339130314077429,3.339130314077429,0.0,19.908012727643268,14.908012727643268,-5.000000000000001,0.0,9.622734617203683,3.4532470008973304,True,0,ok
26.166666666666668,0.12666666666666668,0.019661367605966987,-0.03396251339318071,-0.0025011622156358984,4.2457446937876546e-10,-0.22872054787334548,2.4129772291694453,3.3758949871661303,3.3758949871661303,0.0,19.652588518798225,14.652588518798225,-5.000000000000001,0.0,9.396176570462819,3.4929675444460195,True,0,ok
26.166666666666668,0.13,0.018226555836232086,-0.0005292644323662335,-0.031564883844463744,1.2435516159141067e-09,-0.22724386619277806,2.7501005695769707,3.4123631377966452,3.4123631377966452,0.0,19.401497919765102,19.401497919765102,0.0,0.0,11.718743450126219,3.463695537920604,True,0,ok
26.166666666666668,0.13333333333333333,0.011053214356170103,0.01882245577461184,0.003497971043778871,7.199274614957407e-10,-0.2206436552922511,3.3773484722571623,3.448723147930825,3.448723147930825,0.0,19.151523603473315,19.151523603473315,0.0,0.0,11.49217081114061,3.5028907846421182,True,0,ok
26.166666666666668,0.13666666666666666,0.030948514307987722,0.0013040963724090164,-0.05358853372006574,3.0333811688733405e-09,-0.21707635643243306,2.2642603115176327,3.484663703629897,3.484663703629897,0.0,18.90787448048472,23.90787448048472,5.000000000000001,0.0,13.168881832821873,3.3896955183390776,True,0,ok
26.166666666666668,0.14,0.016545031426039854,0.015203553434319922,-0.02429127739818793,1.523064403799722e-09,-0.2106868231811153,2.5049276884414877,3.520549648673565,3.520549648673565,0.0,18.664592867105416,23.664592867105416,5.000000000000001,0.0,12.896909552639222,3.4189654510212644,True,0,ok
26.166666666666668,0.14333333333333334,0.02016983481305183,0.033970702787629196,0.008152181381189337,1.200626807706594e-08,-0.2049002530748203,2.9423809567408736,3.556032303263664,3.556032303263664,0.0,18.427298915620888,23.427298915620888,5.000000000000001,0.0,12.687101579444487,3.456268453170604,True,0,ok
26.166666666666668,0.14666666666666667,0.038748168954922634,0.052947231596531655,0.041241392536393945,5.045146911600763e-10,-0.1994641964391025,3.5481642068647634,3.5914162500266067,3.5914162500266067,0.0,18.191172290356914,23.191172290356914,5.000000000000001,0.0,12.481614430414076,3.493649903206003,True,0,ok
26.166666666666668,0.15000000000000002,0.059895949303881105,0.07194338999198528,0.07474438350471824,4.8850016401131775e-12,-0.1943596286464296,4.426456557354769,3.626416717512929,3.626416717512929,0.0,17.960649094610158,22.960649094610158,5.000000000000001,0.0,12.282367400696868,3.5306615478285965,True,0,ok
26.166666666666668,0.15333333333333335,0.049474933173381946,-0.07805456120629817,-0.0353665451016081,7.074112680818159e-10,-0.17923638930482125,1.047834694262264,3.6613033722744626,3.1613033722744626,-0.5,17.73159002363656,17.73159002363656,0.0,0.0,11.540774648299411,3.2507801167359878,True,0,ok
26.166666666666668,0.15666666666666668,0.03609708597340379,-0.06232409625875529,-0.0049705002608706195,1.5413001607023575e-09,-0.17378616247006398,1.1673327222186989,3.6958219114099347,3.1958219114099347,-0.5,17.50782893061881,17.50782893061881,0.0,0.0,11.32475740968886,3.2874453297516517,True,0,ok
26.166666666666668,0.16,0.030742640465790203,-0.046477889249989864,0.02598337236180462,2.920281377420936e-09,-0.16861793060501346,1.3117000884139425,3.730195319754954,3.230195319754954,-0.5,17.286017549710856,17.286017549710856,0.0,0.0,11.112929274607692,3.32402892738837,True,0,ok
26.166666666666668,0.16333333333333333,0.018592386374140426,-0.03155974602694231,-0.0064041333504906775,2.988255687126282e-11,-0.16957867101170004,1.450689291013698,3.764172151086054,3.264172151086054,-0.5,17.069814424275158,22.069814424275158,5.000000000000001,0.0,13.284289841031105,3.2700774102960692,True,0,ok
26.166666666666668,0.16666666666666669,0.015896546460414572,-0.01563990136398282,0.022660407177039966,1.0412146755646848e-09,-0.1648580390571385,1.600711391750448,3.798052155551629,3.298052155551629,-0.5,16.854957789914497,21.854957789914497,5.000000000000001,0.0,13.070166874220892,3.305010869540272,True,0,ok
26.166666666666668,0.17,0.030116380014203737,0.00037440200790299615,0.05216175666727751,2.966447338328838e-10,-0.16039169834221806,1.7811168932695305,3.831697193428173,3.331697193428173,-0.5,16.643330752856176,21.643330752856176,5.000000000000001,0.0,12.861179863753591,3.3397896590081957,True,0,ok
26.166666666666668,0.17333333333333334,0.04829908690016019,0.016430711945475907,0.08202705097181334,2.9315918294776415e-09,-0.1561744114636451,2.000645316894789,3.8650010677109945,3.3650010677109945,-0.5,16.436429246574846,21.436429246574846,5.000000000000001,0.0,12.658192130269994,3.374278235482847,True,0,ok
26.166666666666668,0.1766666666666667,0.06758696452225954,0.03265682685296492,0.11241674688361597,6.7791712548823815e-12,-0.15222493532088802,2.2733853082225384,3.898107788360211,3.398107788360211,-0.5,16.23222232426408,21.23222232426408,5.000000000000001,0.0,12.45874268405512,3.408591491725789,True,0,ok
26.166666666666668,0.18,0.08733555163884751,0.04889152642427913,0.14315067021879227,1.4222785283545351e-09,-0.14848688760568715,2.6219911797928845,3.930957832964873,3.430957832964873,-0.5,16.03151166546896,21.03151166546896,5.000000000000001,0.0,12.26535874006709,3.4427740979249544,True,0,ok
26.166666666666668,0.18333333333333335,0.10745705450197993,0.06521506301365752,0.17432168896281705,1.2531989857830897e-09,-0.14497858011625966,3.080839340726844,3.963582556277534,3.463582556277534,-0.5,15.83385645733574,20.83385645733574,5.000000000000001,0.0,12.076535701822811,3.47680065643339,True,0,ok
26.166666666666668,0.18666666666666668,0.1279003291024885,0.08163197864195287,0.2059410173243163,1.8608657093350346e-09,-0.14169411088120093,3.7107701052679,3.9959973856218722,3.4959973856218722,-0.5,15.639026675287393,20.639026675287393,5.000000000000001,0.0,11.892022535867453,3.5106880630801407,True,0,ok
26.166666666666668,0.19,0.14865218221084026,0.09816654158370054,0.23802467086760176,7.659748753451171e-10,-0.13863320714052613,4.625552810332109,4.0281702456046755,3.5281702456046755,-0.5,15.447434735462647,20.447434735462647,5.000000000000001,0.0,11.711738288717815,3.544394744017868,True,0,ok
26.166666666666668,0.19333333333333336,0.16963277222655032,0.11472299074092471,0.2704893114990901,4.569880025274721e-11,-0.1357708605070706,6.0701753865057535,4.060085798010052,3.5600857980100518,-0.5,15.259265605217989,20.25926560521799,5.000000000000001,0.0,11.536048052282217,3.5778993245284525,True,0,ok
26.166666666666668,0.19666666666666668,0.19087163430368553,0.1313539555741803,0.3033843778118706,4.207449515309363e-10,-0.13311341577336622,8.687925205304245,4.091768479997949,3.591768479997949,-0.5,15.074158041380262,20.07415804138026,5.000000000000001,0.0,11.36448696716792,3.611228886730627,True,0,ok
26.166666666666668,0.2,0.21239641943074347,0.14809628879919026,0.33675541006034,6.605583733149263e-10,-0.13065836824972232,14.875415261582312,4.123246189502166,3.623246189502166,-0.5,14.891734933894682,19.891734933894682,5.000000000000001,0.0,11.196620599635224,3.6444177779758236,True,0,ok
26.233333333333334,0.1,0.021357644813014273,0.02743607307106776,-0.02481348162422308,6.660045036105256e-10,-0.30417564464587066,100.38364069868798,3.0957443886365787,3.5957443886365787,0.5,21.73337150525437,16.73337150525437,-5.000000000000001,0.0,10.113550721339646,3.6862028348151865,True,0,ok
26.233333333333334,0.10333333333333333,0.03173415260977867,0.05131424283029563,0.0196981676390374,4.822347787677689e-10,-0.29475071046061574,18.297673688286622,3.1358110309328358,3.6358110309328353,0.49999999999999956,21.432289329402522,16.432289329402522,-5.000000000000001,0.0,9.860429168408647,3.730928075552146,True,0,ok
26.233333333333334,0.10666666666666667,0.03866704513175769,0.05528882862076988,-0.03779638299371112,8.238568591418303e-10,-0.2885210539667996,14.360889184519106,3.173466343507402,3.6734663435074015,0.49999999999999956,21.173891250817178,21.173891250817178,0.0,0.0,11.72245036561119,3.6403564049603028,True,0,ok
26.233333333333334,0.11,0.045833343156441914,0.07932132184644379,0.003195924783431975,2.5656656210516983e-09,-0.2801190646968029,82.90786200586356,3.2126349905352263,3.7126349905352267,0.5000000000000004,20.88693162671139,20.88693162671139,0.0,0.0,11.484014103934916,3.6836794972270326,True,0,ok
26.233333333333334,0.11333333333333334,0.06428847235648674,0.10251279210836022,0.04347586097986331,9.605798489065207e-10,-0.2722036517461044,24.839598244799628,3.249959811324215,3.7499598113242154,0.5000000000000004,20.631524448752685,20.631524448752685,0.0,0.0,11.267370823677517,3.7245188420252777,True,0,ok
26.233333333333334,0.11666666666666667,0.06929643894224359,-0.07722512956180509,-0.0918818192810237,9.843805860373454e-10,-0.2494037067205777,1.5402595002210753,3.2885136379852584,3.2885136379852584,0.0,20.35358920861088,15.353589208610881,-5.000000000000001,0.0,10.012471539002073,3.397402385299336,True,0,ok
26.233333333333334,0.12000000000000001,0.046982892256750404,-0.05888765304945506,-0.05616423072343515,1.0704695417114233e-10,-0.2412177470344861,1.8320908583425128,3.3255601674451407,3.3255601674451407,0.0,20.100685456880424,15.100685456880425,-5.000000000000001,0.0,9.781337310591491,3.4373351257520435,True,0,ok
26.233333333333334,0.12333333333333334,0.02567393425501386,-0.040185848841214254,-0.019040752435326706,1.0659058418579649e-09,-0.23346994049278172,2.244982838302509,3.3634006038133264,3.3634006038133264,0.0,19.83344861370124,14.83344861370124,-5.000000000000001,0.0,9.544162668693097,3.4782279522298394,True,0,ok
26.233333333333334,0.12666666666666668,0.016343219517554353,-0.021705917544024282,0.018170184813835057,2.2654404156373016e-09,-0.22615399414571646,2.835941978439955,3.4001471103436773,3.4001471103436773,0.0,19.583806777726743,14.58380677772674,-5.000000000000001,0.0,9.322644108513584,3.517919663949588,True,0,ok
26.233333333333334,0.13,0.009758031409115955,0.012117847229885329,-0.01178199089530462,2.5894713927079547e-10,-0.2248295825134106,3.129959256996036,3.437432503396642,3.437432503396642,0.0,19.32457491282399,19.32457491282399,0.0,0.0,11.628065626920336,3.488089424350979,True,0,ok
26.233333333333334,0.13333333333333333,0.022851756382936607,0.03163299630477576,0.023789952798130832,1.387641193299402e-09,-0.218357375238545,3.942448156870789,3.4738307742920163,3.4738307742920163,0.0,19.079228371842632,19.079228371842632,0.0,0.0,11.40604437258616,3.5272868765991463,True,0,ok
26.233333333333334,0.13666666666666666,0.022687544528459676,0.007145634835718202,-0.038640832457221885,1.468883700372702e-10,-0.21433584217866106,2.348798303876749,3.5104441090785166,3.5104441090785166,0.0,18.82991265259279,23.82991265259279,5.000000000000001,0.0,13.002845177646432,3.4022592461903702,True,0,ok
26.233333333333334,0.14,0.01549607784661588,0.026153712745020707,-0.006030638070393525,3.3258384653630505e-10,-0.20832110473991702,2.7406196353766545,3.546497532642725,3.546497532642725,0.0,18.589015821725077,23.589015821725077,5.000000000000001,0.0,12.78944643218212,3.4401363070847295,True,0,ok
26.233333333333334,0.14333333333333334,0.030591484784183078,0.04541956136284382,0.027286998176962906,1.51913955122511e-09,-0.20267094910192193,3.276515316737068,3.5825059921555704,3.5825059921555704,0.0,18.348440459554485,23.348440459554485,5.000000000000001,0.0,12.580139678926479,3.4781906240795606,True,0,ok
26.233333333333334,0.14666666666666667,0.05135271699420322,0.06470573891495085,0.06102845221313082,2.4238677406412884e-09,-0.1973674185864561,4.03712505662367,3.618118414164672,3.618118414164672,0.0,18.113625904448252,23.113625904448252,5.000000000000001,0.0,12.377246611319592,3.5158585800953674,True,0,ok
26.233333333333334,0.15000000000000002,0.053841495889235265,-0.08137905207746055,-0.04554305569179103,1.0556936616789392e-10,-0.18249036902496454,1.0309538532475642,3.65356585051097,3.15356585051097,-0.5,17.881044514095294,17.881044514095294,0.0,0.0,11.667642028885995,3.240889801720319,True,0,ok
26.233333333333334,0.15333333333333335,0.03871821991103034,-0.06539078167197543,-0.01487774618565461,1.3822991245972604e-09,-0.17686437834254215,1.14767640794982,3.688707013993308,3.188707013993308,-0.5,17.652808367021734,17.652808367021734,0.0,0.0,11.446522481060548,3.2781774432932975,True,0,ok
26.233333333333334,0.15666666666666668,0.029985444254121304,-0.049308540698643655,0.01631099063580278,2.418846144460113e-09,-0.17153483768074643,1.2883134995159053,3.7236266933761843,3.2236266933761843,-0.5,17.42766211427113,17.42766211427113,0.0,0.0,11.230565791759036,3.315298313958176,True,0,ok
26.233333333333334,0.16,0.021958051296397368,-0.034824177552265634,-0.01528871178399027,3.1232612866531726e-09,-0.1723628044287683,1.424926893558121,3.758255828541823,3.258255828541823,-0.5,17.206571769475758,22.20657176947576,5.000000000000001,0.0,13.392461375770727,3.2609284942879815,True,0,ok
26.233333333333334,0.16333333333333333,0.01348722188058441,-0.018696597860655355,0.014005452174252447,3.0880620140946543e-09,-0.16749344516956982,1.5708557807186105,3.792673513207561,3.292673513207561,-0.5,16.98846269113085,21.98846269113085,5.000000000000001,0.0,13.174179046466827,3.296335669973465,True,0,ok
26.233333333333334,0.16666666666666669,0.025297574298759964,-0.0024711291921850394,0.043746946370225345,4.686605859265436e-10,-0.1628883119054421,1.7461427752801313,3.8268538430787995,3.3268538430787995,-0.5,16.773604010253287,21.773604010253287,5.000000000000001,0.0,12.961179427626073,3.3315896841731814,True,0,ok
26.233333333333334,0.17,0.04340426045600982,0.013825633535048171,0.07389615236637131,2.27527143296642e-10,-0.1585432848196748,1.959542225229328,3.8607397533864702,3.3607397533864702,-0.5,16.562805684823086,21.562805684823086,5.000000000000001,0.0,12.753901648875203,3.366615393402299,True,0,ok
26.233333333333334,0.17333333333333334,0.06284619523973561,0.03027885706309651,0.10455679596891555,6.095311121656028e-09,-0.15447761356780382,2.2238394718882026,3.8943902641341146,3.3943902641341146,-0.5,16.355235060148804,21.355235060148804,5.000000000000001,0.0,12.5505757804141,3.4014149088695294,True,0,ok
26.233333333333334,0.1766666666666667,0.08281157782543248,0.046762405972070466,0.13559701196381965,1.3604300320410565e-09,-0.15063023009559465,2.561417072185358,3.9278123668093614,3.4278123668093614,-0.5,16.15076993925676,21.150769939256765,5.000000000000001,0.0,12.35325198887965,3.436131468693131,True,0,ok
26.233333333333334,0.18,0.10315064600642312,0.06332346009852695,0.16706378038275532,2.450502618973278e-10,-0.14702072433227698,3.003985407313986,3.9609728368970707,3.4609728368970707,-0.5,15.94985144147992,20.94985144147992,5.000000000000001,0.0,12.160913290543167,3.470651345138285,True,0,ok
26.233333333333334,0.18333333333333335,0.12382274833665799,0.07998328707030324,0.1989947054731846,5.861372109202304e-11,-0.14364164738340762,3.609143602851789,3.993922677008304,3.493922677008304,-0.5,15.75176915720657,20.75176915720657,5.000000000000001,0.0,11.972965826851615,3.50503594180738,True,0,ok
26.233333333333334,0.18666666666666668,0.14478294241726916,0.09673501997381652,0.23136256645289907,2.1370044428740646e-09,-0.14048878357758904,4.480430017758328,4.026563641598247,3.526563641598247,-0.5,15.557807130953297,20.557807130953297,5.000000000000001,0.0,11.789795913379924,3.5391622337046513,True,0,ok
26.233333333333334,0.19,0.16600007437738099,0.1135377459230487,0.2641538459508044,3.142420532314686e-10,-0.1375473350251291,5.845576561629154,4.058995490838648,3.5589954908386483,-0.5,15.366618742664606,20.366618742664606,5.000000000000001,0.0,11.611012323742207,3.573148688658263,True,0,ok
26.233333333333334,0.19333333333333336,0.18748937533072116,0.13042610335846802,0.2973984350134316,4.97216365318692e-10,-0.13481824090858283,8.281360702649293,4.0912038740453465,3.5912038740453465,-0.5,15.178369745294644,20.178369745294646,5.000000000000001,0.0,11.436369272253154,3.6069759344210013,True,0,ok
26.233333333333334,0.19666666666666668,0.20926475866056016,0.14742383353019006,0.33112147462683583,6.917293912877885e-11,-0.13229795503454247,13.841964537359608,4.12318954789627,3.6231895478962697,-0.5,14.993034218573333,19.993034218573335,5.000000000000001,0.0,11.265634944580613,3.640644397538049,True,0,ok
26.233333333333334,0.2,0.23128959977152955,0.16448036029542304,0.3652818746728487,1.9718369562215905e-09,-0.12997538400855446,39.17546773954097,4.154960130073464,3.654960130073464,-0.5,14.810499827336162,19.810499827336162,5.000000000000001,0.0,11.098857112779497,3.674157700191238,True,0,ok
26.3,0.1,0.023045574555909817,0.039536888915493784,-0.005489074122281275,7.989804103888796e-10,-0.3013657357000229,44.99215999792805,3.117486407783197,3.617486407783197,0.5,21.664211210669226,16.664211210669226,-5.000000000000001,0.0,10.039240064906055,3.708294688685099,True,0,ok
26.3,0.10333333333333333,0.04267083685760976,0.04325260502439522,-0.059930068521485115,1.268280922432462e-09,-0.2947105800456097,10.065883234717232,3.15684324948273,3.65684324948273,0.5,21.382510446445067,21.382510446445067,0.0,0.0,11.877164025278853,3.6183734397148952,True,0,ok
26.3,0.10666666666666667,0.040370964637507875,0.06712833359059836,-0.01957629144240751,6.361734035871916e-10,-0.2858581808032091,24.003860306625743,3.1958914287697877,3.6958914287697873,0.49999999999999956,21.10518508590968,21.10518508590968,0.0,0.0,11.639760919446413,3.661119526820703,True,0,ok
26.3,0.11,0.054037568074093524,0.09108237716541273,0.0215447640965685,8.711261931950181e-08,-0.27757789043962433,71.82512526445306,3.234717946154851,3.734717946154851,0.5,20.83040480633689,20.83040480633689,0.0,0.0,11.409495905738439,3.703804300990299,True,0,ok
26.3,0.11333333333333334,0.07590491436513454,0.11515166976793795,0.06344100427949564,1.9961858674843096e-09,-0.2698390376466811,14.895186775762463,3.273220978570674,3.7732209785706736,0.49999999999999956,20.56031272303482,20.56031272303482,0.0,0.0,11.186427489642128,3.7462598918687244,True,0,ok
26.3,0.11666666666666667,0.05695533095938027,-0.06584749604604728,-0.07345635737322811,2.3116880266823717e-09,-0.24651798010988973,1.7201732878969467,3.3116107644715655,3.3116107644715655,0.0,20.291041317791592,15.29104131779159,-5.000000000000001,0.0,9.940296651820315,3.4210385557732454,True,0,ok
26.3,0.12000000000000001,0.03436222541616788,-0.04699529796715808,-0.0365202625351,5.029602233541724e-10,-0.238454204015835,2.0845325294249273,3.3495997085652114,3.3495997085652114,0.0,20.02780809620081,15.02780809620081,-5.000000000000001,0.0,9.703167328259754,3.4620385981530757,True,0,ok
26.3,0.12333333333333334,0.01621519899785622,-0.028059232220656236,0.0012155339598379027,7.812584690491116e-11,-0.23084275561366946,2.6084165508936055,3.387463249232608,3.387463249232608,0.0,19.76578591018523,14.765785910185228,-5.000000000000001,0.0,9.470717880397139,3.5029491670457946,True,0,ok
26.3,0.12666666666666668,0.0163567116540616,0.004788348928044327,-0.02792306865202377,2.7746743717478373e-09,-0.22920537449544148,2.8985297699493353,3.425006012999364,3.425006012999364,0.0,19.508436951371674,19.508436951371674,0.0,0.0,11.773023483741179,3.4720226977473208,True,0,ok
26.3,0.13,0.015064559552837718,0.024788005039126003,0.008147249213269474,1.1233746842309898e-08,-0.22247994995381692,3.609608774687439,3.462398033995426,3.462398033995426,0.0,19.25285030061879,19.25285030061879,0.0,0.0,11.541520196728017,3.5122771560977375,True,0,ok
26.3,0.13333333333333333,0.02894695178570802,0.005132560161794606,-0.049874190512106224,2.573665849064769e-09,-0.21853063741621412,2.3277677165854276,3.4994039674140445,3.4994039674140445,0.0,19.00298629660249,24.00298629660249,5.000000000000001,0.0,13.186940642417392,3.395645357779349,True,0,ok
26.3,0.13666666666666666,0.015790445806534,0.017725298785831536,-0.02082854577881664,4.563046439901396e-10,-0.21189057702843492,2.5500551957291013,3.5362809609174177,3.5362809609174177,0.0,18.754635954318548,23.754635954318548,5.000000000000001,0.0,12.892598947823915,3.422885726340616,True,0,ok
26.3,0.14,0.0226762495861351,0.03720019463050253,0.012600889069062048,1.4138221924220094e-10,-0.20601142837945502,3.021311185861647,3.5727964271382184,3.5727964271382184,0.0,18.511561076309842,23.511561076309842,5.000000000000001,0.0,12.680495137423739,3.461435842978219,True,0,ok
26.3,0.14333333333333334,0.042466875899763466,0.056859801846644915,0.046661221372952914,4.785889601508849e-08,-0.20049965984148166,3.683741096677869,3.609139960109077,3.609139960109077,0.0,18.270752986766993,23.270752986766993,5.000000000000001,0.0,12.473316548371681,3.499965193652583,True,0,ok
26.3,0.14666666666666667,0.058849778433263084,-0.08502685890903713,-0.056216745983693875,1.1127334906376909e-09,-0.18589187603925042,1.0129258284831464,3.645136660403162,3.145136660403162,-0.5,18.03493892731398,18.03493892731398,0.0,0.0,11.799099969101341,3.230267499258786,True,0,ok
26.3,0.15000000000000002,0.042298966858686456,-0.06876763108088423,-0.025270945915421752,3.0922899222810515e-10,-0.18008110591393445,1.1267617870782267,3.680953748397193,3.180953748397193,-0.5,17.801548884218615,17.801548884218615,0.0,0.0,11.572309360228685,3.2682326995434594,True,0,ok
26.3,0.15333333333333335,0.030487227248886386,-0.05244637736810533,0.0061474040812362785,3.1875687489080236e-09,-0.1745801875689851,1.2634208848688997,3.716433491813994,3.216433491813994,-0.5,17.57295548579908,17.57295548579908,0.0,0.0,11.35203699261918,3.305902002069605,True,0,ok
26.3,0.15666666666666668,0.026325623670583748,-0.038379439139808985,-0.024619789524878043,1.3831877182731941e-09,-0.17526839834781605,1.3981008176610157,3.7517314160640627,3.2517314160640627,-0.5,17.346832981694796,22.346832981694796,5.000000000000001,0.0,13.504430165082296,3.2511678100065264,True,0,ok
26.3,0.16,0.01304896148892016,-0.022070417569683733,0.00487061147267214,5.879698010698625e-09,-0.1702342929478132,1.53942218874496,3.7866376464804077,3.2866376464804077,-0.5,17.126216405236356,22.12621640523636,5.000000000000001,0.0,13.282231374751541,3.2869844858266624,True,0,ok
26.3,0.16333333333333333,0.020390226858397274,-0.005612039448070928,0.034868166961341866,9.329404788062935e-11,-0.16548738790869752,1.7095441853670954,3.821409032666128,3.321409032666128,-0.5,16.90744055169362,21.90744055169362,5.000000000000001,0.0,13.064750101228345,3.3227726360890992,True,0,ok
26.3,0.16666666666666669,0.038227282624651984,0.010931063051648753,0.06530304182161736,5.474657654774124e-09,-0.1610077762371389,1.9165592331315746,3.8559055780455322,3.3559055780455322,-0.5,16.692430467084606,21.692430467084606,5.000000000000001,0.0,12.852904351892033,3.35836296655411,True,0,ok
26.3,0.17,0.05775287575547661,0.02755122659163933,0.09616191495274362,6.22465751285832e-10,-0.15679019170070338,2.172987497491944,3.8901119555211103,3.3901119555211103,-0.5,16.481406725046682,21.481406725046686,5.000000000000001,0.0,12.646721604607276,3.393731579188562,True,0,ok
26.3,0.17333333333333334,0.07797697336936363,0.04434598258611881,0.1275721715579409,4.770553952063681e-08,-0.15285448302147814,2.497889829823319,3.924119604747749,3.424119604747749,-0.5,16.273080984774637,21.273080984774637,5.000000000000001,0.0,12.444119200285577,3.428916294101015,True,0,ok
26.3,0.1766666666666667,0.09851438533413948,0.06112622199190089,0.15930736749531324,2.5946697477189746e-09,-0.14913273634238516,2.9226518391100784,3.9577874364567704,3.4577874364567704,-0.5,16.0693529907034,21.0693529907034,5.000000000000001,0.0,12.248392830070014,3.463889206586494,True,0,ok
26.3,0.18,0.11939278466353974,0.07800865675148225,0.19151647595173774,1.3333328026826632e-09,-0.14564948447836004,3.5004694565412153,3.9912389278783746,3.4912389278783746,-0.5,15.868528433382597,20.868528433382597,5.000000000000001,0.0,12.05719887510593,3.4987239620674964,True,0,ok
26.3,0.18333333333333335,0.1405938657362056,0.09501704175397585,0.224213440775244,8.749037665833939e-12,-0.142405574861387,4.328536019397079,4.024437383389635,3.5244373833896354,-0.5,15.671073424614718,20.67107342461472,5.000000000000001,0.0,11.870480006595473,3.533372762184122,True,0,ok
26.3,0.18666666666666668,0.1620477286991477,0.11206961501143435,0.25733013916144104,2.7792041624613926e-10,-0.13937989369740283,5.612083865417365,4.057401270483309,3.557401270483309,-0.5,15.47672758604318,20.476727586043182,5.000000000000001,0.0,11.68845881177447,3.5678544795437492,True,0,ok
26.3,0.19,0.18378629053210832,0.12921733857092796,0.2909210909770958,9.906939882581344e-09,-0.13657392693019807,7.86435834828805,4.090147588739539,3.590147588739539,-0.5,15.285246781598104,20.285246781598104,5.000000000000001,0.0,11.510616801743774,3.602188721302593,True,0,ok
26.3,0.19333333333333336,0.20580392257682112,0.14646443460502948,0.3249829734614532,1.220943137531251e-09,-0.1339821599824553,12.819799084251688,4.1226390468980325,3.6226390468980325,-0.5,15.097094672986959,20.09709467298696,5.000000000000001,0.0,11.336995601966054,3.6363284853698024,True,0,ok
26.3,0.19666666666666668,0.2280538113521729,0.1637486409002594,0.359460714432155,2.477940639260908e-09,-0.13158962241681332,32.52380680985636,4.154863645911062,3.654863645911062,-0.5,14.912406058196309,19.91240605819631,5.000000000000001,0.0,11.167734950664943,3.6702533619491784,True,0,ok
26.3,0.2,0.2505709653579016,0.18111558961158114,0.39440406848918463,2.659491119829243e-10,-0.12939916812191385,68.00179824168205,4.186862752978221,3.6868627529782207,-0.5,14.730610132649844,19.730610132649844,5.000000000000001,0.0,11.002367203876048,3.704013143077704,True,0,ok
26.366666666666667,0.1,0.03111028269289133,0.05191822299525669,0.014423840983234718,2.200728672107043e-11,-0.2986093030268455,18.527694010626444,3.139634278256351,3.6396342782563504,0.49999999999999956,21.592587204901577,16.592587204901577,-5.000000000000001,0.0,9.963869725453009,3.7308244211268184,True,0,ok
26.366666666666667,0.10333333333333333,0.03999625187779365,0.05439446193027957,-0.042899219155260876,2.3833189398581795e-10,-0.291912109449854,13.725480494217768,3.178310168972578,3.678310168972578,0.5,21.329765682974212,21.329765682974212,0.0,0.0,11.801891160128863,3.637659387172828,True,0,ok
26.366666666666667,0.10666666666666667,0.045737293730612964,0.07921476758899437,-0.0008489459480366007,4.94703458255219e-09,-0.2832378596112144,72.68434957494219,3.218734973996396,3.718734973996396,0.5,21.034032628176625,21.034032628176625,0.0,0.0,11.556464629458493,3.6823193929384943,True,0,ok
26.366666666666667,0.11,0.06396188519620757,0.1031380829219624,0.04044631163333585,1.5032515377576516e-10,-0.27508619342157475,25.118027116527788,3.25721329627044,3.7572132962704394,0.49999999999999956,20.77160483601092,20.77160483601092,0.0,0.0,11.3340128762652,3.724341191342179,True,0,ok
26.366666666666667,0.11333333333333334,0.0675296813338909,-0.07319440335289454,-0.09123241146097333,6.330435450620162e-10,-0.25207150520212157,1.616064924363662,3.2969159453155306,3.2969159453155306,0.0,20.486630618943906,15.486630618943908,-5.000000000000001,0.0,10.104832722477726,3.4039304968462587,True,0,ok
26.366666666666667,0.11666666666666667,0.04433948772465999,-0.054170024637893416,-0.05443876326466134,6.592882854784032e-11,-0.24367883072417,1.9390495623995228,3.3351389273869136,3.3351389273869136,0.0,20.22614448187425,15.22614448187425,-5.000000000000001,0.0,9.86677143943466,3.445127065222356,True,0,ok
26.366666666666667,0.12000000000000001,0.0221636995991877,-0.034788056420763123,-0.016232063030770336,2.2183014905788938e-10,-0.23574736763119172,2.404561352261603,3.3740871919158177,3.3740871919158177,0.0,19.95244951453327,14.95244951453327,-5.000000000000001,0.0,9.623643134428312,3.487216958891811,True,0,ok
26.366666666666667,0.12333333333333334,0.015631330873532003,-0.015620128973353234,0.02211395680309869,5.504576839933922e-10,-0.22827228167580876,3.0908101943830846,3.411947630124207,3.411947630124207,0.0,19.69614355982858,14.696143559828581,-5.000000000000001,0.0,9.39623071234263,3.5281139912244956,True,0,ok
26.366666666666667,0.12666666666666668,0.011144510438081144,0.0175979372428211,-0.007931767994036396,2.9345469560362957e-09,-0.22678730006177586,3.3160814767441136,3.450327540326912,3.450327540326912,0.0,19.430566418097627,19.430566418097627,0.0,0.0,11.681249269621851,3.496598304090488,True,0,ok
26.366666666666667,0.13,0.027380320664742355,0.037773063286828425,0.028674754908134818,2.2076392765021027e-09,-0.22019391993053392,4.250539881699042,3.487772657826119,3.487772657826119,0.0,19.1795432582356,19.1795432582356,0.0,0.0,11.454318485017264,3.536871096208706,True,0,ok
26.366666666666667,0.13333333333333333,0.021486775679455485,0.008655965972625232,-0.03619556382180658,2.471714055148826e-11,-0.21560132661279682,2.3699312373610883,3.525469530885477,3.525469530885477,0.0,18.92394255696962,23.923942556969624,5.000000000000001,0.0,12.995323510656029,3.4044546937822604,True,0,ok
26.366666666666667,0.13666666666666666,0.016445700010307592,0.028362286239114885,-0.0026389137495526024,5.4841410216698655e-09,-0.20947939298919957,2.785099711595632,3.5625287316060303,3.5625287316060303,0.0,18.677920035251358,23.677920035251358,5.000000000000001,0.0,12.780334440222417,3.4435692653997108,True,0,ok
26.366666666666667,0.14,0.03340540677073768,0.048393390982824074,0.03171503292980889,2.1298678820392343e-10,-0.20374392078412318,3.3629135774177596,3.599586703700066,3.599586703700066,0.0,18.43150334028073,23.43150334028073,5.000000000000001,0.0,12.569291363055218,3.4829652826808473,True,0,ok
26.366666666666667,0.14333333333333334,0.05506418809026778,0.06839971318451263,0.06646558257021128,4.1699510786903803e-10,-0.19837013676753962,4.1973023156847455,3.636173069049311,3.636173069049311,0.0,18.191957340106953,23.191957340106956,5.000000000000001,0.0,12.365046196407949,3.5218408194285633,True,0,ok
26.366666666666667,0.14666666666666667,0.04670331587469438,-0.072413119491933,-0.036054670522991376,3.0235207045223665e-09,-0.18341782475504764,1.105060250329568,3.6726323041885465,3.1726323041885465,-0.5,17.954033563737024,17.954033563737024,0.0,0.0,11.70189800151302,3.2576852225995125,True,0,ok
26.366666666666667,0.15000000000000002,0.03233950159836573,-0.055841284612361444,-0.004391016252912836,2.4285897952516946e-10,-0.17773419943041396,1.2377114537656566,3.7087177369101196,3.2087177369101196,-0.5,17.721423288780205,17.721423288780205,0.0,0.0,11.476783018159088,3.295951015035524,True,0,ok
26.366666666666667,0.15333333333333335,0.027741324921231013,-0.0391523395684542,0.027853862056677055,3.91876731617504e-11,-0.17235978126457885,1.3997504314165492,3.7446132437188937,3.2446132437188937,-0.5,17.491401253321015,17.491401253321015,0.0,0.0,11.25658510317229,3.33409269390738,True,0,ok
26.366666666666667,0.15666666666666668,0.015053681646792674,-0.025666823335429755,-0.004588482672603622,1.618767300479348e-09,-0.17307237844308795,1.5075755899613068,3.78013853409737,3.28013853409737,-0.5,17.266546571914283,22.266546571914287,5.000000000000001,0.0,13.393090888867867,3.277170124464131,True,0,ok
26.366666666666667,0.16,0.015696353383175897,-0.008975145539219536,0.025662682851534415,1.2167034004468473e-09,-0.16817564895225176,1.6724673843350184,3.8155169646988956,3.3155169646988956,-0.5,17.043739020418304,22.043739020418307,5.000000000000001,0.0,13.170959268898127,3.3135042118498643,True,0,ok
26.366666666666667,0.16333333333333333,0.03286095356622984,0.007813837562889678,0.0563779278653137,6.651788846086908e-10,-0.1635523227635725,1.8729141811753158,3.8506277818506565,3.3506277818506565,-0.5,16.82457299753039,21.82457299753039,5.000000000000001,0.0,12.954449044609422,3.3496567955650014,True,0,ok
26.366666666666667,0.16666666666666669,0.05247852172751272,0.024652269700555157,0.08748857826440068,5.902389433545265e-11,-0.15919879484219612,2.1201698171560883,3.8853772795019976,3.3853772795019976,-0.5,16.610365761713307,21.610365761713307,5.000000000000001,0.0,12.744332778571728,3.385505705366148,True,0,ok
26.366666666666667,0.17,0.07287947930667045,0.04166463033366493,0.119156678751941,4.1403237685163175e-10,-0.1551369115396939,2.4322766629246555,3.919913440946607,3.419913440946607,-0.5,16.399048083327614,21.399048083327617,5.000000000000001,0.0,12.537923108621163,3.4211481319961154,True,0,ok
26.366666666666667,0.17333333333333334,0.09364306646142913,0.05869795344022705,0.1512006016880483,7.072995897266787e-10,-0.15130089769250094,2.839894580122231,3.9541696683956786,3.4541696683956786,-0.5,16.191507855165234,21.191507855165234,5.000000000000001,0.0,12.338160585449353,3.4566662166112807,True,0,ok
26.366666666666667,0.1766666666666667,0.11474500702967223,0.07582495182696784,0.1837112587599263,4.772191315816607e-11,-0.14771236440926505,3.3912722606336123,3.9881781379940136,3.4881781379940136,-0.5,15.987294164017344,20.987294164017346,5.000000000000001,0.0,12.143322625943604,3.4920115477802924,True,0,ok
26.366666666666667,0.18,0.13615662153545868,0.09304918953966826,0.21669731214267815,1.1029094003635712e-09,-0.14436427926457293,4.176794093262206,4.021948608678167,3.5219486086781666,-0.5,15.78625030458028,20.786250304580282,5.000000000000001,0.0,11.953179767831768,3.527193893170521,True,0,ok
26.366666666666667,0.18333333333333335,0.15788083739914985,0.1103995013661954,0.2501819868648936,2.399618358389035e-09,-0.1412568986517092,5.380947818731881,4.055458278167098,3.555458278167098,-0.5,15.588659907215918,20.58865990721592,5.000000000000001,0.0,11.767547667047117,3.5621822087583648,True,0,ok
26.366666666666667,0.18666666666666668,0.17985757804665126,0.12779625002492784,0.28410273427404364,4.585220799807921e-09,-0.13836670442747692,7.456366573997935,4.088729189505778,3.588729189505778,-0.5,15.3942136937697,20.3942136937697,5.000000000000001,0.0,11.58657035783827,3.597001191996913,True,0,ok
26.366666666666667,0.19,0.20210202507988878,0.14527728916114996,0.31848107459967473,1.981388106513291e-10,-0.13569477708863495,11.85509128234582,4.121702956118948,3.6217029561189484,-0.5,15.203635700557978,20.203635700557978,5.000000000000001,0.0,11.410174881715767,3.6315778739746385,True,0,ok
26.366666666666667,0.19333333333333336,0.22460853106935114,0.16282493430343695,0.35331999300418376,7.091399534470344e-11,-0.13323486332964415,27.45743797788764,4.154455272727883,3.6544552727278834,-0.5,15.01592435611431,20.01592435611431,5.000000000000001,0.0,11.237953853671055,3.6659991417454045,True,0,ok
26.366666666666667,0.19666666666666668,0.24739258093204433,0.18046214644589514,0.3886420988529094,6.899084846017752e-10,-0.1309838682311886,103.22712343984844,4.186982429399996,3.686982429399996,-0.5,14.83110412188027,19.83110412188027,5.000000000000001,0.0,11.069699432524343,3.7002599815483523,True,0,ok
26.366666666666667,0.2,0.27046488418847225,0.19820319936920935,0.424463487825585,4.65558946513451e-10,-0.1289373649269528,18.52164306884611,4.2192840661250886,3.7192840661250886,-0.5,14.649161221592166,19.649161221592166,5.000000000000001,0.0,10.905241868206483,3.7343588369361735,True,0,ok
26.433333333333334,0.1,0.04179390897005773,0.06403671072467035,0.03375636474144222,4.725726131534374e-09,-0.2959220613945511,12.052611714166307,3.1608705445903436,3.6608705445903436,0.5,21.539951414163454,16.539951414163454,-5.000000000000001,0.0,9.900585918068744,3.7521285369601216,True,0,ok
26.433333333333334,0.10333333333333333,0.040815869585500965,0.06620907075718871,-0.024782344108889662,5.3197461658719755e-09,-0.2892219250906911,22.176525458908262,3.20077971676551,3.70077971676551,0.5,21.261322701258766,21.261322701258766,0.0,0.0,11.718750956289327,3.658339782029163,True,0,ok
26.433333333333334,0.10666666666666667,0.053542370781346604,0.09105775461414507,0.017573893458529208,3.4262775289628553e-11,-0.2806818201399435,80.96582346062488,3.241049594980804,3.7410495949808045,0.5000000000000004,20.974730939193062,20.974730939193062,0.0,0.0,11.479994605113276,3.7026286420557013,True,0,ok
26.433333333333334,0.11,0.07535948251596328,0.11575022522640953,0.0603244575214464,3.944415384619876e-10,-0.2726990693681086,15.037830360001037,3.280550979857449,3.7805509798574484,0.49999999999999956,20.70053948891576,20.70053948891576,0.0,0.0,11.252845097862554,3.746036207486195,True,0,ok
26.433333333333334,0.11333333333333334,0.05504125407009781,-0.06168882401797842,-0.0726849911612161,3.67949664453577e-10,-0.2491865419172676,1.8082912047415685,3.3202166519605902,3.3202166519605902,0.0,20.422279678936327,15.422279678936327,-5.000000000000001,0.0,10.031067624730401,3.427750350401239,True,0,ok
26.433333333333334,0.11666666666666667,0.03153592571198059,-0.042167731773815234,-0.03471924867542852,2.2301977013952445e-09,-0.2409197025279972,2.2128279589934836,3.3592838068265776,3.3592838068265776,0.0,20.153339153247394,15.153339153247392,-5.000000000000001,0.0,9.788333275157546,3.4699043433955556,True,0,ok
26.433333333333334,0.12000000000000001,0.013224835180471645,-0.022525901859033436,0.004156024794092958,3.531027654012687e-10,-0.2331298968620713,2.809943971300082,3.398309156477515,3.398309156477515,0.0,19.884136427431873,14.884136427431871,-5.000000000000001,0.0,9.549477994526654,3.5120720011166124,True,0,ok
26.433333333333334,0.12333333333333334,0.015483957298927181,0.009696414309732,-0.025004766554379693,4.130230543316752e-10,-0.2313105808799639,3.044322044983601,3.4369535208910715,3.4369535208910715,0.0,19.620534951022496,19.620534951022496,0.0,0.0,11.831245170336302,3.479472120458977,True,0,ok
26.433333333333334,0.12666666666666668,0.018876541746279587,0.03037177849563606,0.012104815401695307,2.6175416859570794e-09,-0.2244488389115707,3.8467818633357407,3.4754340586855395,3.4754340586855395,0.0,19.358851796940773,19.358851796940773,0.0,0.0,11.594391815134863,3.5208421760723434,True,0,ok
26.433333333333334,0.13,0.027526006564685748,0.008266752640628941,-0.04695427470397153,1.2536797136724914e-09,-0.22007556931007846,2.3808029396124524,3.5135371460822484,3.5135371460822484,0.0,19.102689322971433,24.102689322971433,5.000000000000001,0.0,13.20556852513455,3.4003401459197495,True,0,ok
26.433333333333334,0.13333333333333333,0.015255945271862609,0.018685954196348147,-0.018683327171202146,2.2526890777581935e-10,-0.21310839445233032,2.56203757275689,3.551453676128769,3.551453676128769,0.0,18.84890889569827,23.848908895698273,5.000000000000001,0.0,12.879687909248046,3.4241776847548415,True,0,ok
26.433333333333334,0.13666666666666666,0.024266259901124368,0.0389553592081485,0.01578081422902092,1.0534601092858876e-10,-0.20712851975524707,3.060847089574714,3.5890374365691535,3.5890374365691535,0.0,18.59989979227627,23.59989979227627,5.000000000000001,0.0,12.66636168498772,3.4641542217202725,True,0,ok
26.433333333333334,0.14,0.04514683107631148,0.05938842567173252,0.050869676280983746,5.8538328678318976e-09,-0.2015346645189826,3.7717349788511556,3.6263843227581254,3.6263843227581254,0.0,18.35411718499699,23.35411718499699,5.000000000000001,0.0,12.458378523587763,3.504013602049963,True,0,ok
26.433333333333334,0.14333333333333334,0.05196870065418652,-0.07647112880823795,-0.047480564464285994,4.700320537765827e-11,-0.18692153457545102,1.0817215404025202,3.6634134834550354,3.1634134834550354,-0.5,18.112838123344847,18.112838123344847,0.0,0.0,11.837607433356103,3.2461855009289255,True,0,ok
26.433333333333334,0.14666666666666667,0.03557051958645994,-0.05961910174282599,-0.015535388579972914,7.055226905479465e-10,-0.18104300779130608,1.2103111371921604,3.7002016201388948,3.2002016201388948,-0.5,17.874866598605216,17.874866598605216,0.0,0.0,11.60656635425631,3.2851535545824477,True,0,ok
26.433333333333334,0.15000000000000002,0.026513241780905812,-0.04268551601912207,0.01693524996505638,2.5294816082918676e-08,-0.17548808960756485,1.3666924041268012,3.7366782907994995,3.2366782907994995,-0.5,17.641266384881362,17.641266384881362,0.0,0.0,11.381866281332384,3.3238614754938722,True,0,ok
26.433333333333334,0.15333333333333335,0.019063198935615457,-0.029615723362562036,-0.014598821551368628,6.56764694008636e-09,-0.1760522204999276,1.4743735390685855,3.772899225832487,3.272899225832487,-0.5,17.41117127044154,22.41117127044154,5.000000000000001,0.0,13.508569704334151,3.266613288554722,True,0,ok
26.433333333333334,0.15666666666666668,0.011739822214623368,-0.012727604519543856,0.015858069242090773,5.8620362624700494e-09,-0.17098467573047935,1.633248063845146,3.8088094574821993,3.3088094574821993,-0.5,17.18541738466433,22.185417384664333,5.000000000000001,0.0,13.28216897731347,3.3033976999239103,True,0,ok
26.433333333333334,0.16,0.02714156872086765,0.004285436022780643,0.04681484055279221,6.2981039729303875e-09,-0.1662094526928908,1.826361313939134,3.844507225478386,3.344507225478386,-0.5,16.962545421066693,21.962545421066693,5.000000000000001,0.0,13.061184750650098,3.3400698131130038,True,0,ok
26.433333333333334,0.16333333333333333,0.04681402719104523,0.02137878718762588,0.07821513206482471,5.719551245104266e-10,-0.16171442677963027,2.0644687610706396,3.879891074156992,3.379891074156992,-0.5,16.74395809637155,21.74395809637155,5.000000000000001,0.0,12.846300600138132,3.376502698632206,True,0,ok
26.433333333333334,0.16666666666666669,0.06739085273330372,0.03862292534525095,0.11014922030654899,4.692617846430549e-11,-0.1575226788006463,2.3635138674207914,3.915003993903537,3.415003993903537,-0.5,16.529055176101725,21.529055176101725,5.000000000000001,0.0,12.635675950592208,3.4126518435793796,True,0,ok
26.433333333333334,0.17,0.08837776851020424,0.05591283210860698,0.1424978775495427,2.2225458974664644e-09,-0.1535647050075025,2.7532214961747403,3.9498682680349906,3.4498682680349906,-0.5,16.3175010297383,21.3175010297383,5.000000000000001,0.0,12.431657742324083,3.4487321058269718,True,0,ok
26.433333333333334,0.17333333333333334,0.10969918333387745,0.07328522212079983,0.17530262032001687,9.720167207692837e-10,-0.14986301388371015,3.2770389674491227,3.9844450093908907,3.4844450093908907,-0.5,16.10980728632587,21.109807286325875,5.000000000000001,0.0,12.233021425753991,3.484595183715845,True,0,ok
26.433333333333334,0.1766666666666667,0.13134864923864953,0.09076915841260642,0.20861055306844023,3.4048396303270837e-10,-0.14641068427802656,4.018360896943444,4.018799941658629,3.518799941658629,-0.5,15.905070207799158,20.90507020779916,5.000000000000001,0.0,12.039057132994978,3.5203203702041863,True,0,ok
26.433333333333334,0.18,0.15328551655291953,0.10834863579293932,0.24238383171427727,4.1973155736060437e-10,-0.14320226267525996,5.13904617429266,4.052817644713894,3.552817644713894,-0.5,15.704788383906553,20.704788383906553,5.000000000000001,0.0,11.850238317082486,3.555762206868718,True,0,ok
26.433333333333334,0.18333333333333335,0.175485053900145,0.12598298223336832,0.2766103769105511,4.706145371217934e-09,-0.14021997057578434,7.034239991587512,4.086602960029239,3.5866029600292393,-0.5,15.507556590691218,20.507556590691216,5.000000000000001,0.0,11.666142477476281,3.591046770501697,True,0,ok
26.433333333333334,0.18666666666666668,0.19796316802855843,0.14370445957717004,0.31131539631914007,7.410407222947688e-10,-0.1374653517907526,10.91275726915358,4.1201349120176225,3.6201349120176225,-0.5,15.31361956131051,20.31361956131051,5.000000000000001,0.0,11.486552938988817,3.6261453140916076,True,0,ok
26.433333333333334,0.19,0.2207422889446183,0.1615427738804221,0.34653341338541493,1.1122475350620864e-09,-0.13493502214166642,23.262566935964472,4.153425975583053,3.653425975583053,-0.5,15.122798369431429,20.12279836943143,5.000000000000001,0.0,11.311128996191869,3.6610725781380187,True,0,ok
26.433333333333334,0.19333333333333336,0.24379017262215472,0.17945157425423305,0.38222778195612295,2.264864893504806e-09,-0.1326179477610719,262.060416870778,4.1864926096915,3.6864926096915003,-0.5,14.934862530672063,19.934862530672063,5.000000000000001,0.0,11.13987066480645,3.6958427741418562,True,0,ok
26.433333333333334,0.19666666666666668,0.26711051607845393,0.19744441998170228,0.41840146321109245,2.384938906392288e-09,-0.1305082174018374,20.527203710051158,4.219285334674297,3.7192853346742973,-0.5,14.750414304011644,19.750414304011645,5.000000000000001,0.0,10.97279796127765,3.7303950377708506,True,0,ok
26.433333333333334,0.2,0.2906811261717944,0.21548832753528066,0.4550289353805488,3.902720419706523e-09,-0.12859707110974292,10.898279486274932,4.251814627177816,3.751814627177816,-0.5,14.569296107623428,19.56929610762343,5.000000000000001,0.0,10.809835251315986,3.7647371088286046,True,0,ok
26.5,0.1,0.04153496025707018,0.053087395019670615,-0.048550872913827675,2.1185801785907215e-09,-0.29546574160975964,13.01641427237259,3.1826987245933465,3.6826987245933465,0.5,21.48573453390641,21.48573453390641,0.0,0.0,11.881926899513662,3.6343971392922683,True,0,ok
26.5,0.10333333333333333,0.045453456417060376,0.07851815280872151,-0.005740189916628543,1.0716630492036443e-08,-0.2864888649312249,59.50372977258557,3.224073513771268,3.724073513771268,0.5,21.18749090852321,21.18749090852321,0.0,0.0,11.632606995158968,3.6799035688119917,True,0,ok
26.5,0.10666666666666667,0.06334347020653049,0.10334835874918782,0.0368280110414073,3.24249106932121e-10,-0.27808654857053616,25.90938042803797,3.264007017877358,3.7640070178773577,0.49999999999999956,20.913344948555267,20.913344948555267,0.0,0.0,11.401786470994146,3.723535528793539,True,0,ok
26.5,0.11,0.06616473412303717,-0.06946239422691167,-0.09114983221587247,4.0015327159581503e-10,-0.25487473627433155,1.690224431501196,3.3047512819153053,3.3047512819153053,0.0,20.62391107490654,15.62391107490654,-5.000000000000001,0.0,10.200632258214148,3.4097709803811735,True,0,ok
26.5,0.11333333333333334,0.04203517801102903,-0.04970182994909526,-0.05320335206514637,3.673124346280752e-10,-0.24625871202748056,2.046955415231401,3.344263993942526,3.344263993942526,0.0,20.354490941231052,15.354490941231052,-5.000000000000001,0.0,9.954577421317413,3.4523559755373685,True,0,ok
26.5,0.11666666666666667,0.01889408999112102,-0.02962277089099948,-0.013908679107560594,3.4565334914950403e-10,-0.23813160999977886,2.569995389311848,3.3843286403614004,3.3843286403614004,0.0,20.074804750462746,15.074804750462746,-5.000000000000001,0.0,9.705712816149145,3.4956458029779696,True,0,ok
26.5,0.12000000000000001,0.015823473121332282,-0.009731589423309065,0.02562114502048474,2.159120708446885e-09,-0.23048621862207722,3.3668421472992156,3.423366262285595,3.423366262285595,0.0,19.811346836523235,14.811346836523235,-5.000000000000001,0.0,9.47197999060934,3.537815464899163,True,0,ok
26.5,0.12333333333333334,0.013446052249867084,0.022855719401536426,-0.004472700968843318,2.5456188096818382e-09,-0.22882177007180554,3.5083947639189335,3.462883733237298,3.462883733237298,0.0,19.539263849336223,19.539263849336223,0.0,0.0,11.736126736428842,3.5046092262112336,True,0,ok
26.5,0.12666666666666668,0.031704153764315735,0.04372598262607234,0.03321894852517779,1.1611121055436964e-08,-0.22209799267579028,4.5838031227901155,3.501440621643374,3.501440621643374,0.0,19.282027017291114,19.282027017291114,0.0,0.0,11.50385549651929,3.546024898450843,True,0,ok
26.5,0.13,0.020781524233848554,0.008397769119611511,-0.03500132457864697,2.6783753367624675e-09,-0.21680089951011067,2.3564385905327483,3.5402416191310273,3.5402416191310273,0.0,19.020325242956716,24.02032524295672,5.000000000000001,0.0,12.973258085158024,3.403717647914641,True,0,ok
26.5,0.13333333333333333,0.016701605866835934,0.028925112653577924,-0.00041082060709258833,4.051396719381801e-11,-0.2105635974129512,2.7891975730490857,3.5783771587544586,3.5783771587544586,0.0,18.768552950453927,23.768552950453927,5.000000000000001,0.0,12.75790984096285,3.4443396509670543,True,0,ok
26.5,0.13666666666666666,0.03517266216889472,0.04983202593604305,0.03504451003011921,3.59908231604926e-10,-0.20473785106077694,3.4003622911931384,3.6165102901963806,3.6165102901963806,0.0,18.51638401914045,23.51638401914045,5.000000000000001,0.0,12.546713473370158,3.4852904513151923,True,0,ok
26.5,0.14,0.05760780251155236,-0.08057072601500292,-0.05885860039149238,1.1024837551091177e-10,-0.19048608875340406,1.0595557270424731,3.6541347546837692,3.1541347546837692,-0.5,18.271590654060955,18.271590654060955,0.0,0.0,11.97382404726312,3.234630379285198,True,0,ok
26.5,0.14333333333333334,0.0397141623763437,-0.06342811943508546,-0.026617996631833743,9.250382164060299e-10,-0.18440293509007838,1.184365316288088,3.691650223323428,3.191650223323428,-0.5,18.028119595090235,18.028119595090235,0.0,0.0,11.736645101042635,3.2743240410714614,True,0,ok
26.5,0.14666666666666667,0.026928410445568682,-0.046241723321997066,0.00609269165368723,3.0840546140226006e-10,-0.17865941090960102,1.3355205903758185,3.728730664223629,3.228730664223629,-0.5,17.79082048373759,17.79082048373759,0.0,0.0,11.507268737884619,3.313619344299274,True,0,ok
26.5,0.15000000000000002,0.024005270971624963,-0.03357125103126879,-0.024530189715103172,1.1286224218766172e-09,-0.17906619522070066,1.4428903311004075,3.7656458457291087,3.2656458457291087,-0.5,17.555710470342333,22.555710470342333,5.000000000000001,0.0,13.62411084071397,3.2560564827135376,True,0,ok
26.5,0.15333333333333335,0.010155595542480725,-0.0164811452361235,0.0061465611664707955,4.78228213326549e-11,-0.17382057961722017,1.5962096291022592,3.8021106218496175,3.3021106218496175,-0.5,17.32687334712797,22.326873347127975,5.000000000000001,0.0,13.393252096614004,3.2933112513596283,True,0,ok
26.5,0.15666666666666668,0.021583463065259354,0.0007799041928737485,0.03737551849965661,2.9116314729691122e-09,-0.16889009284145243,1.7827749577905634,3.8384460213309137,3.3384460213309137,-0.5,17.099796740069905,22.099796740069905,5.000000000000001,0.0,13.167419500540403,3.3305559984500004,True,0,ok
26.5,0.16,0.04123431811516209,0.018135281964203918,0.0690790743955503,1.365582184253126e-10,-0.16424812697228272,2.0125808879305076,3.8744865247538827,3.3744865247538827,-0.5,16.876718184316953,21.876718184316953,5.000000000000001,0.0,12.947622057177584,3.3675921324093765,True,0,ok
26.5,0.16333333333333333,0.06194820046760739,0.035568600934156355,0.10123049565773817,1.4042881283537808e-09,-0.15988961479694727,2.3013213957652474,3.9101986490470657,3.4101986490470657,-0.5,16.658112561710517,21.658112561710517,5.000000000000001,0.0,12.73404963324119,3.4043721036328662,True,0,ok
26.5,0.16666666666666669,0.08321600713111374,0.05317666638036022,0.13396624082659253,3.008928103654412e-10,-0.15583701786983536,2.6735802856573816,3.945691774353352,3.445691774353352,-0.5,16.442451427173314,21.442451427173314,5.000000000000001,0.0,12.52421291227798,3.440927416774467,True,0,ok
26.5,0.17,0.10475369494185906,0.07078540133387669,0.16706117672852128,2.425392425996259e-10,-0.1520142727843023,3.172371138091008,3.980820929211576,3.480820929211576,-0.5,16.231668577372755,21.231668577372755,5.000000000000001,0.0,12.321895856769233,3.47728243250645,True,0,ok
26.5,0.17333333333333334,0.12662296242525456,0.08850574850409931,0.2006660318085037,4.252193902389136e-11,-0.1484492192066407,3.873072744938849,4.015715364354844,3.515715364354844,-0.5,16.024004691100824,21.024004691100824,5.000000000000001,0.0,12.124452943541593,3.513488435356746,True,0,ok
26.5,0.1766666666666667,0.14881517126636692,0.10635731817381942,0.2347892383990103,2.3546417659535357e-09,-0.14514232957387904,4.923967535545939,4.05032819647514,3.5503281964751396,-0.5,15.820053709130434,20.820053709130434,5.000000000000001,0.0,11.931869479518626,3.5494840122994007,True,0,ok
26.5,0.18,0.17126762669027837,0.12425876609170605,0.26936510335551694,4.840869825311461e-09,-0.14206952846823315,6.672103220680497,4.08468566619959,3.58468566619959,-0.5,15.619452175928162,20.619452175928163,5.000000000000001,0.0,11.744313842271728,3.5852985272543836,True,0,ok
26.5,0.18333333333333335,0.19401217243032456,0.14225752852262075,0.3044420548019569,6.483002220789267e-10,-0.1392326335477069,10.144806783666917,4.118795259653932,3.6187952596539317,-0.5,15.422076296461514,20.422076296461512,5.000000000000001,0.0,11.561316364940826,3.6209388319657703,True,0,ok
26.5,0.18666666666666668,0.21705854205800817,0.16037141944798947,0.3400356449915906,6.590058008069673e-07,-0.13662694884076607,20.32621651194814,4.15264441130398,3.6526444113039798,-0.5,15.228065370376667,20.22806537037667,5.000000000000001,0.0,11.38272238352321,3.656388104404537,True,0,ok
26.5,0.19,0.2403655582172497,0.17854253834341993,0.37609754949103114,1.5422431444960544e-09,-0.13423956283468047,573.3049759799212,4.18623484141768,3.68623484141768,-0.5,15.037378222892844,20.037378222892844,5.000000000000001,0.0,11.20859990251179,3.6916423538573255,True,0,ok
26.5,0.19333333333333336,0.26394490233846013,0.1967942501807272,0.41264119705524216,1.7464721083286499e-09,-0.13206478340961142,22.855260727860024,4.219531177236239,3.719531177236239,-0.5,14.850423129536738,19.85042312953674,5.000000000000001,0.0,11.038866106655869,3.72665793881808,True,0,ok
26.5,0.19666666666666668,0.28780172981770896,0.21512232089160152,0.449679768404592,1.1935310204348301e-09,-0.13010014368855927,11.43839721218167,4.252598062698068,3.752598062698068,-0.5,14.66636168660902,19.666361686609022,5.000000000000001,0.0,10.873127685166292,3.7615094038373695,True,0,ok
26.5,0.2,0.3119497177277366,0.23354349832178653,0.48723229938384155,4.456415670601511e-09,-0.12834152412432864,7.733639262185401,4.285437337427496,3.7854373374274957,-0.5,14.485148613577827,19.485148613577827,5.000000000000001,0.0,10.711190832723199,3.796198108688129,True,0,ok
