theta_B_deg,kdf,residual_norm,radius_residual,length_residual,mass_residual,performance_residual,rao_exit_residual,D_M_pre,D_M_post,D_M_jump,D_theta_pre_deg,D_theta_post_deg,D_theta_jump_deg,fan_turn_deg,exit_angle_deg,exit_mach,success,failure_code,failure_reason
24.5,0.1,0.3698599706777042,-0.3379296167922881,-0.5442359486690987,5.583224662192292e-09,-0.3924455739441397,0.44354447991686985,2.6711080037823227,2.6711080037823227,0.0,22.233102300147696,22.233102300147696,0.0,0.0,15.612018131472096,2.728607793079448,True,0,ok
24.5,0.10333333333333333,0.3572690456614068,-0.32607354496513974,-0.5259273298064137,3.8964953244231995e-10,-0.3804001562872186,0.4548613945905709,2.6992231828346642,2.6992231828346642,0.0,22.018429184653463,22.018429184653463,0.0,0.0,15.340483728673782,2.7582012560838156,True,0,ok
24.5,0.10666666666666667,0.34451132708536236,-0.31415836103284234,-0.5073151758655667,1.0039231858746783e-10,-0.3687713366047146,0.4676119379205171,2.7273383618870057,2.7273383618870057,0.0,21.803756069159224,21.803756069159224,0.0,0.0,15.074427284692677,2.7878397558416688,True,0,ok
24.5,0.11,0.3319869193768747,-0.3025678216216406,-0.4889771540994299,2.0112939303367398e-09,-0.35761524908246406,0.4817283545445513,2.753911001731096,2.753911001731096,0.0,21.620227210739202,21.620227210739202,0.0,0.0,14.836514961318938,2.815718003244483,True,0,ok
24.5,0.11333333333333334,0.31980306972164013,-0.2913832720366345,-0.47108152053267516,5.91827964813335e-11,-0.3468810666222588,0.4970312128597056,2.7786383998627517,2.7786383998627517,0.0,21.4736610136087,21.4736610136087,0.0,0.0,14.630049186668376,2.8414623596045296,True,0,ok
24.5,0.11666666666666667,0.30746967409090825,-0.28012562839866756,-0.4529265213817354,4.788758721101652e-10,-0.336476366249924,0.5137795916244408,2.8034137908681807,2.8034137908681807,0.0,21.325195275442933,21.325195275442933,0.0,0.0,14.426254032493341,2.867289911704599,True,0,ok
24.5,0.12000000000000001,0.29509248863915427,-0.2689022521004232,-0.4346611431552959,2.013212775663473e-09,-0.32641025626769027,0.532030881742305,2.827902730709104,2.827902730709104,0.0,21.181609675783484,21.181609675783484,0.0,0.0,14.230046665520643,2.892803477546868,True,0,ok
24.5,0.12333333333333334,0.282497651356484,-0.25754345470268597,-0.41603622198745427,6.982537888877163e-10,-0.31664514680714295,0.5520750726076187,2.8526617946161106,2.8526617946161106,0.0,21.031635077506238,21.031635077506238,0.0,0.0,14.033040066281933,2.9186683193568346,True,0,ok
24.5,0.12666666666666668,0.2697257021162322,-0.24609584669068926,-0.3971053983363561,4.309377367725224e-09,-0.3071840322842749,0.5740968867077995,2.8775570113341455,2.8775570113341455,0.0,20.878053867729996,20.878053867729996,0.0,0.0,13.837254315855828,2.9447279846711543,True,0,ok
24.5,0.13,0.25666324852950173,-0.23445342447651857,-0.37770313897078445,2.2181680579201483e-09,-0.29800928865513476,0.5985040681603961,2.9029003435617997,2.9029003435617997,0.0,20.714600009564297,20.714600009564297,0.0,0.0,13.638175992314878,2.971363407555427,True,0,ok
24.5,0.13333333333333333,0.24309466366502744,-0.22242978140883501,-0.35750529905115574,8.391191294704183e-10,-0.2891009969344818,0.6261054995427816,2.9293207360395304,2.9293207360395304,0.0,20.52879507475851,20.52879507475851,0.0,0.0,13.427296355214052,2.9993393440118092,True,0,ok
24.5,0.13666666666666666,0.22899468643702836,-0.21001881242395237,-0.33646366472059286,2.1397401633102533e-10,-0.280474051047947,0.6575894218752897,2.9568064314975255,2.9568064314975255,0.0,20.32113256759438,20.32113256759438,0.0,0.0,13.205195843233254,3.028655448749804,True,0,ok
24.5,0.14,0.2143193653630101,-0.19719657390806408,-0.3145025951367201,9.47346836141598e-10,-0.2721306850305386,0.6938094397826875,2.985363385694049,2.985363385694049,0.0,20.09148662355083,20.09148662355083,0.0,0.0,12.971911073618546,3.0593378136512692,True,0,ok
24.5,0.14333333333333334,0.1998381907455231,-0.18465744484959512,-0.29275849347704835,4.0636951424557905e-10,-0.2641426824091406,0.7333181058435547,3.0127428763357704,3.0127428763357704,0.0,19.884061583079898,19.884061583079898,0.0,0.0,12.757448257660817,3.0886714077910753,True,0,ok
24.5,0.14666666666666667,0.18541654627814977,-0.17226880030883843,-0.27103753862021646,1.5189325239479477e-10,-0.2564581456525464,0.7767471620722126,3.0393792630398093,3.0393792630398093,0.0,19.690385502607693,19.690385502607693,0.0,0.0,12.55554040802682,3.1171720898168043,True,0,ok
24.5,0.15000000000000002,0.17037330235486306,-0.15943500095101856,-0.24831767342993022,1.0557070591087827e-10,-0.24903204234168008,0.8273371658683536,3.0671452674713127,3.0671452674713127,0.0,19.474571895652083,19.474571895652083,0.0,0.0,12.342057122777,3.1471056387387866,True,0,ok
24.5,0.15333333333333335,0.15555184289606402,-0.1468959560183125,-0.22585549714485886,1.4974521587559552e-09,-0.2419149633070201,0.88267690830874,3.093755749677979,3.093755749677979,0.0,19.279856696240284,19.279856696240284,0.0,0.0,12.14579360389593,3.175708800953868,True,0,ok
24.5,0.15666666666666668,0.14045544681130484,-0.13421231163113934,-0.2029045416532508,2.4707985058334363e-10,-0.23505547808442182,0.945853053673808,3.1205448545316274,3.1205448545316274,0.0,19.081415521194447,19.081415521194447,0.0,0.0,11.949940123110508,3.2045905954866427,True,0,ok
24.5,0.16,0.12496553770482823,-0.12128576253487981,-0.17927331270410352,1.5687359391319023e-09,-0.22845620692599683,1.0192277698537846,3.1478024703457286,3.1478024703457286,0.0,18.873920061801805,18.873920061801805,0.0,0.0,11.751036786628722,3.234104202816553,True,0,ok
24.5,0.16333333333333333,0.10970355649556245,-0.10864077015679256,-0.15589032677836093,3.9306682538831915e-10,-0.2221266659472941,1.1006278421505065,3.1739923408755892,3.1739923408755892,0.0,18.685340655483312,18.685340655483312,0.0,0.0,11.5672361963542,3.262388050046333,True,0,ok
24.5,0.16666666666666669,0.09403014788335076,-0.0957232140653276,-0.1317652170411369,8.447716005138341e-10,-0.2160311755620045,1.1965274821966463,3.2007148356234,3.2007148356234,0.0,18.48677145577563,18.48677145577563,0.0,0.0,11.379469159822703,3.291380386142129,True,0,ok
24.5,0.17,0.07826147464085859,-0.08278311871178053,-0.10733839245692338,5.87117775876359e-10,-0.21018479067992774,1.3079179358330464,3.2272636180340935,3.2272636180340935,0.0,18.29095856090795,18.29095856090795,0.0,0.0,11.196058452682923,3.3202223433961224,True,0,ok
24.5,0.17333333333333334,0.06256724776802342,-0.06991911502542959,-0.08279673202401432,2.2622694837003346e-11,-0.20457561959951123,1.4370599187361195,3.2533615886334797,3.2533615886334797,0.0,18.102831810936056,18.102831810936056,0.0,0.0,11.01999185374928,3.348575154983009,True,0,ok
24.5,0.1766666666666667,0.04668012046711592,-0.056810692050373514,-0.057529524674126975,2.7092831295923535e-09,-0.19918647849567653,1.5935787899515512,3.279889564200393,3.279889564200393,0.0,17.906818615172863,17.906818615172863,0.0,0.0,10.841130969443634,3.3775122074756725,True,0,ok
24.5,0.18,0.03134819885319687,-0.04376183589987519,-0.03214079079131557,1.8263349912640227e-10,-0.1940243134303903,1.7795531395449529,3.3059266720806404,3.3059266720806404,0.0,17.719027005564335,17.719027005564335,0.0,0.0,10.669561029234366,3.4059123944899055,True,0,ok
24.5,0.18333333333333335,0.018107170693063425,-0.030698234846895673,-0.006420846424579845,2.2803404105521455e-09,-0.18907764282138104,2.007404625349797,3.331876045401766,3.331876045401766,0.0,17.532550986960526,17.532550986960526,0.0,0.0,10.501159723298768,3.434258615717266,True,0,ok
24.5,0.18666666666666668,0.015273822965609644,-0.01749443195441222,0.019844743751099254,1.1724771011479933e-09,-0.18434281103664982,2.2952613282995937,3.3579677001189823,3.3579677001189823,0.0,17.343456145695527,17.343456145695527,0.0,0.0,10.333175465674676,3.4628326137172682,True,0,ok
24.5,0.19,0.026807030372899672,-0.004375106003696462,0.04622455061649724,8.516122556658987e-10,-0.17980863950936962,2.659833835208973,3.383616917535579,3.383616917535579,0.0,17.161544262205098,17.161544262205098,0.0,0.0,10.171633066382414,3.4909244427993387,True,0,ok
24.5,0.19333333333333336,0.04251667756540119,0.008866865021650268,0.0731052824239719,2.3076180990746423e-09,-0.1754713756823314,3.1461172569021842,3.4093102046461903,3.4093102046461903,0.0,16.978745875126965,16.978745875126965,0.0,0.0,10.011325021672738,3.519123910754556,True,0,ok
24.5,0.19666666666666668,0.05932811259986547,0.0221369923645986,0.10034654155991947,2.397827211065003e-09,-0.1713317696718402,3.8214514038630814,3.4349151850986583,3.4349151850986583,0.0,16.797260261655477,16.797260261655477,0.0,0.0,9.85378396950351,3.547263811682515,True,0,ok
24.5,0.2,0.07659216570902379,0.0353977509712508,0.12785178438399397,4.1268874877856235e-08,-0.16737989353774926,4.812901553425878,3.4602860341013786,3.4602860341013786,0.0,16.619477299780005,16.619477299780005,0.0,0.0,9.700299304496571,3.5751677722234407,True,0,ok
24.566666666666666,0.1,0.36484545615224495,-0.3325677661382719,-0.5373409546559975,3.098562772361533e-10,-0.3891159905813487,0.45445281859195574,2.6851111031424733,2.6851111031424733,0.0,22.21720281064052,22.21720281064052,0.0,0.0,15.552861827265378,2.7419401805361656,True,0,ok
24.566666666666666,0.10333333333333333,0.3520316869526871,-0.3205154826555738,-0.5186990950776073,4.986001351821272e-11,-0.37709826842628885,0.46667298351231634,2.7135894458581387,2.7135894458581387,0.0,22.000138918568066,22.000138918568066,0.0,0.0,15.28026001721115,2.771907901092339,True,0,ok
24.566666666666666,0.10666666666666667,0.3390459449593966,-0.30840178023331827,-0.49974473516901674,2.690112002725509e-10,-0.36550416035500277,0.4804344627974331,2.742067788573804,2.742067788573804,0.0,21.783075026495617,21.783075026495617,0.0,0.0,15.013192783815589,2.801923103578247,True,0,ok
24.566666666666666,0.11,0.326634979098862,-0.2969387040682827,-0.4815585475713114,2.2882811418888496e-09,-0.3544269155632761,0.49540208436154964,2.767706346736359,2.767706346736359,0.0,21.6232224288764,21.6232224288764,0.0,0.0,14.793233120149692,2.8286511582408984,True,0,ok
24.566666666666666,0.11333333333333334,0.31423642564201515,-0.28556388419244244,-0.4633431359648425,4.271469118595769e-09,-0.3437157491187911,0.5117322376412775,2.7927815827988938,2.7927815827988938,0.0,21.473936043551344,21.473936043551344,0.0,0.0,14.585335259800697,2.854744193587222,True,0,ok
24.566666666666666,0.11666666666666667,0.30172284497444996,-0.2741505495738315,-0.4449174099839138,1.8070349422081975e-09,-0.3333431363352078,0.5295884117795423,2.8177652789027947,2.8177652789027947,0.0,21.325655697989028,21.325655697989028,0.0,0.0,14.382204027421746,2.880756780700277,True,0,ok
24.566666666666666,0.12000000000000001,0.28910706137057485,-0.26271771290973805,-0.42629576836565536,1.0079083814866168e-09,-0.3232994881185603,0.5491146828397596,2.8426526673522594,2.8426526673522594,0.0,21.1784714480132,21.1784714480132,0.0,0.0,14.183906271043922,2.9066817905655316,True,0,ok
24.566666666666666,0.12333333333333334,0.2762696532826883,-0.25114845239356653,-0.40730727815143064,4.116625979028335e-09,-0.3135639608580782,0.5706006377605257,2.8678013806353566,2.8678013806353566,0.0,21.025031723021332,21.025031723021332,0.0,0.0,13.985000971259142,2.9329519425457713,True,0,ok
24.566666666666666,0.12666666666666668,0.2632446419255112,-0.23948123751504868,-0.38799737291086484,9.924538133955053e-10,-0.3041363010100893,0.5942508411685182,2.8930875554872495,2.8930875554872495,0.0,20.867926954341414,20.867926954341414,0.0,0.0,13.78730284931276,2.9594231388834165,True,0,ok
24.566666666666666,0.13,0.249867485876423,-0.22757023371467802,-0.3681209994304321,1.0534021761407418e-09,-0.2949972324364839,0.6206580178168052,2.9190110186957527,2.9190110186957527,0.0,20.697119719208978,20.697119719208978,0.0,0.0,13.583852933156264,2.98670186956476,True,0,ok
24.566666666666666,0.13333333333333333,0.2357969778811594,-0.21511241060611372,-0.34717041224287915,3.3210780973611215e-09,-0.28611798077495126,0.6510328318947992,2.9465210566289395,2.9465210566289395,0.0,20.493808410737074,20.493808410737074,0.0,0.0,13.36178001760684,3.0159478202066756,True,0,ok
24.566666666666666,0.13666666666666666,0.221218413638834,-0.2022980803701726,-0.32540474224754307,1.3309714645953826e-09,-0.27753174435016226,0.6857712738569619,2.9749381177047036,2.9749381177047036,0.0,20.27191095110269,20.27191095110269,0.0,0.0,13.130873275317215,3.0463573297653967,True,0,ok
24.566666666666666,0.14,0.2062510206715123,-0.18924646927525504,-0.30299211945357873,7.006382352012528e-11,-0.26926717940895595,0.7253965702411161,3.003847558678566,3.003847558678566,0.0,20.039923635396494,20.039923635396494,0.0,0.0,12.897080050945025,3.077434184190844,True,0,ok
24.566666666666666,0.14333333333333334,0.1918704573751615,-0.17682847209004857,-0.28137965224649764,4.3470032500051555e-10,-0.2613702571926981,0.7672750202576273,3.0304677708330336,3.0304677708330336,0.0,19.85104617007241,19.85104617007241,0.0,0.0,12.696015854828039,3.1058210521254197,True,0,ok
24.566666666666666,0.14666666666666667,0.17688989024451415,-0.163978129936821,-0.2588074046749278,3.6583254202229257e-10,-0.2537308371073056,0.8158777444407875,3.0581751027003587,3.0581751027003587,0.0,19.640873560819703,19.640873560819703,0.0,0.0,12.483906505011404,3.1355888841302653,True,0,ok
24.566666666666666,0.15000000000000002,0.16169174291763339,-0.1510423302491915,-0.23583654012073765,7.775688317977778e-10,-0.246391027660549,0.870966537400334,3.0858846247367433,3.0858846247367433,0.0,19.43012161841704,19.43012161841704,0.0,0.0,12.274767831987072,3.165427986874534,True,0,ok
24.566666666666666,0.15333333333333335,0.14670955651688627,-0.1383932939199268,-0.21311587955414563,1.0613593998841595e-09,-0.2393509058897514,0.9313697844911852,3.1124681863562254,3.1124681863562254,0.0,19.239867532491658,19.239867532491658,0.0,0.0,12.082298574669736,3.193967799813829,True,0,ok
24.566666666666666,0.15666666666666668,0.13108771049218915,-0.12529148189633688,-0.1893515463112775,3.8060214588876705e-10,-0.2325532453015935,1.0027336132597124,3.1401333897517385,3.1401333897517385,0.0,19.02897974544585,19.02897974544585,0.0,0.0,11.879107487881233,3.2238906295869243,True,0,ok
24.566666666666666,0.16,0.11552518380595109,-0.11233611191428595,-0.16558623807604714,2.983192711217015e-10,-0.22603962469819663,1.0830454200149524,3.167117080770517,3.167117080770517,0.0,18.830136981600585,18.830136981600585,0.0,0.0,11.686750356786725,3.253051282137352,True,0,ok
24.566666666666666,0.16333333333333333,0.09986197351592849,-0.09937914218580858,-0.14156633555298437,2.598544539764839e-08,-0.21978150846391656,1.1751044358969203,3.1938503008887107,3.1938503008887107,0.0,18.635487643859655,18.635487643859655,0.0,0.0,11.499804608823734,3.2819705067200418,True,0,ok
24.566666666666666,0.16666666666666669,0.08381333986593886,-0.08617032645148956,-0.11682766221102708,1.2795595101050765e-09,-0.21376842017942768,1.2842684627901422,3.221044298480706,3.221044298480706,0.0,18.432208894432787,18.432208894432787,0.0,0.0,11.30988611273208,3.3115145541721684,True,0,ok
24.566666666666666,0.17,0.06793861940685235,-0.07315262387993872,-0.09217191351061138,5.585736831538594e-10,-0.2080040796555148,1.409334277006188,3.2474581122286854,3.2474581122286854,0.0,18.24230163346806,18.24230163346806,0.0,0.0,11.131088206390219,3.3401741909693063,True,0,ok
24.566666666666666,0.17333333333333334,0.051863192631263134,-0.059946169033501376,-0.06690163725895945,2.9588667144668987e-09,-0.20246964954810365,1.5596623148417712,3.274146892246445,3.274146892246445,0.0,18.047300014212798,18.047300014212798,0.0,0.0,10.951378808720415,3.369229386012805,True,0,ok
24.566666666666666,0.1766666666666667,0.03591952603165553,-0.046629302464139634,-0.04118671148227446,4.832551568641462e-10,-0.19716877279788347,1.7409740990612192,3.300792030308548,3.300792030308548,0.0,17.852771077895213,17.852771077895213,0.0,0.0,10.774108017082245,3.3982938348881837,True,0,ok
24.566666666666666,0.18,0.021263821136661948,-0.033446807502704186,-0.015419511531592212,3.0704674835133457e-10,-0.1920935948365141,1.95931930809846,3.326947048128304,3.326947048128304,0.0,17.66643021577856,17.66643021577856,0.0,0.0,10.604485760323495,3.4268168252602336,True,0,ok
24.566666666666666,0.18333333333333335,0.013214774204884924,-0.020074751799289366,0.010995231332500605,1.1600896987011937e-09,-0.18722834102558755,2.2353449990474186,3.353366066061132,3.353366066061132,0.0,17.47529218863332,17.47529218863332,0.0,0.0,10.433880107116359,3.455722467792079,True,0,ok
24.566666666666666,0.18666666666666668,0.0220766954190359,-0.006727459518326855,0.03764150276362401,1.2231756928070125e-09,-0.18257764141078148,2.585824871414904,3.379491749462289,3.379491749462289,0.0,17.28889970703765,17.28889970703765,0.0,0.0,10.268337278864756,3.4843262429530233,True,0,ok
24.566666666666666,0.19,0.03752279826784923,0.006671558511683892,0.06464805855215218,1.418383106320954e-06,-0.17812959771399647,3.0473930031587266,3.405468109649116,3.405468109649116,0.0,17.10484740703895,17.10484740703895,0.0,0.0,10.106124358682571,3.5128042041764194,True,0,ok
24.566666666666666,0.19333333333333336,0.05444818760756906,0.020152106005745796,0.09212875785974915,2.3920111229485824e-09,-0.17388645162806163,3.6872238703959583,3.4314877470834984,3.4314877470834984,0.0,16.919920011138437,16.919920011138437,0.0,0.0,9.94536945266785,3.541385873727543,True,0,ok
24.566666666666666,0.19666666666666668,0.07184358454789719,0.03359039885954668,0.11981730687396172,2.083628680986113e-09,-0.16983153755407523,4.613820529097747,3.4571811722952868,3.4571811722952868,0.0,16.7401369220422,16.7401369220422,0.0,0.0,9.789573738753495,3.569624227003384,True,0,ok
24.566666666666666,0.2,0.08964718549405117,0.04711256512241126,0.1479535731525242,4.103626220464407e-08,-0.16596527162583263,6.094329214585386,3.482835176222162,3.482835176222162,0.0,16.56088812027528,16.56088812027528,0.0,0.0,9.63580458461383,3.59786570347453,True,0,ok
24.633333333333333,0.1,0.3597264449503415,-0.3271040924068672,-0.5302945014994148,2.3732838662143e-10,-0.38578064117406996,0.4657900605624221,2.6993102614151288,2.6993102614151288,0.0,22.200114498701335,22.200114498701335,0.0,0.0,15.492709735212658,2.7554506359367306,True,0,ok
24.633333333333333,0.10333333333333333,0.3466842221789839,-0.31485117660631096,-0.5113106553878599,3.087467490999844e-10,-0.37379361019500545,0.4789789634204278,2.728158191822995,2.728158191822995,0.0,21.980620133781155,21.980620133781155,0.0,0.0,15.219047413663695,2.785799898659705,True,0,ok
24.633333333333333,0.10666666666666667,0.33364097741586185,-0.3027045790172176,-0.4922589189390518,1.0969850238621862e-09,-0.36226627193465516,0.4937249392825056,2.7563294771408002,2.7563294771408002,0.0,21.77472799868532,21.77472799868532,0.0,0.0,14.960984116198244,2.8154050809351134,True,0,ok
24.633333333333333,0.11,0.3211741473882281,-0.29120402344938184,-0.47398176713725776,1.8678199455927154e-09,-0.35122927860414466,0.5096184704428474,2.781695783842578,2.781695783842578,0.0,21.62521499752174,21.62521499752174,0.0,0.0,14.74898713505014,2.841750489382853,True,0,ok
24.633333333333333,0.11333333333333334,0.30854923398274425,-0.2796248014155607,-0.4554315094581435,2.050258622421533e-10,-0.34054261242664685,0.5270455774345268,2.807123568190941,2.807123568190941,0.0,21.473189034338205,21.473189034338205,0.0,0.0,14.539581512989447,2.8681989381334367,True,0,ok
24.633333333333333,0.11666666666666667,0.2958582484068665,-0.26806282304454515,-0.43673634191869837,4.226385970875383e-09,-0.33020371428007605,0.5460915650016472,2.832317732920526,2.832317732920526,0.0,21.32510677553813,21.32510677553813,0.0,0.0,14.337227064820116,2.8943965594034893,True,0,ok
24.633333333333333,0.12000000000000001,0.28297751021862627,-0.25639405587309305,-0.41772108156225907,6.568464914549747e-10,-0.32018565461347975,0.5670139907577214,2.85766401574864,2.85766401574864,0.0,21.17299949774905,21.17299949774905,0.0,0.0,14.135963602413682,2.920807826332564,True,0,ok
24.633333333333333,0.12333333333333334,0.2699014105055372,-0.2446219203157837,-0.3983722257884626,7.091195364505512e-10,-0.3104847035898795,0.5900636687514323,2.8831887124539035,2.8831887124539035,0.0,21.016348317149628,21.016348317149628,0.0,0.0,13.935474023701046,2.9474673399947413,True,0,ok
24.633333333333333,0.12666666666666668,0.25654940669842313,-0.23267028789892386,-0.37857275570353804,2.7131809009336343e-10,-0.3010864906432203,0.615628299984947,2.9090938070991057,2.9090938070991057,0.0,20.851146733788458,20.851146733788458,0.0,0.0,13.732801997502998,2.974625435297185,True,0,ok
24.633333333333333,0.13,0.24271247071067098,-0.22035694549132387,-0.35800956256665645,1.070585495072294e-10,-0.29197078842687546,0.6445450599664776,2.935991764683011,2.935991764683011,0.0,20.665273023587552,20.665273023587552,0.0,0.0,13.519665009288302,3.0030288983077154,True,0,ok
24.633333333333333,0.13333333333333333,0.22830456886969447,-0.20762002757953232,-0.33654546891646814,8.994585338156233e-10,-0.2831466754308838,0.6776812258840823,2.964056789024439,2.964056789024439,0.0,20.45552408092417,20.45552408092417,0.0,0.0,13.294103128734285,3.0329023340111534,True,0,ok
24.633333333333333,0.13666666666666666,0.21326560208256884,-0.19442313989212592,-0.31408007540977284,3.217849457177049e-10,-0.2746136965359413,0.7160300028307033,2.9933248418188296,2.9933248418188296,0.0,20.221157641326524,20.221157641326524,0.0,0.0,13.055739315496217,3.064311939082817,True,0,ok
24.633333333333333,0.14,0.19837308178852447,-0.18147365358333775,-0.29175837912550956,1.4098680600571663e-09,-0.26644918978609256,0.7581205578609526,3.0215226921936083,3.0215226921936083,0.0,20.006901780866837,20.006901780866837,0.0,0.0,12.834949424592692,3.0945022821059727,True,0,ok
24.633333333333333,0.14333333333333334,0.18359913811099193,-0.16873407322125492,-0.2695454378754377,4.3201582798958697e-13,-0.25860658840518025,0.8042923132157607,3.0487809666093,3.0487809666093,0.0,19.81005129869218,19.81005129869218,0.0,0.0,12.62933575365137,3.123624090009413,True,0,ok
24.633333333333333,0.14666666666666667,0.16816595070063176,-0.15551859090266307,-0.24627896542090652,1.2893057639963324e-09,-0.2510330757186404,0.8583738152795017,3.0772356697876346,3.0772356697876346,0.0,19.589829461344344,19.589829461344344,0.0,0.0,12.411481326742004,3.154269824077193,True,0,ok
24.633333333333333,0.15000000000000002,0.15295206410989395,-0.14260326761106185,-0.22326511105203836,1.4201387074983314e-08,-0.24378101276418754,0.9177353907153736,3.1045141414330857,3.1045141414330857,0.0,19.390986955622267,19.390986955622267,0.0,0.0,12.211158555106683,3.1835598974022123,True,0,ok
24.633333333333333,0.15333333333333335,0.1374412938704331,-0.12952979062414316,-0.19973072153076976,5.504224016844656e-10,-0.23679757642469074,0.9858518500752841,3.1319929667695434,3.1319929667695434,0.0,19.187997905506222,19.187997905506222,0.0,0.0,12.011100415432429,3.2131607893870426,True,0,ok
24.633333333333333,0.15666666666666668,0.12155204616593711,-0.11623199341738237,-0.17554151499744983,1.7841510703401337e-10,-0.23008743496187115,1.0651570305718854,3.1598648520026527,3.1598648520026527,0.0,18.977334752141978,18.977334752141978,0.0,0.0,11.80903206467151,3.2433089054778166,True,0,ok
24.633333333333333,0.16,0.1058654427316033,-0.10320233368084562,-0.15156435668422352,2.9019953913313675e-10,-0.22365668665181093,1.1537304969145052,3.186704114220044,3.186704114220044,0.0,18.784878876323543,18.784878876323543,0.0,0.0,11.621696713635352,3.272268951903944,True,0,ok
24.633333333333333,0.16333333333333333,0.08972412444589273,-0.0898714081724145,-0.12678480001898196,1.24942956208021e-08,-0.2174692031618441,1.2589577554266045,3.2141340907103455,3.2141340907103455,0.0,18.58137656227539,18.58137656227539,0.0,0.0,11.429820812166284,3.3020165332047613,True,0,ok
24.633333333333333,0.16666666666666669,0.0735306696996172,-0.0765634200073856,-0.1017758364062671,5.83360306645841e-09,-0.2115422223497545,1.3814759106013106,3.2412500746246895,3.2412500746246895,0.0,18.383088220379125,18.383088220379125,0.0,0.0,11.243986744659024,3.3314465157319733,True,0,ok
24.633333333333333,0.17,0.05733814208895252,-0.06327859036597683,-0.0765428482350482,3.0201877062658966e-09,-0.20585939690358127,1.5254287562953384,3.268049873940297,3.268049873940297,0.0,18.19007104087885,18.19007104087885,0.0,0.0,11.064016435251089,3.36055400251636,True,0,ok
24.633333333333333,0.17333333333333334,0.04097517571090244,-0.04976244750597946,-0.05060231113133692,1.1414399981825716e-09,-0.20041018121747772,1.7013257075282961,3.295223771635772,3.295223771635772,0.0,17.990211852716495,17.990211852716495,0.0,0.0,10.882053833104282,3.3901826931375685,True,0,ok
24.633333333333333,0.1766666666666667,0.02533907264288521,-0.03634522810286205,-0.02460142681543426,1.6700185020502223e-10,-0.19519408737860958,1.9118732371728644,3.3217902741108536,3.3217902741108536,0.0,17.80047397825461,17.80047397825461,0.0,0.0,10.70862399179552,3.419135446647511,True,0,ok
24.633333333333333,0.18,0.013237194696356537,-0.022852005600950572,0.0018589809846592284,2.3407298592021107e-08,-0.19020033815767953,2.175034995444194,3.3484176011042206,3.3484176011042206,0.0,17.60949238605937,17.60949238605937,0.0,0.0,10.536810663394524,3.4482199289588507,True,0,ok
24.633333333333333,0.18333333333333335,0.01745734424978677,-0.009266942332224833,0.028781945462006294,2.078596911337928e-09,-0.18542751041569322,2.5116673351309853,3.3750469626812,3.3750469626812,0.0,17.418252267976868,17.418252267976868,0.0,0.0,10.366980803666033,3.477365809929548,True,0,ok
24.633333333333333,0.18666666666666668,0.032378385748398436,0.004290622016713466,0.055916635751142654,1.1440556666970457e-09,-0.1808645634990611,2.949239319700218,3.4013172549088715,3.4013172549088715,0.0,17.232810171103882,17.232810171103882,0.0,0.0,10.202719005269556,3.506133030106187,True,0,ok
24.633333333333333,0.19,0.04933679837026671,0.017939605110435044,0.08354956366592636,5.10251411830201e-09,-0.17650544472698987,3.551263186001191,3.4276440105434034,3.4276440105434034,0.0,17.04621998905647,17.04621998905647,0.0,0.0,10.03974439218556,3.535025221101914,True,0,ok
24.633333333333333,0.19333333333333336,0.06691022008215687,0.031600917653313576,0.1115002899448988,3.337443181878963e-10,-0.17234897692906795,4.419126103695407,3.4537774767683653,3.4537774767683653,0.0,16.86264627263282,16.86264627263282,0.0,0.0,9.880550614602123,3.563735267635094,True,0,ok
24.633333333333333,0.19666666666666668,0.08485042384256362,0.04530085370839726,0.1398092126151866,2.0909791277914433e-09,-0.16838649031618907,5.777704040477485,3.4797506277674906,3.4797506277674906,0.0,16.681559403948896,16.681559403948896,0.0,0.0,9.724654839160825,3.5923032790778606,True,0,ok
24.633333333333333,0.2,0.10312385355922447,0.05906484869630725,0.1685672897308237,2.5995006206718455e-10,-0.16461486093325012,8.21974796346898,3.505696968820248,3.505696968820248,0.0,16.50077664988108,16.50077664988108,0.0,0.0,9.57073067286018,3.620889194812587,True,0,ok
24.7,0.1,0.3544813744804982,-0.321518473191972,-0.5230650112147177,7.953600876756536e-10,-0.38242332843193727,0.47760613935101176,2.7137510998921863,2.7137510998921863,0.0,22.18149782078341,22.18149782078341,0.0,0.0,15.431163970555962,2.769186800813732,True,0,ok
24.7,0.10333333333333333,0.34120400653812405,-0.30905967836809745,-0.5037287339828975,2.1424188372415838e-10,-0.37047016121346055,0.4918384082119421,2.742976564898137,2.742976564898137,0.0,21.95952191356415,21.95952191356415,0.0,0.0,15.156443427950096,2.7999266151879234,True,0,ok
24.7,0.10666666666666667,0.32826568708145776,-0.29703630405858505,-0.4848139003951934,8.599959420291554e-10,-0.3590294260866781,0.5074815874903776,2.770219687127299,2.770219687127299,0.0,21.77730898574255,21.77730898574255,0.0,0.0,14.916461561790637,2.828385872866748,True,0,ok
24.7,0.11,0.31557735450888263,-0.28533865331082536,-0.46620709235621843,1.013235234821863e-10,-0.3480146807953983,0.5244424616230906,2.795946083320968,2.795946083320968,0.0,21.625009760276427,21.625009760276427,0.0,0.0,14.702992258192598,2.855091188588735,True,0,ok
24.7,0.11333333333333334,0.302747069417123,-0.27357994277423114,-0.4473492808014978,8.212008346926497e-10,-0.33735301960124564,0.5430443855856903,2.8216548679799045,2.8216548679799045,0.0,21.472077735411055,21.472077735411055,0.0,0.0,14.493384356429482,2.881806353924934,True,0,ok
24.7,0.11666666666666667,0.28984557398003613,-0.2618348777370788,-0.4283384958976473,1.0073382375988948e-09,-0.3270425630430653,0.563384753830529,2.8471378894108326,2.8471378894108326,0.0,21.322804982012475,21.322804982012475,0.0,0.0,14.290677907530057,2.908281642775863,True,0,ok
24.7,0.12000000000000001,0.27670203411300515,-0.24993615338915726,-0.40893027067686694,1.4707098009355095e-09,-0.31705379633084335,0.5858313496148418,2.872932071197909,2.872932071197909,0.0,21.166157795877044,21.166157795877044,0.0,0.0,14.08680464911242,2.935165159820482,True,0,ok
24.7,0.12333333333333334,0.26337178040860154,-0.23794310960408668,-0.38920066898545724,2.1042880091718867e-09,-0.307388752086668,0.610577939271818,2.8988396695291256,2.8988396695291256,0.0,21.00624349620292,21.00624349620292,0.0,0.0,13.884630493291011,2.9622243085592923,True,0,ok
24.7,0.12666666666666668,0.2496854665312322,-0.22570412454630837,-0.36889855618251166,1.8386228235229638e-09,-0.2980255158775262,0.6382682629108662,2.925375032116612,2.925375032116612,0.0,20.83282291554365,20.83282291554365,0.0,0.0,13.677021257370507,2.9900844634429045,True,0,ok
24.7,0.13,0.23533610352239182,-0.21294504925248767,-0.3475681959877246,1.561990539645059e-09,-0.2889387204419361,0.670113734199333,2.953381454043499,2.953381454043499,0.0,20.62928976239415,20.62928976239415,0.0,0.0,13.452604514664108,3.0197805707316583,True,0,ok
24.7,0.13333333333333333,0.2204383832490923,-0.19979318922050524,-0.3253642942449592,8.205149002083586e-09,-0.28015634147333207,0.7067030330736312,2.9823950829495596,2.9823950829495596,0.0,20.405177648157807,20.405177648157807,0.0,0.0,13.218179383324753,3.0507685835136424,True,0,ok
24.7,0.13666666666666666,0.20509661181547598,-0.1863575432857647,-0.3024313584849601,1.223437162742093e-09,-0.2717047315828895,0.7486870050412793,3.012029403760406,3.012029403760406,0.0,20.16838237891355,20.16838237891355,0.0,0.0,12.979289299403888,3.08258798003615,True,0,ok
24.7,0.14,0.19029894364971628,-0.1735270998250112,-0.28023099309126076,7.247167372741821e-09,-0.2636344207223364,0.7933321803268412,3.0394686677913434,3.0394686677913434,0.0,19.972746981981004,19.972746981981004,0.0,0.0,12.771979188553132,3.111827226551802,True,0,ok
24.7,0.14333333333333334,0.17495189079684825,-0.16031221765516612,-0.25714681633389824,8.555110408709682e-10,-0.25583910535293153,0.8450749884562955,3.067817021474052,3.067817021474052,0.0,19.759249127323887,19.759249127323887,0.0,0.0,12.556104880058944,3.142241136328763,True,0,ok
24.7,0.14666666666666667,0.15935193730078603,-0.14698590056795277,-0.2336113541734837,2.1904129335092975e-11,-0.24835463651559564,0.904051917263862,3.0962298773887795,3.0962298773887795,0.0,19.54395084881773,19.54395084881773,0.0,0.0,12.342536024091382,3.172807480181878,True,0,ok
24.7,0.15000000000000002,0.14396194552185745,-0.1339490609020282,-0.21031589183601773,5.277983257457618e-10,-0.24118150566294871,0.9689779602836094,3.123503358638814,3.123503358638814,0.0,19.349282241996583,19.349282241996583,0.0,0.0,12.14584418599281,3.202058515693542,True,0,ok
24.7,0.15333333333333335,0.12791754140072834,-0.12045074026252567,-0.18595782146559664,8.785954986527412e-10,-0.2342640297561073,1.0460431130583239,3.151855242282511,3.151855242282511,0.0,19.134107941472607,19.134107941472607,0.0,0.0,11.938671381774967,3.2326983521866484,True,0,ok
24.7,0.15666666666666668,0.11194694613049576,-0.1071195484419533,-0.16162227131625248,6.464750272694231e-09,-0.22764191991930338,1.1330420101373853,3.179457204551581,3.179457204551581,0.0,18.93212490942394,18.93212490942394,0.0,0.0,11.743187019816329,3.262494821768918,True,0,ok
24.7,0.16,0.09582077585131746,-0.09374828357120309,-0.13695299405890532,5.04463510440982e-10,-0.22128408283972084,1.2337020329806678,3.206903845863883,3.206903845863883,0.0,18.732578629839836,18.732578629839836,0.0,0.0,11.552072299711323,3.2921697984568534,True,0,ok
24.7,0.16333333333333333,0.07932127076100552,-0.08014373734736054,-0.11159109888077781,2.4494852117822135e-09,-0.21518463805393778,1.3536065419303915,3.2347379754715044,3.2347379754715044,0.0,18.52574671679996,18.52574671679996,0.0,0.0,11.358986660391574,3.322386627779523,True,0,ok
24.7,0.16666666666666669,0.0629958941027401,-0.06674128059528103,-0.08631946180272965,5.264141486371575e-10,-0.20934249011132292,1.4919079222082936,3.2617549801483907,3.2617549801483907,0.0,18.33284975961809,18.33284975961809,0.0,0.0,11.177457287877065,3.3516749123119296,True,0,ok
24.7,0.17,0.04640319964481165,-0.053101199386507474,-0.06033268960972246,2.8083724309791086e-09,-0.20373860320032006,1.6604172347549495,3.2891593697425336,3.2891593697425336,0.0,18.132877614388065,18.132877614388065,0.0,0.0,10.993836658672627,3.381503049625868,True,0,ok
24.7,0.17333333333333334,0.030047208805336525,-0.039405934954992276,-0.03399524321574106,2.7344024242714887e-09,-0.19837900392174046,1.8647288913365316,3.316354400619541,3.316354400619541,0.0,17.936217332566798,17.936217332566798,0.0,0.0,10.81454372148187,3.4111420003940225,True,0,ok
24.7,0.1766666666666667,0.01550581605146998,-0.02579132156645345,-0.007489908285277233,9.52522860422662e-10,-0.19325182371146157,2.115458426411835,3.3431959568171865,3.3431959568171865,0.0,17.74536557991235,17.74536557991235,0.0,0.0,10.641459675853005,3.44040867823457,True,0,ok
24.7,0.18,0.013293743480611867,-0.011994877334727653,0.01965435740261268,1.150485813306461e-08,-0.18834730916186387,2.4374551179929425,3.3702611894344536,3.3702611894344536,0.0,17.550456418638763,17.550456418638763,0.0,0.0,10.46798209444889,3.470012794414106,True,0,ok
24.7,0.18333333333333335,0.0271403099900814,0.00174111063318154,0.04697614088913816,8.915880611172097e-10,-0.18366154100122772,2.853518646120207,3.3969307322307833,3.3969307322307833,0.0,17.361919312017363,17.361919312017363,0.0,0.0,10.300612452565579,3.4991943316582663,True,0,ok
24.7,0.18666666666666668,0.04408845263038013,0.015573573888739178,0.07475853638452132,1.123883766551924e-09,-0.17918750743141848,3.419364392254459,3.4235527585344845,3.4235527585344845,0.0,17.17400849938386,17.17400849938386,0.0,0.0,10.13555745833585,3.528378134586799,True,0,ok
24.7,0.19,0.0618366711478295,0.029461814000692626,0.102972439087957,2.053471140631585e-09,-0.17492442843376377,4.232098328971818,3.450136509284105,3.450136509284105,0.0,16.986561964643887,16.986561964643887,0.0,0.0,9.972864969803465,3.5575697949352745,True,0,ok
24.7,0.19333333333333336,0.07990347421401738,0.043326035065902165,0.13144029161516127,1.0050192966994568e-11,-0.17086002363915123,5.47913818763285,3.476431598275177,3.476431598275177,0.0,16.80364191188619,16.80364191188619,0.0,0.0,9.81482991165532,3.5864646880210698,True,0,ok
24.7,0.19666666666666668,0.09833152067914912,0.057284030311417836,0.1603926549082044,2.075752828085855e-09,-0.16698784403142936,7.66106190310896,3.5026952915191947,3.5026952915191947,0.0,16.62108073114096,16.62108073114096,0.0,0.0,9.658716349217057,3.6153784768729342,True,0,ok
24.7,0.2,0.11699247391025264,0.07125588583550005,0.18969532305442224,6.421088119413706e-10,-0.16330927105559062,12.407348717150903,3.528807304574785,3.528807304574785,0.0,16.440828710624007,16.440828710624007,0.0,0.0,9.505834294333004,3.6441569147154977,True,0,ok
24.766666666666666,0.1,0.34911815360854903,-0.31581861663425215,-0.5156637052618251,1.0318858859889707e-08,-0.3790560592551095,0.4899265397668862,2.728413307941449,2.728413307941449,0.0,22.161516048645783,22.161516048645783,0.0,0.0,15.36846290058105,2.7831270106672785,True,0,ok
24.766666666666666,0.10333333333333333,0.33559926249171756,-0.3031489519866139,-0.4959650268560999,3.226278175964257e-10,-0.367140032401249,0.5052821478727938,2.758023574612866,2.758023574612866,0.0,21.937013021865912,21.937013021865912,0.0,0.0,15.092689676128678,2.8142656823191783,True,0,ok
24.766666666666666,0.10666666666666667,0.3227730302642841,-0.2912543102100245,-0.4771982962899681,1.2356513335156341e-09,-0.35577621139208976,0.5217981956171357,2.78432177260561,2.78432177260561,0.0,21.778800095519525,21.778800095519525,0.0,0.0,14.870841959465045,2.8415499073062387,True,0,ok
24.766666666666666,0.11,0.3098508013606644,-0.2793446602749902,-0.4582456962017075,1.9169063983364715e-08,-0.3447855990969981,0.5399003322569575,2.8104141032109227,2.8104141032109227,0.0,21.623674276171542,21.623674276171542,0.0,0.0,14.655811873186014,2.8686231616103366,True,0,ok
24.766666666666666,0.11333333333333334,0.2968359648130707,-0.2674309490076053,-0.4391075694319232,7.722592255298738e-11,-0.334157903108523,0.5597454956058672,2.8363450940662926,2.8363450940662926,0.0,21.470885732717186,21.470885732717186,0.0,0.0,14.446967997035838,2.895533879843232,True,0,ok
24.766666666666666,0.11666666666666667,0.28366159470013724,-0.2554419319166162,-0.419691696775361,1.652792725442654e-10,-0.32387263971858177,0.5815458774493238,2.8623007949128474,2.8623007949128474,0.0,21.31660549388783,21.31660549388783,0.0,0.0,14.24124397788014,2.9225088369522982,True,0,ok
24.766666666666666,0.12000000000000001,0.2702725260110535,-0.24333384657131937,-0.3999129331016845,2.926761363324421e-10,-0.31391832628911753,0.6056325285839165,2.888480217065295,2.888480217065295,0.0,21.156781774449506,21.156781774449506,0.0,0.0,14.035818712385076,2.9497895273007164,True,0,ok
24.766666666666666,0.12333333333333334,0.25662409597618674,-0.23106375396012827,-0.37970688894545834,4.3552377298489436e-09,-0.30428438032202165,0.6323611788901831,2.9149655017285516,2.9149655017285516,0.0,20.989851434803253,20.989851434803253,0.0,0.0,13.829419171689757,2.977483070175511,True,0,ok
24.766666666666666,0.12666666666666668,0.24251548775787463,-0.21845506943161178,-0.3587738396914541,4.825771470778929e-12,-0.2949502082246346,0.6625896213275202,2.9423488094402175,2.9423488094402175,0.0,20.804120696927463,20.804120696927463,0.0,0.0,13.614033747074366,3.0063133317724757,True,0,ok
24.766666666666666,0.13,0.2277832875799741,-0.20537412347991463,-0.33686369306750813,1.7707836201513773e-09,-0.28591678016396527,0.6974225855080696,2.971039639254256,2.971039639254256,0.0,20.591720284232196,20.591720284232196,0.0,0.0,13.384500422210827,3.0367914291016973,True,0,ok
24.766666666666666,0.13333333333333333,0.2123810402270043,-0.19179888588416427,-0.3138953744758062,3.3525528038441663e-10,-0.277184861913428,0.7379314599661901,3.001015602811106,3.001015602811106,0.0,20.353096853271634,20.353096853271634,0.0,0.0,13.141261408705821,3.0689159486010507,True,0,ok
24.766666666666666,0.13666666666666666,0.19705829232870758,-0.1784176861251517,-0.2909691409827956,1.9800609102282729e-10,-0.2688338680804183,0.782736816562636,3.030081490637404,3.030081490637404,0.0,20.131448318465896,20.131448318465896,0.0,0.0,12.91366991660849,3.10001643617247,True,0,ok
24.766666666666666,0.14,0.18192555442378458,-0.16531806471575466,-0.2682548406568682,1.0605366693800433e-10,-0.26082518791441833,0.8317464143955479,3.0579757555343043,3.0579757555343043,0.0,19.93150649981651,19.93150649981651,0.0,0.0,12.70431870558488,3.129768455011159,True,0,ok
24.766666666666666,0.14333333333333334,0.16609047395333956,-0.15170665666039498,-0.24442427649286383,7.261473414773384e-10,-0.25309646303151606,0.8894932886299574,3.087146601861573,3.087146601861573,0.0,19.706708056556614,19.706708056556614,0.0,0.0,12.48190330633979,3.161152661512132,True,0,ok
24.766666666666666,0.14666666666666667,0.15046757369799943,-0.138397052771358,-0.2208341639961775,6.513930559325334e-10,-0.24570247488078154,0.9531333103488856,3.1151309728802685,3.1151309728802685,0.0,19.50337719127322,19.50337719127322,0.0,0.0,12.27721468060003,3.191168822699362,True,0,ok
24.766666666666666,0.15000000000000002,0.13453231532405704,-0.12492149571411056,-0.19670142731537046,6.500686774582808e-09,-0.23858927158433543,1.026507322107088,3.1433187226743087,3.1433187226743087,0.0,19.29582601055614,19.29582601055614,0.0,0.0,12.072884547433338,3.2215057450105196,True,0,ok
24.766666666666666,0.15333333333333335,0.11822779878830651,-0.11123566771374159,-0.17193040291717734,6.024348331421931e-10,-0.23176277079205604,1.112200096246801,3.1718376848929015,3.1718376848929015,0.0,19.08171931975176,19.08171931975176,0.0,0.0,11.86741705256454,3.2523215930953313,True,0,ok
24.766666666666666,0.15666666666666668,0.10210151314612408,-0.097805418115541,-0.1473372225455219,1.4987716638349834e-10,-0.22522599127615026,1.2085667687791555,3.199352147393831,3.199352147393831,0.0,18.885239959635904,18.885239959635904,0.0,0.0,11.67640062357271,3.2819833508144125,True,0,ok
24.766666666666666,0.16,0.08547829777178037,-0.08404738251768168,-0.1218837793219834,2.590822922945937e-09,-0.21894305008944784,1.324041539968333,3.2275120257434686,3.2275120257434686,0.0,18.676726995977127,18.676726995977127,0.0,0.0,11.480335473378616,3.312508184874179,True,0,ok
24.766666666666666,0.16333333333333333,0.0688414921377518,-0.07035543673470405,-0.09626819641566722,1.8246059671140502e-10,-0.2129319305771977,1.4589190330522088,3.255223557067774,3.255223557067774,0.0,18.47575782595127,18.47575782595127,0.0,0.0,11.291909211295712,3.3425545773774035,True,0,ok
24.766666666666666,0.16666666666666669,0.05212884373673875,-0.05663340746885023,-0.07032002706523341,4.12865177178962e-10,-0.2071728177628317,1.619592317422159,3.282748395915867,3.282748395915867,0.0,18.27775364267498,18.27775364267498,0.0,0.0,11.107945712754507,3.3724405933437787,True,0,ok
24.766666666666666,0.17,0.03523579229847716,-0.04265605808746528,-0.0436479539628498,2.563361784541504e-10,-0.20166164554333937,1.8176253664681796,3.3105866790417138,3.3105866790417138,0.0,18.074020791880706,18.074020791880706,0.0,0.0,10.922609573775453,3.402780602607052,True,0,ok
24.766666666666666,0.17333333333333334,0.01936613402441603,-0.028891638469855273,-0.01704155707915539,4.382613645264018e-10,-0.19638960559480248,2.0569515818958317,3.3377153316818458,3.3377153316818458,0.0,17.88205223476698,17.88205223476698,0.0,0.0,10.747347457884217,3.4323182373424492,True,0,ok
24.766666666666666,0.1766666666666667,0.010445650443555105,-0.01495271499146452,0.010185831038794087,2.4832991696773285e-10,-0.1913481913609193,2.362448501300991,3.3650441471744523,3.3650441471744523,0.0,17.686455848156506,17.686455848156506,0.0,0.0,10.5720454496051,3.462165809224914,True,0,ok
24.766666666666666,0.18,0.02182732470254797,-0.0009702147986535009,0.037793584035598626,9.32795046270468e-10,-0.18653639202490757,2.7591407545474063,3.392235141819215,3.392235141819215,0.0,17.492932407681504,17.492932407681504,0.0,0.0,10.400266998498207,3.4919078313884535,True,0,ok
24.766666666666666,0.18333333333333335,0.038672083161521494,0.013025986886199464,0.06570322453118616,2.1507902081130006e-10,-0.1819435298117195,3.290491074995868,3.4191591253059013,3.4191591253059013,0.0,17.303660657294454,17.303660657294454,0.0,0.0,10.233155091865063,3.5213857804784503,True,0,ok
24.766666666666666,0.18666666666666668,0.056555748001844666,0.02711710233349695,0.09412927630221476,2.0888301858426806e-08,-0.1775641216064274,4.048544253343745,3.446134338566802,3.446134338566802,0.0,17.113334359727563,17.113334359727563,0.0,0.0,10.067479455860303,3.550986269472341,True,0,ok
24.766666666666666,0.19,0.07479062059419213,0.04118615328209502,0.12281942665725548,1.2520706555758417e-09,-0.17339116591771186,5.19498919807398,3.472818637708819,3.472818637708819,0.0,16.927556976082776,16.927556976082776,0.0,0.0,9.90655390346508,3.580289508187256,True,0,ok
24.766666666666666,0.19333333333333336,0.09336360932689389,0.05532875570849742,0.15195071382321285,9.53719560601956e-09,-0.16941978568718047,7.147137033042794,3.499414820067476,3.499414820067476,0.0,16.743079284386567,16.743079284386567,0.0,0.0,9.748237572655075,3.609542625792251,True,0,ok
24.766666666666666,0.19666666666666668,0.11222479925246616,0.06952539663098994,0.18151979485739986,3.906547964360726e-10,-0.16564889486582884,11.209235431177305,3.525948124035407,3.525948124035407,0.0,16.559490180921593,16.559490180921593,0.0,0.0,9.592341172595695,3.6387717823682233,True,0,ok
24.766666666666666,0.2,0.13126300731634905,0.0837101075288198,0.21138247128535265,7.866887576252203e-08,-0.16206502091272026,24.54479063685125,3.552228370087801,3.552228370087801,0.0,16.37977568211893,16.37977568211893,0.0,0.0,9.44050583079141,3.667745650675249,True,0,ok
24.833333333333332,0.1,0.34363416183243356,-0.31000229799250223,-0.5080864953668865,7.491502214085008e-10,-0.3756808644112962,0.5027893639474336,2.7433000162670678,2.7433000162670678,0.0,22.14015379680292,22.14015379680292,0.0,0.0,15.30461875496331,2.7972742687913783,True,0,ok
24.833333333333332,0.10333333333333333,0.3301452535878399,-0.29738683577670655,-0.48841451176890266,3.16782799707394e-10,-0.3638481070722036,0.5191339337940822,2.7722429505227804,2.7722429505227804,0.0,21.934236783510382,21.934236783510382,0.0,0.0,15.043309654179875,2.8275711763266114,True,0,ok
24.833333333333332,0.10666666666666667,0.31715900577869927,-0.2853549232586948,-0.4694060849750708,5.0367262347092e-10,-0.35251167763782054,0.5367149446657902,2.7986473283220494,2.7986473283220494,0.0,21.77881883217898,21.77881883217898,0.0,0.0,14.82395850603961,2.854911190286027,True,0,ok
24.833333333333332,0.11,0.3040051992558662,-0.27324038688101504,-0.45010795871758363,4.0278685059721933e-10,-0.3415447161744941,0.5560568174388247,2.8251029257561253,2.8251029257561253,0.0,21.62119517457033,21.62119517457033,0.0,0.0,14.607647402224373,2.8823461784391835,True,0,ok
24.833333333333332,0.11333333333333334,0.2907946417779645,-0.26115773801930875,-0.43067529176046565,4.891172658285618e-10,-0.3309516223777731,0.5772249129121423,2.851259665236669,2.851259665236669,0.0,21.46854803993218,21.46854803993218,0.0,0.0,14.39948105019429,2.9094567027549427,True,0,ok
24.833333333333332,0.11666666666666667,0.2773446227316177,-0.248926090759979,-0.4108478071176537,2.2226727816149975e-09,-0.32069559626810096,0.6006231971793407,2.877695679190226,2.877695679190226,0.0,21.309193080727795,21.309193080727795,0.0,0.0,14.19080885536399,2.9369401637960606,True,0,ok
24.833333333333332,0.12000000000000001,0.2636936267246332,-0.23658947898004723,-0.39067685465294755,2.2246880730197274e-09,-0.31077752683970133,0.6264882880427639,2.9042704087879616,2.9042704087879616,0.0,21.1460386782947,21.1460386782947,0.0,0.0,13.98366789373122,2.9646324617600883,True,0,ok
24.833333333333332,0.12333333333333334,0.2497026272235193,-0.22402353860142624,-0.36995629509372974,1.7584086797339657e-09,-0.30117853536890216,0.6554490599402453,2.931400180821012,2.931400180821012,0.0,20.9708001394289,20.9708001394289,0.0,0.0,13.772286604607663,2.993043004150606,True,0,ok
24.833333333333332,0.12666666666666668,0.23507172831987316,-0.2109579069043743,-0.3482426077900317,1.6923969134727552e-08,-0.2918729000471011,0.6887584913674089,2.959909851491867,2.959909851491867,0.0,20.767279744503536,20.767279744503536,0.0,0.0,13.545547985986707,3.0231871310406726,True,0,ok
24.833333333333332,0.13,0.2198498985834717,-0.19746046366166548,-0.3255937637793581,8.901047526926867e-10,-0.28288356293878897,0.7272145900320302,2.9895342932854994,2.9895342932854994,0.0,20.541049672792973,20.541049672792973,0.0,0.0,13.307544434891046,3.054761193789723,True,0,ok
24.833333333333332,0.13333333333333333,0.20412326236776646,-0.18362709652370468,-0.3021258150857919,1.3046572748152578e-09,-0.2742340764153487,0.7716214499246012,3.0199221125841316,3.0199221125841316,0.0,20.299265075961564,20.299265075961564,0.0,0.0,13.06332167644804,3.087349745766815,True,0,ok
24.833333333333332,0.13666666666666666,0.18888886831928106,-0.1703621727397062,-0.2793094051839691,2.5967942066715723e-10,-0.26598057484935234,0.8191804171567567,3.0482318466221594,3.0482318466221594,0.0,20.096279936248795,20.096279936248795,0.0,0.0,12.849273736202125,3.117496863489269,True,0,ok
24.833333333333332,0.14,0.1731694155962915,-0.1567738438557923,-0.255704715202053,3.9300346168312436e-10,-0.25802126405382264,0.8741703182901334,3.077234499158688,3.077234499158688,0.0,19.879559988731682,19.879559988731682,0.0,0.0,12.629615513813821,3.148564782952816,True,0,ok
24.833333333333332,0.14333333333333334,0.15715087877956407,-0.14303826617676424,-0.23157990092560468,4.649200341597516e-10,-0.25038425645253287,0.9372592666049829,3.106391091771963,3.106391091771963,0.0,19.659316795601754,19.659316795601754,0.0,0.0,12.411275579339748,3.1799003197975235,True,0,ok
24.833333333333332,0.14666666666666667,0.14134417215850298,-0.1296021609833444,-0.20769642480785477,7.080515415581977e-10,-0.24307165836671885,1.0069614045898856,3.1343724967594664,3.1343724967594664,0.0,19.460243982876673,19.460243982876673,0.0,0.0,12.21030185955777,3.2098775315187,True,0,ok
24.833333333333332,0.15000000000000002,0.12486420834158057,-0.11569239488540765,-0.18272515245577936,2.859326146923412e-09,-0.23602827484910163,1.0901168916092752,3.1634380580214647,3.1634380580214647,0.0,19.24062249831421,19.24062249831421,0.0,0.0,11.998982338203836,3.241260693489574,True,0,ok
24.833333333333332,0.15333333333333335,0.108469225691202,-0.10196817545577978,-0.1577948350243634,3.7225695032774646e-10,-0.2292922662358204,1.1843391257161455,3.1916920243498184,3.1916920243498184,0.0,19.035209252811427,19.035209252811427,0.0,0.0,11.80012802226473,3.2717272438839418,True,0,ok
24.833333333333332,0.15666666666666668,0.09186701700976056,-0.08816845630094652,-0.13245742620299927,4.760462313636745e-10,-0.22283035533855922,1.2943717464710247,3.21987386949293,3.21987386949293,0.0,18.830702981137616,18.830702981137616,0.0,0.0,11.604761277049805,3.3021788778375827,True,0,ok
24.833333333333332,0.16,0.07491931344260618,-0.07416871175867917,-0.10647869634904612,2.337097437894281e-09,-0.2166398136632597,1.4258856058645526,3.2483282377380176,3.2483282377380176,0.0,18.620944455981203,18.620944455981203,0.0,0.0,11.408858611040722,3.333038763176512,True,0,ok
24.833333333333332,0.16333333333333333,0.058103902422738246,-0.060348687151932826,-0.08053711187577688,2.680057921925145e-10,-0.21071730281145312,1.5792148082973563,3.2760237021108867,3.2760237021108867,0.0,18.424063437139704,18.424063437139704,0.0,0.0,11.223936143871468,3.3630410071651475,True,0,ok
24.833333333333332,0.16666666666666669,0.040969403728644,-0.04625908431208437,-0.053810530979069085,1.42566505484399e-09,-0.20504160064093666,1.7683968298863102,3.3041667182266656,3.3041667182266656,0.0,18.21903089472298,18.21903089472298,0.0,0.0,11.036323221514268,3.3936656352025274,True,0,ok
24.833333333333332,0.17,0.02418309939607198,-0.0321695912829912,-0.026825068236364408,2.409995026835632e-08,-0.19962102893477285,1.999283000269642,3.3319384823738436,3.3319384823738436,0.0,18.020057229261873,18.020057229261873,0.0,0.0,10.854866522305448,3.423905904454698,True,0,ok
24.833333333333332,0.17333333333333334,0.010455825277290918,-0.018104502925941006,0.0004470128547101392,4.959013146030051e-09,-0.19444015646382923,2.2884139300661523,3.359491967659807,3.359491967659807,0.0,17.824554728475416,17.824554728475416,0.0,0.0,10.678210397752114,3.453943343642843,True,0,ok
24.833333333333332,0.1766666666666667,0.016513811123919864,-0.0038718074331743828,0.028339495068012657,4.70797023267809e-10,-0.18949551247955504,2.6662624801066492,3.387216588344713,3.387216588344713,0.0,17.625932013538527,17.625932013538527,0.0,0.0,10.501883610803004,3.4842576743628038,True,0,ok
24.833333333333332,0.18,0.03309743337424052,0.01029622949156839,0.056394219084422395,4.4693682324294115e-08,-0.1847730151908781,3.1651617147083497,3.414464390700168,3.414464390700168,0.0,17.4349462541262,17.4349462541262,0.0,0.0,10.332377851178032,3.5140561632126057,True,0,ok
24.833333333333332,0.18333333333333335,0.0510603675621086,0.024558001291568547,0.08496109685789263,1.5349535884440087e-10,-0.1802729553583095,3.8691202927974726,3.44175530051189,3.44175530051189,0.0,17.243067087783533,17.243067087783533,0.0,0.0,10.164506773158243,3.543968337087645,True,0,ok
24.833333333333332,0.18666666666666668,0.06949480789682559,0.03886212890741174,0.11392242935714543,2.2670200086929343e-10,-0.1759899941444003,4.925152954083055,3.4689061049665098,3.4689061049665098,0.0,17.053295166586807,17.053295166586807,0.0,0.0,9.999976700600817,3.573769713410526,True,0,ok
24.833333333333332,0.19,0.08821301160350288,0.05319146324100804,0.14323154152196957,1.9740043280506484e-09,-0.17191460475267123,6.673803212630391,3.495842259436901,3.495842259436901,0.0,16.866850310292282,16.866850310292282,0.0,0.0,9.8393815782282,3.603368190497589,True,0,ok
24.833333333333332,0.19333333333333336,0.10724392977567364,0.06759022836899367,0.1730183298099207,4.056611161056676e-08,-0.1680415952317801,10.156299660762045,3.5227429491972635,3.5227429491972635,0.0,16.680816061841295,16.680816061841295,0.0,0.0,9.680916805933107,3.6329814522493455,True,0,ok
24.833333333333332,0.19666666666666668,0.12646554842319344,0.08198662983849618,0.20312261651933955,7.442700411966017e-10,-0.16436413561010818,20.284218249687267,3.549406585346346,3.549406585346346,0.0,16.498400787343222,16.498400787343222,0.0,0.0,9.526439345724148,3.662360647760295,True,0,ok
24.833333333333332,0.2,0.14594819627436534,0.09644541603975174,0.2336683755071295,1.860323889797902e-08,-0.16087868424578422,488.7248532082418,3.5759665250912884,3.5759665250912884,0.0,16.31752744654485,16.31752744654485,0.0,0.0,9.374586781875017,3.6916676722287862,True,0,ok
24.9,0.1,0.33804349461746264,-0.3040829979989333,-0.5003536180418208,3.744493008218266e-10,-0.37231434938385954,0.5162159797525981,2.7583777395389952,2.7583777395389952,0.0,22.117672388500797,22.117672388500797,0.0,0.0,15.239982643281213,2.8115931397982488,True,0,ok
24.9,0.10333333333333333,0.32465658150180576,-0.2915904851572564,-0.48081251720714574,9.67029556860522e-10,-0.36056652986641463,0.5334833094266848,2.786388035908948,2.786388035908948,0.0,21.935622482733194,21.935622482733194,0.0,0.0,14.996844256649915,2.8407270139792904,True,0,ok
24.9,0.10666666666666667,0.3114371430384905,-0.2793506992752307,-0.4614568983191943,4.534862155913667e-09,-0.3492537908721361,0.552251907879433,2.813169817125478,2.813169817125478,0.0,21.777321925491414,21.777321925491414,0.0,0.0,14.775995127028686,2.8684437152780977,True,0,ok
24.9,0.11,0.2980823662129824,-0.2670614728764213,-0.4418568329747409,9.740207028176097e-09,-0.3383192996227316,0.5728799744267117,2.839869517199428,2.839869517199428,0.0,21.619603777206034,21.619603777206034,0.0,0.0,14.56018131289179,2.8960980380571426,True,0,ok
24.9,0.11333333333333334,0.28460850850457925,-0.2547431911958959,-0.4220330743898335,1.7206974922085479e-09,-0.32775131523883816,0.595543502188436,2.8664543905169277,2.8664543905169277,0.0,21.463149797661185,21.463149797661185,0.0,0.0,14.34979996379024,2.9236506565467497,True,0,ok
24.9,0.11666666666666667,0.2708993373779837,-0.24228875387906176,-0.4018152718840131,2.299340443069702e-09,-0.31752880096196534,0.6206604629815375,2.8933122225906605,2.8933122225906605,0.0,21.300072621293566,21.300072621293566,0.0,0.0,14.13920225541779,2.9515716101916043,True,0,ok
24.9,0.12000000000000001,0.2569501577691224,-0.22969284187300296,-0.38119725749936123,1.6273032887002039e-09,-0.3076457436138225,0.6485397236474351,2.920392027300541,2.920392027300541,0.0,21.13150290225577,21.13150290225577,0.0,0.0,13.928971894763214,2.9798079829978876,True,0,ok
24.9,0.12333333333333334,0.2425736967153458,-0.21679100932987966,-0.35989950442891216,3.419812677426886e-08,-0.29808167835401417,0.6800504040051168,2.94825963266759,2.94825963266759,0.0,20.946287918543597,20.946287918543597,0.0,0.0,13.711473408722469,3.0090523609679014,True,0,ok
24.9,0.12666666666666668,0.22747443496877737,-0.20332150711869149,-0.3374821779532624,7.993150364028143e-10,-0.28882135433840445,0.716667797834477,2.977694799674512,2.977694799674512,0.0,20.72919306358305,20.72919306358305,0.0,0.0,13.476399111889075,3.0402717119021934,True,0,ok
24.9,0.13,0.2117388584806118,-0.1893904629290463,-0.3140561814764027,3.977271127575602e-10,-0.2798834283697232,0.7592571533878554,3.008294945582956,3.008294945582956,0.0,20.48839438377982,20.48839438377982,0.0,0.0,13.229571889221907,3.0729987263946716,True,0,ok
24.9,0.13333333333333333,0.19596527328064275,-0.1755535668418594,-0.2904963169559432,6.312946707455009e-08,-0.27133426973316416,0.806895430267398,3.038288201253662,3.038288201253662,0.0,20.258604024411415,20.258604024411415,0.0,0.0,12.994561234669119,3.105074207284788,True,0,ok
24.9,0.13666666666666666,0.18047201469124802,-0.16208838238520176,-0.2672785074709576,1.7295277966099291e-09,-0.2631505978180667,0.858789015125679,3.0668241460756738,3.0668241460756738,0.0,20.05580085759683,20.05580085759683,0.0,0.0,12.781524525218028,3.1354546309816462,True,0,ok
24.9,0.14,0.16422538553015636,-0.14806794762420025,-0.2428699541811267,5.532839184981184e-10,-0.25525755233921693,0.9203327588762915,3.0967371798967873,3.0967371798967873,0.0,19.82627074196173,19.82627074196173,0.0,0.0,12.554351797493528,3.1676014698152652,True,0,ok
24.9,0.14333333333333334,0.1481762140648647,-0.13434446196711575,-0.2186781579915013,4.496836089190188e-10,-0.24771344965321512,0.9884855779730125,3.125471591382395,3.125471591382395,0.0,19.617968922780804,19.617968922780804,0.0,0.0,12.344897809006108,3.1983902167672476,True,0,ok
24.9,0.14666666666666667,0.13181092536321323,-0.12045762021791771,-0.19393896428195032,1.440598203162954e-09,-0.24046374385770108,1.067373366505907,3.1543808320950313,3.1543808320950313,0.0,19.405952256446234,19.405952256446234,0.0,0.0,12.13628890130372,3.2294714282907035,True,0,ok
24.9,0.15000000000000002,0.11507531452144198,-0.10636594553897262,-0.16856236135693728,6.846119491832551e-10,-0.23351427372382214,1.159885159001407,3.1835841421883955,3.1835841421883955,0.0,19.188038487706248,19.188038487706248,0.0,0.0,11.92711941129972,3.2609933658386576,True,0,ok
24.9,0.15333333333333335,0.09849817434748345,-0.0925221283392766,-0.14333641134384567,6.466175143613951e-09,-0.2268660747953567,1.264628379936903,3.2117982892656602,3.2117982892656602,0.0,18.987400245194383,18.987400245194383,0.0,0.0,11.732282849727374,3.2913801572793417,True,0,ok
24.9,0.15666666666666668,0.08138189016179918,-0.07832370223267718,-0.11719400073164309,7.005728860672775e-11,-0.22048280259619665,1.3912310477913332,3.2407057445592646,3.2407057445592646,0.0,18.7738736935915,18.7738736935915,0.0,0.0,11.531975276976295,3.322698241506335,True,0,ok
24.9,0.16,0.06428379138795075,-0.06423120991541784,-0.09094816753750584,2.8752652270769912e-09,-0.21438310844880082,1.5397287239324329,3.2690441539838098,3.2690441539838098,0.0,18.569957736467583,18.569957736467583,0.0,0.0,11.340740073276425,3.3533927773931813,True,0,ok
24.9,0.16333333333333333,0.04703263453084328,-0.050058817188106064,-0.06426757311789043,2.3295597870612297e-10,-0.20854455799657856,1.7191073420897542,3.2973134327040032,3.2973134327040032,0.0,18.366926345534683,18.366926345534683,0.0,0.0,11.152727374307224,3.384075960347376,True,0,ok
24.9,0.16666666666666669,0.02965008820641914,-0.035677466513577075,-0.036939160454968284,7.81886958820571e-11,-0.20296651253370127,1.9416055727339578,3.325751229879331,3.325751229879331,0.0,18.160654580484973,18.160654580484973,0.0,0.0,10.965029979596327,3.415041509630054,True,0,ok
24.9,0.17,0.013583110901398708,-0.0214766239719615,-0.009605067831413664,6.046282758052124e-10,-0.19763774212301588,2.2151423263387446,3.35355913967563,3.35355913967563,0.0,17.9647714460938,17.9647714460938,0.0,0.0,10.786636448884252,3.4453025535140505,True,0,ok
24.9,0.17333333333333334,0.011388386856516403,-0.007075766860459881,0.018412484593799797,2.3011140598276333e-08,-0.1925467884819366,2.5712651377244864,3.381610234570929,3.381610234570929,0.0,17.764487905673494,17.764487905673494,0.0,0.0,10.607776825776666,3.4759345915150663,True,0,ok
24.9,0.1766666666666667,0.0273086210275024,0.007319913652567208,0.046730088929834046,5.358620929089812e-10,-0.18769447581008386,3.042076934308268,3.4093880013588347,3.4093880013588347,0.0,17.56851392253747,17.56851392253747,0.0,0.0,10.433923481733526,3.506298175860544,True,0,ok
24.9,0.18,0.045336246986309864,0.021772746069581107,0.07544583090536289,7.795813039113683e-10,-0.1830694536241272,3.694731856594313,3.436992180838461,3.436992180838461,0.0,17.375217329133115,17.375217329133115,0.0,0.0,10.2638076799592,3.5365161940184624,True,0,ok
24.9,0.18333333333333335,0.06396833011213106,0.03631514139124577,0.10467593934490123,1.0231334545896821e-08,-0.17867026894640015,4.666478552700104,3.464620022559045,3.464620022559045,0.0,17.181352596104674,17.181352596104674,0.0,0.0,10.095551751884303,3.5668256364629416,True,0,ok
24.9,0.18666666666666668,0.082818112312225,0.050813986017251976,0.13414342326748432,1.9611147288571075e-09,-0.17448138831760518,6.231909129024672,3.4918920420068393,3.4918920420068393,0.0,16.99302030206915,16.99302030206915,0.0,0.0,9.93267252664957,3.5967623557122437,True,0,ok
24.9,0.19,0.10200734710216686,0.0654160870954888,0.16412565959526643,6.625822262460444e-10,-0.1705016428247182,9.220661405184115,3.5191323689813605,3.5191323689813605,0.0,16.805056908871475,16.805056908871475,0.0,0.0,9.771870692297748,3.626722966986972,True,0,ok
24.9,0.19333333333333336,0.12143400382313689,0.08004515525888911,0.1945030204730333,4.333290052785907e-10,-0.16672874652299005,17.10074867590573,3.546232201316655,3.546232201316655,0.0,16.619193663856684,16.619193663856684,0.0,0.0,9.614282803764203,3.656567978804266,True,0,ok
24.9,0.19666666666666668,0.1410815147820941,0.09470544346383512,0.22526175977726232,1.9559449653948777e-10,-0.1631532146705017,94.40511088594474,3.5731470905431317,3.5731470905431317,0.0,16.43613552234252,16.43613552234252,0.0,0.0,9.460154856131524,3.686243424859479,True,0,ok
24.9,0.2,0.16099443671933858,0.10942136100386544,0.2564850711440982,4.3149744613268226e-09,-0.15976916973699015,28.212711389381628,3.599982286748182,3.599982286748182,0.0,16.254208889332205,16.254208889332205,0.0,0.0,9.308413660907632,3.7158773754963557,True,0,ok
24.966666666666665,0.1,0.3323012547045217,-0.2980195702734981,-0.49239893112048666,1.2818541870667666e-10,-0.36891069336766635,0.5303091625607951,2.773714427168921,2.773714427168921,0.0,22.094348072581234,22.094348072581234,0.0,0.0,15.17431114002307,2.8261464853960185,True,0,ok
24.966666666666665,0.10333333333333333,0.31900812772332454,-0.2856407762752727,-0.47297769882890084,9.996386570512514e-10,-0.35723549987209835,0.5484924367735571,2.8008305492271406,2.8008305492271406,0.0,21.935425044752936,21.935425044752936,0.0,0.0,14.948612497034244,2.854152515886246,True,0,ok
24.966666666666665,0.10666666666666667,0.3055405473371615,-0.273175820257815,-0.4532549497002174,8.828283380551941e-10,-0.34594879173911885,0.5685404695521539,2.827998672197517,2.827998672197517,0.0,21.774176829239714,21.774176829239714,0.0,0.0,14.726159492997631,2.8822573351174667,True,0,ok
24.966666666666665,0.11,0.29198886479277103,-0.26072100157736716,-0.43335557089462673,1.977401607893551e-09,-0.3350495612352815,0.5905590762336113,2.8549371431999027,2.8549371431999027,0.0,21.61654046684274,21.61654046684274,0.0,0.0,14.511106664606716,2.9101217896993616,True,0,ok
24.966666666666665,0.11333333333333334,0.2782307149608837,-0.2481514363374067,-0.41310756091678535,2.4400592403006453e-11,-0.32451030254045493,0.6148918799579823,2.8820177362349613,2.8820177362349613,0.0,21.454915586332227,21.454915586332227,0.0,0.0,14.297720888770813,2.938197882803627,True,0,ok
24.966666666666665,0.11666666666666667,0.26425437257973156,-0.23546547904664084,-0.3924883800316369,4.045349211593528e-09,-0.3143249209046413,0.6418782666330435,2.909285450363193,2.909285450363193,0.0,21.288423243957453,21.288423243957453,0.0,0.0,14.085413652662984,2.966543801778055,True,0,ok
24.966666666666665,0.12000000000000001,0.24994902245634049,-0.22255806998022706,-0.37133737620567087,7.098402643327506e-08,-0.30447606090623186,0.6720986866143261,2.9370271311068135,2.9370271311068135,0.0,21.111419109081897,21.111419109081897,0.0,0.0,13.870085727957337,2.9955163448814153,True,0,ok
24.966666666666665,0.12333333333333334,0.23503541285639523,-0.2091817828712888,-0.34923905509624414,3.8831176492792417e-10,-0.29493944318621446,0.7068478017913405,2.9660441558278454,2.9660441558278454,0.0,20.908208018248562,20.908208018248562,0.0,0.0,13.641075320863948,3.0261022051204973,True,0,ok
24.966666666666665,0.12666666666666668,0.21948582893434926,-0.19533155811191982,-0.3261405674162061,7.922361101608058e-09,-0.285731279012051,0.7471668781791582,2.996291826106579,2.996291826106579,0.0,20.68000121665791,20.68000121665791,0.0,0.0,13.399449046315308,3.0582668495202494,True,0,ok
24.966666666666665,0.13,0.20336444174160645,-0.18108683534798498,-0.3021238927299155,1.5191942540465946e-09,-0.2768719627090669,0.7940427968347887,3.0274623331049635,3.0274623331049635,0.0,20.43304411895333,20.43304411895333,0.0,0.0,13.14964307828591,3.0916512604465503,True,0,ok
24.966666666666665,0.13333333333333333,0.1876725330063392,-0.1673636273743352,-0.2786617217472668,1.7058804345221988e-09,-0.26842434896321754,0.844658076235961,3.0566992674531503,3.0566992674531503,0.0,20.222032964143086,20.222032964143086,0.0,0.0,12.928297903741415,3.1227678947321538,True,0,ok
24.966666666666665,0.13666666666666666,0.1715778296837194,-0.153396012555226,-0.25453195918996735,1.8668702451159316e-10,-0.2602925405644944,0.9029769326259276,3.0863671555911814,3.0863671555911814,0.0,20.0022456837395,20.0022456837395,0.0,0.0,12.704873487345008,3.154493869950769,True,0,ok
24.966666666666665,0.14,0.15512193418840536,-0.13922922189781353,-0.22979048537479807,2.410274438448706e-10,-0.2524938406952868,0.9703945064820441,3.1163115566899573,3.1163115566899573,0.0,19.77660441080603,19.77660441080603,0.0,0.0,12.481363623660027,3.1866449338429317,True,0,ok
24.966666666666665,0.14333333333333334,0.13889110460779697,-0.12538314069832207,-0.2053077807735176,3.668893866097496e-11,-0.2450346154273204,1.0451040109837653,3.14501736843174,3.14501736843174,0.0,19.57317327422755,19.57317327422755,0.0,0.0,12.27606371752932,3.217360783397922,True,0,ok
24.966666666666665,0.14666666666666667,0.121963326900692,-0.11104692002872195,-0.17970459336975728,1.2715518772996001e-09,-0.23785848205451157,1.1347291936999695,3.174824127629496,3.174824127629496,0.0,19.348942533540924,19.348942533540924,0.0,0.0,12.060423623417753,3.249513767158758,True,0,ok
24.966666666666665,0.15000000000000002,0.10512745091252806,-0.09691144981615475,-0.15415418807359374,3.523287403597515e-10,-0.23100251286644896,1.236725232073315,3.203766660350124,3.203766660350124,0.0,19.139769254578365,19.139769254578365,0.0,0.0,11.857924388475952,3.2806877769796614,True,0,ok
24.966666666666665,0.15333333333333335,0.0880377140826236,-0.08266953266789352,-0.12813143904270113,5.586204033988383e-10,-0.22443163694112528,1.3569211105079078,3.23270475143764,3.23270475143764,0.0,18.930261000159174,18.930261000159174,0.0,0.0,11.65823010871404,3.31193554994556,True,0,ok
24.966666666666665,0.15666666666666668,0.07062527113917783,-0.06825809031667522,-0.1015116735984961,1.2317847763986278e-08,-0.2181455546675598,1.5011947667726164,3.2618112862088844,3.2618112862088844,0.0,18.717322975559394,18.717322975559394,0.0,0.0,11.459304516836797,3.34347056585083,True,0,ok
24.966666666666665,0.16,0.05329922978378988,-0.05400249134858748,-0.07487425869270048,1.3072190076396239e-09,-0.21213860440144183,1.67130327113544,3.2902145331796935,3.2902145331796935,0.0,18.516254877451495,18.516254877451495,0.0,0.0,11.27081510163496,3.3742168866078823,True,0,ok
24.966666666666665,0.16333333333333333,0.035598479597661624,-0.039448288587243474,-0.047387633160276624,1.473262745975401e-10,-0.20638829740422598,1.8839313914796798,3.319115563964562,3.319115563964562,0.0,18.306145208204352,18.306145208204352,0.0,0.0,11.079169363194584,3.4056566557136945,True,0,ok
24.966666666666665,0.16666666666666669,0.018363136833084024,-0.024948138391154194,-0.019728273463927845,4.839918456944845e-10,-0.20090419720498492,2.145551946773116,3.3474927339001197,3.3474927339001197,0.0,18.104653209924265,18.104653209924265,0.0,0.0,10.895389639082579,3.436526972446422,True,0,ok
24.966666666666665,0.17,0.007702345155805837,-0.010416177498480953,0.008335562907364733,1.8708615505031041e-07,-0.19566790373361584,2.4803185135323593,3.375781574721706,3.375781574721706,0.0,17.904402974782656,17.904402974782656,0.0,0.0,10.715082202849198,3.467359261638177,True,0,ok
24.966666666666665,0.17333333333333334,0.021472186965841453,0.004239775854067708,0.036948460590333375,6.109668403468228e-10,-0.19067824845617526,2.925158376157861,3.404112307762152,3.404112307762152,0.0,17.70318228420444,17.70318228420444,0.0,0.0,10.536545289132976,3.498315088733843,True,0,ok
24.966666666666665,0.1766666666666667,0.03951958052937235,0.01886571821633553,0.06579875691709124,8.231939563981125e-10,-0.18592307381378187,3.5312763689635793,3.432042986044175,3.432042986044175,0.0,17.508334311671952,17.508334311671952,0.0,0.0,10.36414309991901,3.528849763551043,True,0,ok
24.966666666666665,0.18,0.058286409260692194,0.03359643725075936,0.09520081889128097,5.054734627230372e-09,-0.18139549498039997,4.42204584740901,3.460026333161638,3.460026333161638,0.0,17.312378164906974,17.312378164906974,0.0,0.0,10.193275971802725,3.5595174839179187,True,0,ok
24.966666666666665,0.18333333333333335,0.07734347704767365,0.04833382451634237,0.12493951229733313,5.2080527532255044e-09,-0.17709248719679183,5.834662409368682,3.487768330548108,3.487768330548108,0.0,17.120146446460343,17.120146446460343,0.0,0.0,10.02681238065248,3.589953379584282,True,0,ok
24.966666666666665,0.18666666666666668,0.09668458597562514,0.06313061473831541,0.15510723058128703,2.838118722528055e-10,-0.1730053182452179,8.423573826320496,3.51536346280852,3.51536346280852,0.0,16.93012835161617,16.93012835161617,0.0,0.0,9.863645149464936,3.620273592194607,True,0,ok
24.966666666666665,0.19,0.11631960494444236,0.07799675211755125,0.18576129344512726,3.9878583170931513e-10,-0.16913270841660977,14.727152160645188,3.5429105152114366,3.5429105152114366,0.0,16.74074303283656,16.74074303283656,0.0,0.0,9.702860147655109,3.650595021361128,True,0,ok
24.966666666666665,0.19333333333333336,0.1361195645934843,0.09284387382432494,0.21671553402710214,9.404596929592915e-10,-0.16545906438116675,51.533472888602034,3.570168601514683,3.570168601514683,0.0,16.555743501958148,16.555743501958148,0.0,0.0,9.546542354321316,3.6806227795336093,True,0,ok
24.966666666666665,0.19666666666666668,0.1562087925648494,0.1077741630311615,0.24816988215058866,4.061781689269803e-09,-0.16198389879222205,36.697558043318885,3.5973565445055695,3.5973565445055695,0.0,16.371736885359613,16.371736885359613,0.0,0.0,9.392540502215844,3.710624321837396,True,0,ok
24.966666666666665,0.2,0.17651560254268683,0.12272485317576984,0.2800212210458506,2.2465784399283397e-09,-0.15870222685958202,13.905066063712331,3.624380593288382,3.624380593288382,0.0,16.190160167406205,16.190160167406205,0.0,0.0,9.241730812606866,3.7404802606355214,True,0,ok
25.033333333333335,0.1,0.3267783894328226,-0.2921732292261143,-0.4847547333698897,5.0126529534651904e-09,-0.36556260238279875,0.5447217880715988,2.787983277752458,2.787983277752458,0.0,22.09515312839903,22.09515312839903,0.0,0.0,15.126276158057152,2.8393768772191583,True,0,ok
25.033333333333335,0.10333333333333333,0.31324506975911165,-0.2795796371212948,-0.46497596463935353,6.678363767058729e-10,-0.3539075378924252,0.5641381572387677,2.8154856680617395,2.8154856680617395,0.0,21.933545113429034,21.933545113429034,0.0,0.0,14.89916120526524,2.8677648054646405,True,0,ok
25.033333333333335,0.10666666666666667,0.2995454111814099,-0.2669100981140405,-0.44490601210173936,1.4919511840128487e-09,-0.342647723811464,0.5855568277008336,2.842990348176856,2.842990348176856,0.0,21.770663293144565,21.770663293144565,0.0,0.0,14.67607494388711,2.8961945527144173,True,0,ok
25.033333333333335,0.11,0.2857677785332313,-0.2542583004081998,-0.42466738327423675,5.921694270682135e-10,-0.3317808127665592,0.6090838222315483,2.870231121626486,2.870231121626486,0.0,21.61196838895213,21.61196838895213,0.0,0.0,14.460850557644495,2.924344930918295,True,0,ok
25.033333333333335,0.11333333333333334,0.27172288913040704,-0.24143635847671596,-0.40399068087968204,4.720386778713182e-10,-0.3212738176429599,0.6352295932537346,2.89779716773352,2.89779716773352,0.0,21.44550833887465,21.44550833887465,0.0,0.0,14.244732348262227,2.952932586986985,True,0,ok
25.033333333333335,0.11666666666666667,0.2574642534976652,-0.22850353639962254,-0.38294863799235074,1.6062766861685595e-09,-0.31112739143087753,0.6642603460359108,2.9254946667082202,2.9254946667082202,0.0,21.275283578363016,21.275283578363016,0.0,0.0,14.030488579636454,2.9817287235793803,True,0,ok
25.033333333333335,0.12000000000000001,0.2428016776051565,-0.21528755246433637,-0.3612606174184375,4.26006366696191e-09,-0.30131903688695866,0.6970645305483213,2.953890205072818,2.953890205072818,0.0,21.090125116501248,21.090125116501248,0.0,0.0,13.810375937793497,3.01142920625642,True,0,ok
25.033333333333335,0.12333333333333334,0.22733629040609613,-0.20142812332720653,-0.3383372251758507,1.3638006967981867e-09,-0.29182017127556903,0.735478769799473,2.984071580625937,2.984071580625937,0.0,20.86875456669076,20.86875456669076,0.0,0.0,13.569933373838943,3.043381332945144,True,0,ok
25.033333333333335,0.12666666666666668,0.21125916691096075,-0.18713022313062228,-0.31444170588969755,9.374213967070534e-10,-0.2826646233734899,0.7801770934092163,3.01531752225726,3.01531752225726,0.0,20.625785125050545,20.625785125050545,0.0,0.0,13.319389296984921,3.0767261992700474,True,0,ok
25.033333333333335,0.13,0.19501469117092904,-0.17281441602144337,-0.29021951507892435,1.7781227359441005e-09,-0.27390590582593655,0.8307880832280673,3.0462905684591832,3.0462905684591832,0.0,20.38730815734674,20.38730815734674,0.0,0.0,13.076482514772303,3.1098325870553283,True,0,ok
25.033333333333335,0.13333333333333333,0.17915189533178483,-0.15897211929738497,-0.26648465263314913,1.4719298281217207e-08,-0.2655378602095694,0.8856601508452357,3.0754886083366517,3.0754886083366517,0.0,20.181657667649212,20.181657667649212,0.0,0.0,12.859668382981186,3.1408565929916175,True,0,ok
25.033333333333335,0.13666666666666666,0.16247984257303819,-0.14452622125083778,-0.24147726414433243,1.2092771141905585e-09,-0.25747161512191447,0.9511858640943207,3.1061758825966566,3.1061758825966566,0.0,19.94719730484271,19.94719730484271,0.0,0.0,12.627517960289438,3.1737967748331997,True,0,ok
25.033333333333335,0.14,0.14598652384247446,-0.13036897341120277,-0.21665670126385933,2.139047614481697e-11,-0.24976958778670855,1.0241384207713375,3.1357008641469686,3.1357008641469686,0.0,19.733575383241632,19.733575383241632,0.0,0.0,12.412992381434856,3.2053996713083013,True,0,ok
25.033333333333335,0.14333333333333334,0.1291787048192598,-0.11605591815635725,-0.1912914979742416,1.3453875038242695e-09,-0.2423767409179104,1.1088972171646094,3.1653569987140364,3.1653569987140364,0.0,19.517014742484115,19.517014742484115,0.0,0.0,12.19998702943831,3.2372483588222334,True,0,ok
25.033333333333335,0.14666666666666667,0.11199496008580179,-0.10153969658500214,-0.16528249535654618,1.2405722509048499e-09,-0.23529827647323906,1.2087638749302028,3.195280154479403,3.195280154479403,0.0,19.29502477403294,19.29502477403294,0.0,0.0,11.986881302384145,3.2695120979140615,True,0,ok
25.033333333333335,0.15000000000000002,0.09494085143684572,-0.08725637359720445,-0.13938300140735957,2.666076111926776e-08,-0.2285325859311598,1.3227255391851325,3.2242471952961647,3.2242471952961647,0.0,19.089626764588072,19.089626764588072,0.0,0.0,11.78777948849186,3.300682584635887,True,0,ok
25.033333333333335,0.15333333333333335,0.07732547029039577,-0.07260856137213097,-0.11254191167010683,8.920101212656963e-10,-0.22204584767379767,1.4615040054455748,3.253907321053827,3.253907321053827,0.0,18.871382634713584,18.871382634713584,0.0,0.0,11.583387836166779,3.3327931037195646,True,0,ok
25.033333333333335,0.15666666666666668,0.0597465287047424,-0.058096719023232504,-0.08563710828569232,2.2577669451206953e-09,-0.2158536923810532,1.6252113067478222,3.282903691211871,3.282903691211871,0.0,18.664316988577973,18.664316988577973,0.0,0.0,11.38917117326467,3.3641668762599335,True,0,ok
25.033333333333335,0.16,0.04193324091305213,-0.04345595394824557,-0.058195963321042876,1.1938246023222468e-10,-0.2099332250582241,1.8258672745688072,3.311946012090645,3.311946012090645,0.0,18.45611477329296,18.45611477329296,0.0,0.0,11.196994923985358,3.3956766489145593,True,0,ok
25.033333333333335,0.16333333333333333,0.02402672451483798,-0.028652019914821896,-0.030181322494821167,6.251474741762336e-10,-0.204285766201014,2.076651932987257,3.3410122924965,3.3410122924965,0.0,18.247130833043247,18.247130833043247,0.0,0.0,11.006795092500589,3.427296690009648,True,0,ok
25.033333333333335,0.16666666666666669,0.00816572071771293,-0.01399020197155061,-0.0020763509612487323,1.1850390858789948e-09,-0.19889783054519852,2.3909563242138954,3.3695427987173647,3.3695427987173647,0.0,18.046914298075674,18.046914298075674,0.0,0.0,10.824977484616904,3.458329540994522,True,0,ok
25.033333333333335,0.17,0.015453847799493943,0.0008863703452425954,0.026752169688472376,5.069798911682e-09,-0.19375794248424744,2.8088363029009917,3.3983304491564374,3.3983304491564374,0.0,17.842052004702452,17.842052004702452,0.0,0.0,10.642631942426696,3.489758057746226,True,0,ok
25.033333333333335,0.17333333333333334,0.03347628029548685,0.01571445276810938,0.05581254340616309,4.86413033555004e-09,-0.1888642130715711,3.3736202982154575,3.426721847907836,3.426721847907836,0.0,17.643484680150937,17.643484680150937,0.0,0.0,10.466595939838442,3.5207705597381675,True,0,ok
25.033333333333335,0.1766666666666667,0.05236754051097013,0.03064411189516343,0.08536987937007405,7.008171854020474e-11,-0.1842073291356932,4.18862741711024,3.4550336747465047,3.4550336747465047,0.0,17.446023871092297,17.446023871092297,0.0,0.0,10.293383585436061,3.5517579972668893,True,0,ok
25.033333333333335,0.18,0.07163880251407614,0.04562903324168321,0.11538780439189304,2.0809585949751878e-09,-0.17978459936736182,5.464338943257628,3.483270729603134,3.483270729603134,0.0,17.249574771679015,17.249574771679015,0.0,0.0,10.123085595274011,3.582720258429831,True,0,ok
25.033333333333335,0.18333333333333335,0.09113046715412615,0.060621511203484454,0.1457371555595676,5.525403600197004e-10,-0.17558441017507512,7.713778766968139,3.5112278071895178,3.5112278071895178,0.0,17.057454237773108,17.057454237773108,0.0,0.0,9.957472403126163,3.6134052984355685,True,0,ok
25.033333333333335,0.18666666666666668,0.11092683837227045,0.07568871652158879,0.1765941918782098,5.05952112466072e-09,-0.17159906903915687,12.798247856980293,3.5391384231049132,3.5391384231049132,0.0,16.865879395167312,16.865879395167312,0.0,0.0,9.79417255036767,3.6441000586234513,True,0,ok
25.033333333333335,0.19,0.13092890375300878,0.09076936322572993,0.20781736263720418,7.877872931382625e-08,-0.1678259367632329,34.6839995503032,3.5668291686711893,3.5668291686711893,0.0,16.67763140023969,16.67763140023969,0.0,0.0,9.634826413564909,3.674586468734498,True,0,ok
25.033333333333335,0.19333333333333336,0.15118918926178287,0.10590976630117001,0.23949453908374857,2.150007073151606e-09,-0.16425833112367857,54.095924653246776,3.5943872636485494,3.5943872636485494,0.0,16.491351313961506,16.491351313961506,0.0,0.0,9.478471508728235,3.7049714959656117,True,0,ok
25.033333333333335,0.19666666666666668,0.17171794359286063,0.12110822660183582,0.27165042592390864,3.5196347142957003e-10,-0.1608935705474308,15.640804166539843,3.6218587594250353,3.6218587594250353,0.0,16.306317166890203,16.306317166890203,0.0,0.0,9.324676590832041,3.735308213890984,True,0,ok
25.033333333333335,0.2,0.19240655515841995,0.13628641154181373,0.3041165260765118,1.951559790159012e-10,-0.1577106892462032,9.330139745594488,3.6490275726595605,3.6490275726595605,0.0,16.1257882652093,16.1257882652093,0.0,0.0,9.175142014960807,3.7653342477924157,True,0,ok
25.1,0.1,0.32113138620610465,-0.2862062351531545,-0.47692986127880505,1.0447206240779902e-10,-0.3621964982713529,0.5597490548181886,2.802478150032371,2.802478150032371,0.0,22.094798979148695,22.094798979148695,0.0,0.0,15.077077842487776,2.8528016754055994,True,0,ok
25.1,0.10333333333333333,0.3073501777600901,-0.27339129391420625,-0.45678178129101543,4.922020766006728e-10,-0.3505666170781502,0.580495109708933,2.830379788248588,2.830379788248588,0.0,21.93017902688606,21.93017902688606,0.0,0.0,14.848421158171671,2.881587795523128,True,0,ok
25.1,0.10666666666666667,0.29343941418096753,-0.2605384577514927,-0.43639406666117947,8.790062226251527e-11,-0.339342092890451,0.6033478404722391,2.858135711412526,2.858135711412526,0.0,21.767313932702947,21.767313932702947,0.0,0.0,14.625968822662736,2.910240103433361,True,0,ok
25.1,0.11,0.27936535104502225,-0.24762007664414648,-0.41571540233225973,2.598310926045717e-10,-0.32850268881988515,0.6286003904423507,2.8858852065756424,2.8858852065756424,0.0,21.603384023059593,21.603384023059593,0.0,0.0,14.407633117584199,2.9389270491875146,True,0,ok
25.1,0.11333333333333334,0.26505088274160793,-0.2345668622717396,-0.3946318517939312,1.741817379057466e-08,-0.31803327597899633,0.6566990929482261,2.913873906336248,2.913873906336248,0.0,21.433443981960576,21.433443981960576,0.0,0.0,14.189844041173243,2.967950529172471,True,0,ok
25.1,0.11666666666666667,0.2504282803316924,-0.22131402758030047,-0.3730456700805575,1.8527240221606718e-09,-0.3079207124899256,0.688171068811746,2.942247082995759,2.942247082995759,0.0,21.25471368511113,21.25471368511113,0.0,0.0,13.970464700939482,2.9974967356082662,True,0,ok
25.1,0.12000000000000001,0.23522992551051164,-0.20762219995924602,-0.35056008850284914,2.0044117446612457e-10,-0.29813986918353685,0.7243284507467307,2.9717777378671655,2.9717777378671655,0.0,21.052090544397945,21.052090544397945,0.0,0.0,13.739207607788689,3.0285197388110436,True,0,ok
25.1,0.12333333333333334,0.21934811336922969,-0.19341118705663127,-0.32700595902409196,1.835093849679826e-09,-0.2887001279261805,0.7664991407076475,3.0026634838760233,3.0026634838760233,0.0,20.822026695861467,20.822026695861467,0.0,0.0,13.493888377569434,3.061281535026751,True,0,ok
25.1,0.12666666666666668,0.2028213491101075,-0.1787405668189367,-0.30242570779908495,1.9578706850737017e-10,-0.27961808415531825,0.81588405006948,3.034648114355775,3.034648114355775,0.0,20.56969896379197,20.56969896379197,0.0,0.0,13.238228325139307,3.095490511710376,True,0,ok
25.1,0.13,0.18665213945016995,-0.16453658096803825,-0.27828901704401715,1.486430184953803e-09,-0.2709650082035282,0.8697010003656267,3.0648709057032573,3.0648709057032573,0.0,20.349983109266404,20.349983109266404,0.0,0.0,13.009033183697582,3.1276399048522117,True,0,ok
25.1,0.13333333333333333,0.17017403832322572,-0.15017658169270756,-0.2536229569041368,6.648947203986045e-11,-0.26265028972536275,0.9314208184578753,3.095217567830723,3.095217567830723,0.0,20.12725779233216,20.12725779233216,0.0,0.0,12.781793488481986,3.160031185895363,True,0,ok
25.1,0.13666666666666666,0.15326410141829927,-0.13555952084127018,-0.22823950284725342,1.5384185605137215e-09,-0.25468093534893244,1.0033918758423963,3.1259956146515373,3.1259956146515373,0.0,19.89576253124029,19.89576253124029,0.0,0.0,12.552733107998346,3.1930452652071115,True,0,ok
25.1,0.14,0.13660089691900867,-0.12129169281770548,-0.20314462919469042,8.580039770619376e-10,-0.24706736891288242,1.083344296066017,3.1554449102752073,3.1554449102752073,0.0,19.687994752819037,19.687994752819037,0.0,0.0,12.34304097736846,3.224514645364049,True,0,ok
25.1,0.14333333333333334,0.11921241779380093,-0.10651294416521155,-0.17688921503017008,3.093157570091992e-09,-0.23975118486189737,1.1798371229558466,3.1860225121964367,3.1860225121964367,0.0,19.458979343424478,19.458979343424478,0.0,0.0,12.122893390024512,3.2574659808250117,True,0,ok
25.1,0.14666666666666667,0.10191879723673446,-0.09194700667191572,-0.1506919760790947,1.5437933821742592e-09,-0.2327688702059389,1.2901991893359355,3.2156917623332877,3.2156917623332877,0.0,19.245714447674846,19.245714447674846,0.0,0.0,11.916470287483754,3.2893863608826646,True,0,ok
25.1,0.15000000000000002,0.0843296976687273,-0.07724796604893724,-0.12396469444159935,3.4746861409304875e-10,-0.2260838057703709,1.4214197954161267,3.2454096463442585,3.2454096463442585,0.0,19.031140568079202,19.031140568079202,0.0,0.0,11.71235579353707,3.3214522330307337,True,0,ok
25.1,0.15333333333333335,0.0664356537149832,-0.06240653032111922,-0.09667736667333625,2.809623100312257e-10,-0.2196973575425404,1.5797357363886575,3.275201857767808,3.275201857767808,0.0,18.814767052379953,18.814767052379953,0.0,0.0,11.510193469507998,3.3536960966284677,True,0,ok
25.1,0.15666666666666668,0.048559157640077386,-0.04768070396811696,-0.0692858271308519,2.0039569502669223e-07,-0.2135996683515613,1.7689253659845015,3.304385366403476,3.304385366403476,0.0,18.608552213060857,18.608552213060857,0.0,0.0,11.31746484905611,3.385270754482416,True,0,ok
25.1,0.16,0.030286760561577173,-0.032662883042232006,-0.04104874745119992,1.0669162634504053e-10,-0.20777433756355596,2.007937326018415,3.334025080808813,3.334025080808813,0.0,18.394073584526158,18.394073584526158,0.0,0.0,11.122230636828512,3.4174944458663994,True,0,ok
25.1,0.16333333333333333,0.01258828878619986,-0.017732909824392806,-0.012686171717823604,1.1875686409273776e-08,-0.20222364065708998,2.3053020628610166,3.3630378046310927,3.3630378046310927,0.0,18.189855902718534,18.189855902718534,0.0,0.0,10.93595823266189,3.449025211695365,True,0,ok
25.1,0.16666666666666669,0.009481750713105258,-0.0027166477179190063,0.016196623565828083,2.0336802167928538e-09,-0.19693067916732995,2.694749483139488,3.392087662654464,3.392087662654464,0.0,17.984744490007007,17.984744490007007,0.0,0.0,10.751910926234642,3.4806787588312096,True,0,ok
25.1,0.17,0.027257540446173248,0.012380449378240085,0.045559247214118304,1.488709056463147e-10,-0.19189422726041555,3.222594702970441,3.421052223435029,3.421052223435029,0.0,17.780757611078798,17.780757611078798,0.0,0.0,10.571036665494908,3.5123041165783735,True,0,ok
25.1,0.17333333333333334,0.04625157708004443,0.027486969747455563,0.0752468713055655,9.342625222370524e-10,-0.18710279592658313,3.9685840134097523,3.4497001913286747,3.4497001913286747,0.0,17.58174597132161,17.58174597132161,0.0,0.0,10.395500286166136,3.543614226837729,True,0,ok
25.1,0.1766666666666667,0.06571441705732224,0.04270286640403505,0.10550648808689533,1.2067299616750356e-09,-0.18255053560882484,5.119667800546843,3.4783942512548154,3.4783942512548154,0.0,17.38174751641132,17.38174751641132,0.0,0.0,10.22168240908707,3.57505378412717,True,0,ok
25.1,0.18,0.08536669454106864,0.05789200446922857,0.13605489123563025,1.2895423605598522e-09,-0.17822750480980606,7.0836762459723905,3.506753114064136,3.506753114064136,0.0,17.18691666599994,17.18691666599994,0.0,0.0,10.053187441865512,3.6061505990595886,True,0,ok
25.1,0.18333333333333335,0.10532819608402808,0.07317522147643343,0.16711515081769612,1.7647299082394468e-09,-0.17412953310001877,11.241221019375049,3.5350320882710182,3.5350320882710182,0.0,16.993208288230434,16.993208288230434,0.0,0.0,9.887373344710678,3.637218984213268,True,0,ok
25.1,0.18666666666666668,0.12554344663442266,0.0885016369256899,0.19862258491929802,5.260581512813018e-10,-0.170253267086317,25.79026742886865,3.563186396198917,3.563186396198917,0.0,16.801319353181515,16.801319353181515,0.0,0.0,9.724725599710219,3.668198293731521,True,0,ok
25.1,0.19,0.1459789904507808,0.10385988263831478,0.2305270518554442,1.0014004352529253e-05,-0.16657990969575934,108.2772332791796,3.5911232161019635,3.5911232161019635,0.0,16.612706693125418,16.612706693125418,0.0,0.0,9.565919312178096,3.6989746560648706,True,0,ok
25.1,0.19333333333333336,0.166682562599585,0.11926847805069148,0.2629149295261976,1.686688257629304e-10,-0.16312771508860893,18.066701138918724,3.6189682415187097,3.6189682415187097,0.0,16.42538566454564,16.42538566454564,0.0,0.0,9.409733212330426,3.729700623898204,True,0,ok
25.1,0.19666666666666668,0.18758264587650914,0.1346864118202125,0.2956709616670051,1.1067315540904872e-09,-0.15986115075552984,10.068261429375283,3.6465593995897394,3.6465593995897394,0.0,16.241831934684736,16.241831934684736,0.0,0.0,9.257462437477901,3.760177185174704,True,0,ok
25.1,0.2,0.208751526911411,0.15016521312562087,0.32891033539624975,3.9179433413305167e-10,-0.1568004037572619,7.067454211230684,3.6740658425846937,3.6740658425846937,0.0,16.05953534562178,16.05953534562178,0.0,0.0,9.107766896447908,3.7906023298642393,True,0,ok
25.166666666666668,0.1,0.31539096551959633,-0.2801473128800104,-0.46896893978200643,2.335234190844108e-10,-0.35884252547093876,0.5753867897190466,2.8171345893946937,2.8171345893946937,0.0,22.093666824999,22.093666824999,0.0,0.0,15.027278638874137,2.866353770361697,True,0,ok
25.166666666666668,0.10333333333333333,0.30134957728570916,-0.2670956648742485,-0.4484357356369026,4.343790743251655e-09,-0.34724060906050985,0.5975529107127187,2.845439831719012,2.845439831719012,0.0,21.926009328870485,21.926009328870485,0.0,0.0,14.796993406108601,2.8955445076779256,True,0,ok
25.166666666666668,0.10666666666666667,0.287231194748638,-0.25406769813168084,-0.42773225559485123,1.0508910402518996e-09,-0.3360524961799975,0.6219478167804143,2.8734498027593363,2.8734498027593363,0.0,21.763156351435537,21.763156351435537,0.0,0.0,14.575288738266726,2.9244200900027337,True,0,ok
25.166666666666668,0.11,0.2728593032282066,-0.24088538825275152,-0.4066089371876476,3.064529490875514e-10,-0.32524473235233115,0.6490830897670824,2.9017134602302073,2.9017134602302073,0.0,21.59395238174556,21.59395238174556,0.0,0.0,14.353937651348556,2.953650041286806,True,0,ok
25.166666666666668,0.11333333333333334,0.25826030501217745,-0.22758245602570443,-0.38509918351543804,8.65497404350322e-09,-0.3148149900663632,0.6792945501259893,2.9301293461910367,2.9301293461910367,0.0,21.42050613845241,21.42050613845241,0.0,0.0,14.134382361901897,2.983117115004196,True,0,ok
25.166666666666668,0.11666666666666667,0.2432685271934839,-0.21400851495342874,-0.36295879173273726,8.579565116512392e-10,-0.3047421205997899,0.7134650854092894,2.9591851138575667,2.9591851138575667,0.0,21.23321596209909,21.23321596209909,0.0,0.0,13.909958986820753,3.013423717081502,True,0,ok
25.166666666666668,0.12000000000000001,0.22751161755015128,-0.19982433513865058,-0.33963928431095125,3.561587945006554e-10,-0.2949982358008204,0.7534340888772537,2.989892261090063,2.989892261090063,0.0,21.01241520180312,21.01241520180312,0.0,0.0,13.667265407684647,3.045826688965617,True,0,ok
25.166666666666668,0.12333333333333334,0.21109434570010122,-0.18515595875420124,-0.31527724195931756,4.144120153784629e-10,-0.2856116435953042,0.8001855863398984,3.021788252572763,3.021788252572763,0.0,20.7675665024919,20.7675665024919,0.0,0.0,13.413037503082318,3.0797828366133646,True,0,ok
25.166666666666668,0.12666666666666668,0.19435624836878104,-0.17033364524611452,-0.2903609876294209,6.700639051148578e-10,-0.27662892561044783,0.8538669942057959,3.05381172936999,3.05381172936999,0.0,20.519473349180327,20.519473349180327,0.0,0.0,13.161467652088579,3.113998024877088,True,0,ok
25.166666666666668,0.13,0.17812594937903758,-0.15611134655068434,-0.26611239919380403,4.583251930177575e-10,-0.2680658276997602,0.9116990139824732,3.0836721643984277,3.0836721643984277,0.0,20.311318067825606,20.311318067825606,0.0,0.0,12.94097885916644,3.145655570377709,True,0,ok
25.166666666666668,0.13333333333333333,0.16102042162435806,-0.1412270852998,-0.24049457149378886,4.780981240548058e-10,-0.25981515846590464,0.9812832995857885,3.115160576321891,3.115160576321891,0.0,20.07177109926602,20.07177109926602,0.0,0.0,12.703629859986522,3.179413146883091,True,0,ok
25.166666666666668,0.13666666666666666,0.14406460764631185,-0.1266139244859012,-0.21501801704772516,9.229804452030294e-10,-0.2519451495532465,1.0592465417237606,3.1455279993616827,3.1455279993616827,0.0,19.85222981234319,19.85222981234319,0.0,0.0,12.48353770026714,3.2118854300350272,True,0,ok
25.166666666666668,0.14,0.12681249436019612,-0.11186737815896332,-0.18902358551620965,1.0196118731900561e-12,-0.24440081513732112,1.150060685503473,3.1759399671719883,3.1759399671719883,0.0,19.631300494637188,19.631300494637188,0.0,0.0,12.266161529248546,3.244503977008796,True,0,ok
25.166666666666668,0.14333333333333334,0.1091639067972828,-0.09690566053063408,-0.16235630138328183,1.3118522773337066e-10,-0.23718495131227416,1.2577010332613565,3.2066261887812093,3.2066261887812093,0.0,19.404785663088845,19.404785663088845,0.0,0.0,12.04873925809943,3.277554561460266,True,0,ok
25.166666666666668,0.14666666666666667,0.0916228044729916,-0.0821687821620697,-0.13576636599869088,1.2657549009455115e-09,-0.2302948560392795,1.3814821302198181,3.2363743129710123,3.2363743129710123,0.0,19.194440088072373,19.194440088072373,0.0,0.0,11.84518594600828,3.3095360364933213,True,0,ok
25.166666666666668,0.15000000000000002,0.07350393193880941,-0.06706166602721966,-0.10821837635561891,5.147813299897599e-08,-0.223698736769964,1.5333130367943615,3.2667999484979644,3.2667999484979644,0.0,18.97157404302899,18.97157404302899,0.0,0.0,11.636711416066026,3.3424474104194073,True,0,ok
25.166666666666668,0.15333333333333335,0.055428930096730486,-0.0521130071741397,-0.0806308461959365,1.078438919083669e-09,-0.21740875312323807,1.7136718444557981,3.2964900657949223,3.2964900657949223,0.0,18.761032798230524,18.761032798230524,0.0,0.0,11.43925067867159,3.374536828542886,True,0,ok
25.166666666666668,0.15666666666666668,0.03703828065991293,-0.03699016409146227,-0.052414029259484865,2.2350105038224944e-10,-0.21140179339103712,1.9379769614868914,3.3263236864988026,3.3263236864988026,0.0,18.547651987296845,18.547651987296845,0.0,0.0,11.242857776522046,3.4068896159150595,True,0,ok
25.166666666666668,0.16,0.018565820367157534,-0.0217464031701631,-0.02368887939260529,2.2164137304651833e-09,-0.20568082172232963,2.22089077869887,3.3560508472591137,3.3560508472591137,0.0,18.33568420436194,18.33568420436194,0.0,0.0,11.04993902628339,3.4391968771630705,True,0,ok
25.166666666666668,0.16333333333333333,0.004860273495327953,-0.006597280560799461,0.0052290213759612555,6.382977649365684e-11,-0.20022823219256902,2.583099237136849,3.3853509861250473,3.3853509861250473,0.0,18.130599152079867,18.130599152079867,0.0,0.0,10.864298550486122,3.47105535836462,True,0,ok
25.166666666666668,0.16666666666666669,0.020756738949209704,0.008760135556330668,0.034868132448578726,2.8440976456481624e-10,-0.19503894592628304,3.0751105623246078,3.414872999197725,3.414872999197725,0.0,17.92151148081916,17.92151148081916,0.0,0.0,10.678683805508644,3.5032708440295957,True,0,ok
25.166666666666668,0.17,0.03986520027309822,0.024061963835417845,0.0647203559540874,4.426933324336994e-08,-0.1901009467519023,3.7582218645442587,3.4439059089711677,3.4439059089711677,0.0,17.7201515742624,17.7201515742624,0.0,0.0,10.500196544272677,3.5349628403276143,True,0,ok
25.166666666666668,0.17333333333333334,0.059455207632363165,0.039460340738231944,0.09511911822890748,1.8697537560018936e-10,-0.1854113991115879,4.7908894770043435,3.472947371855434,3.472947371855434,0.0,17.518436767699075,17.518436767699075,0.0,0.0,10.323926158767717,3.566739610275871,True,0,ok
25.166666666666668,0.1766666666666667,0.07932710582479173,0.05490508359460862,0.12595158177284696,2.8852197129297557e-10,-0.18096381119378493,6.513273334136966,3.501819148648147,3.501819148648147,0.0,17.319241065015216,17.319241065015216,0.0,0.0,10.151462812313552,3.5983806618776404,True,0,ok
25.166666666666668,0.18,0.09943940834694207,0.07039000834870666,0.1571936211232459,9.992299058132523e-09,-0.1767478556812744,9.942150874964788,3.5304729551784355,3.5304729551784355,0.0,17.123354652977138,17.123354652977138,0.0,0.0,9.983110892491743,3.629825188717303,True,0,ok
25.166666666666668,0.18333333333333335,0.11985903491218032,0.08595870515300708,0.18897001285562784,4.879788135115404e-09,-0.17276104029304853,20.20102050279022,3.5590875080701085,3.5590875080701085,0.0,16.927932550906373,16.927932550906373,0.0,0.0,9.817158322342726,3.6612903256638134,True,0,ok
25.166666666666668,0.18666666666666668,0.1404459236214653,0.10150852815535691,0.2210682950976745,2.037157298756031e-09,-0.1689879204862354,1255.1758365233266,3.587392704728256,3.587392704728256,0.0,16.737164700430036,16.737164700430036,0.0,0.0,9.655957888918762,3.6924424315364477,True,0,ok
25.166666666666668,0.19,0.16133198274153832,0.11714690243411356,0.2536939676382557,3.1517300390594256e-11,-0.16542899730228916,21.73211879644742,3.615615461909218,3.615615461909218,0.0,16.54756701142615,16.54756701142615,0.0,0.0,9.497310115035054,3.7235596767359787,True,0,ok
25.166666666666668,0.19333333333333336,0.18245236779489368,0.13281328202023357,0.28675291046631657,2.199803948499992e-09,-0.16207731492907662,11.012325870449088,3.643670097642769,3.643670097642769,0.0,16.36043318022772,16.36043318022772,0.0,0.0,9.34198213909243,3.754532473116683,True,0,ok
25.166666666666668,0.19666666666666668,0.20379609662971993,0.14850678697551764,0.32022536006184554,3.745464158956843e-09,-0.15892473686907807,7.486838064913216,3.671518414701048,3.671518414701048,0.0,16.1763518371306,16.1763518371306,0.0,0.0,9.190191428856252,3.785312458015067,True,0,ok
25.166666666666668,0.2,0.2254212730512348,0.1642644253895486,0.3542053776886504,1.1006859521069354e-10,-0.15597531522961658,5.72885306773561,3.6992822355538495,3.6992822355538495,0.0,15.993489082724931,15.993489082724931,0.0,0.0,9.040884117154487,3.8160448481400997,True,0,ok
25.233333333333334,0.1,0.3094451610758133,-0.2738921215539768,-0.4607081819225373,1.0898574315102847e-09,-0.35542200336336555,0.5918458786456482,2.8321899560070434,2.8321899560070434,0.0,22.089513054334024,22.089513054334024,0.0,0.0,14.974694013506797,2.8802855630035094,True,0,ok
25.233333333333334,0.10333333333333333,0.29517153730099444,-0.26063698201090546,-0.43982618488005465,8.306905297078696e-10,-0.3438513234190319,0.6155262470597201,2.8608008199445396,2.8608008199445396,0.0,21.921165463199706,21.921165463199706,0.0,0.0,14.744500710690074,2.9097583600430688,True,0,ok
25.233333333333334,0.10666666666666667,0.280773980543333,-0.2473587681665626,-0.41870720588684,2.866617947855289e-11,-0.33269338123208797,0.6416745875892259,2.8892441177496084,2.8892441177496084,0.0,21.754902281616346,21.754902281616346,0.0,0.0,14.520961759725498,2.939074370960721,True,0,ok
25.233333333333334,0.11,0.2661125072034778,-0.2339258443740413,-0.3971477040148349,1.743628633220816e-10,-0.3219224474446771,0.6708704921122459,2.9179827608450766,2.9179827608450766,0.0,21.581404288978675,21.581404288978675,0.0,0.0,14.29740087342908,2.968798971526572,True,0,ok
25.233333333333334,0.11333333333333334,0.25116649023902793,-0.22031820314491515,-0.3751182571136349,1.537332602262902e-09,-0.3115303150137036,0.7035697213820287,2.9470069843151774,2.9470069843151774,0.0,21.401004155545866,21.401004155545866,0.0,0.0,14.073813835276882,2.9989305053191075,True,0,ok
25.233333333333334,0.11666666666666667,0.23568239121630563,-0.2063068026106344,-0.35224433534818406,1.6542274372396583e-09,-0.30149107594890584,0.7410862631527059,2.9770557978117647,2.9770557978117647,0.0,21.19929452519169,21.19929452519169,0.0,0.0,13.840351135338416,3.0303830005110295,True,0,ok
25.233333333333334,0.12000000000000001,0.21946723458036327,-0.1917312179129136,-0.3282327546737032,3.6547242183459276e-09,-0.29180631050512895,0.7850790055156476,3.008593580162007,3.008593580162007,0.0,20.967524572855403,20.967524572855403,0.0,0.0,13.59130090059609,3.0637459801419116,True,0,ok
25.233333333333334,0.12333333333333334,0.20252437059773434,-0.17661931783783974,-0.3030742130642617,6.574521445162809e-10,-0.2824873240089503,0.8369920409925806,3.041424835809244,3.041424835809244,0.0,20.709622671839156,20.709622671839156,0.0,0.0,13.329490750351583,3.0988088805263474,True,0,ok
25.233333333333334,0.12666666666666668,0.18585169537327254,-0.16190257805864466,-0.278226729911638,2.960217358290485e-09,-0.27361484715643536,0.8941434068850276,3.0726971356081414,3.0726971356081414,0.0,20.480452158051733,20.480452158051733,0.0,0.0,13.091778879117392,3.132061037729064,True,0,ok
25.233333333333334,0.13,0.1689878687157277,-0.14714449077981667,-0.25302015364867736,1.5246418880345367e-08,-0.26510713541339886,0.959310591182937,3.1037348352748975,3.1037348352748975,0.0,20.25495425990201,20.25495425990201,0.0,0.0,12.860731910144994,3.1651214665904055,True,0,ok
25.233333333333334,0.13333333333333333,0.15160523318987312,-0.13205489054798417,-0.22696683915062865,1.1036193812072752e-09,-0.2569567906084681,1.0360485971519,3.13539592998295,3.13539592998295,0.0,20.017102715299973,20.017102715299973,0.0,0.0,12.625687320407577,3.199050217997752,True,0,ok
25.233333333333334,0.13666666666666666,0.13450249179233373,-0.11735393797750601,-0.20124814070249517,2.8233077703787636e-08,-0.24918035483668194,1.1214521294406876,3.1656071997504416,3.1656071997504416,0.0,19.805043080352974,19.805043080352974,0.0,0.0,12.411542722329333,3.2312865316505017,True,0,ok
25.233333333333334,0.14,0.11664101457306661,-0.1021163041850508,-0.17432050728898532,3.12827412692848e-09,-0.24171602861269903,1.2251950616730392,3.196986282699912,3.196986282699912,0.0,19.57106294949216,19.57106294949216,0.0,0.0,12.186689271350094,3.2650653887603993,True,0,ok
25.233333333333334,0.14333333333333334,0.09887275904944119,-0.08709958442733574,-0.14744873630768066,6.24411368389687e-09,-0.23460030372655952,1.3445268861452768,3.2274232108058927,3.2274232108058927,0.0,19.353341022426687,19.353341022426687,0.0,0.0,11.976034861597972,3.2977740726499176,True,0,ok
25.233333333333334,0.14666666666666667,0.08077343801310148,-0.07192762232419904,-0.11999775836304773,6.130269703070201e-09,-0.2277949954835717,1.4876512279347809,3.257944481256159,3.257944481256159,0.0,19.133649556564986,19.133649556564986,0.0,0.0,11.767403245608646,3.3306795541015233,True,0,ok
25.233333333333334,0.15000000000000002,0.06238285758869197,-0.0566378915427515,-0.09201636813298184,1.2369095063376221e-08,-0.22130299326764014,1.6613806843806653,3.288458113995419,3.288458113995419,0.0,18.913560180734923,18.913560180734923,0.0,0.0,11.561774555573558,3.3636681850497205,True,0,ok
25.233333333333334,0.15333333333333335,0.04394152897553127,-0.041424825647118454,-0.0638479265616997,1.0889568209978026e-09,-0.2151105590109463,1.8718531709204933,3.3184470506819213,3.3184470506819213,0.0,18.702113009321643,18.702113009321643,0.0,0.0,11.364707564271253,3.3960955463003577,True,0,ok
25.233333333333334,0.15666666666666668,0.02503555929176992,-0.02588098150667475,-0.034792419913054796,3.0381309880118087e-09,-0.20920872281471362,2.1408380410565435,3.3488546836425446,3.3488546836425446,0.0,18.48310202105201,18.48310202105201,0.0,0.0,11.16547600292704,3.42913347727156,True,0,ok
25.233333333333334,0.16,0.006932832811429313,-0.010547310415861495,-0.0057399264250643685,7.210886591573257e-12,-0.2035861319342499,2.4799181334249742,3.378535047303708,3.378535047303708,0.0,18.27593147442162,18.27593147442162,0.0,0.0,10.976802001960102,3.4613559118886474,True,0,ok
25.233333333333334,0.16333333333333333,0.014145286892631373,0.0049726456467851805,0.023990419318887596,4.2114772792379876e-11,-0.1982341022407078,2.9351860947520274,3.4083721744672504,3.4083721744672504,0.0,18.06584707355711,18.06584707355711,0.0,0.0,10.788916239868595,3.4938576365408767,True,0,ok
25.233333333333334,0.16666666666666669,0.03342576240817712,0.020529684391451284,0.05413295517973429,3.4949647279969274e-10,-0.1931491456991553,3.5668996307556684,3.4379998353998635,3.4379998353998635,0.0,17.858911889555284,17.858911889555284,0.0,0.0,10.605565405999487,3.526182141652687,True,0,ok
25.233333333333334,0.17,0.05316272055309893,0.036137439783859096,0.08469303404465223,1.4535466697155367e-11,-0.1883194104954793,4.498453040132098,3.467394769998707,3.467394769998707,0.0,17.65554491589284,17.65554491589284,0.0,0.0,10.426745038375007,3.558299820375273,True,0,ok
25.233333333333334,0.17333333333333334,0.07325999121118594,0.05184385530206541,0.1158157744187191,7.223597449359684e-10,-0.18374152320870554,6.022712562974159,3.496793194963974,3.496793194963974,0.0,17.45189924126674,17.45189924126674,0.0,0.0,10.250202700851887,3.5904983005971602,True,0,ok
25.233333333333334,0.1766666666666667,0.0935152346856292,0.06751704595409849,0.14723024777727253,2.5592507072183486e-09,-0.17940039753118567,8.901326333044869,3.5258269945793024,3.5258269945793024,0.0,17.253843018848706,17.253843018848706,0.0,0.0,10.079296746086364,3.6223214347245363,True,0,ok
25.233333333333334,0.18,0.11410414381504486,0.08330704412196693,0.17921831186280596,3.8485271707359685e-10,-0.17529231730632014,16.519107738961026,3.5548155770261873,3.5548155770261873,0.0,17.0563232252271,17.0563232252271,0.0,0.0,9.91075391205114,3.654165351334074,True,0,ok
25.233333333333334,0.18333333333333335,0.1349121882195476,0.09911297865915346,0.21161406629019272,4.200702084884488e-09,-0.17141335177359673,91.59531632612685,3.5836027829480104,3.5836027829480104,0.0,16.861799108984016,16.861799108984016,0.0,0.0,9.746156465321432,3.6858291444836655,True,0,ok
25.233333333333334,0.18666666666666668,0.1559768983155985,0.11497391206421033,0.24447367541131063,4.110085419709813e-09,-0.16775450323884739,27.30981899195515,3.612221364167058,3.612221364167058,0.0,16.669769590025854,16.669769590025854,0.0,0.0,9.584989643493147,3.717354092007328,True,0,ok
25.233333333333334,0.19,0.177329770512764,0.13090295049606318,0.27785240701090547,2.1470857635532863e-09,-0.16431328121722424,12.15780801823498,3.6407521925244595,3.6407521925244595,0.0,16.47898263884027,16.47898263884027,0.0,0.0,9.426496660435511,3.7488366133286397,True,0,ok
25.233333333333334,0.19333333333333336,0.19884831687124838,0.14680896687027883,0.31155912218079346,4.161305067422723e-09,-0.1610666604634218,7.960824866305064,3.668953736772717,3.668953736772717,0.0,16.29305280404484,16.29305280404484,0.0,0.0,9.272568797901148,3.7799811991159076,True,0,ok
25.233333333333334,0.19666666666666668,0.22068726357327406,0.16281175737396694,0.345833683395906,5.064819100856793e-11,-0.1580403104543739,5.97776005818007,3.69713684978588,3.69713684978588,0.0,16.107387907972967,16.107387907972967,0.0,0.0,9.120733304299254,3.8111583198669052,True,0,ok
25.233333333333334,0.2,0.24277517822047132,0.178849095833831,0.3805684726818105,7.742105554436436e-10,-0.15520002342321748,4.82989139956314,3.7251291526072765,3.7251291526072765,0.0,15.924465801973891,15.924465801973891,0.0,0.0,8.972049506003467,3.8421655418142957,True,0,ok
25.3,0.1,0.3033866339664467,-0.2675225875140428,-0.45228532385902537,4.353065042952031e-09,-0.352012709859769,0.609025244330622,2.8474250203221585,2.8474250203221585,0.0,22.084475565387393,22.084475565387393,0.0,0.0,14.921323374292351,2.8943639340553426,True,0,ok
25.3,0.10333333333333333,0.28889587368266934,-0.2540838312721536,-0.431072945310515,3.412439572158936e-10,-0.34047863355945157,0.6343164223730967,2.8763057725507952,2.8763057725507952,0.0,21.916070059684863,21.916070059684863,0.0,0.0,14.691863112804045,2.924074312851802,True,0,ok
25.3,0.10666666666666667,0.2741899880590337,-0.24053122468335805,-0.4094938077770689,9.733631834618418e-10,-0.32935161601829377,0.6624288877332477,2.905282337480411,2.905282337480411,0.0,21.744408189301417,21.744408189301417,0.0,0.0,14.46523467357815,2.953951879012106,True,0,ok
25.3,0.11,0.2592370952252138,-0.22684418853282648,-0.3874962306285097,4.3651414330358675e-09,-0.3186210831768624,0.6938436800048151,2.93446614037426,2.93446614037426,0.0,21.567296803110366,21.567296803110366,0.0,0.0,14.23990545676493,2.9841367313020557,True,0,ok
25.3,0.11333333333333334,0.24390597005405937,-0.2128973625390143,-0.36489050372401666,4.6628077292680036e-11,-0.30826803071583314,0.7293697671900563,2.964194728835648,2.964194728835648,0.0,21.378168571303533,21.378168571303533,0.0,0.0,14.011130470686838,3.0150523730013163,True,0,ok
25.3,0.11666666666666667,0.22784866009006252,-0.19837762278141788,-0.34116177173608414,3.888696067477924e-09,-0.2982649830950378,0.77088653096806,2.99544949703613,2.99544949703613,0.0,21.15799434953791,21.15799434953791,0.0,0.0,13.76605450069168,3.0479188733759157,True,0,ok
25.3,0.12000000000000001,0.21107997287816035,-0.18332490835523796,-0.3163166812346107,9.581840941126658e-10,-0.2886338432604934,0.8197133661217632,3.0280245529659413,3.0280245529659413,0.0,20.911194297447846,20.911194297447846,0.0,0.0,13.507940584223142,3.0825087287503248,True,0,ok
25.3,0.12333333333333334,0.19382679334719743,-0.1679707147480564,-0.29067562065780234,5.218582901705354e-10,-0.27941377716909677,0.8766086311983837,3.061153933064078,3.061153933064078,0.0,20.652964627286522,20.652964627286522,0.0,0.0,13.247228715070928,3.117891212774365,True,0,ok
25.3,0.12666666666666668,0.17717839359535745,-0.1533192587934499,-0.265837834692734,1.5012137545879113e-09,-0.2706412205622769,0.9376847764807609,3.091806051431077,3.091806051431077,0.0,20.440291282331295,20.440291282331295,0.0,0.0,13.021604225251474,3.150331148207604,True,0,ok
25.3,0.13,0.15966130775907986,-0.1380120526724473,-0.23964113357926772,6.609722795157994e-09,-0.26219956641009257,1.0113341812370387,3.124032315459853,3.124032315459853,0.0,20.197362969320867,20.197362969320867,0.0,0.0,12.78009458550438,3.1848163828890494,True,0,ok
25.3,0.13333333333333333,0.14222358329014995,-0.12292093740626173,-0.21347853774756034,1.6913951464979819e-09,-0.25415273341544387,1.0946255112304994,3.1552857081921504,3.1552857081921504,0.0,19.971570002632845,19.971570002632845,0.0,0.0,12.554131561068834,3.2182022161124078,True,0,ok
25.3,0.13666666666666666,0.12451154651386863,-0.10772256912745391,-0.18682939743628868,3.4464051980028026e-09,-0.24644930121619613,1.1918969148776288,3.186486605327844,3.186486605327844,0.0,19.746113831021372,19.746113831021372,0.0,0.0,12.332205266176837,3.251621702349053,True,0,ok
25.3,0.14,0.10638065840085509,-0.09229551849514854,-0.1594743575347145,1.543465895238671e-09,-0.23908962758950264,1.307936101532922,3.2179745273106173,3.2179745273106173,0.0,19.514814854073308,19.514814854073308,0.0,0.0,12.110239804430314,3.285497514263894,True,0,ok
25.3,0.14333333333333334,0.08833458496185975,-0.07708368335775265,-0.13216316605300352,1.6446204329635544e-09,-0.232069282785386,1.4424484954656565,3.2485384827148756,3.2485384827148756,0.0,19.29933182586596,19.29933182586596,0.0,0.0,11.902051591982827,3.3183245611692107,True,0,ok
25.3,0.14666666666666667,0.06969462360983666,-0.06149613762810205,-0.10387611244735691,8.747962400083257e-10,-0.22535927617379573,1.608738137762719,3.279765581081071,3.279765581081071,0.0,19.071629885246466,19.071629885246466,0.0,0.0,11.689312022851208,3.3520730275721027,True,0,ok
25.3,0.15000000000000002,0.05110646641139909,-0.0460900558386979,-0.07557327225920617,4.812640581880439e-10,-0.21896745639864804,1.807806617910434,3.3101837630556394,3.3101837630556394,0.0,18.857414325256986,18.857414325256986,0.0,0.0,11.488439058571775,3.3849121545657415,True,0,ok
25.3,0.15333333333333335,0.032116598903473764,-0.03046274378950293,-0.04654512881274398,2.6869040798239477e-09,-0.21287121430102404,2.0592522309241423,3.340843918555822,3.340843918555822,0.0,18.638653545652357,18.638653545652357,0.0,0.0,11.287673298773658,3.4181446150748447,True,0,ok
25.3,0.15666666666666668,0.013030371909957846,-0.014758524465636438,-0.01707506169630625,1.1027541898427966e-09,-0.20707437337385823,2.379770562464022,3.371264159597991,3.371264159597991,0.0,18.423530635566525,18.423530635566525,0.0,0.0,11.091898233688376,3.4511711062633745,True,0,ok
25.3,0.16,0.0073473631938350496,0.0009005364169686976,0.012694103822959655,4.2247664744631177e-10,-0.20155597221602878,2.799855659598971,3.4013682947865873,3.4013682947865873,0.0,18.213384749792745,18.213384749792745,0.0,0.0,10.902299266471596,3.4838914796010436,True,0,ok
25.3,0.16333333333333333,0.026719836655071855,0.01674095508951561,0.04314614044514274,1.909875697636484e-09,-0.1963141147267851,3.3835295338400457,3.431604986506315,3.431604986506315,0.0,18.00072636236016,18.00072636236016,0.0,0.0,10.713782844985092,3.5168643763476135,True,0,ok
25.3,0.16666666666666669,0.04658856067093976,0.032535867935912094,0.07384374891503256,4.582839212316728e-09,-0.19133503831633872,4.223817062012977,3.4613639009573998,3.4613639009573998,0.0,17.795575640519335,17.795575640519335,0.0,0.0,10.532347172016744,3.5493303439333133,True,0,ok
25.3,0.17,0.06684334131801123,0.048450815796956696,0.10515044119868151,2.0768345680784466e-08,-0.1866126671773012,5.566060437126311,3.491167689482842,3.491167689482842,0.0,17.589433529483077,17.589433529483077,0.0,0.0,10.352794454107464,3.5819340041810257,True,0,ok
25.3,0.17333333333333334,0.08731024351900135,0.06437731083616531,0.13683858271535004,2.5851032041412234e-09,-0.18214115361233338,8.003448053400968,3.5207036344029574,3.5207036344029574,0.0,17.38735450987546,17.38735450987546,0.0,0.0,10.178076184125457,3.614284301459338,True,0,ok
25.3,0.1766666666666667,0.10805529572912045,0.08037812981987034,0.16901833347889544,1.8560640162474695e-09,-0.1779113282697341,13.819737652764893,3.5500851120601857,3.5500851120601857,0.0,17.187549602497565,17.187549602497565,0.0,0.0,10.006894598736157,3.646521701290205,True,0,ok
25.3,0.18,0.12908275767884683,0.09644310039168041,0.2017072219251654,1.315450385766585e-11,-0.17391986172957002,45.8990451475932,3.5793650821464302,3.5793650821464302,0.0,16.989171417877525,16.989171417877525,0.0,0.0,9.838778679655912,3.6787069052234136,True,0,ok
25.3,0.18333333333333335,0.15032216860280861,0.11252677225671126,0.23479350213717565,2.401201361032231e-09,-0.17015445051563688,37.733887393559904,3.6083843553838055,3.6083843553838055,0.0,16.79469252030682,16.79469252030682,0.0,0.0,9.675021058657666,3.710642122767709,True,0,ok
25.3,0.18666666666666668,0.17185232794599029,0.12867684501971513,0.26840629168695135,2.393250737195638e-10,-0.16660843069335188,13.727664969172979,3.6373011822724624,3.6373011822724624,0.0,16.60164238353136,16.60164238353136,0.0,0.0,9.51404878540389,3.742522602820217,True,0,ok
25.3,0.19,0.19359691227200768,0.14484156035365353,0.3024239007057565,2.2481517460479786e-10,-0.16327230049724117,8.545447276725596,3.6659647513444704,3.6659647513444704,0.0,16.412314633874004,16.412314633874004,0.0,0.0,9.35710713010871,3.774159514104239,True,0,ok
25.3,0.19333333333333336,0.21562205893158262,0.1610692260349333,0.33695002792430845,1.0256612743472938e-09,-0.1601557929649873,6.2761581083327895,3.6945243314507965,3.6945243314507965,0.0,16.224516165431567,16.224516165431567,0.0,0.0,9.20300778197612,3.8057282998001605,True,0,ok
25.3,0.19666666666666668,0.23791791619390182,0.17734808865424767,0.3719710472453879,7.540318435506317e-10,-0.1572375319295671,5.006289305404951,3.7229223351037963,3.7229223351037963,0.0,16.03903265867353,16.03903265867353,0.0,0.0,9.051920413897165,3.8371641165387076,True,0,ok
25.3,0.2,0.26046080547564887,0.19365637530697352,0.4074514717976069,4.052348216570089e-09,-0.1545171518331356,4.196393513895691,3.751144778338999,3.751144778338999,0.0,15.856075253399627,15.856075253399627,0.0,0.0,8.904003497825155,3.8684435418468373,True,0,ok
25.366666666666667,0.1,0.2971960270997587,-0.2610305527923561,-0.44366596227404953,9.490194535029987e-09,-0.34858872453523404,0.6270559253748981,2.862905597712685,2.862905597712685,0.0,22.078229400148327,22.078229400148327,0.0,0.0,14.866924109164197,2.908652397259401,True,0,ok
25.366666666666667,0.10333333333333333,0.282472328601549,-0.24738924571603732,-0.42210236955126723,4.908216179757667e-10,-0.3370924929804965,0.6540767001250306,2.8920696190385566,2.8920696190385566,0.0,21.909596478777825,21.909596478777825,0.0,0.0,14.637975650225783,2.938616115636829,True,0,ok
25.366666666666667,0.10666666666666667,0.2674488320770597,-0.2335548105095749,-0.4000484768449774,1.0575943616155233e-09,-0.3260007495877572,0.6843418705235921,2.9215893357017477,2.9215893357017477,0.0,21.732419374013265,21.732419374013265,0.0,0.0,14.408249567121246,2.969068283404459,True,0,ok
25.366666666666667,0.11,0.2521727062750893,-0.21958238237796826,-0.3775669460102713,4.300573018813049e-09,-0.31531195602603157,0.7182365246503812,2.9512860353641868,2.9512860353641868,0.0,21.550398129522332,21.550398129522332,0.0,0.0,14.180276250531346,2.999798149823308,True,0,ok
25.366666666666667,0.11333333333333334,0.23640133986045556,-0.20524693147946343,-0.35430280493064,3.43454728195976e-08,-0.30499898505560713,0.7570528434858289,2.98185907513384,2.98185907513384,0.0,21.34992280007108,21.34992280007108,0.0,0.0,13.944630387069289,3.0316733000866614,True,0,ok
25.366666666666667,0.11666666666666667,0.21981676598717423,-0.19026787258672498,-0.3297823046928112,5.488774328759985e-10,-0.2950498059900856,0.8029228287858826,3.0141486620695077,3.0141486620695077,0.0,21.114897171024456,21.114897171024456,0.0,0.0,13.690591273480022,3.0657486162151053,True,0,ok
25.366666666666667,0.12000000000000001,0.20247687691302682,-0.17472712929140624,-0.30407414777146585,1.2638886749861061e-09,-0.28548233795693595,0.857270438752809,3.0477775037386494,3.0477775037386494,0.0,20.85289148473912,20.85289148473912,0.0,0.0,13.423466315779308,3.101591785366514,True,0,ok
25.366666666666667,0.12333333333333334,0.18527938635604665,-0.1594725003536479,-0.27848496307049575,6.039634124105251e-10,-0.2763766858511271,0.9178892594617141,3.0801659134899073,3.0801659134899073,0.0,20.613496816591407,20.613496816591407,0.0,0.0,13.17660370055837,3.136018610033935,True,0,ok
25.366666666666667,0.12666666666666668,0.16802531240041085,-0.14430760587243383,-0.25273074943332957,2.977977710752627e-08,-0.26766459850228064,0.9865331391645791,3.1119089545753487,3.1119089545753487,0.0,20.38537766921638,20.38537766921638,0.0,0.0,12.941721739544821,3.169753858708686,True,0,ok
25.366666666666667,0.13,0.15015185771232956,-0.1287237861560576,-0.22597992831453095,1.3675502938079815e-09,-0.2593223976959276,1.068249922622709,3.1445049578390893,3.1445049578390893,0.0,20.140653756346683,20.140653756346683,0.0,0.0,12.700253466848503,3.204651146825293,True,0,ok
25.366666666666667,0.13333333333333333,0.13259763843407596,-0.11357306434065038,-0.19961853674234842,7.320724298682876e-10,-0.2513733269617562,1.159324486885815,3.1755062200438013,3.1755062200438013,0.0,19.924193788804388,19.924193788804388,0.0,0.0,12.481475871322411,3.2376790777453897,True,0,ok
25.366666666666667,0.13666666666666666,0.11425349564838339,-0.09786182037629652,-0.17200188346719625,1.7097908762092469e-09,-0.2437523296135421,1.2706812850055687,3.207712251271973,3.207712251271973,0.0,19.68519283925426,19.68519283925426,0.0,0.0,12.251793695860782,3.27230738777709,True,0,ok
25.366666666666667,0.14,0.09599353565232355,-0.08237285555690216,-0.14442641492643743,1.279772793195038e-09,-0.23649563925603984,1.3996171409134588,3.2389599342952287,3.2389599342952287,0.0,19.46263860513057,19.46263860513057,0.0,0.0,12.03658962688708,3.3058484056321884,True,0,ok
25.366666666666667,0.14333333333333334,0.07737490979575194,-0.06671293574407833,-0.1162325866618683,1.074013804619134e-09,-0.22956396909396887,1.555580271070794,3.270310456340565,3.270310456340565,0.0,19.237760971238576,19.237760971238576,0.0,0.0,11.823338454960458,3.339616858549903,True,0,ok
25.366666666666667,0.14666666666666667,0.058473148148187076,-0.05095367247490036,-0.0875274266981503,2.6198614351813697e-09,-0.22296050258762923,1.7462285253687595,3.3015832260701456,3.3015832260701456,0.0,19.013666601844353,19.013666601844353,0.0,0.0,11.613995127227199,3.3733883532502875,True,0,ok
25.366666666666667,0.15000000000000002,0.0394575076370087,-0.03523625539664549,-0.05855844117115969,6.857124473467263e-10,-0.21666880072968375,1.9804623343440804,3.3324050015586577,3.3324050015586577,0.0,18.796885568119983,18.796885568119983,0.0,0.0,11.412482692020655,3.406694813133529,True,0,ok
25.366666666666667,0.15333333333333335,0.019944035264240437,-0.019201114828588845,-0.028716037630618706,5.876088789332526e-09,-0.2106842303575906,2.283394157132832,3.363583468086311,3.363583468086311,0.0,18.57362648915083,18.57362648915083,0.0,0.0,11.209641036118576,3.4405422600250453,True,0,ok
25.366666666666667,0.15666666666666668,0.002060210844468106,-0.003388788399243366,0.001117819017615875,1.350139506352105e-09,-0.20498884348533153,2.671598994321277,3.3939937431282137,3.3939937431282137,0.0,18.362809179897358,18.362809179897358,0.0,0.0,11.017836607644078,3.473526663486561,True,0,ok
25.366666666666667,0.16,0.01971982980196098,0.012654142942933407,0.03172519075805109,1.989040420589871e-09,-0.1995757303016183,3.2067816809637697,3.42464655084646,3.42464655084646,0.0,18.147625595811153,18.147625595811153,0.0,0.0,10.826010042657318,3.5069055054524902,True,0,ok
25.366666666666667,0.16333333333333333,0.03979940639409773,0.028691261513532306,0.06268005871670623,7.080859684191097e-10,-0.19444037618694765,3.9703879457535236,3.4549683611726643,3.4549683611726643,0.0,17.93755253925022,17.93755253925022,0.0,0.0,10.640037314755293,3.539960593233558,True,0,ok
25.366666666666667,0.16666666666666669,0.06020068366402618,0.044820884470054285,0.09414592532962054,2.376377896625349e-09,-0.18957146632376232,5.154221545835906,3.485138788890681,3.485138788890681,0.0,17.72969316162944,17.72969316162944,0.0,0.0,10.4578304631909,3.5729154619240115,True,0,ok
25.366666666666667,0.17,0.08089464312965473,0.06101777334504754,0.12612954133443519,7.470246681423176e-11,-0.18496414701979869,7.2368618216038,3.515220943697557,3.515220943697557,0.0,17.523005766763593,17.523005766763593,0.0,0.0,10.278886748890997,3.6058426113146256,True,0,ok
25.366666666666667,0.17333333333333334,0.10179513147225534,0.07723176388258259,0.1584992145783261,1.0778992627195064e-09,-0.1806061502132771,11.794402668278368,3.5450047087233134,3.5450047087233134,0.0,17.320852677755855,17.320852677755855,0.0,0.0,10.104967461093183,3.638480830615271,True,0,ok
25.366666666666667,0.1766666666666667,0.12301410232213418,0.09353581569904562,0.1914378731909537,2.5330609466929226e-10,-0.17649127423369984,30.00951288301837,3.5747347284299793,3.5747347284299793,0.0,17.11934032120291,17.11934032120291,0.0,0.0,9.933665319074125,3.671132183447687,True,0,ok
25.366666666666667,0.18,0.14443274552883686,0.10984235214572122,0.22476012016834437,1.610594778932049e-09,-0.17261064143198843,63.334699425564935,3.604182132384688,3.604182132384688,0.0,16.922042740375783,16.922042740375783,0.0,0.0,9.767025616485562,3.703508881669318,True,0,ok
25.366666666666667,0.18333333333333335,0.16615176989228964,0.1262328081454915,0.2586203976153556,9.619469262105517e-11,-0.16895979497510183,15.898380655567108,3.63350916286536,3.63350916286536,0.0,16.726474071410383,16.726474071410383,0.0,0.0,9.603403802781587,3.7358115728694243,True,0,ok
25.366666666666667,0.18666666666666668,0.1881274862961598,0.14266134690977542,0.29295664081604994,5.408975629945437e-11,-0.16553166957936777,9.263013747343152,3.6626665099728917,3.6626665099728917,0.0,16.5333613522761,16.5333613522761,0.0,0.0,9.443217795592258,3.767975148920395,True,0,ok
25.366666666666667,0.19,0.2103354696807442,0.15911589755258954,0.3277272655173683,1.0825242012896682e-09,-0.1623164549519808,6.626602918580386,3.691591245844058,3.691591245844058,0.0,16.34365917345342,16.34365917345342,0.0,0.0,9.286884429026246,3.79992014197664,True,0,ok
25.366666666666667,0.19333333333333336,0.23284452190341062,0.1756421968878291,0.36304205378123994,2.5795223890847627e-10,-0.1593192976837658,5.207263541151025,3.720423804430435,3.720423804430435,0.0,16.15527333421215,16.15527333421215,0.0,0.0,9.133204510771904,3.8318151144931787,True,0,ok
25.366666666666667,0.19666666666666668,0.25563426672726014,0.19222422453198554,0.39886900415879495,9.936435162359815e-10,-0.1565240029401634,4.323232044001658,3.749099524549517,3.749099524549517,0.0,15.969130047649973,15.969130047649973,0.0,0.0,8.982518071988771,3.863582485852956,True,0,ok
25.366666666666667,0.2,0.27862960525571756,0.2088016424198621,0.43509222573799106,3.9822486295985954e-12,-0.15392067702910772,3.7227957503950884,3.7775126224175963,3.7775126224175963,0.0,15.786760763523958,15.786760763523958,0.0,0.0,8.835659382015347,3.895087744338362,True,0,ok
25.433333333333334,0.1,0.2909557807716832,-0.2544899062842275,-0.4349720527721574,8.14556995172877e-10,-0.3452081513981569,0.6458175882263487,2.8784015261804456,2.8784015261804456,0.0,22.073352210677943,22.073352210677943,0.0,0.0,14.813845002948652,2.9228976860094606,True,0,ok
25.433333333333334,0.10333333333333333,0.2759127958040372,-0.24055923997840453,-0.4129344557265879,2.1578467972478164e-09,-0.33374140460597057,0.6748467315371469,2.9081099556183645,2.9081099556183645,0.0,21.89928812580431,21.89928812580431,0.0,0.0,14.581709641935115,2.953433339346875,True,0,ok
25.433333333333334,0.10666666666666667,0.26059717723802067,-0.22647228349957177,-0.390439459019913,1.757315291515529e-08,-0.3226898937622398,0.7074056285219691,2.9380864175371553,2.9380864175371553,0.0,21.718450550558938,21.718450550558938,0.0,0.0,14.350267869616784,2.984354753778525,True,0,ok
25.433333333333334,0.11,0.24493033044046786,-0.21215354413058674,-0.3673737524944611,7.290247715626086e-10,-0.3120393335005822,0.7442142884764448,2.9684981223734415,2.9684981223734415,0.0,21.527686430486323,21.527686430486323,0.0,0.0,14.117100530818444,3.015878253766769,True,0,ok
25.433333333333334,0.11333333333333334,0.22858117619943077,-0.19730198178101427,-0.3432491665298402,1.5566470769527018e-09,-0.30176099988645483,0.7871500983870803,3.0002863008014766,3.0002863008014766,0.0,21.30879074379861,21.30879074379861,0.0,0.0,13.869869817401867,3.0491765271658604,True,0,ok
25.433333333333334,0.11666666666666667,0.21146651779424827,-0.1818643302734497,-0.31793022790899417,8.030086598793408e-10,-0.29186926255639406,0.8379277609959959,3.033539112159692,3.033539112159692,0.0,21.060448994563455,21.060448994563455,0.0,0.0,13.60794412859612,3.0843846520451157,True,0,ok
25.433333333333334,0.12000000000000001,0.19372896693885194,-0.1659989653469676,-0.2916111818797774,1.278135647623048e-09,-0.28239657074340174,0.8978311028016718,3.067701531717953,3.067701531717953,0.0,20.793808694358667,20.793808694358667,0.0,0.0,13.339060789222785,3.120835407069571,True,0,ok
25.433333333333334,0.12333333333333334,0.17659461235025256,-0.15084879620468294,-0.26608572306120815,1.4760561023641514e-09,-0.2733970350533362,0.9624225526339896,3.099345158863057,3.099345158863057,0.0,20.57328655473797,20.57328655473797,0.0,0.0,13.105920277791615,3.1542924855998593,True,0,ok
25.433333333333334,0.12666666666666668,0.1586792853949235,-0.1351242717290037,-0.23932985194086656,3.425873681769922e-09,-0.2647524730160685,1.0400099950429493,3.1322868062002467,3.1322868062002467,0.0,20.327765116285914,20.327765116285914,0.0,0.0,12.860626794624771,3.1894654124788415,True,0,ok
25.433333333333334,0.13,0.14074038954738682,-0.11953028982034128,-0.2124525395595821,4.255043236436353e-10,-0.2565163504342222,1.1287851249913488,3.1644869071061255,3.1644869071061255,0.0,20.09498432941676,20.09498432941676,0.0,0.0,12.628183668723914,3.2238300684269894,True,0,ok
25.433333333333334,0.13333333333333333,0.1225716030977115,-0.1038755782066051,-0.18515198597388102,2.297551297921274e-10,-0.24864347316845,1.2325690817046098,3.1964808286112874,3.1964808286112874,0.0,19.865273271586727,19.865273271586727,0.0,0.0,12.40177188174531,3.258045186549979,True,0,ok
25.433333333333334,0.13666666666666666,0.10394301369983956,-0.08796130915367056,-0.15708360316400785,7.14656915114591e-10,-0.24112984052830666,1.3573628677948855,3.228820428398568,3.228820428398568,0.0,19.628641792783576,19.628641792783576,0.0,0.0,12.174805102053345,3.292798540433164,True,0,ok
25.433333333333334,0.14,0.08539226942157194,-0.0722658022970608,-0.12904717296113508,3.204313142022869e-10,-0.2339708404590104,1.5030466761199222,3.2602129400331754,3.2602129400331754,0.0,19.408128292776535,19.408128292776535,0.0,0.0,11.961963896638737,3.3264778881228456,True,0,ok
25.433333333333334,0.14333333333333334,0.06622707343243087,-0.056183676200420064,-0.10000735120419958,4.657770937708466e-10,-0.22713870328356872,1.6846735211226083,3.2922674737060182,3.2922674737060182,0.0,19.175452312524836,19.175452312524836,0.0,0.0,11.744787373781776,3.3610871964667877,True,0,ok
25.433333333333334,0.14666666666666667,0.04711721721805005,-0.04030040735968502,-0.07096459428308022,1.2143521234060837e-09,-0.22063804108876178,1.904013650376713,3.3234544990642987,3.3234544990642987,0.0,18.95716644957946,18.95716644957946,0.0,0.0,11.540176953243009,3.3947178776307614,True,0,ok
25.433333333333334,0.15000000000000002,0.027531539942467074,-0.02415631672228377,-0.04111483232634778,6.088917867006117e-10,-0.2144465284740521,2.185321156773518,3.354957603177219,3.354957603177219,0.0,18.733059382604672,18.733059382604672,0.0,0.0,11.33499740410504,3.428842934669541,True,0,ok
25.433333333333334,0.15333333333333335,0.007785714697694509,-0.007973143235849096,-0.010875709034463735,2.5695480909308276e-09,-0.20856850364582946,2.5483726876817143,3.3861075360823207,3.3861075360823207,0.0,18.514452684174717,18.514452684174717,0.0,0.0,11.136102261615678,3.462625772404162,True,0,ok
25.433333333333334,0.15666666666666668,0.01235368234343791,0.00820977289886121,0.01975955544228744,1.2169112716364238e-09,-0.2029799778599585,3.035973403486779,3.4170353756104945,3.4170353756104945,0.0,18.299213888038317,18.299213888038317,0.0,0.0,10.942479704686889,3.4962257856702035,True,0,ok
25.433333333333334,0.16,0.03269022209361369,0.024539101760779034,0.05102729021184152,5.861405707869819e-10,-0.19768029375041496,3.7304419936426707,3.4479888212358594,3.4479888212358594,0.0,18.08320512807606,18.08320512807606,0.0,0.0,10.751142205046404,3.5299519970670525,True,0,ok
25.433333333333334,0.16333333333333333,0.05321313791344791,0.040856981781039886,0.08261731767329812,4.2285124143768807e-10,-0.1926565847783422,4.774825686922653,3.4785304628996534,3.4785304628996534,0.0,17.87360915668504,17.87360915668504,0.0,0.0,10.56630494096037,3.563256449215157,True,0,ok
25.433333333333334,0.16666666666666669,0.07410266133750461,0.057303017593470944,0.11484762699588119,1.9045164971827114e-09,-0.18790077397967675,6.555669210259533,3.50911549769288,3.50911549769288,0.0,17.66302989484977,17.66302989484977,0.0,0.0,10.383453746456908,3.596703646927853,True,0,ok
25.433333333333334,0.17,0.09516303770549331,0.07372966017579811,0.14741759883532476,1.896346127489456e-09,-0.18340316398616435,10.180963373562353,3.5393434016224954,3.5393434016224954,0.0,17.457878690735942,17.457878690735942,0.0,0.0,10.206332238550278,3.629791351255063,True,0,ok
25.433333333333334,0.17333333333333334,0.11654651577570992,0.09026377598154195,0.18055946877394,8.016406197860278e-11,-0.17915821138777813,21.77028269126171,3.569475278350863,3.569475278350863,0.0,17.254054914851697,17.254054914851697,0.0,0.0,10.032236228122692,3.662844548821866,True,0,ok
25.433333333333334,0.1766666666666667,0.13818597279510864,0.10683705162562343,0.21417734154652165,8.906060271401332e-11,-0.17516013498867788,238.96771346335075,3.599433040049425,3.599433040049425,0.0,17.052762496634003,17.052762496634003,0.0,0.0,9.86194978783148,3.695759877863303,True,0,ok
25.433333333333334,0.18,0.16008004433273032,0.12345724631643495,0.2482643150206326,7.692322100218098e-08,-0.17139836147256798,19.19412323951375,3.6291770108101638,3.6291770108101638,0.0,16.8546230367982,16.8546230367982,0.0,0.0,9.695628218115921,3.728487886364357,True,0,ok
25.433333333333334,0.18333333333333335,0.18228846179150388,0.1401587437128641,0.28291832119495086,7.268857607830822e-10,-0.1678707242728212,10.195600843848071,3.6588360935689646,3.6588360935689646,0.0,16.657660542803914,16.657660542803914,0.0,0.0,9.532069915670663,3.76118537431885,True,0,ok
25.433333333333334,0.18666666666666668,0.20466818071273862,0.15683239814765318,0.31791632779717793,3.793680259612752e-09,-0.16455137353800553,7.056755954688311,3.6881326072372738,3.6881326072372738,0.0,16.465998046897518,16.465998046897518,0.0,0.0,9.373442844784359,3.7935101240860822,True,0,ok
25.433333333333334,0.19,0.2273915031513749,0.17361380443680782,0.35352359755086094,6.878375821100672e-10,-0.16146887466614432,5.446605936229234,3.717408304486699,3.717408304486699,0.0,16.27463304572807,16.27463304572807,0.0,0.0,9.21705628754217,3.825872038042319,True,0,ok
25.433333333333334,0.19333333333333336,0.25038136163246266,0.19043457548515838,0.38962437195145483,4.0092258577785437e-10,-0.15858672368855645,4.473720375961193,3.7464796873050488,3.7464796873050488,0.0,16.086176248163582,16.086176248163582,0.0,0.0,9.064021407954087,3.858053991687019,True,0,ok
25.433333333333334,0.19666666666666668,0.2735992780535137,0.20726436112606927,0.426158631804184,2.872619194813407e-10,-0.1559078948731938,3.8239885377421734,3.77531959261194,3.77531959261194,0.0,15.901035716021541,15.901035716021541,0.0,0.0,8.9146562970911,3.8900136563534295,True,0,ok
25.433333333333334,0.2,0.29710436345979385,0.22414996724936065,0.46321679648158093,3.7990018822200854e-10,-0.1534293081904861,3.358735424366697,3.8040077261144947,3.8040077261144947,0.0,15.718056785339925,15.718056785339925,0.0,0.0,8.768185766543214,3.9218485491156385,True,0,ok
25.5,0.1,0.2844518256458304,-0.24769975497856433,-0.425891247530748,1.1982707690168173e-10,-0.34172303338201737,0.6657694443249875,2.894386073691268,2.894386073691268,0.0,22.065833909214195,22.065833909214195,0.0,0.0,14.75774614740594,2.937602213048614,True,0,ok
25.5,0.10333333333333333,0.2690794152831865,-0.23347551732220614,-0.40336134916294697,2.8734911072011693e-10,-0.3302905508561803,0.6970423826710942,2.9246592241907994,2.9246592241907994,0.0,21.88614334079279,21.88614334079279,0.0,0.0,14.522441855489488,2.9687329984840374,True,0,ok
25.5,0.10666666666666667,0.2534474483898847,-0.21910965200023885,-0.38039162410122024,2.2585574277142874e-09,-0.31928291587449226,0.732145377274809,2.955109336559352,2.955109336559352,0.0,21.7015129604389,21.7015129604389,0.0,0.0,14.289130442723842,3.000145309134075,True,0,ok
25.5,0.11,0.237373243903513,-0.20443422794690708,-0.35671391507422584,1.4547060983809052e-09,-0.3086775693692155,0.7722566830211374,2.986262929473896,2.986262929473896,0.0,21.501697243496285,21.501697243496285,0.0,0.0,14.050719147144056,3.0324963400074534,True,0,ok
25.5,0.11333333333333334,0.2204128015486548,-0.18903979464328274,-0.33167659745723027,1.157684895092343e-09,-0.2984455141190489,0.8199570191571665,3.0193119631417806,3.0193119631417806,0.0,21.263745820654535,21.263745820654535,0.0,0.0,13.791669361857627,3.067281207431103,True,0,ok
25.5,0.11666666666666667,0.20270901473162822,-0.17309569312244377,-0.30546802612198737,3.4741512732834733e-09,-0.288618656433151,0.8765576117918853,3.0536502825409113,3.0536502825409113,0.0,20.99989742447982,20.99989742447982,0.0,0.0,13.520574686187661,3.103780147257753,True,0,ok
25.5,0.12000000000000001,0.18496233635686196,-0.1572733195748089,-0.2791026702876324,1.7289080156500218e-09,-0.2792640086042988,0.9407609740650593,3.0872267027001343,3.0872267027001343,0.0,20.749437644106017,20.749437644106017,0.0,0.0,13.263842989074117,3.1394598575918145,True,0,ok
25.5,0.12333333333333334,0.16731453789283823,-0.14169354416713636,-0.2527951805557966,5.030733352455862e-10,-0.27033511586459086,1.0128744588806007,3.119688485516643,3.119688485516643,0.0,20.51888077146464,20.51888077146464,0.0,0.0,13.025105767280635,3.1738734266087643,True,0,ok
25.5,0.12666666666666668,0.14892900252915106,-0.12558887775590458,-0.22531528391788275,2.053230465623558e-10,-0.2617883159206744,1.0997608386996156,3.1532750953192368,3.1532750953192368,0.0,20.266721714414366,20.266721714414366,0.0,0.0,12.776708830552646,3.2097977144602488,True,0,ok
25.5,0.13,0.13090268134455185,-0.10996481269967862,-0.19827827898563274,7.054509997167469e-09,-0.25365544873405643,1.1967854218838998,3.1851232225567516,3.1851232225567516,0.0,20.045231545318302,20.045231545318302,0.0,0.0,12.55278527213761,3.243677071793642,True,0,ok
25.5,0.13333333333333333,0.11207892927768587,-0.0937756296657545,-0.16997408756892562,4.621740281533642e-10,-0.24586939743337516,1.3159921253263986,3.2181538902557505,3.2181538902557505,0.0,19.80168796994091,19.80168796994091,0.0,0.0,12.31849393094402,3.2791408472764583,True,0,ok
25.5,0.13666666666666666,0.09331031923293817,-0.07779174112296068,-0.14166471698738808,6.71926393577697e-10,-0.2384633795644723,1.4551642859356955,3.2502584572916997,3.2502584572916997,0.0,19.573892122766598,19.573892122766598,0.0,0.0,12.098392114717997,3.3135614625333707,True,0,ok
25.5,0.14,0.07416481517754488,-0.06162787536973906,-0.11270875923534106,2.882455921973757e-09,-0.23139828964198514,1.6249001140540522,3.2824645047224634,3.2824645047224634,0.0,19.34376812092637,19.34376812092637,0.0,0.0,11.880411634407809,3.3482161080096025,True,0,ok
25.5,0.14333333333333334,0.05474091417818772,-0.04537771904074731,-0.08325001903813681,9.657500330568255e-11,-0.2246770296415915,1.8340582820461337,3.314536599954748,3.314536599954748,0.0,19.11535482259004,19.11535482259004,0.0,0.0,11.667088602736516,3.3828109761440857,True,0,ok
25.5,0.14666666666666667,0.03515032608991874,-0.02913799768205168,-0.05345664938773864,1.2299258385947067e-10,-0.21828097710657907,2.094742773219811,3.346219290302867,3.346219290302867,0.0,18.89314199668384,18.89314199668384,0.0,0.0,11.461017066316298,3.417023175880698,True,0,ok
25.5,0.15000000000000002,0.015057796701394994,-0.012609587077532836,-0.022830024928495868,2.3718509923897428e-11,-0.2122077212137157,2.4357544791508863,3.3781551391461715,3.3781551391461715,0.0,18.666189511594677,18.666189511594677,0.0,0.0,11.254849721333436,3.451655658425069,True,0,ok
25.5,0.15333333333333335,0.005014725116299454,0.0037206400438007164,0.007848518436015525,1.1168304717712414e-08,-0.20643744287808063,2.8822451698540257,3.4093773415655693,3.4093773415655693,0.0,18.450735219747052,18.450735219747052,0.0,0.0,11.059266445081494,3.485495201674917,True,0,ok
25.5,0.15666666666666668,0.025572174131680014,0.020306790220908446,0.039362958989218606,2.181938404402233e-09,-0.2009607410796123,3.5150308593588653,3.4408751563117748,3.4408751563117748,0.0,18.23032540575871,18.23032540575871,0.0,0.0,10.863390264013793,3.5197807771166247,True,0,ok
25.5,0.16,0.04628659866372085,0.03687118520947479,0.07118892715034902,8.550115247168114e-10,-0.19577294567900783,4.448398718659579,3.4719239521932885,3.4719239521932885,0.0,18.016910342548883,18.016910342548883,0.0,0.0,10.67451381535969,3.553602065975454,True,0,ok
25.5,0.16333333333333333,0.0673069560937327,0.053517731014049226,0.10356896969130697,1.7676324458501912e-10,-0.1908636336361954,5.984561568999183,3.5028995215328385,3.5028995215328385,0.0,17.804417021261887,17.804417021261887,0.0,0.0,10.48893760021018,3.5874222958810305,True,0,ok
25.5,0.16666666666666669,0.08860053378191367,0.07022666418461804,0.13644918247032828,4.724824586858214e-09,-0.18622599893648425,8.959110195461559,3.533696146660437,3.533696146660437,0.0,17.59451409470423,17.59451409470423,0.0,0.0,10.307463818146648,3.621109549636179,True,0,ok
25.5,0.17,0.11014568441003357,0.08698465726478201,0.16979365354156364,9.121985161708457e-10,-0.1818486897009458,17.099831644969033,3.5642509012528754,3.5642509012528754,0.0,17.388219954507132,17.388219954507132,0.0,0.0,10.130515342523172,3.654583436834723,True,0,ok
25.5,0.17333333333333334,0.13201373613306838,0.10383280039646119,0.20371948641517548,2.1698013445932835e-10,-0.17772843808607094,136.3190364214004,3.59473462268224,3.59473462268224,0.0,17.182850399780065,17.182850399780065,0.0,0.0,9.956482882511288,3.688052624995923,True,0,ok
25.5,0.1766666666666667,0.15408622686044732,0.12068469710820455,0.2380397021678708,8.346155346073439e-11,-0.17384867321816963,24.167845539737655,3.6248970177732933,3.6248970177732933,0.0,16.98224494322891,16.98224494322891,0.0,0.0,9.787445151621622,3.7212050543596717,True,0,ok
25.5,0.18,0.17647408465695133,0.13761620631141008,0.2729305542202666,5.3606527496781025e-15,-0.17020836325507016,11.349333698749321,3.654960355599673,3.654960355599673,0.0,16.78300891222046,16.78300891222046,0.0,0.0,9.621330713776736,3.754313986710144,True,0,ok
25.5,0.18333333333333335,0.199103155070265,0.15457431479450248,0.30827419658903016,1.370877319380776e-10,-0.16679456257866,7.539032241587022,3.6847710204600013,3.6847710204600013,0.0,16.587444282786063,16.587444282786063,0.0,0.0,9.459340485824233,3.787187369613675,True,0,ok
25.5,0.18666666666666668,0.22202214341771392,0.17159384384507256,0.34414684258011236,8.050316568478094e-10,-0.16361480561015354,5.707001669290328,3.714448110059675,3.714448110059675,0.0,16.39382637306226,16.39382637306226,0.0,0.0,9.300549531434228,3.8199640274086675,True,0,ok
25.5,0.19,0.24523346480648822,0.18867269795768968,0.3805535045540267,8.013257962661714e-09,-0.16064926821242764,4.632617454720327,3.7439557807881796,3.7439557807881796,0.0,16.20261212104661,16.20261212104661,0.0,0.0,9.144940943932843,3.852604965133845,True,0,ok
25.5,0.19333333333333336,0.26870624623895456,0.20578271031686665,0.41744774096661924,5.273366140164618e-10,-0.15789549514168374,3.928165214226375,3.7732678832575615,3.7732678832575615,0.0,16.014185685030974,16.014185685030974,0.0,0.0,8.992755502072352,3.8850716340469043,True,0,ok
25.5,0.19666666666666668,0.29244814364801497,0.22293297141571175,0.4548391368662897,1.264482988923757e-09,-0.15534741814822464,3.4313748574889655,3.802385710383955,3.802385710383955,0.0,15.828529458169161,15.828529458169161,0.0,0.0,8.843882893921343,3.917363469384322,True,0,ok
25.5,0.2,0.31648343399059986,0.2401343883929712,0.49276847249248884,8.326043765115869e-11,-0.15299799238824405,3.062253440514827,3.831347238343939,3.831347238343939,0.0,15.645081517301847,15.645081517301847,0.0,0.0,8.697890046780607,3.9495268893606057,True,0,ok
25.566666666666666,0.1,0.27783232888728243,-0.24079720290732315,-0.416640271693463,9.849975924509606e-10,-0.33826834886240115,0.6867248946956763,2.9105860552938543,2.9105860552938543,0.0,22.056228732178976,22.056228732178976,0.0,0.0,14.700410604972038,2.952498787654172,True,0,ok
25.566666666666666,0.10333333333333333,0.2621325775366722,-0.2262828414074534,-0.39361979155350874,4.0220405777825906e-09,-0.3268753799766397,0.7204243710228824,2.941397342893076,2.941397342893076,0.0,21.87145959223687,21.87145959223687,0.0,0.0,14.462391763179326,2.9841944459072667,True,0,ok
25.566666666666666,0.10666666666666667,0.24611537135410816,-0.21157529234233777,-0.3700732680437294,7.827805156880608e-10,-0.31590890878492,0.7585166920208746,2.9725291505413627,2.9725291505413627,0.0,21.678932356585083,21.678932356585083,0.0,0.0,14.224525072858896,3.016355618315709,True,0,ok
25.566666666666666,0.11,0.22946161499282494,-0.19637770887728132,-0.3455339255723756,1.0247628962089334e-09,-0.30533879033377204,0.8028603951486857,3.0048814573029508,3.0048814573029508,0.0,21.461279556254976,21.461279556254976,0.0,0.0,13.974916193545912,3.0501068156196,True,0,ok
25.566666666666666,0.11333333333333334,0.21198586731441282,-0.18053780638906466,-0.31971882066490254,1.7571386762377153e-09,-0.295170677758907,0.855607256753945,3.0388501253227855,3.0388501253227855,0.0,21.211230821966346,21.211230821966346,0.0,0.0,13.708887655270837,3.085964452933156,True,0,ok
25.566666666666666,0.11666666666666667,0.1937943469583833,-0.16418520712811227,-0.29276605762857416,1.311705289731876e-09,-0.2854325116946044,0.918374545526882,3.0739535613152436,3.0739535613152436,0.0,20.938418813156222,20.938418813156222,0.0,0.0,13.433171959176875,3.123358072733399,True,0,ok
25.566666666666666,0.12000000000000001,0.17610181673787506,-0.1484633457816832,-0.26644733913936686,4.421640682629673e-10,-0.2761901835572391,0.986903001753445,3.1067827415837366,3.1067827415837366,0.0,20.707065416297056,20.707065416297056,0.0,0.0,13.190391131447058,3.158059210957711,True,0,ok
25.566666666666666,0.12333333333333334,0.1577707077107146,-0.13230176030273882,-0.23910464833502482,1.0156265875906282e-10,-0.2673313425233744,1.0685985371435256,3.1404794131480234,3.1404794131480234,0.0,20.458745807837452,20.458745807837452,0.0,0.0,12.941058290639068,3.193955146903637,True,0,ok
25.566666666666666,0.12666666666666668,0.13930928463806236,-0.1161803264614574,-0.21147898737797854,7.565702321534982e-10,-0.25889579799404083,1.163204379015402,3.1736733099606167,3.1736733099606167,0.0,20.21866579860421,20.21866579860421,0.0,0.0,12.701832953460146,3.2293457506101815,True,0,ok
25.566666666666666,0.13,0.1206640370396459,-0.10004668728776153,-0.18349411398423635,6.795984116967501e-09,-0.25084472305150224,1.273953009170912,3.2065027870750344,3.2065027870750344,0.0,19.984444803432304,19.984444803432304,0.0,0.0,12.470681985590344,3.2643973790688725,True,0,ok
25.566666666666666,0.13333333333333333,0.10151798373825889,-0.08362154161132834,-0.15467753827039357,6.871115191193516e-10,-0.24316970330596174,1.4082242179841384,3.239736453953068,3.239736453953068,0.0,19.742233781604913,19.742233781604913,0.0,0.0,12.238482149985684,3.300070114022769,True,0,ok
25.566666666666666,0.13666666666666666,0.08244296942692429,-0.06741780785683939,-0.12587838896158696,5.736658507201061e-09,-0.23586575365336698,1.5661712894277906,3.272000825551748,3.272000825551748,0.0,19.51642106143626,19.51642106143626,0.0,0.0,12.020753628698674,3.334645201897008,True,0,ok
25.566666666666666,0.14,0.06273491532250093,-0.05081520222917416,-0.0960459474624601,1.0282850832481882e-07,-0.2289062401176781,1.7648801139053503,3.304925370859317,3.304925370859317,0.0,19.278515303086607,19.278515303086607,0.0,0.0,11.798922782285493,3.370158530347264,True,0,ok
25.566666666666666,0.14333333333333334,0.043094721879815105,-0.03443214620930906,-0.06622607091709887,8.708971869233851e-11,-0.2222928522389612,2.0071580136058156,3.3369194515450658,3.3369194515450658,0.0,19.055965720321307,19.055965720321307,0.0,0.0,11.590413520904518,3.404618349276724,True,0,ok
25.566666666666666,0.14666666666666667,0.022919486432138817,-0.017744907912036728,-0.03551093941495102,2.3527972108987206e-10,-0.21600330039582089,2.323092630417121,3.3693088446715063,3.3693088446715063,0.0,18.826240989638,18.826240989638,0.0,0.0,11.380621358002577,3.43968139364106,True,0,ok
25.566666666666666,0.15000000000000002,0.0026470848711361403,-0.0010579274099122979,-0.004461161792666579,1.296528557703728e-09,-0.2100415896874173,2.7366370655250525,3.4012245679507562,3.4012245679507562,0.0,18.603981787528035,18.603981787528035,0.0,0.0,11.178465162135154,3.4742564783132694,True,0,ok
25.566666666666666,0.15333333333333335,0.018069312929931927,0.01567638461110435,0.027087841826253792,1.35693236246057e-09,-0.2043818998633827,3.3075270781725816,3.4330177780280535,3.4330177780280535,0.0,18.383401856178278,18.383401856178278,0.0,0.0,10.980647759750228,3.5087804564191307,True,0,ok
25.566666666666666,0.15666666666666668,0.039004191265773834,0.03251925169277717,0.05921553071815694,5.012717697983028e-09,-0.19902379724534092,4.145012382422449,3.464723370891029,3.464723370891029,0.0,18.163879369729198,18.163879369729198,0.0,0.0,10.786371805417557,3.5432958813954616,True,0,ok
25.566666666666666,0.16,0.060161991809073,0.04939007833666634,0.09175519569595425,1.1575079617184765e-09,-0.19395387325932958,5.473012565625278,3.4960915211650123,3.4960915211650123,0.0,17.949521678669875,17.949521678669875,0.0,0.0,10.597905037397592,3.57748775382145,True,0,ok
25.566666666666666,0.16333333333333333,0.08168262182213969,0.06638342092347861,0.12493755860313717,1.0620148273413809e-09,-0.18916684709427156,7.934968921797748,3.527469788658122,3.527469788658122,0.0,17.734735530570248,17.734735530570248,0.0,0.0,10.411908807256863,3.611785918088007,True,0,ok
25.566666666666666,0.16666666666666669,0.10338087397547562,0.08336214124677238,0.15847261188783596,6.611581450883325e-10,-0.18464601474000158,13.886965502410847,3.5584469088458617,3.5584469088458617,0.0,17.52601181806563,17.52601181806563,0.0,0.0,10.232022243259534,3.6456765078424853,True,0,ok
25.566666666666666,0.17,0.12541839764080584,0.1004416218402717,0.1926156899176641,2.252311192794747e-09,-0.1803890761616331,50.054495630270104,3.589366067710447,3.589366067710447,0.0,17.317982754085754,17.317982754085754,0.0,0.0,10.054972717103063,3.6795838641668737,True,0,ok
25.566666666666666,0.17333333333333334,0.1476990823702993,0.11754980157908353,0.22721597863663429,4.2238941456399985e-09,-0.1763872729031348,33.642619622467535,3.620034546397085,3.620034546397085,0.0,17.113638781922567,17.113638781922567,0.0,0.0,9.882436402514067,3.7132640684593556,True,0,ok
25.566666666666666,0.1766666666666667,0.17028051287962478,0.13473403063456854,0.2623606300278442,1.1169270412527819e-10,-0.17263248835061198,12.937431503708323,3.6505355401194466,3.6505355401194466,0.0,16.911712707637957,16.911712707637957,0.0,0.0,9.713477681578839,3.746820129864634,True,0,ok
25.566666666666666,0.18,0.19314904450207454,0.1519710782096065,0.29803431272926073,1.0045293404538887e-09,-0.16911804615640993,8.144592784270001,3.680872185422511,3.680872185422511,0.0,16.71213088326914,16.71213088326914,0.0,0.0,9.548025695867986,3.780252048574445,True,0,ok
25.566666666666666,0.18333333333333335,0.21625511518838927,0.1692281846424748,0.33415661905466276,1.2871029045178502e-10,-0.1658308036938698,6.0219768923213035,3.710937071209199,3.710937071209199,0.0,16.51649776329592,16.51649776329592,0.0,0.0,9.38685095331163,3.813424583428689,True,0,ok
25.566666666666666,0.18666666666666668,0.2396878936018784,0.18656860272089856,0.3708679219030511,1.078966017616189e-09,-0.16277920272734403,4.819868533033558,3.740908034886309,3.740908034886309,0.0,16.322192854043383,16.322192854043383,0.0,0.0,9.228472503775524,3.846552520532601,True,0,ok
25.566666666666666,0.19,0.26341768754197153,0.2039677754518016,0.40812226220475,1.2303333634847009e-09,-0.1599441254051941,4.0492175840920535,3.7707023873484053,3.7707023873484053,0.0,16.130389356521825,16.130389356521825,0.0,0.0,9.07334229660188,3.879535927374397,True,0,ok
25.566666666666666,0.19333333333333336,0.28737627685531686,0.22137036591241863,0.4458144620730389,4.3435819203531985e-12,-0.15731659721341437,3.515581724383759,3.8002283359182574,3.8002283359182574,0.0,15.942407660195316,15.942407660195316,0.0,0.0,8.922180067402335,3.9122559164476938,True,0,ok
25.566666666666666,0.19666666666666668,0.3116313501617634,0.23882283191011375,0.4840515986641964,8.13483849991188e-09,-0.15489503468400587,3.12333807723115,3.829594364992485,3.829594364992485,0.0,15.756677851757892,15.756677851757892,0.0,0.0,8.773991293514653,3.9448456335592663,True,0,ok
25.566666666666666,0.2,0.3361698465117431,0.25631870280797775,0.5228108833048738,4.468356025601945e-10,-0.15267520558281023,2.8235808260189095,3.8587757165292054,3.8587757165292054,0.0,15.57353679865669,15.57353679865669,0.0,0.0,8.628923529447478,3.977270960330234,True,0,ok
25.633333333333333,0.1,0.27103303547652535,-0.23371886079480603,-0.4071267776352182,2.130418781317418e-09,-0.3348107648072256,0.7088872177447785,2.9271234607752534,2.9271234607752534,0.0,22.043359605110208,22.043359605110208,0.0,0.0,14.64066832742689,2.967720862333851,True,0,ok
25.633333333333333,0.10333333333333333,0.2550204103611555,-0.2189335373440928,-0.383633073819658,4.189619553887076e-09,-0.3234615821385877,0.7452143464227543,2.95842081268281,2.95842081268281,0.0,21.854748405963225,21.854748405963225,0.0,0.0,14.40088745825827,2.999916141095584,True,0,ok
25.633333333333333,0.10666666666666667,0.2385860694411898,-0.20385560050401283,-0.35946186409317055,4.239253064312214e-09,-0.31253909493266535,0.7866972356253898,2.990305675191292,2.990305675191292,0.0,21.653158667890235,21.653158667890235,0.0,0.0,14.157722286742253,3.032915432032344,True,0,ok
25.633333333333333,0.11,0.22131664715480298,-0.18810706616354378,-0.3340043511436263,1.6801295029654989e-09,-0.3020134967894216,0.8359322180728246,3.023928035047302,3.023928035047302,0.0,21.41650876150118,21.41650876150118,0.0,0.0,13.89633142297632,3.0681619520804677,True,0,ok
25.633333333333333,0.11333333333333334,0.2032458794399243,-0.1717516765286055,-0.30729143192991565,6.257867120020628e-10,-0.29191024899495516,0.8946969014287766,3.058992239200434,3.058992239200434,0.0,21.15098803187406,21.15098803187406,0.0,0.0,13.621176282088152,3.1053210848009583,True,0,ok
25.633333333333333,0.11666666666666667,0.18492464527587613,-0.15532988304619738,-0.28011426369265896,1.7288958766939658e-09,-0.28228903564186,0.9625844634607311,3.0938337128547055,3.0938337128547055,0.0,20.888558184518722,20.888558184518722,0.0,0.0,13.353796307219465,3.142337524173177,True,0,ok
25.633333333333333,0.12000000000000001,0.16688032754867255,-0.13932752028806542,-0.2532488366382666,2.073835103934221e-12,-0.2731296826497903,1.0381223177916796,3.1270273711180634,3.1270273711180634,0.0,20.65577022268141,20.65577022268141,0.0,0.0,13.111183618382345,3.1774314340752126,True,0,ok
25.633333333333333,0.12333333333333334,0.14798712131861824,-0.12269914328061605,-0.2250455164332699,2.8159290747089638e-11,-0.2643650277310343,1.1301607081874323,3.1615984985401635,3.1615984985401635,0.0,20.396722838919498,20.396722838919498,0.0,0.0,12.856076570064305,3.2143639974111937,True,0,ok
25.633333333333333,0.12666666666666668,0.12945157764458973,-0.10656091765299655,-0.19727621167519865,2.3071779171023135e-07,-0.256036109626288,1.233497591264657,3.1943939468773848,3.1943939468773848,0.0,20.168855040757048,20.168855040757048,0.0,0.0,12.626005302682731,3.249207393728827,True,0,ok
25.633333333333333,0.13,0.1101425549131337,-0.08988114800082571,-0.16827217964485883,6.6542413237864276e-09,-0.24807495500469873,1.3608081305740336,3.228270872392691,3.228270872392691,0.0,19.920816471557814,19.920816471557814,0.0,0.0,12.387028877610955,3.285521587665265,True,0,ok
25.633333333333333,0.13333333333333333,0.09084851616717934,-0.07337839844791534,-0.13919759089349829,6.741340691837401e-10,-0.24051041044638705,1.5108379601480177,3.261281514580456,3.261281514580456,0.0,19.687339058732032,19.687339058732032,0.0,0.0,12.16165334814943,3.320872252965654,True,0,ok
25.633333333333333,0.13666666666666666,0.0711708003692297,-0.05669435442425007,-0.10946048899949125,3.256719046453183e-09,-0.23330407272353085,1.6952670398392848,3.294370246950794,3.294370246950794,0.0,19.451911296181287,19.451911296181287,0.0,0.0,11.938827441028398,3.356436556887719,True,0,ok
25.633333333333333,0.14,0.051217981417235374,-0.039930797863908185,-0.07921727237995733,1.2541174543142967e-08,-0.22645802580502575,1.9246044736270351,3.3272843978427917,3.3272843978427917,0.0,19.218842402552553,19.218842402552553,0.0,0.0,11.721238827988163,3.391897882223133,True,0,ok
25.633333333333333,0.14333333333333334,0.03106731014475224,-0.02315039952795904,-0.048575634639050416,5.901668755052811e-09,-0.21995194496313758,2.214645095680869,3.359857173290828,3.359857173290828,0.0,18.99109886709758,18.99109886709758,0.0,0.0,11.510487945806755,3.4270430866816013,True,0,ok
25.633333333333333,0.14666666666666667,0.010501453018115604,-0.006107094868832489,-0.017133153204770792,4.1468229572733396e-10,-0.2137851228593038,2.599023361448798,3.3925895218380617,3.3925895218380617,0.0,18.760169982205284,18.760169982205284,0.0,0.0,11.30076397246129,3.4624997706965397,True,0,ok
25.633333333333333,0.15000000000000002,0.010404771163284171,0.010774921617595742,0.014445720924052111,6.852570555230839e-10,-0.20793333747796708,3.1146633108295365,3.4246843070277837,3.4246843070277837,0.0,18.539406795596776,18.539406795596776,0.0,0.0,11.100905314002466,3.497263821901485,True,0,ok
25.633333333333333,0.15333333333333335,0.031497373301097906,0.02791314119051393,0.046873341287821356,1.3705201015936188e-09,-0.2023926085339673,3.866886230751533,3.4570302694381776,3.4570302694381776,0.0,18.314132722935966,18.314132722935966,0.0,0.0,10.901200382515894,3.5324505022837833,True,0,ok
25.633333333333333,0.15666666666666668,0.05278298406767616,0.04500128771015207,0.07958023828623399,7.826081224266534e-11,-0.19715010307159297,5.022184198069787,3.4888408083435487,3.4888408083435487,0.0,18.097157573029172,18.097157573029172,0.0,0.0,10.70937371440252,3.567070712745182,True,0,ok
25.633333333333333,0.16,0.07444118096213895,0.06221242340390082,0.11293397470791298,6.076271741046334e-10,-0.19219887435207855,7.067414503225539,3.5206525896010445,3.5206525896010445,0.0,17.87988205888485,17.87988205888485,0.0,0.0,10.52019182938356,3.601790576796539,True,0,ok
25.633333333333333,0.16333333333333333,0.09634627528994812,0.07945516505719878,0.14674703074499565,1.117144261656646e-09,-0.1875300857605579,11.58714227340154,3.5521961586407484,3.5521961586407484,0.0,17.66657836958364,17.66657836958364,0.0,0.0,10.336053792192015,3.6362710005097383,True,0,ok
25.633333333333333,0.16666666666666669,0.11855422686861011,0.09678022877737387,0.18110466985431603,8.457597083503062e-10,-0.18313341428415228,29.972120675428528,3.583552395672881,3.583552395672881,0.0,17.45599644929979,17.45599644929979,0.0,0.0,10.155970888277455,3.6706123312952603,True,0,ok
25.633333333333333,0.17,0.14106427886801332,0.11417132158692948,0.21601458664810536,1.6870718170406593e-09,-0.17900365110841862,57.405808265571736,3.6147659448550513,3.6147659448550513,0.0,17.24742191958619,17.24742191958619,0.0,0.0,9.979545697895857,3.7048648892009597,True,0,ok
25.633333333333333,0.17333333333333334,0.16382863250917667,0.1315994595040077,0.25139817968261735,9.196645496137105e-09,-0.17512838970203876,15.183134802253642,3.6457147294304306,3.6457147294304306,0.0,17.042735532872374,17.042735532872374,0.0,0.0,9.807683041435201,3.7388748793967688,True,0,ok
25.633333333333333,0.1766666666666667,0.1869256085562191,0.14911320608730905,0.2873826737517456,2.202780715802698e-11,-0.17150296667707163,8.905304044706249,3.6765581242344707,3.6765581242344707,0.0,16.83949769459262,16.83949769459262,0.0,0.0,9.638864985419456,3.772839075137866,True,0,ok
25.633333333333333,0.18,0.21022729162980647,0.1666157160860993,0.32376804288120753,1.7187776826576628e-09,-0.16810614218391032,6.395935712021821,3.70705042303849,3.70705042303849,0.0,16.641345995049463,16.641345995049463,0.0,0.0,9.475011779131002,3.8064507684402273,True,0,ok
25.633333333333333,0.18333333333333335,0.23388647736218196,0.18422766116150954,0.36078916522206067,9.353914666273246e-10,-0.1649623582212585,5.035699748112417,3.737495968428116,3.737495968428116,0.0,16.443865965882495,16.443865965882495,0.0,0.0,9.313744373050021,3.8400764524903,True,0,ok
25.633333333333333,0.18666666666666668,0.25783120607365717,0.20188347417028163,0.39833886997520995,1.5164788834465432e-09,-0.16203449331228958,4.187853489576116,3.767720182102823,3.767720182102823,0.0,16.24950579038529,16.24950579038529,0.0,0.0,9.156063739844196,3.8735086844467768,True,0,ok
25.633333333333333,0.19,0.2820257634061564,0.21955659096939814,0.4363605126914812,1.3695991785918439e-11,-0.15932468198202795,3.610326565295158,3.7976956105813353,3.7976956105813353,0.0,16.058677225198043,16.058677225198043,0.0,0.0,9.002272015160996,3.906704463344086,True,0,ok
25.633333333333333,0.19333333333333336,0.30652031262658663,0.23728151894861327,0.47493324470238985,1.7975967409371924e-09,-0.15683067244749566,3.1911043834904,3.8275058700572324,3.8275058700572324,0.0,15.870177004690703,15.870177004690703,0.0,0.0,8.851600049442697,3.939765180078329,True,0,ok
25.633333333333333,0.19666666666666668,0.3313268693380753,0.2550679286750256,0.5140747365875327,3.236843992815802e-08,-0.1545463290128818,2.8733433070927523,3.857156801340137,3.857156801340137,0.0,15.68390797068102,15.68390797068102,0.0,0.0,8.70389412321838,3.97269664967494,True,0,ok
25.633333333333333,0.2,0.3563952947977508,0.27287474288669805,0.553707678433707,8.941962948440461e-10,-0.15246158806379226,2.6251557487721184,3.886580956395296,3.886580956395296,0.0,15.500805109426516,15.500805109426516,0.0,0.0,8.559619174837911,4.0054117971462135,True,0,ok
25.7,0.1,0.26405821821805364,-0.22647731626322162,-0.3973515484349953,1.0272190259231495e-09,-0.33133189476384783,0.7323920306548323,2.943975198576392,2.943975198576392,0.0,22.028834029234396,22.028834029234396,0.0,0.0,14.57950724543948,2.983222450075591,True,0,ok
25.7,0.10333333333333333,0.24768859835066812,-0.21137427851010568,-0.3733227017515651,7.581269427299434e-10,-0.32002859823792484,0.7716769994001812,2.9758419688666216,2.9758419688666216,0.0,21.8347538238935,21.8347538238935,0.0,0.0,14.33681204604094,3.0160239541879976,True,0,ok
25.7,0.10666666666666667,0.2307358932911107,-0.19583201986213603,-0.3483776361296121,1.3401910501031881e-09,-0.3091480220235517,0.8172836686393741,3.0087510549252166,3.0087510549252166,0.0,21.618930340047136,21.618930340047136,0.0,0.0,14.084973485815908,3.0502022086904046,True,0,ok
25.7,0.11,0.21290426311552943,-0.17959068210089466,-0.3220743123268839,6.787128338597773e-10,-0.2986852401542987,0.8718572382705475,3.043441664439231,3.043441664439231,0.0,21.36751249593786,21.36751249593786,0.0,0.0,13.81486458961017,3.0866999420979706,True,0,ok
25.7,0.11333333333333334,0.19424883672931317,-0.1627327380309599,-0.29447561475446665,1.7835274908134423e-09,-0.2886616823028315,0.9373923614255083,3.0795208155816094,3.0795208155816094,0.0,21.08831978414921,21.08831978414921,0.0,0.0,13.53192898135573,3.1250660193695508,True,0,ok
25.7,0.11666666666666667,0.17597096515653535,-0.14640509619159084,-0.2673254375167069,9.56001312973406e-10,-0.2791586025603891,1.0099470891929156,3.113621774140211,3.113621774140211,0.0,20.845030253603824,20.845030253603824,0.0,0.0,13.278593688492201,3.1611066745695915,True,0,ok
25.7,0.12000000000000001,0.15722796923407517,-0.12980358171679793,-0.23940119695169537,8.461887737493974e-10,-0.27007107761154847,1.0956225532595392,3.1480756302180373,3.1480756302180373,0.0,20.594295363154504,20.594295363154504,0.0,0.0,13.025306271822709,3.197713749859679,True,0,ok
25.7,0.12333333333333334,0.1382232237073078,-0.11312728292813037,-0.2109957264340207,6.783329993714626e-10,-0.2614218861800712,1.1962056226320086,3.1823282848227272,3.1823282848227272,0.0,20.346184529563452,20.346184529563452,0.0,0.0,12.77867584782237,3.2341993807867806,True,0,ok
25.7,0.12666666666666668,0.11910195546083208,-0.09650706958036569,-0.1823244714918777,3.3161162360429294e-09,-0.25318075371060644,1.3139547906441575,3.2160051869320583,3.2160051869320583,0.0,20.107648491487492,20.107648491487492,0.0,0.0,12.5427837836715,3.2700896964675645,True,0,ok
25.7,0.13,0.09942215815391688,-0.07954659536511582,-0.15273059864272692,1.3240546571803744e-08,-0.24533299860046148,1.4580853439417605,3.250187032802123,3.250187032802123,0.0,19.85931023812465,19.85931023812465,0.0,0.0,12.304882537629387,3.3067379125102314,True,0,ok
25.7,0.13333333333333333,0.07982243506047788,-0.06282264894104568,-0.12315915799071848,1.645505641176907e-09,-0.23787461147344316,1.6287939768288902,3.283343236466295,3.283343236466295,0.0,19.628240398237423,19.628240398237423,0.0,0.0,12.082195745256655,3.342222632202997,True,0,ok
25.7,0.13666666666666666,0.059571231463243106,-0.04568328532512947,-0.09251611911469626,4.1375008714451626e-10,-0.23077903931872978,1.845645145985145,3.317169583208264,3.317169583208264,0.0,19.384930721176516,19.384930721176516,0.0,0.0,11.855513216155313,3.3786693095576448,True,0,ok
25.7,0.14,0.03940558965719767,-0.02877704573989991,-0.061889281197781205,2.350796793961411e-09,-0.22404499187620022,2.112860736899156,3.350015541698211,3.350015541698211,0.0,19.157718877450655,19.157718877450655,0.0,0.0,11.642768530384753,3.414004062808749,True,0,ok
25.7,0.14333333333333334,0.018713722221022553,-0.01153132769288726,-0.030292551555391154,4.749013433833209e-10,-0.2176510279207522,2.4671656761633467,3.3833145962054485,3.3833145962054485,0.0,18.922351439739558,18.922351439739558,0.0,0.0,11.428283349896532,3.450025111512931,True,0,ok
25.7,0.14666666666666667,0.0034070270693947404,0.005680897912275435,0.0015971534882604351,2.76966313127395e-09,-0.21160008411674766,2.9384899412684296,3.4160366731823544,3.4160366731823544,0.0,18.69610742291687,18.69610742291687,0.0,0.0,11.22259708349238,3.485433381499604,True,0,ok
25.7,0.15000000000000002,0.02373346556066637,0.022984243514681677,0.034081618397837514,2.5516301610561253e-09,-0.20586474603617314,3.6084745889771774,3.4487213356541235,3.4487213356541235,0.0,18.470106254982095,18.470106254982095,0.0,0.0,11.020487096634954,3.5209057654375786,True,0,ok
25.7,0.15333333333333335,0.04520823949124719,0.04036179793551572,0.06709903144685835,1.0753191168025612e-09,-0.20044425152451747,4.625802078969,3.481214596812979,3.481214596812979,0.0,18.246818035297295,18.246818035297295,0.0,0.0,10.823069244522612,3.5562461219165686,True,0,ok
25.7,0.15666666666666668,0.06699457419977277,0.05780505447311194,0.10061508134463312,4.9710610012364274e-11,-0.19532524669437365,6.342516700699887,3.513437266694552,3.513437266694552,0.0,18.027577094608233,18.027577094608233,0.0,0.0,10.630862184576912,3.5913529929686696,True,0,ok
25.7,0.16,0.08912799331410688,0.07534334330074584,0.13473966823791872,7.684400936648246e-10,-0.1905008685675566,9.880655996022686,3.5455858174065398,3.5455858174065398,0.0,17.80921996390087,17.80921996390087,0.0,0.0,10.442041157540368,3.626467395998275,True,0,ok
25.7,0.16333333333333333,0.11149169396039764,0.09290045854129302,0.1692947083322287,2.5652823603364733e-09,-0.1859574918463126,21.12728111724521,3.5773908129181744,3.5773908129181744,0.0,17.596007680038184,17.596007680038184,0.0,0.0,10.258876629123977,3.661250245394783,True,0,ok
25.7,0.16666666666666669,0.13421402938086385,0.11056453633148483,0.20448887586796874,1.949313437130464e-08,-0.18168950269607256,221.45098546166506,3.6091310571176205,3.6091310571176205,0.0,17.383573280949328,17.383573280949328,0.0,0.0,10.078689314253387,3.6960482254732754,True,0,ok
25.7,0.17,0.15716538970721072,0.12824126547562967,0.24011883931642541,1.1542042948399238e-09,-0.17768303466504412,18.562668805121678,3.640540211615138,3.640540211615138,0.0,17.176004764431063,17.176004764431063,0.0,0.0,9.903731023935135,3.730525325859565,True,0,ok
25.7,0.17333333333333334,0.18044593998769318,0.1459995695153124,0.27634459914293596,2.5727610936034005e-10,-0.173936271200621,9.886017136319035,3.6718255581305295,3.6718255581305295,0.0,16.970165168602833,16.970165168602833,0.0,0.0,9.732089788131592,3.76493656942884,True,0,ok
25.7,0.1766666666666667,0.20400217960529665,0.16380095384578597,0.3130813238926044,1.1532969706309625e-11,-0.1704349559085263,6.839926359059709,3.7028649040266797,3.7028649040266797,0.0,16.76785521416311,16.76785521416311,0.0,0.0,9.564630105598948,3.799129091172117,True,0,ok
25.7,0.18,0.22785439793520193,0.18165771637342007,0.35036174742290876,3.977697935475597e-09,-0.16718273476967876,5.285911090708889,3.7337289989455145,3.7337289989455145,0.0,16.56807639416796,16.56807639416796,0.0,0.0,9.400829596358255,3.833182137137934,True,0,ok
25.7,0.18333333333333335,0.2520265467956011,0.19958582234056704,0.3882236989028175,3.818607173408496e-09,-0.16416350689346645,4.344539610383421,3.764421229945453,3.764421229945453,0.0,16.370712310658845,16.370712310658845,0.0,0.0,9.24035945946686,3.8671040507276957,True,0,ok
25.7,0.18666666666666668,0.2764781337892671,0.21754822908452784,0.4266066612383982,7.302619752874574e-11,-0.16137138126018594,3.715110799006744,3.794898070671892,3.794898070671892,0.0,16.176389445286294,16.176389445286294,0.0,0.0,9.083569661894868,3.900834898883121,True,0,ok
25.7,0.19,0.3012186699936624,0.2355555129869355,0.4655229980996797,3.2070524456005083e-09,-0.15880016963786417,3.2652645507552003,3.8251639927313614,3.8251639927313614,0.0,15.985044922253769,15.985044922253769,0.0,0.0,8.930316135767459,3.9343776784953954,True,0,ok
25.7,0.19333333333333336,0.32628146744459186,0.2536261343308969,0.5050272982500595,5.014941381918786e-10,-0.15644462214569438,2.9276378036925177,3.855272797886921,3.855272797886921,0.0,15.79589810914156,15.79589810914156,0.0,0.0,8.780056308692853,3.967797874283434,True,0,ok
25.7,0.19666666666666668,0.35158346264966023,0.27169469195737234,0.5449906311014563,1.3632599860013835e-09,-0.154291144747016,2.666375228300081,3.8851064449853956,3.8851064449853956,0.0,15.610580926457994,15.610580926457994,0.0,0.0,8.633635614807469,4.000945358137741,True,0,ok
25.7,0.2,0.37720586943492507,0.2898235098180826,0.5855383309102838,6.526755278902816e-10,-0.15234231633502066,2.4576678851568947,3.914780338063885,3.914780338063885,0.0,15.427475211481456,15.427475211481456,0.0,0.0,8.490075846414028,4.033961249701903,True,0,ok
25.766666666666666,0.1,0.2568977285093616,-0.2190596090683484,-0.38730119598915697,2.9287151491549913e-10,-0.327847591332005,0.757364804030543,2.9611623742382998,2.9611623742382998,0.0,22.011397640203317,22.011397640203317,0.0,0.0,14.516295467809455,2.9990423935850097,True,0,ok
25.766666666666666,0.10333333333333333,0.24009914389808387,-0.203573428734596,-0.3626301915381822,1.9715633301846274e-09,-0.31658748451795204,0.8001625419995674,2.993805632719477,2.993805632719477,0.0,21.808063872751955,21.808063872751955,0.0,0.0,14.268190253778615,3.0327059333902358,True,0,ok
25.766666666666666,0.10666666666666667,0.22251834454924238,-0.18746512705996166,-0.33674926446719744,9.019327267725761e-10,-0.3057495962967955,0.8508273149009287,3.0280118532233096,3.0280118532233096,0.0,21.57303275984404,21.57303275984404,0.0,0.0,14.004433935802398,3.0684090869964007,True,0,ok
25.766666666666666,0.11,0.20407516394963435,-0.170688477432666,-0.3095245730066172,1.266257755018657e-09,-0.2953516217604853,0.9116633937276469,3.063823679891567,3.063823679891567,0.0,21.3059531900153,21.3059531900153,0.0,0.0,13.72507342631021,3.106238034148493,True,0,ok
25.766666666666666,0.11333333333333334,0.18515327130349357,-0.15363438024259338,-0.2814989854877447,1.7510057500864195e-09,-0.2854448226248808,0.9833288227980614,3.1000089961173494,3.1000089961173494,0.0,21.03067166033442,21.03067166033442,0.0,0.0,13.446266765763884,3.14467623860487,True,0,ok
25.766666666666666,0.11666666666666667,0.16670705517254436,-0.13719946973825936,-0.25406698375909786,3.5228249350998785e-09,-0.2760403285268234,1.0622426812359067,3.133953365301035,3.133953365301035,0.0,20.79579514793442,20.79579514793442,0.0,0.0,13.19970419365905,3.180458246203337,True,0,ok
25.766666666666666,0.12000000000000001,0.14731538854407492,-0.12004925697070418,-0.22515249722456174,2.899396192940876e-08,-0.26704366781791594,1.1593462744805492,3.169489745217552,3.169489745217552,0.0,20.53066864983648,20.53066864983648,0.0,0.0,12.93826544448088,3.2183624926933962,True,0,ok
25.766666666666666,0.12333333333333334,0.12822607610538891,-0.10334836177244716,-0.19658305089479702,1.3557384351594632e-11,-0.2585061036672928,1.2694318904905004,3.203351898935113,3.203351898935113,0.0,20.294803293226785,20.294803293226785,0.0,0.0,12.700862992486405,3.2543055685655022,True,0,ok
25.766666666666666,0.12666666666666668,0.1084236391823048,-0.08616270261581851,-0.16686235428802354,4.155323282726189e-10,-0.25035864871976093,1.4051149810976997,3.238102208665265,3.238102208665265,0.0,20.042259099024793,20.042259099024793,0.0,0.0,12.457079511122549,3.2914908706833885,True,0,ok
25.766666666666666,0.13,0.08858692376311722,-0.06911567882230309,-0.13698887592198586,5.795991173206913e-09,-0.24262588219577363,1.5666680090917828,3.2720701076655767,3.2720701076655767,0.0,19.80266995331763,19.80266995331763,0.0,0.0,12.226056522391705,3.3278237364447065,True,0,ok
25.766666666666666,0.13333333333333333,0.06837123177653208,-0.051892806477776214,-0.10644722936639016,2.421884134112419e-10,-0.23527005367679074,1.7668033180690983,3.3060736379148645,3.3060736379148645,0.0,19.561834172814354,19.561834172814354,0.0,0.0,11.998234948184164,3.36432636282369,True,0,ok
25.766666666666666,0.13666666666666666,0.047887370603891664,-0.034591740635351045,-0.07538575641246831,2.425861488778929e-10,-0.2282920215351534,2.018192396266948,3.3398747926113037,3.3398747926113037,0.0,19.323776444857135,19.323776444857135,0.0,0.0,11.7760952414469,3.4006992660367175,True,0,ok
25.766666666666666,0.14,0.02721456968359315,-0.017249815249661515,-0.043867325916242574,1.1807795724748954e-08,-0.22167001783165177,2.3409490133991975,3.3733714580402876,3.3733714580402876,0.0,19.09036267197037,19.09036267197037,0.0,0.0,11.56051703451173,3.4368096858851764,True,0,ok
25.766666666666666,0.14333333333333334,0.006684723347347332,0.00033229419994472783,-0.011573511103221641,2.5296556540597776e-10,-0.21540458932687478,2.7750037020311202,3.406941644422373,3.406941644422373,0.0,18.855176169164086,18.855176169164086,0.0,0.0,11.347003316431566,3.4731319128800964,True,0,ok
25.766666666666666,0.14666666666666667,0.015863170482234432,0.017788832429181438,0.020939865664604356,1.1307340565549791e-08,-0.20946747289769205,3.3727985470854835,3.439945135354375,3.439945135354375,0.0,18.628916683882583,18.628916683882583,0.0,0.0,11.142711476196222,3.5088567510665247,True,0,ok
25.766666666666666,0.15000000000000002,0.03744688659884978,0.035487309643196845,0.054290503793289785,8.22940082942895e-10,-0.2038580789275645,4.272750324176275,3.4731385686785585,3.4731385686785585,0.0,18.39915846558564,18.39915846558564,0.0,0.0,10.939361671428237,3.544935591643052,True,0,ok
25.766666666666666,0.15333333333333335,0.05932309110202395,0.05313858481319333,0.08794303962081444,4.6131516733668945e-09,-0.19856050277201492,5.727182024097254,3.5057841662758147,3.5057841662758147,0.0,18.177844951494674,18.177844951494674,0.0,0.0,10.744086414749615,3.580436950968641,True,0,ok
25.766666666666666,0.15666666666666668,0.08163368798257993,0.07093893114101041,0.1223104455452707,2.0595746092363123e-09,-0.1935662822475129,8.546706939084823,3.538466877978048,3.538466877978048,0.0,17.955615272661795,17.955615272661795,0.0,0.0,10.551171200948339,3.616092332908869,True,0,ok
25.766666666666666,0.16,0.1041709677636567,0.08874052509358041,0.15709834747878776,9.69213255472448e-09,-0.1888655679704283,16.12011908734753,3.5707924098196013,3.5707924098196013,0.0,17.738719504881686,17.738719504881686,0.0,0.0,10.364227874780793,3.6514018218704907,True,0,ok
25.766666666666666,0.16333333333333333,0.12706532881342167,0.10665749351647165,0.192512265677209,1.9988132279479483e-08,-0.18445006472587178,108.20074930783528,3.6029839333374056,3.6029839333374056,0.0,17.52368452715768,17.52368452715768,0.0,0.0,10.180899073275917,3.68664596536673,True,0,ok
25.766666666666666,0.16666666666666669,0.15024333171668192,0.12461673935725363,0.22845096727296446,1.0902534273544766e-09,-0.1803115545206101,24.249989693073736,3.6349606122187788,3.6349606122187788,0.0,17.311735694536246,17.311735694536246,0.0,0.0,10.001964851874273,3.7217164109451115,True,0,ok
25.766666666666666,0.17,0.17372181965581054,0.14264079841695476,0.264936623554675,7.024343985368178e-10,-0.17643926390458567,11.181639391772846,3.6667136651429573,3.6667136651429573,0.0,17.103018567963087,17.103018567963087,0.0,0.0,9.827262467980619,3.7566017440392185,True,0,ok
25.766666666666666,0.17333333333333334,0.19752591174509754,0.1607372354039263,0.302014897955215,4.457510835008678e-09,-0.17282737426976744,7.379427106435502,3.6983141447301526,3.6983141447301526,0.0,16.896439366069302,16.896439366069302,0.0,0.0,9.656100758753853,3.791387277363354,True,0,ok
25.766666666666666,0.1766666666666667,0.22156928020516295,0.17884278209287924,0.339549844772724,4.057986587968689e-10,-0.16945767663713912,5.578695977258478,3.729590758241347,3.729590758241347,0.0,16.694523671220004,16.694523671220004,0.0,0.0,9.489749952972609,3.825857345005179,True,0,ok
25.766666666666666,0.18,0.24597684451696528,0.19705412097140335,0.3777346919780564,1.7557606676205673e-08,-0.16634366115810217,4.523009903687294,3.7607777074227604,3.7607777074227604,0.0,16.493863723310756,16.493863723310756,0.0,0.0,9.326291663856908,3.8602971567727216,True,0,ok
25.766666666666666,0.18333333333333335,0.27069062492054496,0.21531559285722593,0.4164846200427642,3.3911916396577556e-08,-0.16346337543378972,3.832514193192175,3.791768411985073,3.791768411985073,0.0,16.29595637956292,16.29595637956292,0.0,0.0,9.16638646395413,3.89457519347235,True,0,ok
25.766666666666666,0.18666666666666668,0.29566029573029917,0.23359268936810645,0.4557186488259606,4.977009379171442e-10,-0.16080679462234432,3.347814865827593,3.822476929111262,3.822476929111262,0.0,16.10203031748028,16.10203031748028,0.0,0.0,9.010638524140992,3.928580359141398,True,0,ok
25.766666666666666,0.19,0.32094718361486274,0.2519245175108043,0.4955353887341304,8.27914297500696e-10,-0.15837142922149386,2.988162342764722,3.8530086426779677,3.8530086426779677,0.0,15.910569123479368,15.910569123479368,0.0,0.0,8.858089476790315,3.962442145763462,True,0,ok
25.766666666666666,0.19333333333333336,0.3465323247164848,0.27030019181324616,0.5359027547288371,4.7336771768013506e-11,-0.15615221905285095,2.7114465983642684,3.8833308064466214,3.8833308064466214,0.0,15.722016914864875,15.722016914864875,0.0,0.0,8.70894105367066,3.9961158321225976,True,0,ok
25.766666666666666,0.19666666666666668,0.3724236736554617,0.2887215004547142,0.5768345285021242,1.4347363780449201e-09,-0.15414378631802864,2.4921454564518704,3.9134616925348316,3.9134616925348316,0.0,15.536111938328249,15.536111938328249,0.0,0.0,8.562976070627185,4.029621135493333,True,0,ok
25.766666666666666,0.2,0.39864681362836196,0.30720422551232446,0.6183715791298229,5.524121020321282e-10,-0.1523422456833512,2.314103833904104,3.943436592811382,3.943436592811382,0.0,15.352355866667489,15.352355866667489,0.0,0.0,8.419837743205862,4.062999934910903,True,0,ok
25.833333333333332,0.1,0.24955707655484707,-0.2114685911048664,-0.3769844006745216,3.0299496338009906e-10,-0.3243581170512833,0.7839152731955201,2.9786453310501284,2.9786453310501284,0.0,21.992375183509004,21.992375183509004,0.0,0.0,14.451758501700288,3.015125384355263,True,0,ok
25.833333333333332,0.10333333333333333,0.23232030759776104,-0.19559502676423934,-0.3516543209915828,1.6790069120651716e-08,-0.31314809992885734,0.8306402578215096,3.012077477395054,3.012077477395054,0.0,21.77970516570862,21.77970516570862,0.0,0.0,14.19833905480289,3.049667942830283,True,0,ok
25.833333333333332,0.10666666666666667,0.21408794836742212,-0.1789021019304833,-0.3247999181548095,6.600528631953401e-10,-0.3023652487872727,0.8870745514567379,3.04760345135466,3.04760345135466,0.0,21.52520695601317,21.52520695601317,0.0,0.0,13.922683265851447,3.0869326070934004,True,0,ok
25.833333333333332,0.11,0.19501331879946598,-0.1615770767235782,-0.2966200124823161,9.043267212396107e-10,-0.29204342473394146,0.9551034012738815,3.0845550900143324,3.0845550900143324,0.0,21.24227369501955,21.24227369501955,0.0,0.0,13.634132644095843,3.126122795613811,True,0,ok
25.833333333333332,0.11333333333333334,0.1761225280511065,-0.14460895017631678,-0.2685994903014131,2.5101331503192576e-07,-0.28226070656795,1.0317898861293686,3.1200088934575914,3.1200088934575914,0.0,20.986132203728186,20.986132203728186,0.0,0.0,13.369442247081654,3.163590995876456,True,0,ok
25.833333333333332,0.11666666666666667,0.15696146188171115,-0.1275552401273175,-0.24008407332472922,1.7890412854722218e-09,-0.27292942318335534,1.1213793568786612,3.155238163379823,3.155238163379823,0.0,20.73314390089825,20.73314390089825,0.0,0.0,13.11211861503255,3.200916097357797,True,0,ok
25.833333333333332,0.12000000000000001,0.13739121946199137,-0.11029564513879055,-0.21086467750473814,7.247221591264371e-10,-0.26405217938048664,1.228132315459689,3.190612731667796,3.190612731667796,0.0,20.4763879400005,20.4763879400005,0.0,0.0,12.857537065996127,3.238562549841554,True,0,ok
25.833333333333332,0.12333333333333334,0.11778663746763013,-0.0931747755101358,-0.18149252631011722,1.0451221869849033e-09,-0.2556089032337397,1.3530197858314577,3.225162974567702,3.225162974567702,0.0,20.233553619734597,20.233553619734597,0.0,0.0,12.61678575857826,3.27530983800324,True,0,ok
25.833333333333332,0.12666666666666668,0.09755507358334294,-0.07565291277955906,-0.15108809990705022,2.0312599564599106e-10,-0.24757730891516117,1.5074996516915564,3.260346924158093,3.260346924158093,0.0,19.978622463533807,19.978622463533807,0.0,0.0,12.372771630491744,3.3129884601937905,True,0,ok
25.833333333333332,0.13,0.07742419160577793,-0.058390839409010714,-0.12072293158523348,5.289305790025412e-08,-0.23995502987487832,1.6916703786017757,3.294426589599907,3.294426589599907,0.0,19.742206114216913,19.742206114216913,0.0,0.0,12.144973059872022,3.349410060476039,True,0,ok
25.833333333333332,0.13333333333333333,0.056627154564194086,-0.040693088123022005,-0.08924111429785796,1.9177745825792906e-10,-0.23271488970614704,1.9280392937260884,3.329193745245862,3.329193745245862,0.0,19.493269626062865,19.493269626062865,0.0,0.0,11.913211511635438,3.3868274677819867,True,0,ok
25.833333333333332,0.13666666666666666,0.03595237677306999,-0.023238965700140078,-0.057772577059415055,3.0549307246319515e-09,-0.22585321884232418,2.2226983776007416,3.362937548094376,3.362937548094376,0.0,19.261050758219863,19.261050758219863,0.0,0.0,11.69594032083989,3.4230834285229426,True,0,ok
25.833333333333332,0.14,0.014884577244906222,-0.005362280263287496,-0.025217015478773235,2.937589845498834e-09,-0.21935505374996558,2.620068654658075,3.3971801640214134,3.3971801640214134,0.0,19.019906076668,19.019906076668,0.0,0.0,11.476283243444888,3.4600931764892486,True,0,ok
25.833333333333332,0.14333333333333334,0.008341512227301175,0.012348418465997352,0.007500602649190935,4.701709723662516e-08,-0.21320401443658596,3.158740219817457,3.4307508219420493,3.4307508219420493,0.0,18.78938664655052,18.78938664655052,0.0,0.0,11.267164320137011,3.4963785226124298,True,0,ok
25.833333333333332,0.14666666666666667,0.02939363546428252,0.030243844689418733,0.04095445367507299,2.1591428323193584e-10,-0.20738944761020014,3.94922722039051,3.4643619220418986,3.4643619220418986,0.0,18.557803663218966,18.557803663218966,0.0,0.0,11.060621247574412,3.532834098899625,True,0,ok
25.833333333333332,0.15000000000000002,0.05141762340841413,0.04818042667161432,0.0748996827539989,2.3475711184599035e-09,-0.2019035737759894,5.199431897645715,3.4976814229201234,3.4976814229201234,0.0,18.330513956389566,18.330513956389566,0.0,0.0,10.859876717716269,3.569038266392573,True,0,ok
25.833333333333332,0.15333333333333335,0.07384719090236981,0.06622051055773878,0.10943064833028068,1.0362389627833824e-09,-0.1967337190197336,7.474998187632545,3.5307938303787982,3.5307938303787982,0.0,18.10621629546044,18.10621629546044,0.0,0.0,10.663794933041736,3.6050960694686363,True,0,ok
25.833333333333332,0.15666666666666668,0.09661382088766723,0.08432870022961145,0.14453844290404905,4.717865974755693e-09,-0.19187067668841126,12.905651556378968,3.5637488330027254,3.5637488330027254,0.0,17.88408588108751,17.88408588108751,0.0,0.0,10.471997684178056,3.641063562703153,True,0,ok
25.833333333333332,0.16,0.11966433579346096,0.10248613685073166,0.18015341111420463,5.101353900536733e-09,-0.1873018397850879,42.18617573487688,3.5964087343773694,3.5964087343773694,0.0,17.666304880948346,17.666304880948346,0.0,0.0,10.28545704846154,3.6767666408444377,True,0,ok
25.833333333333332,0.16333333333333333,0.14307654342038545,0.12074392276758539,0.21641071356582992,2.375439489920048e-09,-0.18302236926934407,35.78395094573836,3.6289672074305406,3.6289672074305406,0.0,17.44986254755662,17.44986254755662,0.0,0.0,10.102354118415555,3.712444390453512,True,0,ok
25.833333333333332,0.16666666666666669,0.16674067217863273,0.13902365559833538,0.2531398397325522,1.5070528166393493e-09,-0.1790171030138627,12.972365818032,3.6611967020584095,3.6611967020584095,0.0,17.23822679001219,17.23822679001219,0.0,0.0,9.924536487099877,3.747808504128468,True,0,ok
25.833333333333332,0.17,0.19075912311172122,0.15739410525805714,0.2905068411949606,2.101452999985503e-09,-0.17527972102817369,8.0562941509724,3.6932993894452366,3.6932993894452366,0.0,17.028318986707593,17.028318986707593,0.0,0.0,9.750069653975544,3.7831112585498614,True,0,ok
25.833333333333332,0.17333333333333334,0.21502591062837567,0.17577693411643308,0.32834569611510633,2.2170829922238766e-09,-0.1717943282900369,5.924835221369631,3.7250730566877555,3.7250730566877555,0.0,16.823132666664335,16.823132666664335,0.0,0.0,9.580536665332632,3.8180963186162042,True,0,ok
25.833333333333332,0.1766666666666667,0.23966348056555647,0.19426896716231337,0.36684509012399036,4.158613560842176e-10,-0.16857988198058801,4.728049170879787,3.7567673188155744,3.7567673188155744,0.0,16.61908500421031,16.61908500421031,0.0,0.0,9.41400524890329,3.8530644943573833,True,0,ok
25.833333333333332,0.18,0.26460426970041406,0.2128066759071432,0.4059058724882168,1.357852461367293e-09,-0.16559761976480114,3.9664791969609507,3.7882145009435844,3.7882145009435844,0.0,16.418486556531985,16.418486556531985,0.0,0.0,9.251366752578253,3.887816098635226,True,0,ok
25.833333333333332,0.18333333333333335,0.2898206741416934,0.23137050474674556,0.4454837359691968,3.791464551603004e-09,-0.16285148174077677,3.440444098892772,3.8194039270674924,3.8194039270674924,0.0,16.221513559720073,16.221513559720073,0.0,0.0,9.092802864586618,3.922327605738707,True,0,ok
25.833333333333332,0.18666666666666668,0.3153579573152401,0.2499908886404488,0.48565057327556105,3.959828325607671e-09,-0.1603372506052408,3.0550115952758228,3.850409884595526,3.850409884595526,0.0,16.027101821982768,16.027101821982768,0.0,0.0,8.937603469290123,3.9566895080309528,True,0,ok
25.833333333333332,0.19,0.3412241714137518,0.26867458068465583,0.526417871243871,1.322852136513336e-09,-0.15804806045108333,2.7609068242196955,3.881232618902992,3.881232618902992,0.0,15.835230107003326,15.835230107003326,0.0,0.0,8.785649873996237,3.9909003192167107,True,0,ok
25.833333333333332,0.19333333333333336,0.36738570986302455,0.28739296146450033,0.5677341500520641,2.5274217902476976e-10,-0.15597579079558274,2.5298027765092534,3.911831623914006,3.911831623914006,0.0,15.646452133942311,15.646452133942311,0.0,0.0,8.637200319593907,4.024905270064859,True,0,ok
25.833333333333332,0.19666666666666668,0.39385168751186284,0.3061467496356724,0.609615963501071,1.6599559576266564e-09,-0.15410881236725887,2.3436392998604076,3.942212409899629,3.942212409899629,0.0,15.460671966521558,15.460671966521558,0.0,0.0,8.492034669236578,4.058711630008761,True,0,ok
25.833333333333332,0.2,0.42061293276708545,0.32492970551269756,0.6520478541550596,4.6496207782354665e-10,-0.15244641501232875,2.1907102837452697,3.9723759872097344,3.9723759872097344,0.0,15.27784570431122,15.27784570431122,0.0,0.0,8.350136489581821,4.092315223658128,True,0,ok
25.9,0.1,0.24199348626020914,-0.2036668912930429,-0.36633637489080706,1.0734220887237666e-09,-0.3208781068372469,0.8123997889146,2.996599602454359,2.996599602454359,0.0,21.96742448729446,21.96742448729446,0.0,0.0,14.383354639193527,3.0317025639853066,True,0,ok
25.9,0.10333333333333333,0.22410442301562253,-0.18719787205994723,-0.3400372537557066,8.419496610191014e-09,-0.3097072906172335,0.8643292349816221,3.031389302093841,3.031389302093841,0.0,21.734523109373296,21.734523109373296,0.0,0.0,14.117306177510923,3.0678427774829857,True,0,ok
25.9,0.10666666666666667,0.20528877914067675,-0.16999431554532984,-0.3123017470419971,9.239922467748781e-11,-0.2989941225034216,0.9270682075372216,3.067961916788793,3.067961916788793,0.0,21.466147697324754,21.466147697324754,0.0,0.0,13.833662395379099,3.1063392642340966,True,0,ok
25.9,0.11,0.185738626050096,-0.1522718612477876,-0.2833898231995403,7.35841795167115e-10,-0.2887795587089082,1.002551667222756,3.105581948342155,3.105581948342155,0.0,21.17690924966427,21.17690924966427,0.0,0.0,13.542466552323912,3.1462984555984375,True,0,ok
25.9,0.11333333333333334,0.16688756879842048,-0.13539594522985401,-0.25538660864199003,3.2658738123528663e-10,-0.2791131236647355,1.0847048329334814,3.1402953859583453,3.1402953859583453,0.0,20.940075354486275,20.940075354486275,0.0,0.0,13.291846033938018,3.1827748039589348,True,0,ok
25.9,0.11666666666666667,0.14699093959682455,-0.11771002843746421,-0.22575065487374188,3.2430178146969236e-09,-0.26986796229234256,1.1868029585610202,3.1768260733494715,3.1768260733494715,0.0,20.668824929035434,20.668824929035434,0.0,0.0,13.023868609377333,3.2216723193171406,True,0,ok
25.9,0.12000000000000001,0.12732680530275456,-0.10041856498785783,-0.1963477981837231,4.061660043873339e-10,-0.2611070488325453,1.3038130537923098,3.2118223941218216,3.2118223941218216,0.0,20.424250927865334,20.424250927865334,0.0,0.0,12.77853271066415,3.25878614637648,True,0,ok
25.9,0.12333333333333334,0.10702818325089347,-0.08271460332044088,-0.16590174932020038,7.729814166869469e-10,-0.2527605007981042,1.4479286830803406,3.2474652514056634,3.2474652514056634,0.0,20.167319546718915,20.167319546718915,0.0,0.0,12.529872637076577,3.296852362300094,True,0,ok
25.9,0.12666666666666668,0.08663278322650372,-0.06509674200234387,-0.1351966403776049,2.679297985733925e-09,-0.2448479861700218,1.6215099882868418,3.2824472141888066,3.2824472141888066,0.0,19.921083699475275,19.921083699475275,0.0,0.0,12.292742079929312,3.3342259775863865,True,0,ok
25.9,0.13,0.06588098812764924,-0.047319772016468614,-0.10383522025948524,4.4034579564855227e-10,-0.23733271886393223,1.8380854847744463,3.3173920807368926,3.3173920807368926,0.0,19.674820532102917,19.674820532102917,0.0,0.0,12.059810485322005,3.3716876653691616,True,0,ok
25.9,0.13333333333333333,0.044872210316341324,-0.02945575002225431,-0.07192290710648602,1.2369580630923887e-08,-0.2302136921810278,2.1131902696293228,3.352128924432404,3.352128924432404,0.0,19.43136926894979,19.43136926894979,0.0,0.0,11.832768213641833,3.4090214248611406,True,0,ok
25.9,0.13666666666666666,0.023762081009383068,-0.011535200090073148,-0.03950757700203122,8.658228115031259e-10,-0.22346853439689607,2.4717841293301777,3.386578839045832,3.386578839045832,0.0,19.19220940508116,19.19220940508116,0.0,0.0,11.612244046322434,3.446122769796704,True,0,ok
25.9,0.14,0.005283646202523388,0.006609913529609488,-0.006329280742027785,1.055845674168029e-09,-0.21709800790512815,2.962016960523664,3.4210311594784755,3.4210311594784755,0.0,18.952426485750674,18.952426485750674,0.0,0.0,11.394657163415387,3.483354980567575,True,0,ok
25.9,0.14333333333333334,0.02117417382280864,0.02466126966454127,0.02714514118158752,1.4260463378115596e-09,-0.21107038894207314,3.65635485901617,3.4549749854890415,3.4549749854890415,0.0,18.720548351861837,18.720548351861837,0.0,0.0,11.185801274642419,3.5200705279020963,True,0,ok
25.9,0.14666666666666667,0.043268595410892244,0.04292980568341886,0.06142919363362877,2.2282602233959193e-08,-0.20538619898677096,4.738542965995942,3.4890224601465527,3.4890224601465527,0.0,18.486551306325968,18.486551306325968,0.0,0.0,10.978892674194798,3.5570406006873725,True,0,ok
25.9,0.15000000000000002,0.06576878517680022,0.06118272338064509,0.09608992491735935,7.750905797794081e-11,-0.20002959507930532,6.60032669201573,3.5225733428299457,3.5225733428299457,0.0,18.26013613137944,18.26013613137944,0.0,0.0,10.7796417201438,3.5935030574718456,True,0,ok
25.9,0.15333333333333335,0.08874513343150386,0.07959337996347553,0.1314990113625045,3.098631135109189e-11,-0.19499230780814447,10.65307774624218,3.5561569065574186,3.5561569065574186,0.0,18.03287542673834,18.03287542673834,0.0,0.0,10.582939669445617,3.6301217831729806,True,0,ok
25.9,0.15666666666666668,0.11194917796710921,0.09799497337985424,0.16731658774555536,3.891704737996267e-10,-0.19025797510164236,25.610152542160417,3.5893002660639053,3.5893002660639053,0.0,17.812173157313065,17.812173157313065,0.0,0.0,10.392956232511544,3.666298487759844,True,0,ok
25.9,0.16,0.13553872163697683,0.11651055776227559,0.2038075688459119,2.1874782614483603e-09,-0.1858229943914445,73.23073922407994,3.6223596309681727,3.6223596309681727,0.0,17.59252891842031,17.59252891842031,0.0,0.0,10.206337778415925,3.702477059572941,True,0,ok
25.9,0.16333333333333333,0.15940916620571516,0.13506224121607724,0.2408153604089534,1.5972447702396075e-10,-0.18167554384288537,15.651284257759134,3.655133204612889,3.655133204612889,0.0,17.377019364229508,17.377019364229508,0.0,0.0,10.024760971460786,3.738400014142113,True,0,ok
25.9,0.16666666666666669,0.18362767045761066,0.15370698096198454,0.27844483848083573,3.98105863541849e-09,-0.17780699502970015,8.937136003344403,3.6877221988669824,3.6877221988669824,0.0,17.16412191216614,17.16412191216614,0.0,0.0,9.847114939854986,3.7741936709845834,True,0,ok
25.9,0.17,0.20815538075047418,0.17240462818830507,0.31664275103873274,4.400852990789e-09,-0.17420595171422446,6.344137654728646,3.720079196682395,3.720079196682395,0.0,16.9545054774957,16.9545054774957,0.0,0.0,9.673712604982034,3.809794813265995,True,0,ok
25.9,0.17333333333333334,0.2329805903876533,0.19114577410349642,0.3553915580518389,3.560056565274603e-09,-0.17086968371466796,4.9714266747331814,3.752204662675353,3.752204662675353,0.0,16.748202966804843,16.748202966804843,0.0,0.0,9.504550973176288,3.845196389356572,True,0,ok
25.9,0.1766666666666667,0.2581604903844567,0.20997529630848813,0.39477954775645624,1.5136961463798114e-09,-0.16778848017106274,4.121373626514871,3.784162828084612,3.784162828084612,0.0,16.544228456603502,16.544228456603502,0.0,0.0,9.338838029048164,3.880480981564259,True,0,ok
25.9,0.18,0.2836417477632862,0.2288439234608771,0.4347279401161918,4.6019974438794536e-11,-0.1649514326095737,3.5454138627057645,3.8158860396285483,3.8158860396285483,0.0,16.343539096748508,16.343539096748508,0.0,0.0,9.17706818029943,3.9155590759026344,True,0,ok
25.9,0.18333333333333335,0.3094320037088215,0.24776113697591348,0.4752461612282324,3.3962880726389646e-09,-0.16235216972245894,3.130056488110632,3.847376890130881,3.847376890130881,0.0,16.146100015619353,16.146100015619353,0.0,0.0,9.019108157447974,3.9504306948506116,True,0,ok
25.9,0.18666666666666668,0.3355737909593339,0.2667530621124059,0.5164030512982191,5.673317072736063e-10,-0.1599867171404791,2.8161396530016405,3.8787046197613875,3.8787046197613875,0.0,15.950920008980468,15.950920008980468,0.0,0.0,8.864302426715971,3.985180369531914,True,0,ok
25.9,0.19,0.3619703799482978,0.2857435381120489,0.5580486522759044,5.795255171359534e-10,-0.15783717419505255,2.572114201158142,3.9097260885832608,3.9097260885832608,0.0,15.759962574593015,15.759962574593015,0.0,0.0,8.713642541140644,4.019626131500698,True,0,ok
25.9,0.19333333333333336,0.3887067232814565,0.3047946403725449,0.6003157314053925,5.088496232224519e-10,-0.15590821288711967,2.3764045380559216,3.94057462320289,3.94057462320289,0.0,15.571373608243885,15.571373608243885,0.0,0.0,8.566044656379086,4.053931115812811,True,0,ok
25.9,0.19666666666666668,0.4157704058391796,0.3238972483900707,0.6431840044655722,1.3062486944760106e-09,-0.15419235557304317,2.2163230608365194,3.971226465678173,3.971226465678173,0.0,15.385459588612795,15.385459588612795,0.0,0.0,8.421600481415394,4.08806302174732,True,0,ok
25.9,0.2,0.4431527730389685,0.3430417061081511,0.6866407566018722,1.8209265402537437e-10,-0.15268340091418733,2.08317876102715,4.00167539856635,4.00167539856635,0.0,15.202293390212116,15.202293390212116,0.0,0.0,8.280290345220621,4.122010698392329,True,0,ok
25.966666666666665,0.1,0.23414797969957762,-0.19559991592862994,-0.35526961885432073,2.0143217085305117e-09,-0.3173579705858177,0.8431632154518695,3.0150785830850797,3.0150785830850797,0.0,21.938032624923427,21.938032624923427,0.0,0.0,14.311497754074683,3.0488035694976316,True,0,ok
25.966666666666665,0.10333333333333333,0.21559348837359554,-0.17852933129810974,-0.3279770335763418,1.22354062595564e-10,-0.306240126516424,0.9010414845529365,3.0512186136573276,3.0512186136573276,0.0,21.685418261472808,21.685418261472808,0.0,0.0,14.033390375045993,3.086538536840895,True,0,ok
25.966666666666665,0.10666666666666667,0.19613118447755265,-0.1607599131281241,-0.29926338717715095,6.565338657438999e-10,-0.2956035623812032,0.9712496987900405,3.088960052772634,3.088960052772634,0.0,21.400967049173115,21.400967049173115,0.0,0.0,13.740445327411056,3.1264290924557563,True,0,ok
25.966666666666665,0.11,0.17659951768715312,-0.14311556158102257,-0.2703333219848302,3.6459174599682656e-10,-0.28552045169842183,1.0521371468240859,3.1258556831394015,3.1258556831394015,0.0,21.130938478060276,21.130938478060276,0.0,0.0,13.463505413371765,3.165421575791041,True,0,ok
25.966666666666665,0.11333333333333334,0.15702156256669694,-0.12560657394510744,-0.2412266608698832,1.6201422280350963e-09,-0.27592916474862844,1.145502554534448,3.1618754829413818,3.1618754829413818,0.0,20.875927618932657,20.875927618932657,0.0,0.0,13.202138278116388,3.2034653718442345,True,0,ok
25.966666666666665,0.11666666666666667,0.13686140402381686,-0.10773121878595343,-0.21115661541378314,8.153251684983345e-10,-0.26680731315467343,1.258558511173082,3.1984406253302526,3.1984406253302526,0.0,20.609834989349032,20.609834989349032,0.0,0.0,12.938974260324903,3.2423447192922255,True,0,ok
25.966666666666665,0.12000000000000001,0.11676847617254686,-0.09009693889087807,-0.18107228580174634,7.667319821746702e-10,-0.2581483677777956,1.3906143666223942,3.2338881965804323,3.2338881965804323,0.0,20.36276575419642,20.36276575419642,0.0,0.0,12.693258711961672,3.2799636303289224,True,0,ok
25.966666666666665,0.12333333333333334,0.09596722577946008,-0.07198626115048848,-0.14982357450345146,6.649437763896258e-10,-0.2499203411167008,1.5558498218187955,3.270132466950547,3.270132466950547,0.0,20.100719458936716,20.100719458936716,0.0,0.0,12.44266891072788,3.3187321187455328,True,0,ok
25.966666666666665,0.12666666666666668,0.07530191133420726,-0.054169028347681746,-0.11864590140254523,8.692123640583431e-10,-0.2421236211969855,1.754051115498654,3.305166421801911,3.305166421801911,0.0,19.858893609951608,19.858893609951608,0.0,0.0,12.209608946668828,3.356115770789287,True,0,ok
25.966666666666665,0.13,0.05396178220159062,-0.035891259976477664,-0.08629854733665335,3.48200524095064e-10,-0.2347291074263328,2.0112022340461664,3.340914242872934,3.340914242872934,0.0,19.604104990189832,19.604104990189832,0.0,0.0,11.972526736454693,3.394541490224305,True,0,ok
25.966666666666665,0.13333333333333333,0.032812833858754505,-0.017863401725410614,-0.05395317484933834,4.947475874448865e-10,-0.22773175655599937,2.3358260950612744,3.375605133558195,3.375605133558195,0.0,19.366494221786017,19.366494221786017,0.0,0.0,11.75040252194961,3.4317683289465912,True,0,ok
25.966666666666665,0.13666666666666666,0.011817501625999134,0.0006150614495722774,-0.02045927011050801,1.0120251037273641e-10,-0.22111765935998423,2.7814401422564705,3.4108249017925956,3.4108249017925956,0.0,19.119455044184406,19.119455044184406,0.0,0.0,11.525750396567943,3.469798413944262,True,0,ok
25.966666666666665,0.14,0.013299692513790845,0.018899626871116692,0.013170025323313189,2.4370962489350395e-09,-0.214865920337208,3.3980757059018414,3.445289191385551,3.445289191385551,0.0,18.884336795498466,18.884336795498466,0.0,0.0,11.31261344679835,3.5070053495744924,True,0,ok
25.966666666666665,0.14333333333333334,0.03496531031751546,0.03741013714929318,0.04762562771524812,1.1107956390726808e-08,-0.20896763935322743,4.335280376589489,3.479861944031478,3.479861944031478,0.0,18.647019252747484,18.647019252747484,0.0,0.0,11.101493871496393,3.5444784452745526,True,0,ok
25.966666666666665,0.14666666666666667,0.05758614763887418,0.05595998519482798,0.08256496385667031,1.0642561329444906e-09,-0.20341398434985872,5.890749959662927,3.5140483945803895,3.5140483945803895,0.0,18.41547015178197,18.41547015178197,0.0,0.0,10.897077341063156,3.5815897618676837,True,0,ok
25.966666666666665,0.15000000000000002,0.08065678256234368,0.07459277860614312,0.1181205617144724,3.4328301481194485e-10,-0.19818960492693427,9.000210970502744,3.5480864769061555,3.5480864769061555,0.0,18.185941876288215,18.185941876288215,0.0,0.0,10.69711951685265,3.6186323511896727,True,0,ok
25.966666666666665,0.15333333333333335,0.10407957392838021,0.0932956935672931,0.15425169914505713,2.280887472627332e-09,-0.19328626373476543,18.212007104513702,3.581885864753135,3.581885864753135,0.0,17.959819288822494,17.959819288822494,0.0,0.0,10.502183229399385,3.6554913450474382,True,0,ok
25.966666666666665,0.15666666666666668,0.12784231641064187,0.11207965663667371,0.19096890889336238,3.2046936595315577e-10,-0.1886912203859203,858.6229790023842,3.6154360196298496,3.6154360196298496,0.0,17.737296814926417,17.737296814926417,0.0,0.0,10.312137119263815,3.6921510432993494,True,0,ok
25.966666666666665,0.16,0.15195409927991088,0.13094215903244139,0.22830745903677757,9.016945137576141e-10,-0.18439743680479087,19.88480275285785,3.64881618579855,3.64881618579855,0.0,17.5171307409496,17.5171307409496,0.0,0.0,10.126244975909213,3.728705681502209,True,0,ok
25.966666666666665,0.16333333333333333,0.17636574278942582,0.14985484238212465,0.2661919456024661,4.151325863215897e-09,-0.18039134255528,10.072220670424823,3.6819065458826117,3.6819065458826117,0.0,17.301147113646913,17.301147113646913,0.0,0.0,9.94534255609617,3.7650022051976664,True,0,ok
25.966666666666665,0.16666666666666669,0.20115051562497868,0.16886509947111072,0.30474443061226936,4.2651860512327543e-10,-0.17666853392586646,6.843150318968762,3.7148634456957423,3.7148634456957423,0.0,17.086989597995665,17.086989597995665,0.0,0.0,9.767974810059624,3.801234078882966,True,0,ok
25.966666666666665,0.17,0.2261719156750177,0.18786747415312158,0.34375429957405357,1.9399129194573566e-09,-0.17320366881974372,5.249863059782771,3.747429347070488,3.747429347070488,0.0,16.878411631581862,16.878411631581862,0.0,0.0,9.596075864036434,3.8370765011892125,True,0,ok
25.966666666666665,0.17333333333333334,0.251597300157607,0.2069971138689182,0.38347855114690454,9.8595276434016e-10,-0.17001854078758738,4.293944610554193,3.779917163009128,3.779917163009128,0.0,16.670916746987224,16.670916746987224,0.0,0.0,9.427157645913372,3.872912411782313,True,0,ok
25.966666666666665,0.1766666666666667,0.27735252912637387,0.22618264301207472,0.42380973117480514,6.391045256752693e-10,-0.16708509716297107,3.6602548252271814,3.8121891792599993,3.8121891792599993,0.0,16.46641872271002,16.46641872271002,0.0,0.0,9.262062675932407,3.9085719041919416,True,0,ok
25.966666666666665,0.18,0.3033834302419425,0.2453866145802336,0.46466108791349703,7.383262918822597e-10,-0.16439306270335552,3.211427722528037,3.844155801118248,3.844155801118248,0.0,16.266189925608654,16.266189925608654,0.0,0.0,9.10141704010763,3.9439377428778903,True,0,ok
25.966666666666665,0.18333333333333335,0.3297612745836812,0.2646577984401016,0.5061459714054835,1.8613259094221763e-09,-0.16193982045341518,2.8761851544073,3.8759325314470074,3.8759325314470074,0.0,16.068582264518167,16.068582264518167,0.0,0.0,8.944170011374501,3.9791529772700134,True,0,ok
25.966666666666665,0.18666666666666668,0.3564488900944208,0.2839664713896966,0.5482066005395393,7.963761262167931e-09,-0.15971956760959785,2.61707723722768,3.9074754911966827,3.9074754911966827,0.0,15.874188995332931,15.874188995332931,0.0,0.0,8.790631198582679,4.01415710200912,True,0,ok
25.966666666666665,0.19,0.38347125908393825,0.3033316452777764,0.5908811493044434,8.178776074044117e-10,-0.15772573723667072,2.4109434591010674,3.9388122112038255,3.9388122112038255,0.0,15.682620732985978,15.682620732985978,0.0,0.0,8.64046158037767,4.048982737696714,True,0,ok
25.966666666666665,0.19333333333333336,0.41084142088769615,0.32275843936101717,0.6341916186550434,1.7583111953907278e-09,-0.15595366849256406,2.243168528724799,3.9699659489561894,3.9699659489561894,0.0,15.493543123884098,15.493543123884098,0.0,0.0,8.493405477822382,4.083656048907943,True,0,ok
25.966666666666665,0.19666666666666668,0.43850666919085135,0.3422052191496246,0.6780559599039903,5.019999345681693e-10,-0.1543904257229191,2.1045155662242623,4.0008639784631645,4.0008639784631645,0.0,15.30792070875587,15.30792070875587,0.0,0.0,8.349903126905994,4.118083147482524,True,0,ok
25.966666666666665,0.2,0.4664949604541973,0.36168896270870676,0.7225190230313586,1.1527798799329296e-09,-0.15303097986741587,1.9880132346558104,4.031544506077709,4.031544506077709,0.0,15.125220970335716,15.125220970335716,0.0,0.0,8.209556679754238,4.1523102800423,True,0,ok
26.03333333333333,0.1,0.22599421079603427,-0.1872367348436934,-0.34374780736033733,4.970469874081676e-10,-0.31384225169441093,0.876647254981908,3.034210956148843,3.034210956148843,0.0,21.899846178824827,21.899846178824827,0.0,0.0,14.233760468606457,3.066624640238242,True,0,ok
26.03333333333333,0.10333333333333333,0.20679767836831348,-0.16959367897146257,-0.315489815031322,3.463216201262124e-10,-0.302792254929891,0.9411716748441757,3.0715739362184773,3.0715739362184773,0.0,21.630224281913048,21.630224281913048,0.0,0.0,13.945603803599685,3.1058049156317686,True,0,ok
26.03333333333333,0.10666666666666667,0.18674640768975,-0.15131749796950816,-0.28587703154210703,5.697231133177667e-10,-0.2922533276700456,1.019605438793237,3.1102811982811414,3.1102811982811414,0.0,21.333903201068328,21.333903201068328,0.0,0.0,13.646339896348513,3.146838112788507,True,0,ok
26.03333333333333,0.11,0.1672420815733083,-0.133757723479855,-0.25694087443691394,3.715551434558234e-09,-0.28229360407122583,1.1064022828276836,3.146442229790242,3.146442229790242,0.0,21.083286083251693,21.083286083251693,0.0,0.0,13.383628817431907,3.1848399748408407,True,0,ok
26.03333333333333,0.11333333333333334,0.14690848489280714,-0.11559282873359532,-0.22668173006633316,1.4604700383506852e-08,-0.2727904039318286,1.2129698804795448,3.183796840016795,3.183796840016795,0.0,20.809736458661504,20.809736458661504,0.0,0.0,13.111462155457035,3.2244965440292557,True,0,ok
26.03333333333333,0.11666666666666667,0.126644416753629,-0.09767841424741822,-0.1964060902179725,1.948265132483873e-10,-0.26379100901052105,1.3371523473244347,3.2199930454989865,3.2199930454989865,0.0,20.55587251161957,20.55587251161957,0.0,0.0,12.857655883032916,3.2628490777704138,True,0,ok
26.03333333333333,0.12000000000000001,0.10583969552070745,-0.07943916313778551,-0.16521362777845075,2.2078218844652203e-10,-0.25523289971250673,1.4899305014837418,3.256563953396403,3.256563953396403,0.0,20.294469897857585,20.294469897857585,0.0,0.0,12.603940592626806,3.301824541504796,True,0,ok
26.03333333333333,0.12333333333333334,0.08486746672751773,-0.06122183318468868,-0.13363887109574496,1.4426405169675653e-09,-0.24712939668595055,1.6762241891746257,3.292616866624891,3.292616866624891,0.0,20.041142858111353,20.041142858111353,0.0,0.0,12.360305160097191,3.3402963616899335,True,0,ok
26.03333333333333,0.12666666666666668,0.06357501058748372,-0.0428683423235923,-0.10142805893845798,6.291490178070639e-10,-0.23944510448506084,1.9103254175305584,3.3285432181511854,3.3285432181511854,0.0,19.789282979270983,19.789282979270983,0.0,0.0,12.122057957592089,3.378753612011457,True,0,ok
26.03333333333333,0.13,0.04205432779822293,-0.024414712202244757,-0.06862668058242884,1.4395585407870742e-09,-0.23217706400740826,2.2113254863135436,3.364266261503371,3.364266261503371,0.0,19.540088756083207,19.540088756083207,0.0,0.0,11.88981261145719,3.4170985258203213,True,0,ok
26.03333333333333,0.13333333333333333,0.020649851866275496,-0.00588983505380759,-0.035278307631408545,2.3701746223707304e-09,-0.22530185091303614,2.6099403570337247,3.3997109897891193,3.3997109897891193,0.0,19.29498376436745,19.29498376436745,0.0,0.0,11.664143991492244,3.455230918045925,True,0,ok
26.03333333333333,0.13666666666666666,0.007447332162082208,0.012845600035672462,-0.0011742353770329097,2.8600993577922795e-09,-0.21882070790556984,3.164940656339014,3.435092106058579,3.435092106058579,0.0,19.050308217432224,19.050308217432224,0.0,0.0,11.442236399422521,3.4934195602874807,True,0,ok
26.03333333333333,0.14,0.026472998345986903,0.03151862651196547,0.033302178713698345,4.4186530920058607e-10,-0.21269840019505565,3.9755555140481587,3.4700182931840455,3.4700182931840455,0.0,18.812597777902674,18.812597777902674,0.0,0.0,11.228636799369411,3.531167865040628,True,0,ok
26.03333333333333,0.14333333333333334,0.04912457118883418,0.050385085256885925,0.06856393853270719,1.2097824813687846e-11,-0.20693608984772116,5.291354437507326,3.504963106565666,3.504963106565666,0.0,18.574113119130843,18.574113119130843,0.0,0.0,11.017971685281475,3.569072741137111,True,0,ok
26.03333333333333,0.14666666666666667,0.07227884258641407,0.06926816267317065,0.10428142162810226,1.3075887626224689e-09,-0.20151737652706248,7.73400265707136,3.5394626592618437,3.5394626592618437,0.0,18.34233621006707,18.34233621006707,0.0,0.0,10.814543154118256,3.606541858311114,True,0,ok
26.03333333333333,0.15000000000000002,0.09592180355161553,0.08829384529649388,0.14073796244277154,8.283156223334331e-10,-0.1964335160782238,13.953531830873041,3.5739345868142243,3.5739345868142243,0.0,18.11064807863217,18.11064807863217,0.0,0.0,10.614378954928494,3.644099256489627,True,0,ok
26.03333333333333,0.15333333333333335,0.11983556166239853,0.1073297646109637,0.17765699295378912,4.342542019053471e-09,-0.19166861869604196,59.37982120913384,3.607986682157132,3.607986682157132,0.0,17.885172355745006,17.885172355745006,0.0,0.0,10.42084176114591,3.681245817466618,True,0,ok
26.03333333333333,0.15666666666666668,0.14416716654442757,0.12649197395091893,0.21529583427076845,9.143540587117295e-10,-0.187215740521933,27.911040987266446,3.6419563162559263,3.6419563162559263,0.0,17.660690233748994,17.660690233748994,0.0,0.0,10.23072016598895,3.7184053564120076,True,0,ok
26.03333333333333,0.16,0.1687731680223892,0.14567756397118045,0.2534387383340666,4.57982231893622e-10,-0.18306054967295876,11.645046048817234,3.6755652823126805,3.6755652823126805,0.0,17.441431492024627,17.441431492024627,0.0,0.0,10.04632873143427,3.755222134104615,True,0,ok
26.03333333333333,0.16333333333333333,0.19375747538448856,0.16496112641999158,0.2922562310240102,1.3938454609336023e-09,-0.1791986284720755,7.478426068430531,3.7090286243656796,3.7090286243656796,0.0,17.224171428685235,17.224171428685235,0.0,0.0,9.865674136190188,3.791963761490853,True,0,ok
26.03333333333333,0.16666666666666669,0.21903699108106767,0.18428038067050026,0.33162079501364,4.70832836341085e-10,-0.1756117819386572,5.582124036463321,3.742178072752752,3.742178072752752,0.0,17.011358236952695,17.011358236952695,0.0,0.0,9.689962575785758,3.8284170175969963,True,0,ok
26.03333333333333,0.17,0.24469174053449072,0.20369899671859104,0.37165691490033526,4.944829684844605e-10,-0.17231318505192,4.494658353597811,3.775192335247734,3.775192335247734,0.0,16.80046834781817,16.80046834781817,0.0,0.0,9.517847447297408,3.864795027416,True,0,ok
26.03333333333333,0.17333333333333334,0.27068297204282005,0.22317748992197342,0.41231010423457937,1.0161713797882432e-09,-0.16926914703127913,3.792826007006907,3.8079568091129117,3.8079568091129117,0.0,16.59303205894958,16.59303205894958,0.0,0.0,9.349795773639412,3.9009620480228127,True,0,ok
26.03333333333333,0.1766666666666667,0.29697578210797543,0.2426891993782999,0.45352596174976667,7.960279306633265e-09,-0.16647991170926701,3.3037346144710047,3.8404468594002226,3.8404468594002226,0.0,16.38941849386167,16.38941849386167,0.0,0.0,9.186064459835308,3.9368773842339686,True,0,ok
26.03333333333333,0.18,0.3236106323010888,0.26226127993369175,0.49536909982605215,4.951206849579213e-10,-0.16394046632813677,2.9432430634182207,3.872730167469641,3.872730167469641,0.0,16.18866461076229,16.18866461076229,0.0,0.0,9.025994298054357,3.9726232213480204,True,0,ok
26.03333333333333,0.18333333333333335,0.35059548198305557,0.28190041849994696,0.5378510295707798,9.355437058982221e-10,-0.16164329733772334,2.666970570475756,3.9048072285573006,3.9048072285573006,0.0,15.99074203708246,15.99074203708246,0.0,0.0,8.869451149677822,4.00819807566899,True,0,ok
26.03333333333333,0.18666666666666668,0.37790025882403017,0.3015801545889476,0.5809261805220293,8.009798430393558e-10,-0.15957970197390645,2.4491088388335966,3.936643579385492,3.936643579385492,0.0,15.796114850445173,15.796114850445173,0.0,0.0,8.716630901571092,4.043554162724091,True,0,ok
26.03333333333333,0.19,0.4055484551408273,0.32131307344061616,0.6246331381198728,7.37925991194127e-10,-0.15774112201086307,2.272997560402683,3.968268140042872,3.968268140042872,0.0,15.604368137806707,15.604368137806707,0.0,0.0,8.56715929571418,4.078726913288239,True,0,ok
26.03333333333333,0.19333333333333336,0.4334975477724546,0.34106668645060745,0.6689049911368562,8.742874011787134e-10,-0.15611870369612507,2.128180553608536,3.999627683370105,3.999627683370105,0.0,15.416190911568734,15.416190911568734,0.0,0.0,8.421361813541322,4.113645371483319,True,0,ok
26.03333333333333,0.19666666666666668,0.46179694092334067,0.36087585192921684,0.7138192092069449,1.1309552509025255e-09,-0.15471238085675953,2.0068755101234568,4.030793921826403,4.030793921826403,0.0,15.230605779547163,15.230605779547163,0.0,0.0,8.278635995538997,4.14839636714139,True,0,ok
26.03333333333333,0.2,0.4905644529755428,0.38086295950356824,0.7595418708983488,9.470385036064082e-10,-0.15353076258732104,1.9039213981666412,4.061765997025195,4.061765997025195,0.0,15.047606290556264,15.047606290556264,0.0,0.0,8.138342198423777,4.182953198606513,True,0,ok
26.1,0.1,0.21746404191416083,-0.1785182427479159,-0.33166710054379506,6.634096629344554e-10,-0.31032163025626325,0.9135422502263151,3.054165305891325,3.054165305891325,0.0,21.85027054748229,21.85027054748229,0.0,0.0,14.148488779370659,3.0853719401014352,True,0,ok
26.1,0.10333333333333333,0.19761001096706876,-0.1602950154405728,-0.3024147108328588,3.939387987753198e-09,-0.2993478878658702,0.9857458261244516,3.092719045931279,3.092719045931279,0.0,21.564465146024524,21.564465146024524,0.0,0.0,13.850983374371022,3.125969796762789,True,0,ok
26.1,0.10666666666666667,0.17740800042862664,-0.14193614289470255,-0.27253426791584456,1.8501183083735215e-09,-0.28894086426969284,1.0708792022919826,3.131149664157998,3.131149664157998,0.0,21.279491985416005,21.279491985416005,0.0,0.0,13.560854754018884,3.1665873594656935,True,0,ok
26.1,0.11,0.15740820295991756,-0.12396065114216465,-0.24282871338789888,3.3006610065391535e-09,-0.2790714982179795,1.1678483137317466,3.167978707141601,3.167978707141601,0.0,21.022661051719332,21.022661051719332,0.0,0.0,13.29535421661942,3.205354331799633,True,0,ok
26.1,0.11333333333333334,0.13663568405877854,-0.10543997934856386,-0.2118734085004663,3.6632634291186103e-09,-0.26968756460214716,1.2873137096300913,3.205806657842881,3.205806657842881,0.0,20.74652378399563,20.74652378399563,0.0,0.0,13.022980499500642,3.2455413817448187,True,0,ok
26.1,0.11666666666666667,0.11604800495125295,-0.08727811027105999,-0.1810633862132562,1.064421782943953e-09,-0.26079824996881873,1.4265254156824685,3.2421792999247168,3.2421792999247168,0.0,20.495253207617107,20.495253207617107,0.0,0.0,12.772163139738463,3.2840498281421557,True,0,ok
26.1,0.12000000000000001,0.09465834075242856,-0.0685495808599509,-0.14893474875237708,1.4702204121375532e-10,-0.25236014805130313,1.602892560235577,3.279545352564543,3.279545352564543,0.0,20.225556044860618,20.225556044860618,0.0,0.0,12.514516068699521,3.323970667303782,True,0,ok
26.1,0.12333333333333334,0.07345500377770635,-0.05015845966118528,-0.11692322978931864,6.65726191763607e-11,-0.2443774042535387,1.8156597763425526,3.3155681558728256,3.3155681558728256,0.0,19.97822954366797,19.97822954366797,0.0,0.0,12.27601712376536,3.362344977386898,True,0,ok
26.1,0.12666666666666668,0.05157783169094662,-0.03127745329109893,-0.08368117519156829,5.51705277835175e-09,-0.23681807490897086,2.0948737708707688,3.352339869112021,3.352339869112021,0.0,19.717343249102196,19.717343249102196,0.0,0.0,12.033352727808662,3.401819731732045,True,0,ok
26.1,0.13,0.0300122665568461,-0.012647560269810499,-0.05042070656842337,2.9561044531894235e-09,-0.22967627369477123,2.4521645429172256,3.388030049184635,3.388030049184635,0.0,19.473944518690473,19.473944518690473,0.0,0.0,11.806032685665489,3.4400700351616216,True,0,ok
26.1,0.13333333333333333,0.00993924457868511,0.0064545603169811954,-0.015959461128096104,2.2568673152118236e-09,-0.2229392153596946,2.9516976886206003,3.4242642502746126,3.4242642502746126,0.0,19.220866520313187,19.220866520313187,0.0,0.0,11.576222946849315,3.479154759764163,True,0,ok
26.1,0.13666666666666666,0.01815552014126375,0.02534021265625461,0.018621019234598593,1.9991680870374102e-09,-0.2165806942112697,3.659039043365588,3.459670024837421,3.459670024837421,0.0,18.98081605725674,18.98081605725674,0.0,0.0,11.35879404681772,3.5173313485466466,True,0,ok
26.1,0.14,0.04044684374434419,0.04449115575546969,0.0541144949729804,3.0567965246866374e-10,-0.21059400724785646,4.776538398812104,3.4952431441162677,3.4952431441162677,0.0,18.737587562635987,18.737587562635987,0.0,0.0,11.142935311797292,3.5558598632022402,True,0,ok
26.1,0.14333333333333334,0.06367284200939359,0.06365241549483677,0.09006143697683407,8.02450349026163e-11,-0.20496803894890978,6.740963331613464,3.530340045320265,3.530340045320265,0.0,18.50151001570036,18.50151001570036,0.0,0.0,10.934772990174853,3.5939195851766286,True,0,ok
26.1,0.14666666666666667,0.08743244492675024,0.08293274143783447,0.12671013248834104,1.1883377097289609e-10,-0.19968761806156385,11.169168821715662,3.565342983898101,3.565342983898101,0.0,18.26655774562157,18.26655774562157,0.0,0.0,10.730649330393437,3.6319889100755565,True,0,ok
26.1,0.15000000000000002,0.11153941863869754,0.10225836757956668,0.1639095848043613,1.0038322426896585e-09,-0.1947421500113217,29.977565053141998,3.6000274320050907,3.6000274320050907,0.0,18.036212819324344,18.036212819324344,0.0,0.0,10.532398695439115,3.66978076122214,True,0,ok
26.1,0.15333333333333335,0.1360429254325605,0.12169640225565596,0.20177467224301768,2.7528101728904003e-10,-0.1901204577944855,49.00607753920868,3.6345062325969284,3.6345062325969284,0.0,17.808759510667237,17.808759510667237,0.0,0.0,10.338710856550113,3.707436590940475,True,0,ok
26.1,0.15666666666666668,0.16088456397154036,0.1411916755796322,0.2402424598607704,4.533736627147695e-09,-0.18581245834665153,13.942704001523692,3.668746618798128,3.668746618798128,0.0,17.58466695957853,17.58466695957853,0.0,0.0,10.14988600659311,3.7449077178863934,True,0,ok
26.1,0.16,0.186074439141975,0.16076482888607774,0.27933091575984176,2.2537208536454278e-09,-0.1818061585229161,8.291070169676615,3.702732258456401,3.702732258456401,0.0,17.364195087073476,17.364195087073476,0.0,0.0,9.96579472364012,3.782172349415344,True,0,ok
26.1,0.16333333333333333,0.2116251788834878,0.18041792640848117,0.3190689907259291,7.400796868927449e-08,-0.17809183202503714,5.980800819884735,3.7365061812213223,3.7365061812213223,0.0,17.14666664519185,17.14666664519185,0.0,0.0,9.785935377867206,3.819281637506903,True,0,ok
26.1,0.16666666666666669,0.23747121889982908,0.20009704904023867,0.35935902713400686,8.330002662826495e-09,-0.17465908806097902,4.73015824272088,3.769978344216147,3.769978344216147,0.0,16.933418458314133,16.933418458314133,0.0,0.0,9.611014445408944,3.856114645819944,True,0,ok
26.1,0.17,0.26371422373330167,0.219886831521252,0.4003565370033542,9.3729752606841e-10,-0.17150699969628747,3.944230546660076,3.803294287612802,3.803294287612802,0.0,16.722323279096845,16.722323279096845,0.0,0.0,9.439638108236483,3.8928541300284834,True,0,ok
26.1,0.17333333333333334,0.29028448558174413,0.23972211209019537,0.44195990393178114,3.429294975776416e-09,-0.16861814401129888,3.4071155873960204,3.8363552428195735,3.8363552428195735,0.0,16.514757962479784,16.514757962479784,0.0,0.0,9.272481683467301,3.9293723169664085,True,0,ok
26.1,0.1766666666666667,0.3171847047918286,0.2596090894277188,0.4841709734671721,1.266870399605999e-09,-0.1659858872249633,3.01755185939036,3.869157937884747,3.869157937884747,0.0,16.31077213098852,16.31077213098852,0.0,0.0,9.109456591100093,3.965660962252162,True,0,ok
26.1,0.18,0.34446421836928126,0.2795795974526101,0.5270692951581568,6.248454531991367e-10,-0.1636065730212039,2.7218317494537394,3.9017826963322224,3.9017826963322224,0.0,16.109226032449293,16.109226032449293,0.0,0.0,8.949819104715667,4.001818635820058,True,0,ok
26.1,0.18333333333333335,0.3720223648004058,0.29955346539685584,0.570499466348386,1.7273478608453908e-09,-0.1614608296225217,2.491188641273979,3.934082176021868,3.934082176021868,0.0,15.912122661564984,15.912122661564984,0.0,0.0,8.794569818547885,4.037656481073159,True,0,ok
26.1,0.18666666666666668,0.399944231561718,0.31959291279133195,0.6145946104319752,1.3178715261333752e-09,-0.15955217267785063,2.305774051205606,3.966188265828086,3.966188265828086,0.0,15.71764075551017,15.71764075551017,0.0,0.0,8.642626211299397,4.073336932116111,True,0,ok
26.1,0.19,0.42821083182488195,0.3396841141031016,0.6593240873064345,2.983537457764966e-09,-0.15787232783676816,2.153870273416686,3.9980695392722287,3.9980695392722287,0.0,15.526183518096119,15.526183518096119,0.0,0.0,8.494130566177414,4.10881722459984,True,0,ok
26.1,0.19333333333333336,0.4568235355584428,0.35982438086669893,0.7046911684236181,1.3722069325363354e-08,-0.15641514677227988,2.0273051744451953,4.029733667000631,4.029733667000631,0.0,15.337635363646655,15.337635363646655,0.0,0.0,8.348945949965394,4.144103522729611,True,0,ok
26.1,0.19666666666666668,0.4859272052723314,0.3801567539571671,0.7509038479672829,1.142362283542235e-07,-0.1551915405584797,1.9202611060558228,4.061209456168386,4.061209456168386,0.0,15.151599234191416,15.151599234191416,0.0,0.0,8.206171482399562,4.179204728749105,True,0,ok
26.1,0.2,0.5151934149445776,0.4003545749771114,0.7974891715262744,1.0513091496679198e-09,-0.15415245563279384,1.8290112363057904,4.092393541619353,4.092393541619353,0.0,14.969410788367401,14.969410788367401,0.0,0.0,8.067664597297957,4.214040817964586,True,0,ok
26.166666666666668,0.1,0.208763038033156,-0.1696403887723973,-0.3193245318538003,6.449961834277061e-10,-0.3068482668615677,0.9533896564143396,3.0743670242583807,3.0743670242583807,0.0,21.79939985173597,21.79939985173597,0.0,0.0,14.0627638179206,3.104345747598589,True,0,ok
26.166666666666668,0.10333333333333333,0.18823165687305415,-0.15082149592623456,-0.2890438484280515,1.3830344405143122e-09,-0.29596244596348,1.034402634707817,3.114123927729803,3.114123927729803,0.0,21.49731871649666,21.49731871649666,0.0,0.0,13.756011493344188,3.14638501682309,True,0,ok
26.166666666666668,0.10666666666666667,0.16804056676168588,-0.1325332868443044,-0.25912897196379087,7.265837114183081e-09,-0.28568511037222905,1.1258415813081737,3.151837547720611,3.151837547720611,0.0,21.231597695747723,21.231597695747723,0.0,0.0,13.480068158891115,3.1860289432207414,True,0,ok
26.166666666666668,0.11,0.14727614190614458,-0.11388760151976812,-0.22825512074069876,6.730744420608543e-09,-0.2759046695793069,1.236525905818649,3.1900194018605457,3.1900194018605457,0.0,20.956185972421608,20.956185972421608,0.0,0.0,13.203772003257026,3.226429061482146,True,0,ok
26.166666666666668,0.11333333333333334,0.12638877612103377,-0.0953173428571448,-0.19707098299539658,2.225045965102395e-10,-0.2666481085264662,1.3678947004027855,3.2274942788964345,3.2274942788964345,0.0,20.69216261877217,20.69216261877217,0.0,0.0,12.940739665585276,3.2661039112660264,True,0,ok
26.166666666666668,0.11666666666666667,0.10508125448764442,-0.07653507069125749,-0.1651320474298538,2.7538414911975146e-09,-0.25786254275783127,1.5290904998036958,3.2650082579407935,3.2650082579407935,0.0,20.426503284586342,20.426503284586342,0.0,0.0,12.681933910445654,3.3059902979925337,True,0,ok
26.166666666666668,0.12000000000000001,0.08351682635721216,-0.05768899556676597,-0.13265428996018125,8.285961733499688e-11,-0.2495534107845949,1.7283467261906724,3.302197738692929,3.302197738692929,0.0,20.165434148979983,20.165434148979983,0.0,0.0,12.431227999180107,3.34562819881236,True,0,ok
26.166666666666668,0.12333333333333334,0.06169379659392127,-0.038745689927332565,-0.09958486394312834,3.1231927239324853e-09,-0.2416873883039228,1.9802856672166818,3.339130314077429,3.339130314077429,0.0,19.908012727643268,19.908012727643268,0.0,0.0,12.187555975486278,3.3850971262331537,True,0,ok
26.166666666666668,0.12666666666666668,0.03968632005197067,-0.019675751280223946,-0.06586255999702041,4.3149721217822416e-10,-0.23425899886113358,2.3085549646753862,3.3758949871661303,3.3758949871661303,0.0,19.652588518798225,19.652588518798225,0.0,0.0,11.94968409919075,3.424509214919297,True,0,ok
26.166666666666668,0.13,0.018226555836232086,-0.0005292644323662335,-0.031564883844463744,1.2435516159141067e-09,-0.22724386619277806,2.7501005695769707,3.4123631377966452,3.4123631377966452,0.0,19.401497919765102,19.401497919765102,0.0,0.0,11.718743450126219,3.463695537920604,True,0,ok
26.166666666666668,0.13333333333333333,0.011053214356170103,0.01882245577461184,0.003497971043778871,7.199274614957407e-10,-0.2206436552922511,3.3773484722571623,3.448723147930825,3.448723147930825,0.0,19.151523603473315,19.151523603473315,0.0,0.0,11.49217081114061,3.5028907846421182,True,0,ok
26.166666666666668,0.13666666666666666,0.031492406651742216,0.038136756023697295,0.038998754725568796,2.4769704032550133e-09,-0.21441957391283642,4.323720639183473,3.484663703629897,3.484663703629897,0.0,18.90787448048472,18.90787448048472,0.0,0.0,11.27368919139917,3.5417004797120093,True,0,ok
26.166666666666668,0.14,0.05473065509297923,0.057625212264881126,0.07527063658656909,2.3709152824447417e-10,-0.2085732152757211,5.933040892042476,3.520549648673565,3.520549648673565,0.0,18.664592867105416,18.664592867105416,0.0,0.0,11.059013426045773,3.580583640594374,True,0,ok
26.166666666666668,0.14333333333333334,0.0785588275930183,0.07716115672179134,0.11207419003376234,1.2393335173350127e-09,-0.20308756702281733,9.2057598745996,3.556032303263664,3.556032303263664,0.0,18.427298915620888,18.427298915620888,0.0,0.0,10.851256062477464,3.6190923709489002,True,0,ok
26.166666666666668,0.14666666666666667,0.10288292341711601,0.09681987899461608,0.14960146665064608,2.0864521182047392e-09,-0.1979519659845267,19.627914765903427,3.5914162500266067,3.5914162500266067,0.0,18.191172290356914,18.191172290356914,0.0,0.0,10.647561167825872,3.657608243547058,True,0,ok
26.166666666666668,0.15000000000000002,0.12753288166104465,0.11651639998714211,0.18766415813454193,8.193150148582224e-10,-0.19315104254313112,252.53309534049498,3.626416717512929,3.626416717512929,0.0,17.960649094610158,17.960649094610158,0.0,0.0,10.450229256884871,3.6957668749955435,True,0,ok
26.166666666666668,0.15333333333333335,0.15261248530881866,0.13633615475751923,0.22646007357222275,1.9698349734037588e-08,-0.18867881515931056,17.664939850381614,3.6613033722744626,3.6613033722744626,0.0,17.73159002363656,17.73159002363656,0.0,0.0,10.256740266389881,3.7339058851992957,True,0,ok
26.166666666666668,0.15666666666666668,0.17799041484537378,0.15618689446151846,0.26579581887033377,6.723340632832766e-10,-0.18451844836179032,9.381550134233118,3.6958219114099347,3.6958219114099347,0.0,17.50782893061881,17.50782893061881,0.0,0.0,10.069124734062274,3.7716991200201195,True,0,ok
26.166666666666668,0.16,0.2037776011097587,0.17614815454114588,0.30585578267198477,8.961992881338908e-10,-0.18066319267194547,6.479089654616175,3.730195319754954,3.730195319754954,0.0,17.286017549710856,17.286017549710856,0.0,0.0,9.88528412881947,3.8094269036360515,True,0,ok
26.166666666666668,0.16333333333333333,0.22983694010200387,0.19611519490150697,0.3464302057198539,2.012565029460253e-10,-0.1770910080701801,5.012005383735857,3.764172151086054,3.764172151086054,0.0,17.069814424275158,17.069814424275158,0.0,0.0,9.707126395243627,3.8467680019258403,True,0,ok
26.166666666666668,0.16666666666666669,0.25632714280162766,0.21621867833566624,0.3877631951969085,8.628945418679989e-10,-0.1738224067601196,4.121086884374846,3.798052155551629,3.798052155551629,0.0,16.854957789914497,16.854957789914497,0.0,0.0,9.532294118720408,3.8840901363160953,True,0,ok
26.166666666666668,0.17,0.28317547245024166,0.23638592536248418,0.4297519504118332,1.0197355059302297e-09,-0.17082556254375034,3.5259470007456306,3.831697193428173,3.831697193428173,0.0,16.643330752856176,16.643330752856176,0.0,0.0,9.361562803532888,3.921223065636097,True,0,ok
26.166666666666668,0.17333333333333334,0.3103154486940458,0.25656977502012007,0.47229120639779637,1.736426463464991e-09,-0.1680888534507251,3.102433238557087,3.8650010677109945,3.8650010677109945,0.0,16.436429246574846,16.436429246574846,0.0,0.0,9.195676961369045,3.958026993128245,True,0,ok
26.166666666666668,0.1766666666666667,0.337835516673764,0.27683391397143575,0.5155206039082656,1.165899247109587e-09,-0.1656120772706467,2.7848100585188136,3.898107788360211,3.898107788360211,0.0,16.23222232426408,16.23222232426408,0.0,0.0,9.033379487879362,3.9946808424454794,True,0,ok
26.166666666666668,0.18,0.36568855887436547,0.2971397812641567,0.5593677830060647,8.258168914740558e-10,-0.16338648296924307,2.5386870766643734,3.930957832964873,3.930957832964873,0.0,16.03151166546896,16.03151166546896,0.0,0.0,8.875071647344022,4.0311040823980955,True,0,ok
26.166666666666668,0.18333333333333335,0.39390226398686073,0.31750847438366325,0.6038752763745856,7.002951278017161e-10,-0.16140506023385756,2.3424844087457655,3.963582556277534,3.963582556277534,0.0,15.83385645733574,15.83385645733574,0.0,0.0,8.72037391651313,4.067334065317892,True,0,ok
26.166666666666668,0.18666666666666668,0.42248340511607624,0.337940475998121,0.6490554040123132,1.171119132995409e-09,-0.15966209237617293,2.1825886894452964,3.9959973856218722,3.9959973856218722,0.0,15.639026675287393,15.639026675287393,0.0,0.0,8.569082832988936,4.103386784914037,True,0,ok
26.166666666666668,0.19,0.45140622050043683,0.35841471302966715,0.6948680602843451,6.988754915633992e-11,-0.15814875549513557,2.05012826125808,4.0281702456046755,4.0281702456046755,0.0,15.447434735462647,15.447434735462647,0.0,0.0,8.421352894062643,4.13921784811083,True,0,ok
26.166666666666668,0.19333333333333336,0.4806633647892338,0.3789197589966036,0.7413040044364254,1.3835114995716915e-08,-0.15685189587922568,1.9388113544105279,4.060085798010052,4.060085798010052,0.0,15.259265605217989,15.259265605217989,0.0,0.0,8.277123017974793,4.1748073947708235,True,0,ok
26.166666666666668,0.19666666666666668,0.5103862614175325,0.399591653900718,0.7885486146485747,1.5935121361537297e-09,-0.15578756184941148,1.84400496466555,4.091768479997949,4.091768479997949,0.0,15.074158041380262,15.074158041380262,0.0,0.0,8.135609028853153,4.210156232341501,True,0,ok
26.166666666666668,0.2,0.5403479754008077,0.42018206428341426,0.8362863363787438,5.4117760146316675e-08,-0.15491925952994204,1.7623284880404535,4.123246189502166,4.123246189502166,0.0,14.891734933894682,14.891734933894682,0.0,0.0,7.997740167234547,4.245348367594437,True,0,ok
26.233333333333334,0.1,0.19949123375889166,-0.16022634976813743,-0.3061335882909824,3.727847931758463e-09,-0.30330180459553285,0.9983742753688377,3.0957443886365787,3.0957443886365787,0.0,21.73337150525437,21.73337150525437,0.0,0.0,13.966394435384188,3.1246556790834257,True,0,ok
26.233333333333334,0.10333333333333333,0.17858828942037105,-0.14111236337156224,-0.27526102567921745,3.26276440929687e-09,-0.29254450818903155,1.0877523202272672,3.1358110309328358,3.1358110309328358,0.0,21.432289329402522,21.432289329402522,0.0,0.0,13.662034479035757,3.1670075998424645,True,0,ok
26.233333333333334,0.10666666666666667,0.158164646820325,-0.12266248907539193,-0.244953220605943,4.968697652470254e-10,-0.2823772376390571,1.188078092422241,3.173466343507402,3.173466343507402,0.0,21.173891250817178,21.173891250817178,0.0,0.0,13.392332963363723,3.206498232136577,True,0,ok
26.233333333333334,0.11,0.1367549472271354,-0.103462920074278,-0.2130755052627902,1.8242004814155402e-09,-0.2727112391640783,1.3139861307043033,3.2126349905352263,3.2126349905352263,0.0,20.88693162671139,20.88693162671139,0.0,0.0,13.110038613152643,3.2480739767738993,True,0,ok
26.233333333333334,0.11333333333333334,0.11566745805399666,-0.08476011342800042,-0.18152852593929067,1.7644488374481812e-09,-0.2635751924324148,1.4602208592450183,3.249959811324215,3.249959811324215,0.0,20.631524448752685,20.631524448752685,0.0,0.0,12.853982377077411,3.287487589035658,True,0,ok
26.233333333333334,0.11666666666666667,0.09367116366203189,-0.06538450618141443,-0.1484847704541111,8.79026381025233e-10,-0.2549118750609375,1.647982827503212,3.2885136379852584,3.2885136379852584,0.0,20.35358920861088,20.35358920861088,0.0,0.0,12.588753965388078,3.328627708501624,True,0,ok
26.233333333333334,0.12000000000000001,0.0719273108399196,-0.04639980631843723,-0.1156186494800843,1.2685800252488325e-08,-0.24672994252616326,1.8756746599895033,3.3255601674451407,3.3255601674451407,0.0,20.100685456880424,20.100685456880424,0.0,0.0,12.344624716491476,3.3680205320607213,True,0,ok
26.233333333333334,0.12333333333333334,0.04952390659159713,-0.02689200904402473,-0.08145349484126388,2.364020065821811e-09,-0.2389939511416508,2.178048671899294,3.3634006038133264,3.3634006038133264,0.0,19.83344861370124,19.83344861370124,0.0,0.0,12.09609795427831,3.4085859625746493,True,0,ok
26.233333333333334,0.12666666666666668,0.027627197182281443,-0.007631393848731022,-0.04723926227590275,9.415807552435422e-10,-0.23169801145130609,2.570658415281478,3.4001471103436773,3.4001471103436773,0.0,19.583806777726743,19.583806777726743,0.0,0.0,11.863198420652363,3.4479173861640073,True,0,ok
26.233333333333334,0.13,0.009758031409115955,0.012117847229885329,-0.01178199089530462,2.5894713927079547e-10,-0.2248295825134106,3.129959256996036,3.437432503396642,3.437432503396642,0.0,19.32457491282399,19.32457491282399,0.0,0.0,11.628065626920336,3.488089424350979,True,0,ok
26.233333333333334,0.13333333333333333,0.022851756382936607,0.03163299630477576,0.023789952798130832,1.387641193299402e-09,-0.218357375238545,3.942448156870789,3.4738307742920163,3.4738307742920163,0.0,19.079228371842632,19.079228371842632,0.0,0.0,11.40604437258616,3.5272868765991463,True,0,ok
26.233333333333334,0.13666666666666666,0.04578846242841936,0.051448685805365636,0.06035546871309245,1.372631403108422e-09,-0.21227698358122885,5.282095353138099,3.5104441090785166,3.5104441090785166,0.0,18.82991265259279,18.82991265259279,0.0,0.0,11.185282649567467,3.566909039154097,True,0,ok
26.233333333333334,0.14,0.06965171005187389,0.07124996298728348,0.09735258041655426,2.49903502744729e-10,-0.20657423288094937,7.805017665091219,3.546497532642725,3.546497532642725,0.0,18.589015821725077,18.589015821725077,0.0,0.0,10.97313951985195,3.605963429734116,True,0,ok
26.233333333333334,0.14333333333333334,0.09412786272742944,0.09120550392000992,0.1351359303797404,2.0319685164366e-08,-0.20123465519458555,14.476676528552957,3.5825059921555704,3.5825059921555704,0.0,18.348440459554485,18.348440459554485,0.0,0.0,10.764685844445735,3.6451001737775677,True,0,ok
26.233333333333334,0.14666666666666667,0.11896276966681803,0.1112006128826604,0.1734671305894056,6.992610968637499e-10,-0.19624537956314603,77.78960256211548,3.618118414164672,3.618118414164672,0.0,18.113625904448252,18.113625904448252,0.0,0.0,10.562854865242537,3.6838700930285757,True,0,ok
26.233333333333334,0.15000000000000002,0.14422193528761315,0.13130261165615956,0.2125077034523341,2.2473549907778792e-10,-0.19159576092176703,24.399668104141604,3.65356585051097,3.65356585051097,0.0,17.881044514095294,17.881044514095294,0.0,0.0,10.365459277442126,3.7225611040864925,True,0,ok
26.233333333333334,0.15333333333333335,0.1698355168353407,0.15147291055968973,0.2521671384275876,9.457153500358395e-10,-0.18727316587133078,10.843090655100202,3.688707013993308,3.688707013993308,0.0,17.652808367021734,17.652808367021734,0.0,0.0,10.173495123509708,3.7609916303682325,True,0,ok
26.233333333333334,0.15666666666666668,0.19582609901416895,0.17172332054947326,0.29249732365405356,2.1500203649221986e-09,-0.18326778002020494,7.089256447943146,3.7236266933761843,3.7236266933761843,0.0,17.42766211427113,17.42766211427113,0.0,0.0,9.986137712507416,3.7992633555052464,True,0,ok
26.233333333333334,0.16,0.22216893877420768,0.1920394238552365,0.33346359884329463,3.748051565431378e-09,-0.17956395969418992,5.33505569558766,3.758255828541823,3.758255828541823,0.0,17.206571769475758,17.206571769475758,0.0,0.0,9.803690500694218,3.8372884099221722,True,0,ok
26.233333333333334,0.16333333333333333,0.2488842548534117,0.21243638824437552,0.37510118353785404,4.158356807178747e-09,-0.1761659690665029,4.318733735064907,3.792673513207561,3.792673513207561,0.0,16.98846269113085,16.98846269113085,0.0,0.0,9.625596502943104,3.8751552470440016,True,0,ok
26.233333333333334,0.16666666666666669,0.2759815412857473,0.2329169334056687,0.41742919821721763,4.139474526079476e-09,-0.1730500965914239,3.657163230035333,3.8268538430787995,3.8268538430787995,0.0,16.773604010253287,16.773604010253287,0.0,0.0,9.451659440860368,3.912836540275808,True,0,ok
26.233333333333334,0.17,0.30340921423385947,0.2534382645832709,0.46036995980520284,3.1449708085580356e-10,-0.1702093733881124,3.19391612748487,3.8607397533864702,3.8607397533864702,0.0,16.562805684823086,16.562805684823086,0.0,0.0,9.282321440060183,3.9502519587394325,True,0,ok
26.233333333333334,0.17333333333333334,0.33120051235172104,0.2740228133848881,0.5039770192089699,1.7583938259854438e-09,-0.1676383431044875,2.8514589396870016,3.8943902641341146,3.8943902641341146,0.0,16.355235060148804,16.355235060148804,0.0,0.0,9.116997623539879,3.9874721964464763,True,0,ok
26.233333333333334,0.1766666666666667,0.3593674829979416,0.2946803674556031,0.5482685879612822,4.0307587342124804e-10,-0.1653290511895437,2.5883931839802146,3.9278123668093614,3.9278123668093614,0.0,16.15076993925676,16.15076993925676,0.0,0.0,8.955486021620484,4.024503716238425,True,0,ok
26.233333333333334,0.18,0.38788028250440715,0.3153842741379288,0.5931998822434028,3.0793411405125044e-08,-0.1632718484209751,2.380569447111547,3.9609728368970707,3.9609728368970707,0.0,15.94985144147992,15.94985144147992,0.0,0.0,8.79795754492081,4.061299618919895,True,0,ok
26.233333333333334,0.18333333333333335,0.41677626783496796,0.3361585860404063,0.6388307892725973,1.3192638553505275e-09,-0.16146093192646635,2.212230743469133,3.993922677008304,3.993922677008304,0.0,15.75176915720657,15.75176915720657,0.0,0.0,8.643890910248576,4.09792235307761,True,0,ok
26.233333333333334,0.18666666666666668,0.44598263656219295,0.35694585422230074,0.6850483147183177,1.600368021135678e-09,-0.15988035481615473,2.073775745247071,4.026563641598247,4.026563641598247,0.0,15.557807130953297,15.557807130953297,0.0,0.0,8.493890366809536,4.1342442868956,True,0,ok
26.233333333333334,0.19,0.4755681412545585,0.37779614931787975,0.73195986262194,7.194853278071087e-10,-0.15853269675284343,1.957688065681374,4.058995490838648,4.058995490838648,0.0,15.366618742664606,15.366618742664606,0.0,0.0,8.347155169863798,4.1703876805412055,True,0,ok
26.233333333333334,0.19333333333333336,0.5056441396301565,0.39882789225824283,0.7797206552245561,1.1162812889865642e-11,-0.15742780965828443,1.859137173136177,4.0912038740453465,4.0912038740453465,0.0,15.178369745294644,15.178369745294644,0.0,0.0,8.203098175633965,4.206303661885615,True,0,ok
26.233333333333334,0.19666666666666668,0.5359574908035574,0.41977248499245745,0.8279748526909455,2.900624933259096e-09,-0.1565244517081412,1.7745476750257752,4.12318954789627,4.12318954789627,0.0,14.993034218573333,14.993034218573333,0.0,0.0,8.062898751813096,4.242046854120242,True,0,ok
26.233333333333334,0.2,0.566642817521185,0.4407662206222987,0.8769135571442466,8.338814031025943e-10,-0.15583353589181315,1.7012175300809418,4.154960130073464,4.154960130073464,0.0,14.810499827336162,14.810499827336162,0.0,0.0,7.925740368599202,4.277594563150028,True,0,ok
26.3,0.1,0.18998958092606172,-0.15060109276808803,-0.29258747997554363,1.560568344389161e-08,-0.2998079611513701,1.047726285084632,3.117486407783197,3.117486407783197,0.0,21.664211210669226,21.664211210669226,0.0,0.0,13.86852411696474,3.1453428035967983,True,0,ok
26.3,0.10333333333333333,0.16908459025578979,-0.13155081862558765,-0.2616546924953625,1.1133030692592983e-09,-0.28918951358744627,1.1438930742292515,3.15684324948273,3.15684324948273,0.0,21.382510446445067,21.382510446445067,0.0,0.0,13.578570865537422,3.186723728870093,True,0,ok
26.3,0.10666666666666667,0.14787360503482347,-0.11240332991735089,-0.23014191409101492,3.324825800154189e-10,-0.2791126211003388,1.258602461785051,3.1958914287697877,3.1958914287697877,0.0,21.10518508590968,21.10518508590968,0.0,0.0,13.297876665630568,3.227894845939104,True,0,ok
26.3,0.11,0.12633598837207377,-0.09314272327415798,-0.19800701748907718,1.361218616734682e-08,-0.26958104562578317,1.3973632359666743,3.234717946154851,3.234717946154851,0.0,20.83040480633689,20.83040480633689,0.0,0.0,13.025051582554946,3.268966213804036,True,0,ok
26.3,0.11333333333333334,0.10450996217914776,-0.07379437630962522,-0.16529182257188077,1.6093090129154027e-09,-0.26055303957814246,1.5671558603807387,3.273220978570674,3.273220978570674,0.0,20.56031272303482,20.56031272303482,0.0,0.0,12.760882520704516,3.309802109760563,True,0,ok
26.3,0.11666666666666667,0.0823330393344744,-0.05428706590865561,-0.13186774652349836,1.073852249654279e-09,-0.25202507416757314,1.780046498545987,3.3116107644715655,3.3116107644715655,0.0,20.291041317791592,20.291041317791592,0.0,0.0,12.502680163609991,3.3506697790849307,True,0,ok
26.3,0.12000000000000001,0.05997438169599882,-0.034726767362151016,-0.09790215017060185,6.3897106735927016e-09,-0.24396612891760255,2.0509479369972548,3.3495997085652114,3.3495997085652114,0.0,20.02780809620081,20.02780809620081,0.0,0.0,12.253309532541895,3.391196752933224,True,0,ok
26.3,0.12333333333333334,0.037511039787080126,-0.01500903183125944,-0.06321363208368876,8.093965813382547e-10,-0.23636799256596425,2.408951920559251,3.387463249232608,3.387463249232608,0.0,19.76578591018523,19.76578591018523,0.0,0.0,12.009483423230478,3.4317327200495504,True,0,ok
26.3,0.12666666666666668,0.0163567116540616,0.004788348928044327,-0.02792306865202377,2.7746743717478373e-09,-0.22920537449544148,2.8985297699493353,3.425006012999364,3.425006012999364,0.0,19.508436951371674,19.508436951371674,0.0,0.0,11.773023483741179,3.4720226977473208,True,0,ok
26.3,0.13,0.015064559552837718,0.024788005039126003,0.008147249213269474,1.1233746842309898e-08,-0.22247994995381692,3.609608774687439,3.462398033995426,3.462398033995426,0.0,19.25285030061879,19.25285030061879,0.0,0.0,11.541520196728017,3.5122771560977375,True,0,ok
26.3,0.13333333333333333,0.03653769761300779,0.044775768139617395,0.04472293179215786,2.166308954885191e-09,-0.21614951113919317,4.722084273823307,3.4994039674140445,3.4994039674140445,0.0,19.00298629660249,19.00298629660249,0.0,0.0,11.317932582197054,3.5521996435614227,True,0,ok
26.3,0.13666666666666666,0.060409503625576934,0.0649187393066905,0.08205779470407266,3.2207140338172443e-10,-0.21021562508860758,6.721400214186807,3.5362809609174177,3.5362809609174177,0.0,18.754635954318548,18.754635954318548,0.0,0.0,11.09903156582361,3.5921113009493597,True,0,ok
26.3,0.14,0.0849509269251089,0.08514145426073658,0.12000380295087518,8.283881958571044e-11,-0.2046611189387281,11.291407760773474,3.5727964271382184,3.5727964271382184,0.0,18.511561076309842,18.511561076309842,0.0,0.0,10.88674969000751,3.63171084827413,True,0,ok
26.3,0.14333333333333334,0.10999300775499594,0.10546548213531075,0.15865817767432677,8.798174117477143e-10,-0.19947299862522336,32.49165794273058,3.609139960109077,3.609139960109077,0.0,18.270752986766993,18.270752986766993,0.0,0.0,10.679351305058994,3.6712336310649243,True,0,ok
26.3,0.14666666666666667,0.135418686018847,0.12585725726498911,0.19792577488277655,9.504405789174644e-10,-0.1946365232865797,41.212682760018254,3.645136660403162,3.645136660403162,0.0,18.03493892731398,18.03493892731398,0.0,0.0,10.478059534454816,3.7104544027442525,True,0,ok
26.3,0.15000000000000002,0.16126921786622211,0.1463538354077651,0.2379156084728067,7.273365318803507e-10,-0.1901433310984371,13.006236872059917,3.680953748397193,3.680953748397193,0.0,17.801548884218615,17.801548884218615,0.0,0.0,10.28131013887087,3.749580394582465,True,0,ok
26.3,0.15333333333333335,0.18746711212038353,0.16690828493069634,0.2785199791788065,4.651334020264475e-09,-0.1859775608407645,7.882593962913438,3.716433491813994,3.716433491813994,0.0,17.57295548579908,17.57295548579908,0.0,0.0,10.090227055100426,3.78840766164953,True,0,ok
26.3,0.15666666666666668,0.21408099261012525,0.18756764454856872,0.3198599582775426,1.1276040383595885e-09,-0.18213223860096553,5.730452671712073,3.7517314160640627,3.7517314160640627,0.0,17.346832981694796,17.346832981694796,0.0,0.0,9.903348606591678,3.827130031412799,True,0,ok
26.3,0.16,0.24099707392787376,0.20824627439533264,0.3617627096949808,1.3396444871047818e-10,-0.1785853375872581,4.554545333002633,3.7866376464804077,3.7866376464804077,0.0,17.126216405236356,17.126216405236356,0.0,0.0,9.722195538208904,3.8654776029761586,True,0,ok
26.3,0.16333333333333333,0.2683544904823221,0.22905582178832723,0.4044450867434902,6.949598429131387e-08,-0.17534946900845538,3.809696242022871,3.821409032666128,3.821409032666128,0.0,16.90744055169362,16.90744055169362,0.0,0.0,9.544675512460842,3.9037683639938248,True,0,ok
26.3,0.16666666666666669,0.2960698817681027,0.24991940392073914,0.447786127760159,1.5753586484864468e-10,-0.17239836096070213,3.2985600885403352,3.8559055780455322,3.8559055780455322,0.0,16.692430467084606,16.692430467084606,0.0,0.0,9.371663083735609,3.9418247600994416,True,0,ok
26.3,0.17,0.32413639751378953,0.2708366025952038,0.49177306481174815,3.846074324297685e-09,-0.16972477765073402,2.926948470426097,3.8901119555211103,3.8901119555211103,0.0,16.481406725046682,16.481406725046682,0.0,0.0,9.203166012086482,3.979622016893954,True,0,ok
26.3,0.17333333333333334,0.35261051184702497,0.2918450914134987,0.5364969355112006,3.6303487217225404e-09,-0.1673247709661626,2.644310274753439,3.924119604747749,3.924119604747749,0.0,16.273080984774637,16.273080984774637,0.0,0.0,9.038342410750937,4.017273156821373,True,0,ok
26.3,0.1766666666666667,0.38139384706540097,0.3128659084603217,0.5818064309212618,1.8081569760432778e-09,-0.1651789710004967,2.4234854090570104,3.9577874364567704,3.9577874364567704,0.0,16.0693529907034,16.0693529907034,0.0,0.0,8.878132557895302,4.054595223091265,True,0,ok
26.3,0.18,0.4105697342345937,0.33396092889824264,0.6278316796545095,1.2226011244366926e-07,-0.16328855076436086,2.245800642589876,3.9912389278783746,3.9912389278783746,0.0,15.868528433382597,15.868528433382597,0.0,0.0,8.721494285663017,4.0917413873216555,True,0,ok
26.3,0.18333333333333335,0.4401085225278475,0.35510589066834036,0.674526753522482,1.2009535414797855e-09,-0.16164503891914694,2.100157007998363,4.024437383389635,4.024437383389635,0.0,15.671073424614718,15.671073424614718,0.0,0.0,8.568616887826693,4.128660695634987,True,0,ok
26.3,0.18666666666666668,0.47002261443054905,0.37630737214599774,0.7219117230638101,1.202803674110356e-09,-0.16024165221624512,1.9787197071806255,4.057401270483309,4.057401270483309,0.0,15.47672758604318,15.47672758604318,0.0,0.0,8.419259823805236,4.165373218065075,True,0,ok
26.3,0.19,0.5004483108432943,0.39770142052008306,0.7701812225664993,4.5175916461512207e-10,-0.1590913367757467,1.8760073252642153,4.090147588739539,4.090147588739539,0.0,15.285246781598104,15.285246781598104,0.0,0.0,8.272570927375066,4.201867108056717,True,0,ok
26.3,0.19333333333333336,0.5311033445715257,0.4189985635856546,0.8189337528508276,1.0446353570131429e-09,-0.15814595962299266,1.7882311601867953,4.1226390468980325,4.1226390468980325,0.0,15.097094672986959,15.097094672986959,0.0,0.0,8.130036356340854,4.238155079899518,True,0,ok
26.3,0.19666666666666668,0.5621052382534335,0.4403203598295436,0.8683345422908321,5.48309398047382e-10,-0.15741389803954858,1.7124829874036682,4.154863645911062,4.154863645911062,0.0,14.912406058196309,14.912406058196309,0.0,0.0,7.9909133875184555,4.274186882334283,True,0,ok
26.3,0.2,0.5934804274649541,0.4616872368827608,0.9184236215666034,7.004608902012178e-11,-0.15689651357570683,1.6464379917575134,4.186862752978221,4.186862752978221,0.0,14.730610132649844,14.730610132649844,0.0,0.0,7.854882430594966,4.310010116401237,True,0,ok
26.366666666666667,0.1,0.18021637504294133,-0.14072403075594742,-0.2786226348821169,3.287672726802296e-10,-0.29634270824312114,1.1021884046399326,3.139634278256351,3.139634278256351,0.0,21.592587204901577,21.592587204901577,0.0,0.0,13.769278175595565,3.1664349621561403,True,0,ok
26.366666666666667,0.10333333333333333,0.15930282543932317,-0.12172891860619109,-0.2476171257280515,6.809451556074766e-09,-0.2858538271770819,1.2060148921112595,3.178310168972578,3.178310168972578,0.0,21.329765682974212,21.329765682974212,0.0,0.0,13.493238094500812,3.2068699515315675,True,0,ok
26.366666666666667,0.10666666666666667,0.1372958572084331,-0.10187987575829587,-0.21487426122099768,7.850081443284141e-10,-0.2758841937060789,1.3377131938916407,3.218734973996396,3.218734973996396,0.0,21.034032628176625,21.034032628176625,0.0,0.0,13.202129978856677,3.2497098940607736,True,0,ok
26.366666666666667,0.11,0.11563463191775324,-0.08255536420166791,-0.18247935811426122,1.7226597288124153e-09,-0.26648286443765135,1.4914154699853457,3.25721329627044,3.25721329627044,0.0,20.77160483601092,20.77160483601092,0.0,0.0,12.938760528554683,3.290261582940459,True,0,ok
26.366666666666667,0.11333333333333334,0.09305523825656008,-0.06254194729476173,-0.1485474231669292,1.2346370853531306e-09,-0.2575763332860757,1.6900947131645139,3.2969159453155306,3.2969159453155306,0.0,20.486630618943906,20.486630618943906,0.0,0.0,12.666527542032892,3.332554942157789,True,0,ok
26.366666666666667,0.11666666666666667,0.07072198402764489,-0.04290000588759993,-0.1147361606873057,5.714857130202336e-09,-0.24918191357635244,1.9336763966694774,3.3351389273869136,3.3351389273869136,0.0,20.22614448187425,20.22614448187425,0.0,0.0,12.415355224211783,3.373140870818861,True,0,ok
26.366666666666667,0.12000000000000001,0.047809620604861436,-0.022744138242366846,-0.07962401423411457,4.025064882303497e-10,-0.2412566749001257,2.260128675232583,3.3740871919158177,3.3740871919158177,0.0,19.95244951453327,19.95244951453327,0.0,0.0,12.160769835541725,3.4148296322532525,True,0,ok
26.366666666666667,0.12333333333333334,0.02569574931565027,-0.0028228527537114464,-0.044416732218940734,2.457226195665436e-10,-0.23379605945263846,2.6906973532188965,3.411947630124207,3.411947630124207,0.0,19.69614355982858,19.69614355982858,0.0,0.0,11.921918044771997,3.4552993745055396,True,0,ok
26.366666666666667,0.12666666666666668,0.011144510438081144,0.0175979372428211,-0.007931767994036396,2.9345469560362957e-09,-0.22678730006177586,3.3160814767441136,3.450327540326912,3.450327540326912,0.0,19.430566418097627,19.430566418097627,0.0,0.0,11.681249269621851,3.496598304090488,True,0,ok
26.366666666666667,0.13,0.027380320664742355,0.037773063286828425,0.028674754908134818,2.2076392765021027e-09,-0.22019391993053392,4.250539881699042,3.487772657826119,3.487772657826119,0.0,19.1795432582356,19.1795432582356,0.0,0.0,11.454318485017264,3.536871096208706,True,0,ok
26.366666666666667,0.13333333333333333,0.05098732353181552,0.05828118197533397,0.06635077475336736,2.1813703165661785e-09,-0.21401377678901784,5.866178514694348,3.525469530885477,3.525469530885477,0.0,18.92394255696962,18.92394255696962,0.0,0.0,11.228464611053887,3.577628637794732,True,0,ok
26.366666666666667,0.13666666666666666,0.07552153564736887,0.0787529750819471,0.10444364966503535,8.46520693210736e-10,-0.20822948360553295,9.174164255963465,3.5625287316060303,3.5625287316060303,0.0,18.677920035251358,18.677920035251358,0.0,0.0,11.012093166293752,3.617727089453661,True,0,ok
26.366666666666667,0.14,0.1007438811072094,0.09941241260595186,0.14340558204440515,9.993783998641517e-12,-0.20282766358155277,20.138058104489133,3.599586703700066,3.599586703700066,0.0,18.43150334028073,18.43150334028073,0.0,0.0,10.799135331522427,3.657975134105402,True,0,ok
26.366666666666667,0.14333333333333334,0.1263246153520004,0.12008964060456903,0.18289943562230587,7.975764450514333e-10,-0.19779202860057019,149.70370285597835,3.636173069049311,3.636173069049311,0.0,18.191957340106953,18.191957340106953,0.0,0.0,10.593602408738723,3.697767850373234,True,0,ok
26.366666666666667,0.14666666666666667,0.15238691712942906,0.1409049263629329,0.22318404795883273,1.8951950515841715e-08,-0.19311374086738417,16.486604280648194,3.6726323041885465,3.6726323041885465,0.0,17.954033563737024,17.954033563737024,0.0,0.0,10.39226198993877,3.737540036827531,True,0,ok
26.366666666666667,0.15000000000000002,0.17879641776865612,0.16176848247364398,0.2640746771254029,9.132580518397746e-11,-0.18877682473313417,8.938446362398935,3.7087177369101196,3.7087177369101196,0.0,17.721423288780205,17.721423288780205,0.0,0.0,10.197045644135384,3.776973173082795,True,0,ok
26.366666666666667,0.15333333333333335,0.20563386762276217,0.18274086578192164,0.3057149628555343,1.6992674100536107e-09,-0.18477325062623168,6.22255094072378,3.7446132437188937,3.7446132437188937,0.0,17.491401253321015,17.491401253321015,0.0,0.0,10.006235171045775,3.816296838044481,True,0,ok
26.366666666666667,0.15666666666666668,0.23280550944425715,0.20375166075750195,0.34796620011340207,2.1243690196147665e-10,-0.1810815789708602,4.832619765825175,3.78013853409737,3.78013853409737,0.0,17.266546571914283,17.266546571914283,0.0,0.0,9.821063133433855,3.8552798921952545,True,0,ok
26.366666666666667,0.16,0.26041621477227334,0.22488770282949233,0.39099275679356305,1.4361495465565636e-09,-0.17771757305553967,3.984961484833895,3.8155169646988956,3.8155169646988956,0.0,17.043739020418304,17.043739020418304,0.0,0.0,9.639843470039247,3.8941930749287472,True,0,ok
26.366666666666667,0.16333333333333333,0.2884222541859873,0.2461052624842171,0.4347348501175785,4.455957934412252e-10,-0.1746459760632029,3.4168517380789623,3.8506277818506565,3.8506277818506565,0.0,16.82457299753039,16.82457299753039,0.0,0.0,9.463063328021388,3.9328904852458506,True,0,ok
26.366666666666667,0.16666666666666669,0.3167437408243946,0.26734015184370874,0.4790710127595663,3.6650534156900413e-10,-0.1718580945085836,3.011556495128116,3.8853772795019976,3.8853772795019976,0.0,16.610365761713307,16.610365761713307,0.0,0.0,9.291454741736922,3.971243349811161,True,0,ok
26.366666666666667,0.17,0.34547742970453904,0.2886661274919591,0.5241524874924854,7.17853793678172e-09,-0.16935311885026924,2.7070757166393613,3.919913440946607,3.919913440946607,0.0,16.399048083327614,16.399048083327614,0.0,0.0,9.123707815456406,4.00943684668916,True,0,ok
26.366666666666667,0.17333333333333334,0.37457481517386454,0.3100436431568408,0.5699050937003791,3.519352068376025e-09,-0.1671196641560318,2.4708784383319307,3.9541696683956786,3.9541696683956786,0.0,16.191507855165234,16.191507855165234,0.0,0.0,8.960235167606662,4.04738135734817,True,0,ok
26.366666666666667,0.1766666666666667,0.40405447576986453,0.3314830414638469,0.6163595147240429,8.625810847646684e-10,-0.16515069695822332,2.282453288667956,3.9881781379940136,3.9881781379940136,0.0,15.987294164017344,15.987294164017344,0.0,0.0,8.800672604118718,4.085113957075444,True,0,ok
26.366666666666667,0.18,0.4339278314191106,0.3529922448209959,0.6635333930832045,2.2127764424558209e-10,-0.16343872586243308,2.1288430671009575,4.021948608678167,4.021948608678167,0.0,15.78625030458028,15.78625030458028,0.0,0.0,8.64481616923107,4.122644170300015,True,0,ok
26.366666666666667,0.18333333333333335,0.46417242719882035,0.3745508905403657,0.71139282882972,1.4350154196655369e-08,-0.16197475218955612,2.001519887109489,4.055458278167098,4.055458278167098,0.0,15.588659907215918,15.588659907215918,0.0,0.0,8.492745638093245,4.15993846981019,True,0,ok
26.366666666666667,0.18666666666666668,0.4949345241600125,0.3963024319543296,0.7601479672034767,1.0401183828155778e-09,-0.1607705550981165,1.894349570695854,4.088729189505778,4.088729189505778,0.0,15.3942136937697,15.3942136937697,0.0,0.0,8.343493598990657,4.196989491520164,True,0,ok
26.366666666666667,0.19,0.5259041909746731,0.41793366626157497,0.8093559815429394,4.199965110309199e-10,-0.1597736242309507,1.8032020956801802,4.121702956118948,4.121702956118948,0.0,15.203635700557978,15.203635700557978,0.0,0.0,8.198767653856093,4.233788850466243,True,0,ok
26.366666666666667,0.19333333333333336,0.5572689580894742,0.4396237223257967,0.859288692884292,3.146931544219124e-09,-0.15900592527442983,1.7246465324791995,4.154455272727883,4.154455272727883,0.0,15.01592435611431,15.01592435611431,0.0,0.0,8.057235975284778,4.270392106681077,True,0,ok
26.366666666666667,0.19666666666666668,0.5890251072579548,0.4613677583660324,0.9099403950155405,7.004274166979856e-10,-0.15846093835087385,1.6563332612425297,4.186982429399996,4.186982429399996,0.0,14.83110412188027,14.83110412188027,0.0,0.0,7.918841532358733,4.306791258328622,True,0,ok
26.366666666666667,0.2,0.6211675556674231,0.48315864784044577,0.9613038633327735,2.8350731257578997e-10,-0.158132664297029,1.5964485837173767,4.2192840661250886,4.2192840661250886,0.0,14.649161221592166,14.649161221592166,0.0,0.0,7.783516871934567,4.342982183087449,True,0,ok
26.433333333333334,0.1,0.1706862628594375,-0.1310962738785908,-0.264981448335374,8.253750650531862e-10,-0.2929670681484883,1.1589200269717832,3.1608705445903436,3.1608705445903436,0.0,21.539951414163454,21.539951414163454,0.0,0.0,13.683257462533012,3.186312632702912,True,0,ok
26.433333333333334,0.10333333333333333,0.1490429437957005,-0.11145346060270643,-0.23285086086494497,6.038305360311106e-10,-0.2825704431866514,1.277054817106312,3.20077971676551,3.20077971676551,0.0,21.261322701258766,21.261322701258766,0.0,0.0,13.398299100324461,3.2282245186430982,True,0,ok
26.433333333333334,0.10666666666666667,0.1268304972588494,-0.09146614895231063,-0.19972948881077815,4.617301669389536e-10,-0.27274002400954533,1.422979861755794,3.241049594980804,3.241049594980804,0.0,20.974730939193062,20.974730939193062,0.0,0.0,13.114750464677089,3.270789921536268,True,0,ok
26.433333333333334,0.11,0.10449571994758128,-0.07154984397061877,-0.16624886853711252,1.8857728842517029e-10,-0.2634498365157197,1.600695761134411,3.280550979857449,3.280550979857449,0.0,20.70053948891576,20.70053948891576,0.0,0.0,12.845220497184455,3.3125663783505734,True,0,ok
26.433333333333334,0.11333333333333334,0.08168951443760043,-0.051347796720396126,-0.13184435550721776,6.100708353167742e-09,-0.2546841041390888,1.8270321811687849,3.3202166519605902,3.3202166519605902,0.0,20.422279678936327,20.422279678936327,0.0,0.0,12.578818567810789,3.354742293322719,True,0,ok
26.433333333333334,0.11666666666666667,0.058811593215215514,-0.031160275911837846,-0.09698168741898694,1.6842604505664635e-10,-0.24641598398478248,2.116467444720219,3.3592838068265776,3.3592838068265776,0.0,20.153339153247394,20.153339153247394,0.0,0.0,12.323645833644436,3.3963369131832977,True,0,ok
26.433333333333334,0.12000000000000001,0.0359311794461544,-0.01076612825590082,-0.061296324943283395,1.237343527779554e-08,-0.23863347898962417,2.5048249582053845,3.398309156477515,3.398309156477515,0.0,19.884136427431873,19.884136427431873,0.0,0.0,12.07334979958714,3.4380602673263345,True,0,ok
26.433333333333334,0.12333333333333334,0.015483957298927181,0.009696414309732,-0.025004766554379693,4.130230543316752e-10,-0.2313105808799639,3.044322044983601,3.4369535208910715,3.4369535208910715,0.0,19.620534951022496,19.620534951022496,0.0,0.0,11.831245170336302,3.479472120458977,True,0,ok
26.433333333333334,0.12666666666666668,0.018876541746279587,0.03037177849563606,0.012104815401695307,2.6175416859570794e-09,-0.2244488389115707,3.8467818633357407,3.4754340586855395,3.4754340586855395,0.0,19.358851796940773,19.358851796940773,0.0,0.0,11.594391815134863,3.5208421760723434,True,0,ok
26.433333333333334,0.13,0.04116406920563398,0.05105128077579183,0.04977156328517258,2.66462523307255e-10,-0.21800237443627807,5.150473265961287,3.5135371460822484,3.5135371460822484,0.0,19.102689322971433,19.102689322971433,0.0,0.0,11.365549753133186,3.561903650254515,True,0,ok
26.433333333333334,0.13333333333333333,0.06571485292888479,0.07190667272006147,0.08823126489360128,5.508778537405236e-10,-0.2119753695476352,7.6454155734496165,3.551453676128769,3.551453676128769,0.0,18.84890889569827,18.84890889569827,0.0,0.0,11.141955822134186,3.6028938629712477,True,0,ok
26.433333333333334,0.13666666666666666,0.09096059218894563,0.09280583506985637,0.12731286255158059,6.519695591984025e-11,-0.20634253787038445,14.242849134235325,3.5890374365691535,3.5890374365691535,0.0,18.59989979227627,18.59989979227627,0.0,0.0,10.925141791130002,3.643614388565929,True,0,ok
26.433333333333334,0.14,0.11674350063879356,0.11382169069955235,0.16712796758919615,2.4162612494711467e-09,-0.20109607067920937,81.79465499752142,3.6263843227581254,3.6263843227581254,0.0,18.35411718499699,18.35411718499699,0.0,0.0,10.713792626946049,3.6841873224226385,True,0,ok
26.433333333333334,0.14333333333333334,0.1429652182188626,0.13493252630529123,0.20763037881286278,6.074295060179589e-10,-0.19621965370359065,23.24366889712424,3.6634134834550354,3.6634134834550354,0.0,18.112838123344847,18.112838123344847,0.0,0.0,10.508381888356922,3.7245049026273818,True,0,ok
26.433333333333334,0.14666666666666667,0.16961083081496192,0.15613204572647685,0.2488499268364173,3.030738986275273e-11,-0.1917020714771465,10.449596897643223,3.7002016201388948,3.7002016201388948,0.0,17.874866598605216,17.874866598605216,0.0,0.0,10.308172391538601,3.764658256180598,True,0,ok
26.433333333333334,0.15000000000000002,0.1966523892959865,0.17741558646948744,0.29075796863568243,6.613795412454082e-10,-0.1875286704612916,6.861904828597841,3.7366782907994995,3.7366782907994995,0.0,17.641266384881362,17.641266384881362,0.0,0.0,10.113477711396206,3.8045547589103195,True,0,ok
26.433333333333334,0.15333333333333335,0.22410511927297655,0.1987901197016008,0.3333943637227365,1.082039783134887e-09,-0.18368735843181896,5.1737780190564555,3.772899225832487,3.772899225832487,0.0,17.41117127044154,17.41117127044154,0.0,0.0,9.923651663079132,3.844261818270137,True,0,ok
26.433333333333334,0.15666666666666668,0.25191922830567404,0.22021687327483813,0.37668875944927377,2.997314164318288e-10,-0.180170029799668,4.195862667594836,3.8088094574821993,3.8088094574821993,0.0,17.18541738466433,17.18541738466433,0.0,0.0,9.739118486957624,3.883699727140023,True,0,ok
26.433333333333334,0.16,0.2801721207777126,0.24175977157742448,0.4207629553918392,8.679966221831172e-09,-0.17696747988434805,3.557328646089745,3.844507225478386,3.844507225478386,0.0,16.962545421066693,16.962545421066693,0.0,0.0,9.55878242536414,3.9229946741634234,True,0,ok
26.433333333333334,0.16333333333333333,0.30878966504674876,0.26335367168318347,0.46550834077386394,8.095503933373508e-09,-0.17406293194942057,3.109823021531526,3.879891074156992,3.879891074156992,0.0,16.74395809637155,16.74395809637155,0.0,0.0,9.383333281635297,3.9620118962236486,True,0,ok
26.433333333333334,0.16666666666666669,0.337792104053526,0.28501197486125224,0.5109585999554301,7.647255357101977e-10,-0.17145032549706885,2.7790204669367635,3.915003993903537,3.915003993903537,0.0,16.529055176101725,16.529055176101725,0.0,0.0,9.21232209246867,4.000800655196554,True,0,ok
26.433333333333334,0.17,0.36720177524104697,0.3067524823751802,0.5571484055233344,3.794586214523565e-10,-0.16912149291282358,2.524827029493154,3.9498682680349906,3.9498682680349906,0.0,16.3175010297383,16.3175010297383,0.0,0.0,9.045406697371568,4.0393867478354935,True,0,ok
26.433333333333334,0.17333333333333334,0.3969838939566488,0.32854438268103436,0.6040258477844217,4.832761045330196e-10,-0.16706547610567482,2.3240095504172174,3.9844450093908907,3.9844450093908907,0.0,16.10980728632587,16.10980728632587,0.0,0.0,8.882786511373489,4.077715197757215,True,0,ok
26.433333333333334,0.1766666666666667,0.4271854056756854,0.35041977123117174,0.6516656323584918,3.674230609010425e-11,-0.16527765437678987,2.161293604417922,4.018799941658629,4.018799941658629,0.0,15.905070207799158,15.905070207799158,0.0,0.0,8.72383542998087,4.115866812561341,True,0,ok
26.433333333333334,0.18,0.45772086446885457,0.3723101036758278,0.6999359656506022,6.014756138729746e-10,-0.16373871411391963,2.027493589542867,4.052817644713894,4.052817644713894,0.0,15.704788383906553,15.704788383906553,0.0,0.0,8.569250192432284,4.153691138074257,True,0,ok
26.433333333333334,0.18333333333333335,0.488663408321615,0.39426901264820685,0.7489510835581322,3.4600693768148223e-11,-0.16245086979313392,1.9153299597977842,4.086602960029239,4.086602960029239,0.0,15.507556590691218,15.507556590691218,0.0,0.0,8.418184872605758,4.191317525489032,True,0,ok
26.433333333333334,0.18666666666666668,0.5201207085896936,0.41641202982351544,0.7988602355417339,2.3363571285408047e-11,-0.16142608908493494,1.8201566271070648,4.1201349120176225,4.1201349120176225,0.0,15.31361956131051,15.31361956131051,0.0,0.0,8.270052514423677,4.2286820024395215,True,0,ok
26.433333333333334,0.19,0.5518427147672641,0.438472910246198,0.8493130474126377,1.2870242240233036e-08,-0.16061694615694888,1.7384574622831075,4.153425975583053,4.153425975583053,0.0,15.122798369431429,15.122798369431429,0.0,0.0,8.126022277809918,4.265866294938236,True,0,ok
26.433333333333334,0.19333333333333336,0.5839724187046049,0.4605945214207506,0.9005132115967588,3.2641990999621268e-09,-0.1600391643432204,1.6676132874651002,4.1864926096915,4.1864926096915,0.0,14.934862530672063,14.934862530672063,0.0,0.0,7.985181554931037,4.302851435708881,True,0,ok
26.433333333333334,0.19666666666666668,0.6164693095417404,0.4827447814553095,0.9523973460684757,3.064887619213485e-11,-0.15967980769180157,1.6057686110747762,4.219285334674297,4.219285334674297,0.0,14.750414304011644,14.750414304011644,0.0,0.0,7.847754078137491,4.339571771100884,True,0,ok
26.433333333333334,0.2,0.6493377291242535,0.5049225600459176,1.0049734661917218,1.1829795436613567e-08,-0.15953238838204822,1.5513436828119995,4.251814627177816,4.251814627177816,0.0,14.569296107623428,14.569296107623428,0.0,0.0,7.713568124869981,4.376037921978659,True,0,ok
26.5,0.1,0.16075729789546025,-0.1211016793567984,-0.25072516773733033,1.282273197365725e-09,-0.28951454566821666,1.2221739193702121,3.1826987245933465,3.1826987245933465,0.0,21.48573453390641,21.48573453390641,0.0,0.0,13.59530264740259,3.2067358483869595,True,0,ok
26.5,0.10333333333333333,0.1382781501022099,-0.10071339910186708,-0.2173001418048684,2.757437253404423e-10,-0.2792259189913704,1.3582118355610064,3.224073513771268,3.224073513771268,0.0,21.18749090852321,21.18749090852321,0.0,0.0,13.299198625276114,3.250425621056691,True,0,ok
26.5,0.10666666666666667,0.11592865979424745,-0.0806489451562347,-0.18388613359972997,1.280582829798905e-09,-0.2695338968960107,1.5202697651424109,3.264007017877358,3.264007017877358,0.0,20.913344948555267,20.913344948555267,0.0,0.0,13.025262713231466,3.2924797473668517,True,0,ok
26.5,0.11,0.09282155503971153,-0.06003671142011988,-0.1491412636450117,4.437833177083638e-07,-0.2603696911290988,1.728903344780742,3.3047512819153053,3.3047512819153053,0.0,20.62391107490654,20.62391107490654,0.0,0.0,12.747503549989636,3.335765938348492,True,0,ok
26.5,0.11333333333333334,0.06986482172678779,-0.03968704921755757,-0.11431630710073988,2.491419924981159e-09,-0.2517457179043973,1.988985447065051,3.344263993942526,3.344263993942526,0.0,20.354490941231052,20.354490941231052,0.0,0.0,12.488257133357571,3.3776713648589385,True,0,ok
26.5,0.11666666666666667,0.04647737702522884,-0.018875235194430812,-0.07825704582841553,1.3364021785844083e-10,-0.24361840372530313,2.339831731161127,3.3843286403614004,3.3843286403614004,0.0,20.074804750462746,20.074804750462746,0.0,0.0,12.227773423521555,3.420474302050655,True,0,ok
26.5,0.12000000000000001,0.024278334455676606,0.0017388478194032542,-0.042015342198844896,1.2143914784408466e-09,-0.23598111572125074,2.8107501197541955,3.423366262285595,3.423366262285595,0.0,19.811346836523235,19.811346836523235,0.0,0.0,11.982540551571345,3.462145616232668,True,0,ok
26.5,0.12333333333333334,0.013446052249867084,0.022855719401536426,-0.004472700968843318,2.5456188096818382e-09,-0.22882177007180554,3.5083947639189335,3.462883733237298,3.462883733237298,0.0,19.539263849336223,19.539263849336223,0.0,0.0,11.736126736428842,3.5046092262112336,True,0,ok
26.5,0.12666666666666668,0.031704153764315735,0.04372598262607234,0.03321894852517779,1.1611121055436964e-08,-0.22209799267579028,4.5838031227901155,3.501440621643374,3.501440621643374,0.0,19.282027017291114,19.282027017291114,0.0,0.0,11.50385549651929,3.546024898450843,True,0,ok
26.5,0.13,0.05599124255878689,0.06494311325450261,0.07202395275631275,1.3538665422105576e-09,-0.21581086629782173,6.541469993108035,3.5402416191310273,3.5402416191310273,0.0,19.020325242956716,19.020325242956716,0.0,0.0,11.272948027956229,3.5879289844255435,True,0,ok
26.5,0.13333333333333333,0.08123927721026608,0.08612506724285399,0.11127413570706012,4.632343263098901e-09,-0.20993921617944145,10.98799088480997,3.5783771587544586,3.5783771587544586,0.0,18.768552950453927,18.768552950453927,0.0,0.0,11.051893901813385,3.6291476855569638,True,0,ok
26.5,0.13666666666666666,0.10722738158353042,0.10750961299166369,0.15144245507176252,5.390590967330281e-10,-0.204470990804239,31.915308744586252,3.6165102901963806,3.6165102901963806,0.0,18.51638401914045,18.51638401914045,0.0,0.0,10.834435135113774,3.6705261239402964,True,0,ok
26.5,0.14,0.13359540630398298,0.1289076134183995,0.19216145544658886,1.7645281231884088e-09,-0.19938665194114635,39.64828930315115,3.6541347546837692,3.6541347546837692,0.0,18.271590654060955,18.271590654060955,0.0,0.0,10.624844111591502,3.7114106220759906,True,0,ok
26.5,0.14333333333333334,0.16049342189392926,0.15046761389397145,0.23373898387458403,1.0501427342485808e-09,-0.1946791392306129,12.595733295440827,3.691650223323428,3.691650223323428,0.0,18.028119595090235,18.028119595090235,0.0,0.0,10.419411216975151,3.7523083947971663,True,0,ok
26.5,0.14666666666666667,0.18773738817186297,0.1720596897577844,0.27591927064493565,4.507569877413372e-10,-0.19032787968060855,7.6533170751429545,3.728730664223629,3.728730664223629,0.0,17.79082048373759,17.79082048373759,0.0,0.0,10.220727244854816,3.792797122939946,True,0,ok
26.5,0.15000000000000002,0.21545885424058323,0.1937873547468596,0.3189263469081999,2.338368120633663e-10,-0.18632704065450892,5.56983398891908,3.7656458457291087,3.7656458457291087,0.0,17.555710470342333,17.555710470342333,0.0,0.0,10.026316933419146,3.8332181514530657,True,0,ok
26.5,0.15333333333333335,0.24349743275753777,0.21552597506880508,0.36252110745331184,3.855672807844936e-09,-0.18264907988890583,4.431612378128365,3.8021106218496175,3.8021106218496175,0.0,17.32687334712797,17.32687334712797,0.0,0.0,9.838271512098938,3.8732038074779633,True,0,ok
26.5,0.15666666666666668,0.2720250950878118,0.2374200735428392,0.40697010424785757,6.952257736957331e-10,-0.17931424121962927,3.7098057726422975,3.8384460213309137,3.8384460213309137,0.0,17.099796740069905,17.099796740069905,0.0,0.0,9.654069261556375,3.913152267131224,True,0,ok
26.5,0.16,0.30094684196238997,0.2593792547967568,0.45213870354404107,7.648402120287517e-09,-0.17628818982927197,3.214402760012722,3.8744865247538827,3.8744865247538827,0.0,16.876718184316953,16.876718184316953,0.0,0.0,9.474678928373248,3.9528548413912925,True,0,ok
26.5,0.16333333333333333,0.33024135317278497,0.2813926926735416,0.49799217518562483,1.936694813646359e-09,-0.17356328238414792,2.8544245573464084,3.9101986490470657,3.9101986490470657,0.0,16.658112561710517,16.658112561710517,0.0,0.0,9.300255045159721,3.9922618830530188,True,0,ok
26.5,0.16666666666666669,0.3599769825919615,0.30350778898868774,0.5446405291669342,1.5578857757339954e-08,-0.17113523421665897,2.5806550489345526,3.945691774353352,3.945691774353352,0.0,16.442451427173314,16.442451427173314,0.0,0.0,9.129800910611994,4.031509779272048,True,0,ok
26.5,0.17,0.39005081554365806,0.32564131125699936,0.5919262221946586,1.280180734157673e-09,-0.16898364465838753,2.366786027189718,3.980820929211576,3.980820929211576,0.0,16.231668577372755,16.231668577372755,0.0,0.0,8.964267498454385,4.070408696009028,True,0,ok
26.5,0.17333333333333334,0.42055056403765106,0.3478591100261008,0.6399862266557058,1.1734773890890456e-09,-0.16710949514371248,2.1947230206234165,4.015715364354844,4.015715364354844,0.0,16.024004691100824,16.024004691100824,0.0,0.0,8.802565987517243,4.109119700543054,True,0,ok
26.5,0.1766666666666667,0.45143890759910765,0.3701305430586261,0.6887631254487667,5.506996319280491e-10,-0.16550197753097712,2.0537530434146287,4.05032819647514,4.05032819647514,0.0,15.820053709130434,15.820053709130434,0.0,0.0,8.644939536442566,4.147578174088795,True,0,ok
26.5,0.18,0.4827335480327191,0.39246585658521344,0.738285572528413,2.8331401787472733e-08,-0.1641542961354594,1.936238084094724,4.08468566619959,4.08468566619959,0.0,15.619452175928162,15.619452175928162,0.0,0.0,8.49107878766014,4.185813883188838,True,0,ok
26.5,0.18333333333333335,0.5145673933988987,0.41499896411433934,0.7887424591284763,1.3553214361353589e-08,-0.16308102790467816,1.8369059812267816,4.118795259653932,4.118795259653932,0.0,15.422076296461514,15.422076296461514,0.0,0.0,8.340141632856032,4.22379608042266,True,0,ok
26.5,0.18666666666666668,0.5466653331567138,0.4374444309452814,0.8397448000797515,3.3524848540942904e-09,-0.1622298675255066,1.7519828411505478,4.15264441130398,4.15264441130398,0.0,15.228065370376667,15.228065370376667,0.0,0.0,8.193546867997348,4.261581296285146,True,0,ok
26.5,0.19,0.5791627364990989,0.4599386461126719,0.8914846425258353,1.3861525822508425e-09,-0.16161392070423017,1.6786414016818156,4.18623484141768,4.18623484141768,0.0,15.037378222892844,15.037378222892844,0.0,0.0,8.050403824260652,4.299128815579912,True,0,ok
26.5,0.19333333333333336,0.6120266252721851,0.4824556352278492,0.9439101282235888,5.229928334854437e-10,-0.1612227802510062,1.614815640087572,4.219531177236239,4.219531177236239,0.0,14.850423129536738,14.850423129536738,0.0,0.0,7.910851889219114,4.336390020799255,True,0,ok
26.5,0.19666666666666668,0.645306108886933,0.5050297415113585,0.9970982312136316,1.2302302434714928e-09,-0.16105784396100056,1.5587009692806126,4.252598062698068,4.252598062698068,0.0,14.66636168660902,14.66636168660902,0.0,0.0,7.774394510049399,4.373443225794704,True,0,ok
26.5,0.2,0.6790605984464603,0.5277215153777827,1.0511326706438018,8.273648919964625e-10,-0.16111902284422838,1.5090025307813146,4.285437337427496,4.285437337427496,0.0,14.485148613577827,14.485148613577827,0.0,0.0,7.640785438225564,4.410290459264328,True,0,ok
